pitcher,game_date,BF,SO,BBA,HA,Outs,Target_SO_Over_4_5,Target_Outs_Over_15_5,Target_HA_Over_4_5,Target_BBA_Over_1_5,rolling_5_BF,rolling_5_SO,rolling_5_BBA,rolling_5_HA,rolling_5_Outs
425794,2023-05-12,20,2,2,7,11,0,0,1,1,23.0,5.0,0.0,8.0,15.0
425794,2023-05-18,25,1,3,5,17,0,1,1,1,21.5,3.5,1.0,7.5,13.0
425794,2023-05-23,26,2,1,8,17,0,1,1,0,22.666666666666668,2.6666666666666665,1.6666666666666667,6.666666666666667,14.333333333333334
425794,2023-05-29,26,6,2,9,15,1,0,1,1,23.5,2.5,1.5,7.0,15.0
425794,2023-06-05,26,3,2,8,16,0,1,1,1,24.0,3.2,1.6,7.4,15.0
425794,2023-06-11,24,2,1,8,15,0,0,1,0,24.6,2.8,2.0,7.4,15.2
425794,2023-06-17,24,3,2,7,15,0,0,1,1,25.4,2.8,1.8,7.6,16.0
425794,2023-06-24,18,0,1,11,6,0,0,1,0,25.2,3.2,1.6,8.0,15.6
425794,2023-06-29,14,1,3,6,5,0,0,1,1,23.6,2.8,1.6,8.6,13.4
425844,2023-05-08,22,2,1,6,15,0,0,1,0,16.0,3.0,0.0,3.0,13.0
425844,2023-05-13,17,5,0,3,13,1,0,0,0,19.0,2.5,0.5,4.5,14.0
425844,2023-05-19,21,4,0,5,16,0,1,1,0,18.333333333333332,3.3333333333333335,0.3333333333333333,4.0,13.666666666666666
425844,2023-05-24,20,5,1,4,15,1,0,0,0,19.0,3.5,0.25,4.25,14.25
425844,2023-05-30,18,6,1,2,15,1,0,0,0,19.2,3.8,0.4,4.2,14.4
425844,2023-06-06,17,3,0,4,13,0,0,0,0,19.6,4.4,0.6,4.0,14.8
425844,2023-06-12,19,4,0,6,14,0,0,1,0,18.6,4.6,0.4,3.6,14.4
425844,2023-06-18,24,4,1,8,14,0,0,1,0,19.0,4.4,0.4,4.2,14.6
425844,2023-06-23,20,3,1,9,10,0,0,1,0,19.6,4.4,0.6,4.8,14.2
425844,2023-06-29,27,0,2,11,14,0,0,1,1,19.6,4.0,0.6,5.8,13.2
434378,2023-05-10,24,7,2,2,20,1,1,0,1,19.0,5.0,1.0,5.0,13.0
434378,2023-05-16,24,3,2,8,14,0,0,1,1,21.5,6.0,1.5,3.5,16.5
434378,2023-05-21,27,5,0,3,24,1,1,0,0,22.333333333333332,5.0,1.6666666666666667,5.0,15.666666666666666
434378,2023-05-27,24,2,1,9,14,0,0,1,0,23.5,5.0,1.25,4.5,17.75
434378,2023-06-02,24,8,3,5,16,1,1,1,1,23.6,4.4,1.2,5.4,17.0
434378,2023-06-08,20,3,4,7,9,0,0,1,1,24.6,5.0,1.6,5.4,17.6
434378,2023-06-14,19,6,0,3,16,1,1,0,0,23.8,4.2,2.0,6.4,15.4
434378,2023-06-20,29,5,0,8,21,1,1,1,0,22.8,4.8,1.6,5.4,15.8
434378,2023-06-26,22,5,2,5,14,1,0,1,1,23.2,4.8,1.6,6.4,15.2
445276,2023-05-06,4,1,0,1,3,0,0,0,0,5.0,3.0,1.0,1.0,3.0
445276,2023-05-10,4,1,0,1,3,0,0,0,0,4.5,2.0,0.5,1.0,3.0
445276,2023-05-12,4,0,1,3,0,0,0,0,0,4.333333333333333,1.6666666666666667,0.3333333333333333,1.0,3.0
445276,2023-05-13,5,0,2,1,2,0,0,0,1,4.25,1.25,0.5,1.5,2.25
445276,2023-05-20,5,0,2,0,3,0,0,0,1,4.4,1.0,0.8,1.4,2.2
445276,2023-05-24,4,0,1,0,3,0,0,0,0,4.4,0.4,1.0,1.2,2.2
445276,2023-05-27,3,1,0,0,3,0,0,0,0,4.4,0.2,1.2,1.0,2.2
445276,2023-06-01,4,0,1,0,3,0,0,0,0,4.2,0.2,1.2,0.8,2.2
445276,2023-06-03,11,4,1,4,6,0,0,0,0,4.2,0.2,1.2,0.2,2.8
445276,2023-06-06,3,1,0,0,3,0,0,0,0,5.4,1.0,1.0,0.8,3.6
445276,2023-06-09,5,1,0,2,3,0,0,0,0,5.0,1.2,0.6,0.8,3.6
445276,2023-06-11,3,1,0,0,3,0,0,0,0,5.2,1.4,0.4,1.2,3.6
445276,2023-06-12,3,1,0,0,3,0,0,0,0,5.2,1.4,0.4,1.2,3.6
445276,2023-06-18,4,2,0,1,3,0,0,0,0,5.0,1.6,0.2,1.2,3.6
445276,2023-06-21,3,1,0,0,3,0,0,0,0,3.6,1.2,0.0,0.6,3.0
445276,2023-06-23,3,1,0,0,3,0,0,0,0,3.6,1.2,0.0,0.6,3.0
445276,2023-06-24,4,1,0,2,2,0,0,0,0,3.2,1.2,0.0,0.2,3.0
445276,2023-06-29,5,1,0,3,2,0,0,0,0,3.4,1.2,0.0,0.6,2.8
445926,2023-05-03,5,1,1,1,3,0,0,0,0,2.0,0.0,0.0,0.0,2.0
445926,2023-05-05,3,2,0,0,3,0,0,0,0,3.5,0.5,0.5,0.5,2.5
445926,2023-05-07,3,1,0,1,2,0,0,0,0,3.3333333333333335,1.0,0.3333333333333333,0.3333333333333333,2.6666666666666665
445926,2023-05-10,3,2,0,0,3,0,0,0,0,3.25,1.0,0.25,0.5,2.5
445926,2023-05-13,3,1,1,0,2,0,0,0,0,3.2,1.2,0.2,0.4,2.6
445926,2023-05-14,5,2,1,1,3,0,0,0,0,3.4,1.4,0.4,0.4,2.6
445926,2023-05-17,5,2,0,1,4,0,0,0,0,3.4,1.6,0.4,0.4,2.6
445926,2023-05-20,8,3,1,1,5,0,0,0,0,3.8,1.6,0.4,0.6,2.8
445926,2023-05-24,3,0,0,1,3,0,0,0,0,4.8,2.0,0.6,0.6,3.4
445926,2023-05-26,3,0,0,0,3,0,0,0,0,4.8,1.6,0.6,0.8,3.4
445926,2023-05-27,3,3,0,0,3,0,0,0,0,4.8,1.4,0.4,0.8,3.6
445926,2023-05-31,2,0,0,0,2,0,0,0,0,4.4,1.6,0.2,0.6,3.6
445926,2023-06-03,6,3,1,1,3,0,0,0,0,3.8,1.2,0.2,0.4,3.2
445926,2023-06-06,1,0,0,0,1,0,0,0,0,3.4,1.2,0.2,0.4,2.8
445926,2023-06-08,6,2,2,1,3,0,0,0,1,3.0,1.2,0.2,0.2,2.4
445926,2023-06-10,6,3,0,0,6,0,0,0,0,3.6,1.6,0.6,0.4,2.4
445926,2023-06-14,1,0,0,1,0,0,0,0,0,4.2,1.6,0.6,0.4,3.0
446372,2023-05-06,23,1,0,7,15,0,0,1,0,25.0,7.0,4.0,5.0,16.0
446372,2023-05-14,25,5,3,7,15,1,0,1,1,24.0,4.0,2.0,6.0,15.5
446372,2023-05-21,12,1,3,3,7,0,0,0,1,24.333333333333332,4.333333333333333,2.3333333333333335,6.333333333333333,15.333333333333334
446372,2023-06-03,3,1,0,0,3,0,0,0,0,21.25,3.5,2.5,5.5,13.25
446372,2023-06-04,9,1,1,2,6,0,0,0,0,17.6,3.0,2.0,4.4,11.2
446372,2023-06-08,21,1,1,11,9,0,0,1,0,14.4,1.8,1.4,3.8,9.2
446372,2023-06-13,9,2,0,2,6,0,0,0,0,14.0,1.8,1.6,4.6,8.0
446372,2023-06-16,9,1,0,3,6,0,0,0,0,10.8,1.2,1.0,3.6,6.2
446372,2023-06-20,13,2,1,5,7,0,0,1,0,10.2,1.2,0.4,3.6,6.0
448179,2023-05-10,16,4,2,4,11,0,0,0,1,25.0,5.0,2.0,8.0,15.0
448179,2023-05-17,21,7,2,1,18,1,1,0,1,20.5,4.5,2.0,6.0,13.0
448179,2023-05-23,25,9,2,7,16,1,1,1,1,20.666666666666668,5.333333333333333,2.0,4.333333333333333,14.666666666666666
448179,2023-05-29,28,3,1,9,18,0,1,1,0,21.75,6.25,2.0,5.0,15.0
448179,2023-06-04,28,6,3,4,20,1,1,0,1,23.0,5.6,1.8,5.8,15.6
448179,2023-06-09,28,6,2,7,19,1,1,1,1,23.6,5.8,2.0,5.0,16.6
448179,2023-06-16,22,5,6,3,13,1,0,0,1,26.0,6.2,2.0,5.6,18.2
448179,2023-06-21,23,4,2,4,16,0,1,0,1,26.2,5.8,2.8,6.0,17.2
448179,2023-06-27,25,4,2,9,14,0,0,1,1,25.8,4.8,2.8,5.4,17.2
450203,2023-05-09,23,7,2,5,16,1,1,1,1,23.0,6.0,3.0,6.0,14.0
450203,2023-05-15,28,10,1,7,20,1,1,1,0,23.0,6.5,2.5,5.5,15.0
450203,2023-05-22,24,5,2,7,15,1,0,1,1,24.666666666666668,7.666666666666667,2.0,6.0,16.666666666666668
450203,2023-05-27,25,9,3,7,15,1,0,1,1,24.5,7.0,2.0,6.25,16.25
450203,2023-06-02,26,9,2,6,18,1,1,1,1,24.6,7.4,2.2,6.4,16.0
450203,2023-06-07,21,5,4,4,12,1,0,0,1,25.2,8.0,2.0,6.4,16.8
450203,2023-06-12,24,8,3,4,17,1,1,0,1,24.8,7.6,2.4,6.2,16.0
450203,2023-06-18,21,8,3,5,11,1,0,1,1,24.0,7.2,2.8,5.6,15.4
450203,2023-06-25,24,7,3,7,14,1,0,1,1,23.4,7.8,3.0,5.2,14.6
453178,2023-05-09,7,2,1,2,4,0,0,0,0,6.0,2.0,0.0,2.0,4.0
453268,2023-05-07,4,0,0,1,3,0,0,0,0,4.0,0.0,0.0,1.0,2.0
453268,2023-05-08,3,1,1,0,2,0,0,0,0,4.0,0.0,0.0,1.0,2.5
453268,2023-05-10,4,1,2,1,1,0,0,0,1,3.6666666666666665,0.3333333333333333,0.3333333333333333,0.6666666666666666,2.3333333333333335
453268,2023-05-15,3,1,1,0,2,0,0,0,0,3.75,0.5,0.75,0.75,2.0
453268,2023-05-16,5,1,1,1,3,0,0,0,0,3.6,0.6,0.8,0.6,2.0
453268,2023-05-20,7,1,2,0,5,0,0,0,1,3.8,0.8,1.0,0.6,2.2
453268,2023-05-25,6,2,1,1,3,0,0,0,0,4.4,1.0,1.4,0.4,2.6
453268,2023-05-28,4,1,1,1,2,0,0,0,0,5.0,1.2,1.4,0.6,2.8
453268,2023-05-30,4,0,0,0,4,0,0,0,0,5.0,1.2,1.2,0.6,3.0
453268,2023-06-02,5,1,2,1,2,0,0,0,1,5.2,1.0,1.0,0.6,3.4
453268,2023-06-06,7,3,4,0,3,0,0,0,1,5.2,1.0,1.2,0.6,3.2
453268,2023-06-08,1,1,0,0,1,0,0,0,0,5.2,1.4,1.6,0.6,2.8
453268,2023-06-10,5,1,1,1,3,0,0,0,0,4.2,1.2,1.4,0.4,2.4
453268,2023-06-12,3,0,1,1,1,0,0,0,0,4.4,1.2,1.4,0.4,2.6
453268,2023-06-13,3,1,0,0,3,0,0,0,0,4.2,1.2,1.6,0.6,2.0
453268,2023-06-17,3,2,0,0,3,0,0,0,0,3.8,1.2,1.2,0.4,2.2
453268,2023-06-19,5,1,0,1,3,0,0,0,0,3.0,1.0,0.4,0.4,2.2
453268,2023-06-21,8,2,2,3,3,0,0,0,1,3.8,1.0,0.4,0.6,2.6
453268,2023-06-23,3,1,0,0,3,0,0,0,0,4.4,1.2,0.6,1.0,2.6
453268,2023-06-25,4,1,1,0,3,0,0,0,0,4.4,1.4,0.4,0.8,3.0
453268,2023-06-28,5,1,1,2,2,0,0,0,0,4.6,1.4,0.6,0.8,3.0
453286,2023-05-14,20,6,2,2,15,1,0,0,1,19.0,3.0,1.0,8.0,10.0
453286,2023-05-21,21,5,1,3,17,1,1,0,0,19.5,4.5,1.5,5.0,12.5
453286,2023-05-26,27,8,0,6,21,1,1,1,0,20.0,4.666666666666667,1.3333333333333333,4.333333333333333,14.0
453286,2023-06-01,25,9,1,5,19,1,1,1,0,21.75,5.5,1.0,4.75,15.75
453286,2023-06-07,28,10,0,11,17,1,1,1,0,22.4,6.2,1.0,4.8,16.4
453286,2023-06-13,19,2,0,7,10,0,0,1,0,24.2,7.6,0.8,5.4,17.8
453286,2023-06-19,27,8,1,4,22,1,1,0,0,24.0,6.8,0.4,6.4,16.8
453286,2023-06-24,24,8,1,7,16,1,1,1,0,25.2,7.4,0.4,6.6,17.8
453286,2023-06-29,27,9,2,7,18,1,1,1,1,24.6,7.4,0.6,6.8,16.8
455119,2023-05-03,3,2,0,0,3,0,0,0,0,6.0,1.0,1.0,2.0,3.0
455119,2023-05-05,3,0,0,0,3,0,0,0,0,4.5,1.5,0.5,1.0,3.0
455119,2023-05-10,4,3,0,1,3,0,0,0,0,4.0,1.0,0.3333333333333333,0.6666666666666666,3.0
455119,2023-05-17,3,1,0,0,3,0,0,0,0,4.0,1.5,0.25,0.75,3.0
455119,2023-05-20,3,0,0,0,3,0,0,0,0,3.8,1.4,0.2,0.6,3.0
455119,2023-05-27,2,0,0,0,2,0,0,0,0,3.2,1.2,0.0,0.2,3.0
455119,2023-05-31,3,2,0,0,3,0,0,0,0,3.0,0.8,0.0,0.2,2.8
455119,2023-06-01,3,0,0,2,1,0,0,0,0,3.0,1.2,0.0,0.2,2.8
455119,2023-06-03,3,1,0,0,3,0,0,0,0,2.8,0.6,0.0,0.4,2.4
455119,2023-06-06,7,2,0,4,3,0,0,0,0,2.8,0.6,0.0,0.4,2.4
455119,2023-06-09,3,0,0,0,3,0,0,0,0,3.6,1.0,0.0,1.2,2.4
455119,2023-06-11,3,2,0,0,3,0,0,0,0,3.8,1.0,0.0,1.2,2.6
455119,2023-06-13,3,2,0,0,3,0,0,0,0,3.8,1.0,0.0,1.2,2.6
455119,2023-06-18,4,0,0,1,3,0,0,0,0,3.8,1.4,0.0,0.8,3.0
455119,2023-06-21,3,2,0,0,3,0,0,0,0,4.0,1.2,0.0,1.0,3.0
455119,2023-06-23,5,0,0,2,3,0,0,0,0,3.2,1.2,0.0,0.2,3.0
455119,2023-06-29,3,1,0,2,1,0,0,0,0,3.6,1.2,0.0,0.6,3.0
455119,2023-06-30,1,1,0,0,1,0,0,0,0,3.6,1.0,0.0,1.0,2.6
456713,2023-06-24,5,1,0,2,3,0,0,0,0,3.0,1.0,0.0,0.0,3.0
456713,2023-06-30,5,0,0,3,2,0,0,0,0,4.0,1.0,0.0,1.0,3.0
458681,2023-05-10,25,4,2,9,14,0,0,1,1,25.0,8.0,0.0,8.0,17.0
458681,2023-05-16,26,7,0,7,19,1,1,1,0,25.0,6.0,1.0,8.5,15.5
458681,2023-05-21,24,6,2,4,18,1,1,0,1,25.333333333333332,6.333333333333333,0.6666666666666666,8.0,16.666666666666668
458681,2023-05-26,23,5,5,3,14,1,0,0,1,25.0,6.25,1.0,7.0,17.0
458681,2023-05-31,23,4,2,8,12,0,0,1,1,24.6,6.0,1.8,6.2,16.4
458681,2023-06-08,26,4,3,8,15,0,0,1,1,24.2,5.2,2.2,6.2,15.4
458681,2023-06-13,23,6,2,6,15,1,0,1,1,24.4,5.2,2.4,6.0,15.6
458681,2023-06-18,27,16,2,4,21,1,1,0,1,23.8,5.0,2.8,5.8,14.8
458681,2023-06-24,24,7,1,6,17,1,1,1,0,24.4,7.0,2.8,5.8,15.4
458681,2023-06-29,27,7,1,8,18,1,1,1,0,24.6,7.4,2.0,6.4,16.0
471911,2023-05-25,27,4,2,5,20,0,1,1,1,20.0,3.0,2.0,5.0,13.0
471911,2023-05-31,24,4,1,6,18,0,1,1,0,23.5,3.5,2.0,5.0,16.5
471911,2023-06-06,20,4,2,6,11,0,0,1,1,23.666666666666668,3.6666666666666665,1.6666666666666667,5.333333333333333,17.0
471911,2023-06-11,22,1,3,6,14,0,0,1,1,22.75,3.75,1.75,5.5,15.5
471911,2023-06-18,17,4,3,5,9,0,0,1,1,22.6,3.2,2.0,5.6,15.2
471911,2023-06-25,19,5,2,5,12,1,0,1,1,22.0,3.4,2.2,5.6,14.4
471911,2023-06-30,21,6,3,5,13,1,0,1,1,20.4,3.6,2.2,5.6,12.8
472551,2023-05-19,4,0,1,0,3,0,0,0,0,3.0,0.0,0.0,1.0,2.0
472551,2023-05-20,7,0,1,5,1,0,0,1,0,3.5,0.0,0.5,0.5,2.5
472610,2023-05-09,3,1,0,2,1,0,0,0,0,3.0,0.0,0.0,2.0,1.0
472610,2023-05-10,4,0,1,0,3,0,0,0,0,3.0,0.5,0.0,2.0,1.0
472610,2023-05-12,2,1,0,0,2,0,0,0,0,3.3333333333333335,0.3333333333333333,0.3333333333333333,1.3333333333333333,1.6666666666666667
472610,2023-05-16,5,3,1,0,3,0,0,0,0,3.0,0.5,0.25,1.0,1.75
472610,2023-05-17,3,1,0,0,3,0,0,0,0,3.4,1.0,0.4,0.8,2.0
472610,2023-05-20,3,2,0,0,3,0,0,0,0,3.4,1.2,0.4,0.4,2.4
472610,2023-05-24,3,0,1,1,1,0,0,0,0,3.4,1.4,0.4,0.0,2.8
472610,2023-06-11,4,0,0,3,1,0,0,0,0,3.2,1.4,0.4,0.2,2.4
472610,2023-06-15,4,0,0,1,3,0,0,0,0,3.6,1.2,0.4,0.8,2.2
472610,2023-06-19,4,0,2,1,1,0,0,0,1,3.4,0.6,0.2,1.0,2.2
472610,2023-06-22,3,2,0,0,3,0,0,0,0,3.6,0.4,0.6,1.2,1.8
472610,2023-06-24,2,1,0,0,2,0,0,0,0,3.6,0.4,0.6,1.2,1.8
472610,2023-06-25,3,1,0,0,3,0,0,0,0,3.4,0.6,0.4,1.0,2.0
472610,2023-06-28,5,1,0,1,3,0,0,0,0,3.2,0.8,0.4,0.4,2.4
472610,2023-06-29,5,0,0,1,4,0,0,0,0,3.4,1.0,0.4,0.4,2.4
476595,2023-05-22,4,1,0,1,3,0,0,0,0,3.0,2.0,0.0,0.0,3.0
476595,2023-05-26,6,0,1,3,2,0,0,0,0,3.5,1.5,0.0,0.5,3.0
476595,2023-05-29,6,1,1,3,1,0,0,0,0,4.333333333333333,1.0,0.3333333333333333,1.3333333333333333,2.6666666666666665
477132,2023-05-10,22,8,0,5,17,1,1,1,0,24.0,7.0,5.0,8.0,11.0
477132,2023-05-16,19,7,1,7,10,1,0,1,0,23.0,7.5,2.5,6.5,14.0
477132,2023-05-21,18,6,3,5,10,1,0,1,1,21.666666666666668,7.333333333333333,2.0,6.666666666666667,12.666666666666666
477132,2023-05-27,23,6,2,6,15,1,0,1,1,20.75,7.0,2.25,6.25,12.0
477132,2023-06-02,24,9,1,4,19,1,1,0,0,21.2,6.8,2.2,6.2,12.6
477132,2023-06-08,26,9,2,5,19,1,1,1,1,21.2,7.2,1.4,5.4,14.2
477132,2023-06-14,24,5,2,6,16,1,1,1,1,22.0,7.4,1.8,5.4,14.6
477132,2023-06-20,27,5,2,5,20,1,1,1,1,23.0,7.0,2.0,5.2,15.8
477132,2023-06-27,17,2,1,1,15,0,0,0,0,24.8,6.8,1.8,5.2,17.8
488984,2023-05-07,13,2,1,4,8,0,0,0,0,6.0,4.0,0.0,0.0,6.0
488984,2023-05-11,9,2,0,2,7,0,0,0,0,9.5,3.0,0.5,2.0,7.0
488984,2023-05-15,15,2,0,6,9,0,0,1,0,9.333333333333334,2.6666666666666665,0.3333333333333333,2.0,7.0
488984,2023-05-19,1,0,0,0,1,0,0,0,0,10.75,2.5,0.25,3.0,7.5
488984,2023-05-25,8,2,1,1,6,0,0,0,0,8.8,2.0,0.2,2.4,6.2
488984,2023-05-28,3,1,0,1,2,0,0,0,0,9.2,1.6,0.4,2.6,6.2
488984,2023-06-08,4,0,1,1,2,0,0,0,0,7.2,1.4,0.2,2.0,5.0
488984,2023-06-09,7,2,0,3,4,0,0,0,0,6.2,1.0,0.4,1.8,4.0
489119,2023-05-10,24,3,2,6,15,0,0,1,1,24.0,2.0,2.0,6.0,16.0
489119,2023-05-16,7,0,1,1,5,0,0,0,0,24.0,2.5,2.0,6.0,15.5
489119,2023-06-17,17,4,2,2,13,0,0,0,1,18.333333333333332,1.6666666666666667,1.6666666666666667,4.333333333333333,12.0
489119,2023-06-23,19,3,0,3,16,0,1,0,0,18.0,2.25,1.75,3.75,12.25
489119,2023-06-28,16,3,3,3,10,0,0,0,1,18.2,2.4,1.4,3.6,13.0
489446,2023-05-03,3,3,0,0,3,0,0,0,0,5.0,2.0,2.0,0.0,3.0
489446,2023-05-05,4,1,1,0,3,0,0,0,0,4.0,2.5,1.0,0.0,3.0
489446,2023-05-09,4,2,1,0,3,0,0,0,0,4.0,2.0,1.0,0.0,3.0
489446,2023-05-12,4,2,0,1,3,0,0,0,0,4.0,2.0,1.0,0.0,3.0
489446,2023-05-14,3,0,0,0,3,0,0,0,0,4.0,2.0,0.8,0.2,3.0
489446,2023-05-20,7,2,2,2,3,0,0,0,1,3.6,1.6,0.4,0.2,3.0
489446,2023-05-22,4,1,1,0,3,0,0,0,0,4.4,1.4,0.8,0.6,3.0
489446,2023-05-25,4,1,0,1,3,0,0,0,0,4.4,1.4,0.8,0.6,3.0
489446,2023-05-27,4,1,1,1,2,0,0,0,0,4.4,1.2,0.6,0.8,3.0
489446,2023-05-29,3,1,0,0,2,0,0,0,0,4.4,1.0,0.8,0.8,2.8
489446,2023-06-07,6,1,2,1,3,0,0,0,1,4.4,1.2,0.8,0.8,2.6
489446,2023-06-09,3,2,0,0,3,0,0,0,0,4.2,1.0,0.8,0.6,2.6
489446,2023-06-11,6,1,0,1,5,0,0,0,0,4.0,1.2,0.6,0.6,2.6
489446,2023-06-14,3,2,0,0,3,0,0,0,0,4.4,1.2,0.6,0.6,3.0
489446,2023-06-16,5,3,0,1,4,0,0,0,0,4.2,1.4,0.4,0.4,3.2
489446,2023-06-18,6,1,0,3,3,0,0,0,0,4.6,1.8,0.4,0.6,3.6
489446,2023-06-23,5,3,0,1,4,0,0,0,0,4.6,1.8,0.0,1.0,3.6
489446,2023-06-25,3,1,0,0,3,0,0,0,0,5.0,2.0,0.0,1.2,3.8
489446,2023-06-26,4,2,0,1,3,0,0,0,0,4.4,2.0,0.0,1.0,3.4
489446,2023-06-28,4,3,0,0,4,0,0,0,0,4.6,2.0,0.0,1.2,3.4
493603,2023-05-05,4,1,0,1,3,0,0,0,0,6.0,2.0,0.0,2.0,3.0
493603,2023-05-09,3,0,0,0,3,0,0,0,0,5.0,1.5,0.0,1.5,3.0
493603,2023-05-10,3,1,0,0,3,0,0,0,0,4.333333333333333,1.0,0.0,1.0,3.0
493603,2023-05-12,3,1,0,0,3,0,0,0,0,4.0,1.0,0.0,0.75,3.0
493603,2023-05-16,4,1,0,0,3,0,0,0,0,3.8,1.0,0.0,0.6,3.0
493603,2023-05-17,7,2,1,2,3,0,0,0,0,3.4,0.8,0.0,0.2,3.0
493603,2023-05-19,3,0,0,0,3,0,0,0,0,4.0,1.0,0.2,0.4,3.0
493603,2023-05-21,5,0,0,3,2,0,0,0,0,4.0,1.0,0.2,0.4,3.0
493603,2023-05-25,2,0,1,0,1,0,0,0,0,4.4,0.8,0.2,1.0,2.8
493603,2023-05-26,2,1,0,1,1,0,0,0,0,4.2,0.6,0.4,1.0,2.4
493603,2023-05-30,3,1,1,0,2,0,0,0,0,3.8,0.6,0.4,1.2,2.0
493603,2023-05-31,2,1,0,0,2,0,0,0,0,3.0,0.4,0.4,0.8,1.8
493603,2023-06-03,5,1,0,1,4,0,0,0,0,2.8,0.6,0.4,0.8,1.6
493603,2023-06-06,5,0,0,2,3,0,0,0,0,2.8,0.8,0.4,0.4,2.0
493603,2023-06-07,4,1,0,2,2,0,0,0,0,3.4,0.8,0.2,0.8,2.4
493603,2023-06-10,3,1,0,0,3,0,0,0,0,3.8,0.8,0.2,1.0,2.6
493603,2023-06-14,4,1,0,1,3,0,0,0,0,3.8,0.8,0.0,1.0,2.8
493603,2023-06-17,2,2,0,0,2,0,0,0,0,4.2,0.8,0.0,1.2,3.0
493603,2023-06-18,5,1,1,1,3,0,0,0,0,3.6,1.0,0.0,1.0,2.6
493603,2023-06-21,7,3,0,0,7,0,0,0,0,3.6,1.2,0.2,0.8,2.6
493603,2023-06-24,4,1,2,0,2,0,0,0,1,4.2,1.6,0.2,0.4,3.6
493603,2023-06-26,5,1,2,0,3,0,0,0,1,4.4,1.6,0.6,0.4,3.4
493603,2023-06-28,6,1,1,2,2,0,0,0,0,4.6,1.6,1.0,0.2,3.4
502043,2023-05-08,26,4,2,6,18,0,1,1,1,27.0,0.0,0.0,10.0,17.0
502043,2023-05-14,25,5,3,7,15,1,0,1,1,26.5,2.0,1.0,8.0,17.5
502043,2023-05-19,25,5,2,5,18,1,1,1,1,26.0,3.0,1.6666666666666667,7.666666666666667,16.666666666666668
502043,2023-05-25,23,3,4,2,17,0,1,0,1,25.75,3.5,1.75,7.0,17.0
502043,2023-05-30,23,3,1,7,15,0,0,1,0,25.2,3.4,2.2,6.0,17.0
502043,2023-06-06,23,7,2,5,15,1,0,1,1,24.4,4.0,2.4,5.4,16.6
502043,2023-06-11,25,4,0,7,19,0,1,1,0,23.8,4.6,2.4,5.2,16.0
502043,2023-06-17,24,7,2,3,19,1,1,0,1,23.8,4.4,1.8,5.2,16.8
502043,2023-06-23,19,4,3,7,9,0,0,1,1,23.6,4.8,1.8,4.8,17.0
502043,2023-06-28,25,5,1,9,14,1,0,1,0,22.8,5.0,1.6,5.8,15.4
502085,2023-05-05,5,0,2,1,2,0,0,0,1,8.0,4.0,0.0,2.0,6.0
502085,2023-05-10,3,2,0,0,3,0,0,0,0,6.5,2.0,1.0,1.5,4.0
502085,2023-05-12,7,4,2,0,5,0,0,0,1,5.333333333333333,2.0,0.6666666666666666,1.0,3.6666666666666665
502085,2023-05-17,4,0,0,2,2,0,0,0,0,5.75,2.5,1.0,0.75,4.0
502085,2023-05-18,4,1,0,1,3,0,0,0,0,5.4,2.0,0.8,1.0,3.6
502085,2023-05-19,3,0,0,0,3,0,0,0,0,4.6,1.4,0.8,0.8,3.0
502085,2023-05-21,6,0,0,2,4,0,0,0,0,4.2,1.4,0.4,0.6,3.2
502085,2023-05-26,4,1,0,1,3,0,0,0,0,4.8,1.0,0.4,1.0,3.4
502085,2023-05-30,2,1,0,1,1,0,0,0,0,4.2,0.4,0.0,1.2,3.0
502085,2023-05-31,5,2,0,1,3,0,0,0,0,3.8,0.6,0.0,1.0,2.8
502085,2023-06-03,7,3,0,3,4,0,0,0,0,4.0,0.8,0.0,1.0,2.8
502085,2023-06-08,7,3,0,2,5,0,0,0,0,4.8,1.4,0.0,1.6,3.0
502085,2023-06-10,4,2,0,1,3,0,0,0,0,5.0,2.0,0.0,1.6,3.2
502085,2023-06-13,4,2,0,1,3,0,0,0,0,5.0,2.2,0.0,1.6,3.2
502085,2023-06-14,5,1,1,1,3,0,0,0,0,5.4,2.4,0.0,1.6,3.6
502085,2023-06-18,3,0,0,0,3,0,0,0,0,5.4,2.2,0.2,1.6,3.6
502085,2023-06-24,2,0,0,1,1,0,0,0,0,4.6,1.6,0.2,1.0,3.4
502085,2023-06-26,3,1,0,0,3,0,0,0,0,3.6,1.0,0.2,0.8,2.6
502085,2023-06-29,2,0,1,0,1,0,0,0,0,3.4,0.8,0.2,0.6,2.6
502085,2023-06-30,6,1,1,2,3,0,0,0,0,3.0,0.4,0.4,0.4,2.2
502171,2023-05-11,26,3,2,7,17,0,1,1,1,26.0,5.0,2.0,5.0,19.0
502171,2023-05-16,19,3,5,5,9,0,0,1,1,26.0,4.0,2.0,6.0,18.0
502171,2023-05-23,24,8,1,6,17,1,1,1,0,23.666666666666668,3.6666666666666665,3.0,5.666666666666667,15.0
502171,2023-05-28,23,5,4,7,11,1,0,1,1,23.75,4.75,2.5,5.75,15.5
502171,2023-06-03,26,7,0,5,21,1,1,1,0,23.6,4.8,2.8,6.0,14.6
502171,2023-06-08,25,7,1,8,15,1,0,1,0,23.6,5.2,2.4,6.0,15.0
502171,2023-06-13,19,5,2,5,12,1,0,1,1,23.4,6.0,2.2,6.2,14.6
502171,2023-06-30,21,3,0,6,15,0,0,1,0,23.4,6.4,1.6,6.2,15.2
502202,2023-05-04,1,0,0,1,0,0,0,0,0,3.0,0.0,0.0,0.0,3.0
502202,2023-05-07,6,1,1,2,3,0,0,0,0,2.0,0.0,0.0,0.5,1.5
502202,2023-05-08,4,1,0,1,3,0,0,0,0,3.3333333333333335,0.3333333333333333,0.3333333333333333,1.0,2.0
502202,2023-05-10,3,1,0,0,3,0,0,0,0,3.5,0.5,0.25,1.0,2.25
502202,2023-05-13,7,1,2,3,2,0,0,0,1,3.4,0.6,0.2,0.8,2.4
502624,2023-05-09,7,0,1,0,6,0,0,0,0,11.0,2.0,0.0,2.0,9.0
502624,2023-05-16,17,3,1,1,15,0,0,0,0,9.0,1.0,0.5,1.0,7.5
502624,2023-05-22,23,1,2,8,12,0,0,1,1,11.666666666666666,1.6666666666666667,0.6666666666666666,1.0,10.0
502624,2023-05-27,20,4,1,4,14,0,0,0,0,14.5,1.5,1.0,2.75,10.5
502624,2023-06-02,21,2,1,4,17,0,1,0,0,15.6,2.0,1.0,3.0,11.2
502624,2023-06-08,23,7,1,6,16,1,1,1,0,17.6,2.0,1.2,3.4,12.8
502624,2023-06-13,20,6,1,5,13,1,0,1,0,20.8,3.4,1.2,4.6,14.8
502624,2023-06-18,20,2,4,7,9,0,0,1,1,21.4,4.0,1.2,5.4,14.4
502624,2023-06-24,19,1,2,10,6,0,0,1,1,20.8,4.2,1.6,5.2,13.8
502624,2023-06-29,20,6,2,6,11,1,0,1,1,20.6,3.6,1.8,6.4,12.2
506433,2023-05-11,24,7,1,4,18,1,1,0,0,24.0,6.0,1.0,4.0,20.0
506433,2023-05-17,21,6,2,6,13,1,0,1,1,24.0,6.5,1.0,4.0,19.0
506433,2023-05-23,23,4,1,6,16,0,1,1,0,23.0,6.333333333333333,1.3333333333333333,4.666666666666667,17.0
506433,2023-05-28,15,2,0,7,8,0,0,1,0,23.0,5.75,1.25,5.0,16.75
506433,2023-06-03,24,9,1,2,21,1,1,0,0,21.4,5.0,1.0,5.4,15.0
506433,2023-06-09,23,6,4,5,14,1,0,1,1,21.4,5.6,1.0,5.0,15.2
506433,2023-06-16,22,5,1,8,13,1,0,1,0,21.2,5.4,1.6,5.2,14.4
506433,2023-06-21,25,6,2,7,16,1,1,1,1,21.4,5.2,1.4,5.6,14.4
517008,2023-05-04,2,0,1,0,1,0,0,0,0,4.0,1.0,0.0,2.0,2.0
517008,2023-05-06,3,0,2,0,1,0,0,0,1,3.0,0.5,0.5,1.0,1.5
517008,2023-05-07,3,1,0,0,3,0,0,0,0,3.0,0.3333333333333333,1.0,0.6666666666666666,1.3333333333333333
518397,2023-05-12,4,0,0,1,3,0,0,0,0,1.0,1.0,0.0,0.0,1.0
518397,2023-05-13,4,1,0,1,3,0,0,0,0,2.5,0.5,0.0,0.5,2.0
518397,2023-05-15,4,0,0,0,4,0,0,0,0,3.0,0.6666666666666666,0.0,0.6666666666666666,2.3333333333333335
518397,2023-05-17,2,1,0,0,2,0,0,0,0,3.25,0.5,0.0,0.5,2.75
518397,2023-05-19,3,0,1,0,2,0,0,0,0,3.0,0.6,0.0,0.4,2.6
518397,2023-05-22,2,0,0,0,1,0,0,0,0,3.4,0.4,0.2,0.4,2.8
518397,2023-05-23,3,0,0,0,3,0,0,0,0,3.0,0.4,0.2,0.2,2.4
518397,2023-05-25,3,1,0,0,3,0,0,0,0,2.8,0.2,0.2,0.0,2.4
518397,2023-05-30,4,1,0,1,3,0,0,0,0,2.6,0.4,0.2,0.0,2.2
518397,2023-06-03,1,0,0,0,1,0,0,0,0,3.0,0.4,0.2,0.2,2.4
518397,2023-06-06,2,0,0,1,1,0,0,0,0,2.6,0.4,0.0,0.2,2.2
518397,2023-06-08,3,0,0,0,3,0,0,0,0,2.6,0.4,0.0,0.4,2.2
518397,2023-06-18,3,0,1,1,1,0,0,0,0,2.6,0.4,0.0,0.4,2.2
518489,2023-05-04,6,1,1,2,3,0,0,0,0,2.0,0.0,0.0,0.0,2.0
518489,2023-05-07,3,1,0,1,2,0,0,0,0,4.0,0.5,0.5,1.0,2.5
518489,2023-05-09,2,1,0,1,1,0,0,0,0,3.6666666666666665,0.6666666666666666,0.3333333333333333,1.0,2.3333333333333335
518489,2023-05-12,3,1,0,1,2,0,0,0,0,3.25,0.75,0.25,1.0,2.0
518489,2023-05-14,11,2,0,4,7,0,0,0,0,3.2,0.8,0.2,1.0,2.0
518489,2023-06-21,4,1,0,0,4,0,0,0,0,5.0,1.2,0.2,1.8,3.0
518489,2023-06-24,5,1,0,2,3,0,0,0,0,4.6,1.2,0.0,1.4,3.2
518489,2023-06-25,4,1,0,1,3,0,0,0,0,5.0,1.2,0.0,1.6,3.4
518489,2023-06-27,3,0,0,0,3,0,0,0,0,5.4,1.2,0.0,1.6,3.8
518585,2023-05-30,7,1,0,4,3,0,0,0,0,3.0,1.0,0.0,0.0,3.0
518585,2023-06-02,6,1,1,1,4,0,0,0,0,5.0,1.0,0.0,2.0,3.0
518585,2023-06-04,4,2,0,1,3,0,0,0,0,5.333333333333333,1.0,0.3333333333333333,1.6666666666666667,3.3333333333333335
518585,2023-06-06,5,2,0,0,5,0,0,0,0,5.0,1.25,0.25,1.5,3.25
518585,2023-06-08,8,0,1,3,4,0,0,0,0,5.0,1.4,0.2,1.2,3.6
518585,2023-06-12,3,2,0,0,3,0,0,0,0,6.0,1.2,0.4,1.8,3.8
518585,2023-06-14,4,1,0,1,3,0,0,0,0,5.2,1.4,0.4,1.0,3.8
518585,2023-06-17,3,1,0,0,3,0,0,0,0,4.8,1.4,0.2,1.0,3.6
518585,2023-06-19,3,1,0,0,3,0,0,0,0,4.6,1.2,0.2,0.8,3.6
518585,2023-06-20,2,1,1,0,1,0,0,0,0,4.2,1.0,0.2,0.8,3.2
518585,2023-06-24,5,2,1,0,4,0,0,0,0,3.0,1.2,0.2,0.2,2.6
518585,2023-06-26,8,3,1,1,6,0,0,0,0,3.4,1.2,0.4,0.2,2.8
518585,2023-06-28,4,3,0,1,3,0,0,0,0,4.2,1.6,0.6,0.2,3.4
518617,2023-05-16,5,0,0,2,3,0,0,0,0,2.0,1.0,0.0,0.0,1.0
518617,2023-05-17,1,1,0,0,1,0,0,0,0,3.5,0.5,0.0,1.0,2.0
518617,2023-05-21,3,0,1,0,2,0,0,0,0,2.6666666666666665,0.6666666666666666,0.0,0.6666666666666666,1.6666666666666667
518617,2023-05-25,4,1,1,2,1,0,0,0,0,2.75,0.5,0.25,0.5,1.75
518617,2023-05-26,1,1,0,0,1,0,0,0,0,3.0,0.6,0.4,0.8,1.6
518617,2023-05-27,3,1,0,0,3,0,0,0,0,2.8,0.6,0.4,0.8,1.6
518617,2023-05-30,2,0,1,0,1,0,0,0,0,2.4,0.8,0.4,0.4,1.6
518617,2023-06-04,4,0,0,0,4,0,0,0,0,2.6,0.6,0.6,0.4,1.6
518617,2023-06-06,3,1,0,0,3,0,0,0,0,2.8,0.6,0.4,0.4,2.0
518617,2023-06-08,4,2,0,0,4,0,0,0,0,2.6,0.6,0.2,0.0,2.4
518617,2023-06-10,2,1,1,0,1,0,0,0,0,3.2,0.8,0.2,0.0,3.0
518617,2023-06-13,2,1,0,0,2,0,0,0,0,3.0,0.8,0.4,0.0,2.6
518617,2023-06-15,3,0,2,1,0,0,0,0,1,3.0,1.0,0.2,0.0,2.8
518617,2023-06-18,4,2,1,0,3,0,0,0,0,2.8,1.0,0.6,0.2,2.0
518617,2023-06-20,4,2,1,0,3,0,0,0,0,3.0,1.2,0.8,0.2,2.0
518617,2023-06-23,4,3,0,1,3,0,0,0,0,3.0,1.2,1.0,0.2,1.8
518617,2023-06-24,3,3,0,0,3,0,0,0,0,3.4,1.6,0.8,0.4,2.2
518617,2023-06-27,3,3,0,0,3,0,0,0,0,3.6,2.0,0.8,0.4,2.4
518617,2023-06-30,3,1,1,0,2,0,0,0,0,3.6,2.6,0.4,0.2,3.0
518876,2023-05-10,23,6,1,4,18,1,1,0,0,24.0,10.0,1.0,4.0,19.0
518876,2023-05-15,26,9,1,4,21,1,1,0,0,23.5,8.0,1.0,4.0,18.5
518876,2023-05-21,20,4,2,3,15,0,0,0,1,24.333333333333332,8.333333333333334,1.0,4.0,19.333333333333332
518876,2023-05-28,25,10,2,4,19,1,1,0,1,23.25,7.25,1.25,3.75,18.25
518876,2023-06-02,27,8,3,5,19,1,1,1,1,23.6,7.8,1.4,3.8,18.4
518876,2023-06-09,27,5,2,7,18,1,1,1,1,24.2,7.4,1.8,4.0,18.4
518876,2023-06-14,25,7,4,3,18,1,1,0,1,25.0,7.2,2.0,4.6,18.4
518876,2023-06-19,21,7,1,3,17,1,1,0,0,24.8,6.8,2.6,4.4,17.8
518876,2023-06-24,25,2,2,10,12,0,0,1,1,25.0,7.4,2.4,4.4,18.2
518886,2023-05-03,4,1,1,2,1,0,0,0,0,5.0,1.0,1.0,2.0,2.0
518886,2023-05-09,3,2,0,0,3,0,0,0,0,4.5,1.0,1.0,2.0,1.5
518886,2023-05-10,3,2,0,0,3,0,0,0,0,4.0,1.3333333333333333,0.6666666666666666,1.3333333333333333,2.0
518886,2023-05-12,4,3,0,1,3,0,0,0,0,3.75,1.5,0.5,1.0,2.25
518886,2023-05-19,3,3,0,0,3,0,0,0,0,3.8,1.8,0.4,1.0,2.4
518886,2023-05-21,5,2,1,1,3,0,0,0,0,3.4,2.2,0.2,0.6,2.6
518886,2023-05-24,3,1,0,0,3,0,0,0,0,3.6,2.4,0.2,0.4,3.0
518886,2023-05-26,4,0,1,0,3,0,0,0,0,3.6,2.2,0.2,0.4,3.0
518886,2023-05-27,4,2,0,1,3,0,0,0,0,3.8,1.8,0.4,0.4,3.0
518886,2023-06-01,3,0,0,0,3,0,0,0,0,3.8,1.6,0.4,0.4,3.0
518886,2023-06-03,4,1,0,0,3,0,0,0,0,3.8,1.0,0.4,0.4,3.0
518886,2023-06-06,3,3,0,0,3,0,0,0,0,3.6,0.8,0.2,0.2,3.0
518886,2023-06-08,7,1,2,2,3,0,0,0,1,3.6,1.2,0.2,0.2,3.0
518886,2023-06-11,3,2,0,0,3,0,0,0,0,4.2,1.4,0.4,0.6,3.0
518886,2023-06-14,4,2,0,1,3,0,0,0,0,4.0,1.4,0.4,0.4,3.0
518886,2023-06-15,3,1,0,0,3,0,0,0,0,4.2,1.8,0.4,0.6,3.0
518886,2023-06-17,5,2,0,2,3,0,0,0,0,4.0,1.8,0.4,0.6,3.0
518886,2023-06-22,3,3,0,0,3,0,0,0,0,4.4,1.6,0.4,1.0,3.0
518886,2023-06-23,4,1,1,0,3,0,0,0,0,3.6,2.0,0.0,0.6,3.0
518886,2023-06-25,4,2,0,0,3,0,0,0,0,3.8,1.8,0.2,0.6,3.0
518886,2023-06-27,4,2,0,1,3,0,0,0,0,3.8,1.8,0.2,0.4,3.0
518886,2023-06-29,3,1,0,0,3,0,0,0,0,4.0,2.0,0.2,0.6,3.0
519008,2023-06-29,3,0,0,1,1,0,0,0,0,3.0,1.0,0.0,0.0,3.0
519043,2023-05-04,3,0,0,0,3,0,0,0,0,4.0,3.0,0.0,1.0,3.0
519043,2023-05-08,5,1,0,0,5,0,0,0,0,3.5,1.5,0.0,0.5,3.0
519043,2023-05-12,7,1,0,3,4,0,0,0,0,4.0,1.3333333333333333,0.0,0.3333333333333333,3.6666666666666665
519043,2023-05-15,3,1,0,0,3,0,0,0,0,4.75,1.25,0.0,1.0,3.75
519043,2023-05-18,3,0,0,0,3,0,0,0,0,4.4,1.2,0.0,0.8,3.6
519043,2023-05-19,4,1,0,1,3,0,0,0,0,4.2,0.6,0.0,0.6,3.6
519043,2023-05-21,3,0,0,2,1,0,0,0,0,4.4,0.8,0.0,0.8,3.6
519043,2023-05-23,2,0,1,0,1,0,0,0,0,4.0,0.6,0.0,1.2,2.8
519151,2023-05-05,2,0,0,2,0,0,0,0,0,4.0,1.0,0.0,1.0,3.0
519151,2023-05-09,3,2,0,0,3,0,0,0,0,3.0,0.5,0.0,1.5,1.5
519151,2023-05-10,7,1,0,4,3,0,0,0,0,3.0,1.0,0.0,1.0,2.0
519151,2023-05-12,3,2,0,0,3,0,0,0,0,4.0,1.0,0.0,1.75,2.25
519151,2023-05-14,3,1,0,0,3,0,0,0,0,3.8,1.2,0.0,1.4,2.4
519151,2023-05-19,4,0,0,1,3,0,0,0,0,3.6,1.2,0.0,1.2,2.4
519151,2023-05-20,4,1,0,1,3,0,0,0,0,4.0,1.2,0.0,1.0,3.0
519151,2023-05-26,3,3,0,0,3,0,0,0,0,4.2,1.0,0.0,1.2,3.0
519151,2023-05-27,3,2,0,0,3,0,0,0,0,3.4,1.4,0.0,0.4,3.0
519151,2023-05-29,6,2,1,2,3,0,0,0,0,3.4,1.4,0.0,0.4,3.0
519151,2023-06-01,4,1,0,1,3,0,0,0,0,4.0,1.6,0.2,0.8,3.0
519151,2023-06-03,5,2,0,2,3,0,0,0,0,4.0,1.8,0.2,0.8,3.0
519151,2023-06-09,5,1,1,1,3,0,0,0,0,4.2,2.0,0.2,1.0,3.0
519151,2023-06-10,4,1,0,1,3,0,0,0,0,4.6,1.6,0.4,1.2,3.0
519151,2023-06-14,5,0,0,2,3,0,0,0,0,4.8,1.4,0.4,1.4,3.0
519151,2023-06-15,4,2,0,1,3,0,0,0,0,4.6,1.0,0.2,1.4,3.0
519151,2023-06-18,3,0,2,0,1,0,0,0,1,4.6,1.2,0.2,1.4,3.0
519151,2023-06-20,4,1,1,0,3,0,0,0,0,4.2,0.8,0.6,1.0,2.6
519151,2023-06-21,3,2,0,0,3,0,0,0,0,4.0,0.8,0.6,0.8,2.6
519151,2023-06-25,6,1,0,0,6,0,0,0,0,3.8,1.0,0.6,0.6,2.6
519151,2023-06-28,3,2,0,0,3,0,0,0,0,4.0,1.2,0.6,0.2,3.2
519151,2023-06-30,3,1,0,0,3,0,0,0,0,3.8,1.2,0.6,0.0,3.2
519242,2023-05-13,28,9,1,3,24,1,1,0,0,26.0,10.0,1.0,7.0,17.0
519242,2023-05-20,26,8,1,3,21,1,1,0,0,27.0,9.5,1.0,5.0,20.5
519242,2023-05-26,18,3,1,4,13,0,0,0,0,26.666666666666668,9.0,1.0,4.333333333333333,20.666666666666668
519242,2023-06-01,16,6,1,5,11,1,0,1,0,24.5,7.5,1.0,4.25,18.75
519293,2023-05-05,8,0,0,4,4,0,0,0,0,6.0,1.0,1.0,1.0,4.0
519293,2023-05-08,3,3,0,0,3,0,0,0,0,7.0,0.5,0.5,2.5,4.0
519293,2023-05-10,3,2,0,0,3,0,0,0,0,5.666666666666667,1.3333333333333333,0.3333333333333333,1.6666666666666667,3.6666666666666665
519293,2023-05-11,1,1,0,0,1,0,0,0,0,5.0,1.5,0.25,1.25,3.5
519293,2023-05-16,3,1,0,0,3,0,0,0,0,4.2,1.4,0.2,1.0,3.0
519293,2023-05-24,5,2,0,0,5,0,0,0,0,3.6,1.4,0.0,0.8,2.8
519293,2023-05-27,6,1,1,2,3,0,0,0,0,3.0,1.8,0.0,0.0,3.0
519293,2023-05-30,3,1,0,0,3,0,0,0,0,3.6,1.4,0.2,0.4,3.0
519293,2023-06-02,3,1,0,0,3,0,0,0,0,3.6,1.2,0.2,0.4,3.0
519293,2023-06-05,3,1,1,0,2,0,0,0,0,4.0,1.2,0.2,0.4,3.4
519293,2023-06-06,3,1,0,0,3,0,0,0,0,4.0,1.2,0.4,0.4,3.2
519293,2023-06-10,3,1,0,0,3,0,0,0,0,3.6,1.0,0.4,0.4,2.8
519293,2023-06-12,6,2,0,0,6,0,0,0,0,3.0,1.0,0.2,0.0,2.8
519293,2023-06-14,5,0,0,2,3,0,0,0,0,3.6,1.2,0.2,0.0,3.4
519293,2023-06-17,5,1,0,2,3,0,0,0,0,4.0,1.0,0.2,0.4,3.4
519293,2023-06-19,5,1,1,1,3,0,0,0,0,4.4,1.0,0.0,0.8,3.6
519293,2023-06-21,2,1,0,0,2,0,0,0,0,4.8,1.0,0.2,1.0,3.6
519293,2023-06-23,3,1,0,0,3,0,0,0,0,4.6,1.0,0.2,1.0,3.4
521230,2023-06-03,3,1,0,0,3,0,0,0,0,7.0,0.0,1.0,3.0,3.0
521230,2023-06-04,3,2,0,0,3,0,0,0,0,5.0,0.5,0.5,1.5,3.0
521230,2023-06-06,4,0,0,1,3,0,0,0,0,4.333333333333333,1.0,0.3333333333333333,1.0,3.0
521230,2023-06-09,3,0,0,0,3,0,0,0,0,4.25,0.75,0.25,1.0,3.0
523260,2023-05-09,3,1,0,0,3,0,0,0,0,4.0,3.0,0.0,0.0,4.0
523260,2023-05-11,3,1,0,0,3,0,0,0,0,3.5,2.0,0.0,0.0,3.5
523260,2023-05-13,5,2,0,1,4,0,0,0,0,3.3333333333333335,1.6666666666666667,0.0,0.0,3.3333333333333335
523260,2023-05-16,3,1,0,0,3,0,0,0,0,3.75,1.75,0.0,0.25,3.5
523260,2023-05-17,3,1,0,0,3,0,0,0,0,3.6,1.6,0.0,0.2,3.4
523260,2023-05-20,3,1,0,0,3,0,0,0,0,3.4,1.2,0.0,0.2,3.2
523260,2023-05-21,3,2,0,0,3,0,0,0,0,3.4,1.2,0.0,0.2,3.2
523260,2023-05-23,4,0,0,1,3,0,0,0,0,3.4,1.4,0.0,0.2,3.2
523260,2023-05-27,5,0,0,4,1,0,0,0,0,3.2,1.0,0.0,0.2,3.0
523260,2023-05-28,4,2,0,1,3,0,0,0,0,3.6,0.8,0.0,1.0,2.6
523260,2023-06-02,5,2,1,1,3,0,0,0,0,3.8,1.0,0.0,1.2,2.6
523260,2023-06-04,4,1,0,1,3,0,0,0,0,4.2,1.2,0.2,1.4,2.6
523260,2023-06-06,6,2,1,2,3,0,0,0,0,4.4,1.0,0.2,1.6,2.6
523260,2023-06-08,3,0,0,0,3,0,0,0,0,4.8,1.4,0.4,1.8,2.6
523260,2023-06-10,5,0,2,2,1,0,0,0,1,4.4,1.4,0.4,1.0,3.0
523260,2023-06-14,4,1,1,1,2,0,0,0,0,4.6,1.0,0.8,1.2,2.6
523260,2023-06-15,4,1,1,0,3,0,0,0,0,4.4,0.8,0.8,1.2,2.4
523260,2023-06-19,4,2,0,1,3,0,0,0,0,4.4,0.8,1.0,1.0,2.4
523260,2023-06-24,5,1,0,0,4,0,0,0,0,4.0,0.8,0.8,0.8,2.4
523260,2023-06-26,1,1,0,0,1,0,0,0,0,4.4,1.0,0.8,0.8,2.6
523260,2023-06-29,3,0,1,1,1,0,0,0,0,3.6,1.2,0.4,0.4,2.6
527048,2023-05-12,25,3,2,8,15,0,0,1,1,20.0,2.0,3.0,8.0,9.0
527048,2023-05-19,28,7,0,7,21,1,1,1,0,22.5,2.5,2.5,8.0,12.0
527048,2023-05-24,26,3,2,6,17,0,1,1,1,24.333333333333332,4.0,1.6666666666666667,7.666666666666667,15.0
527048,2023-05-30,25,3,4,7,14,0,0,1,1,24.75,3.75,1.75,7.25,15.5
527048,2023-06-05,23,5,1,3,19,1,1,0,0,24.8,3.6,2.2,7.2,15.2
527048,2023-06-11,20,2,3,10,7,0,0,1,1,25.4,4.2,1.8,6.2,17.2
527048,2023-06-16,21,3,2,3,16,0,1,0,1,24.4,4.0,2.0,6.6,15.6
527048,2023-06-21,27,2,2,4,21,0,1,0,1,23.0,3.2,2.4,5.8,14.6
527048,2023-06-27,22,4,2,4,16,0,1,0,1,23.2,3.0,2.4,5.4,15.4
527054,2023-05-31,20,0,0,4,16,0,1,0,0,20.0,5.0,1.0,4.0,15.0
527054,2023-06-05,22,5,1,6,15,1,0,1,0,20.0,2.5,0.5,4.0,15.5
527054,2023-06-10,25,6,1,6,17,1,1,1,0,20.666666666666668,3.3333333333333335,0.6666666666666666,4.666666666666667,15.333333333333334
527054,2023-06-16,20,4,1,1,18,0,1,0,0,21.75,4.0,0.75,5.0,15.75
527054,2023-06-21,20,3,4,2,13,0,0,0,1,21.4,4.0,0.8,4.2,16.2
527054,2023-06-27,25,2,0,7,17,0,1,1,0,21.4,3.6,1.4,3.8,15.8
541640,2023-05-07,5,0,0,1,4,0,0,0,0,7.0,1.0,1.0,0.0,6.0
541640,2023-05-10,5,0,0,2,3,0,0,0,0,6.0,0.5,0.5,0.5,5.0
541640,2023-05-12,6,0,0,0,6,0,0,0,0,5.666666666666667,0.3333333333333333,0.3333333333333333,1.0,4.333333333333333
541640,2023-05-13,12,4,0,4,8,0,0,0,0,5.75,0.25,0.25,0.75,4.75
541640,2023-05-18,5,1,0,2,3,0,0,0,0,7.0,1.0,0.2,1.4,5.4
541640,2023-05-23,8,0,1,4,3,0,0,0,0,6.6,1.0,0.0,1.8,4.8
541640,2023-05-26,3,0,0,3,0,0,0,0,0,7.2,1.0,0.2,2.4,4.6
541640,2023-05-29,3,0,0,0,3,0,0,0,0,6.8,1.0,0.2,2.6,4.0
541640,2023-06-03,5,0,1,1,3,0,0,0,0,6.2,1.0,0.2,2.6,3.4
541640,2023-06-06,6,0,1,2,2,0,0,0,0,4.8,0.2,0.4,2.0,2.4
542585,2023-05-06,5,0,1,0,4,0,0,0,0,5.0,2.0,0.0,3.0,2.0
542585,2023-05-09,4,1,0,2,2,0,0,0,0,5.0,1.0,0.5,1.5,3.0
542585,2023-05-12,2,0,0,1,1,0,0,0,0,4.666666666666667,1.0,0.3333333333333333,1.6666666666666667,2.6666666666666665
542585,2023-05-14,5,1,0,1,4,0,0,0,0,4.0,0.75,0.25,1.5,2.25
542585,2023-05-16,3,2,0,0,3,0,0,0,0,4.2,0.8,0.2,1.4,2.6
542585,2023-05-17,3,0,0,1,2,0,0,0,0,3.8,0.8,0.2,0.8,2.8
542585,2023-05-21,5,2,0,2,3,0,0,0,0,3.4,0.8,0.0,1.0,2.4
542585,2023-05-22,4,2,1,0,3,0,0,0,0,3.6,1.0,0.0,1.0,2.6
542585,2023-05-25,3,1,0,0,3,0,0,0,0,4.0,1.4,0.2,0.8,3.0
542585,2023-05-28,3,0,0,1,2,0,0,0,0,3.6,1.4,0.2,0.6,2.8
542585,2023-05-30,4,1,0,2,2,0,0,0,0,3.6,1.0,0.2,0.8,2.6
542585,2023-06-03,3,0,0,0,2,0,0,0,0,3.8,1.2,0.2,1.0,2.6
542585,2023-06-06,3,1,0,0,3,0,0,0,0,3.4,0.8,0.2,0.6,2.4
542585,2023-06-10,3,2,0,0,3,0,0,0,0,3.2,0.6,0.0,0.6,2.4
542585,2023-06-11,3,0,1,0,2,0,0,0,0,3.2,0.8,0.0,0.6,2.4
542585,2023-06-14,5,2,1,1,3,0,0,0,0,3.2,0.8,0.2,0.4,2.4
542585,2023-06-16,3,2,0,0,3,0,0,0,0,3.4,1.0,0.4,0.2,2.6
542585,2023-06-18,4,2,0,0,4,0,0,0,0,3.4,1.4,0.4,0.2,2.8
542585,2023-06-20,5,2,0,0,5,0,0,0,0,3.6,1.6,0.4,0.2,3.0
542585,2023-06-25,3,1,1,0,2,0,0,0,0,4.0,1.6,0.4,0.2,3.4
542585,2023-06-29,4,2,0,1,3,0,0,0,0,4.0,1.8,0.4,0.2,3.4
542881,2023-05-12,27,1,3,6,18,0,1,1,1,26.0,6.0,5.0,5.0,15.0
542881,2023-05-18,23,2,2,6,15,0,0,1,1,26.5,3.5,4.0,5.5,16.5
542881,2023-05-24,22,3,2,5,16,0,1,1,1,25.333333333333332,3.0,3.3333333333333335,5.666666666666667,16.0
542881,2023-05-30,19,3,2,6,11,0,0,1,1,24.5,3.0,3.0,5.5,16.0
542881,2023-06-06,23,5,3,5,15,1,0,1,1,23.4,3.0,2.8,5.6,15.0
542881,2023-06-12,28,7,2,8,18,1,1,1,1,22.8,2.8,2.4,5.6,15.0
542881,2023-06-18,21,6,1,6,15,1,0,1,0,23.0,4.0,2.2,6.0,15.0
542881,2023-06-25,24,9,2,4,18,1,1,0,1,22.6,4.8,2.0,6.0,15.0
542888,2023-06-07,7,1,0,1,6,0,0,0,0,7.0,3.0,1.0,0.0,6.0
542888,2023-06-10,5,0,0,2,3,0,0,0,0,7.0,2.0,0.5,0.5,6.0
542888,2023-06-12,2,0,0,1,1,0,0,0,0,6.333333333333333,1.3333333333333333,0.3333333333333333,1.0,5.0
542888,2023-06-16,4,0,1,1,1,0,0,0,0,5.25,1.0,0.25,1.0,4.0
542888,2023-06-17,3,1,0,0,3,0,0,0,0,5.0,0.8,0.4,1.0,3.4
542888,2023-06-20,7,3,0,2,5,0,0,0,0,4.2,0.4,0.2,1.0,2.8
542888,2023-06-22,3,1,0,0,3,0,0,0,0,4.2,0.8,0.2,1.2,2.6
542888,2023-06-23,5,1,0,2,3,0,0,0,0,3.8,1.0,0.2,0.8,2.6
542888,2023-06-27,9,3,1,2,6,0,0,0,0,4.4,1.2,0.2,1.0,3.0
542888,2023-06-30,8,2,1,1,6,0,0,0,0,5.4,1.8,0.2,1.2,4.0
542914,2023-05-04,3,1,0,0,3,0,0,0,0,4.0,0.0,0.0,3.0,1.0
542914,2023-05-06,2,2,0,0,2,0,0,0,0,3.5,0.5,0.0,1.5,2.0
542914,2023-05-14,4,1,1,0,3,0,0,0,0,3.0,1.0,0.0,1.0,2.0
542914,2023-05-16,4,1,0,1,3,0,0,0,0,3.25,1.0,0.25,0.75,2.25
542914,2023-05-19,4,1,1,0,3,0,0,0,0,3.4,1.0,0.2,0.8,2.4
542914,2023-05-21,1,0,0,0,1,0,0,0,0,3.4,1.2,0.4,0.2,2.8
542914,2023-05-22,2,1,0,0,2,0,0,0,0,3.0,1.0,0.4,0.2,2.4
542914,2023-05-24,4,2,1,0,3,0,0,0,0,3.0,0.8,0.4,0.2,2.4
542914,2023-05-27,6,2,0,0,6,0,0,0,0,3.0,1.0,0.4,0.2,2.4
542914,2023-05-31,4,1,1,0,3,0,0,0,0,3.4,1.2,0.4,0.0,3.0
542914,2023-06-05,6,0,0,3,3,0,0,0,0,3.4,1.2,0.4,0.0,3.0
542947,2023-05-05,3,1,0,0,3,0,0,0,0,3.0,0.0,0.0,0.0,3.0
542947,2023-05-07,2,0,0,1,1,0,0,0,0,3.0,0.5,0.0,0.0,3.0
542947,2023-05-12,4,0,0,2,2,0,0,0,0,2.6666666666666665,0.3333333333333333,0.0,0.3333333333333333,2.3333333333333335
542947,2023-05-14,4,0,0,1,3,0,0,0,0,3.0,0.25,0.0,0.75,2.25
542947,2023-05-15,9,2,0,5,4,0,0,1,0,3.2,0.2,0.0,0.8,2.4
542947,2023-05-21,5,0,0,1,4,0,0,0,0,4.4,0.6,0.0,1.8,2.6
543037,2023-05-07,25,6,2,8,15,1,0,1,1,27.0,8.0,3.0,5.0,18.0
543037,2023-05-12,22,4,2,5,15,0,0,1,1,26.0,7.0,2.5,6.5,16.5
543037,2023-05-17,25,6,2,7,16,1,1,1,1,24.666666666666668,6.0,2.3333333333333335,6.0,16.0
543037,2023-05-23,22,2,3,6,13,0,0,1,1,24.75,6.0,2.25,6.25,16.0
543037,2023-05-28,24,9,3,4,18,1,1,0,1,24.2,5.2,2.4,6.2,15.4
543037,2023-06-03,22,5,2,4,15,1,0,0,1,23.6,5.4,2.4,6.0,15.4
543037,2023-06-09,23,6,1,7,14,1,0,1,0,23.0,5.2,2.4,5.2,15.4
543037,2023-06-14,22,8,0,4,18,1,1,0,0,23.2,5.6,2.2,5.6,15.2
543037,2023-06-20,28,8,1,4,22,1,1,0,0,22.6,6.0,1.8,5.0,15.6
543037,2023-06-25,23,7,1,9,13,1,0,1,0,23.8,7.2,1.4,4.6,17.4
543056,2023-05-06,4,0,0,2,2,0,0,0,0,5.0,2.0,1.0,2.0,2.0
543056,2023-05-10,2,2,0,0,2,0,0,0,0,4.5,1.0,0.5,2.0,2.0
543056,2023-05-12,4,1,0,2,2,0,0,0,0,3.6666666666666665,1.3333333333333333,0.3333333333333333,1.3333333333333333,2.0
543056,2023-05-15,4,1,0,1,3,0,0,0,0,3.75,1.25,0.25,1.5,2.0
543056,2023-05-17,1,0,0,0,1,0,0,0,0,3.8,1.2,0.2,1.4,2.2
543056,2023-05-18,6,4,0,2,4,0,0,0,0,3.0,0.8,0.0,1.0,2.0
543056,2023-05-21,3,0,1,0,2,0,0,0,0,3.4,1.6,0.0,1.0,2.4
543056,2023-05-24,6,3,0,1,5,0,0,0,0,3.6,1.2,0.2,1.0,2.4
543056,2023-05-28,1,0,0,0,1,0,0,0,0,4.0,1.6,0.2,0.8,3.0
543056,2023-05-30,4,0,1,1,2,0,0,0,0,3.4,1.4,0.2,0.6,2.6
543056,2023-05-31,3,1,0,0,3,0,0,0,0,4.0,1.4,0.4,0.8,2.8
543056,2023-06-02,3,3,0,0,3,0,0,0,0,3.4,0.8,0.4,0.4,2.6
543056,2023-06-06,4,1,1,1,2,0,0,0,0,3.4,1.4,0.2,0.4,2.8
543056,2023-06-14,3,0,1,2,0,0,0,0,0,3.0,1.0,0.4,0.4,2.2
543056,2023-06-17,4,0,0,1,3,0,0,0,0,3.4,1.0,0.6,0.8,2.0
543056,2023-06-18,3,1,0,0,3,0,0,0,0,3.4,1.0,0.4,0.8,2.2
543056,2023-06-20,4,1,0,1,3,0,0,0,0,3.4,1.0,0.4,0.8,2.2
543056,2023-06-24,1,0,0,0,1,0,0,0,0,3.6,0.6,0.4,1.0,2.2
543056,2023-06-25,3,1,0,0,3,0,0,0,0,3.0,0.4,0.2,0.8,2.0
543056,2023-06-28,3,2,0,0,3,0,0,0,0,3.0,0.6,0.0,0.4,2.6
543101,2023-05-08,32,3,1,10,20,0,1,1,0,27.0,3.0,0.0,3.0,24.0
543101,2023-05-13,20,2,1,5,15,0,0,1,0,29.5,3.0,0.5,6.5,22.0
543101,2023-05-19,23,6,2,5,16,1,1,1,1,26.333333333333332,2.6666666666666665,0.6666666666666666,6.0,19.666666666666668
543101,2023-05-24,24,6,2,6,15,1,0,1,1,25.5,3.5,1.0,5.75,18.75
543101,2023-05-29,26,2,0,8,19,0,1,1,0,25.2,4.0,1.2,5.8,18.0
543101,2023-06-04,18,2,3,5,9,0,0,1,1,25.0,3.8,1.2,6.8,17.0
543101,2023-06-09,22,2,4,3,16,0,1,0,1,22.2,3.6,1.6,5.8,14.8
543101,2023-06-14,16,7,1,7,8,1,0,1,0,22.6,3.6,2.2,5.4,15.0
543101,2023-06-20,23,6,1,8,14,1,0,1,0,21.2,3.8,2.0,5.8,13.4
543101,2023-06-25,20,3,0,5,15,0,0,1,0,21.0,3.8,1.8,6.2,13.2
543135,2023-05-11,29,12,1,3,25,1,1,0,0,30.0,5.0,2.0,5.0,24.0
543135,2023-05-17,26,5,2,5,19,1,1,1,1,29.5,8.5,1.5,4.0,24.5
543135,2023-05-23,28,5,1,6,21,1,1,1,0,28.333333333333332,7.333333333333333,1.6666666666666667,4.333333333333333,22.666666666666668
543135,2023-05-29,20,4,3,4,13,0,0,0,1,28.25,6.75,1.5,4.75,22.25
543135,2023-06-04,20,7,0,1,18,1,1,0,0,26.6,6.2,1.8,4.6,20.4
543135,2023-06-10,29,6,3,7,19,1,1,1,1,24.6,6.6,1.4,3.8,19.2
543135,2023-06-15,25,9,2,5,17,1,1,1,1,24.6,5.4,1.8,4.6,18.0
543135,2023-06-20,25,4,2,5,18,0,1,1,1,24.4,6.2,1.8,4.6,17.6
543135,2023-06-25,20,5,2,4,15,1,0,0,1,23.8,6.0,2.0,4.4,17.0
543243,2023-05-12,20,9,1,4,15,1,0,0,0,22.0,6.0,3.0,4.0,15.0
543243,2023-05-17,20,4,3,5,12,0,0,1,1,21.0,7.5,2.0,4.0,15.0
543243,2023-05-23,23,6,2,6,15,1,0,1,1,20.666666666666668,6.333333333333333,2.3333333333333335,4.333333333333333,14.0
543243,2023-05-29,22,3,3,5,14,0,0,1,1,21.25,6.25,2.25,4.75,14.25
543243,2023-06-03,28,2,0,10,18,0,1,1,0,21.4,5.6,2.4,4.8,14.2
543243,2023-06-09,22,5,2,5,15,1,0,1,1,22.6,4.8,1.8,6.0,14.8
543243,2023-06-15,17,3,4,3,10,0,0,0,1,23.0,4.0,2.0,6.2,14.8
543243,2023-06-21,23,5,2,6,15,1,0,1,1,22.4,3.8,2.2,5.8,14.4
543243,2023-06-26,27,5,1,7,19,1,1,1,0,22.4,3.6,2.2,5.8,14.4
543272,2023-05-07,4,1,0,1,3,0,0,0,0,4.0,1.0,0.0,1.0,3.0
543272,2023-05-10,4,2,0,0,5,0,0,0,0,4.0,1.0,0.0,1.0,3.0
543272,2023-05-12,3,3,0,0,3,0,0,0,0,4.0,1.3333333333333333,0.0,0.6666666666666666,3.6666666666666665
543272,2023-05-15,4,2,0,1,3,0,0,0,0,3.75,1.75,0.0,0.5,3.5
543272,2023-05-20,2,0,1,0,1,0,0,0,0,3.8,1.8,0.0,0.6,3.4
543272,2023-05-24,3,1,0,2,1,0,0,0,0,3.4,1.6,0.2,0.4,3.0
543272,2023-05-26,5,0,0,1,3,0,0,0,0,3.2,1.6,0.2,0.6,2.6
543272,2023-05-29,5,2,1,1,3,0,0,0,0,3.4,1.2,0.2,0.8,2.2
543272,2023-06-01,4,0,0,2,2,0,0,0,0,3.8,1.0,0.4,1.0,2.2
543272,2023-06-03,5,2,1,1,2,0,0,0,0,3.8,0.6,0.4,1.2,2.0
543272,2023-06-06,5,1,0,2,3,0,0,0,0,4.4,1.0,0.4,1.4,2.2
543272,2023-06-07,5,1,0,2,3,0,0,0,0,4.8,1.0,0.4,1.4,2.6
543272,2023-06-10,1,0,0,0,1,0,0,0,0,4.8,1.2,0.4,1.6,2.6
543272,2023-06-11,4,1,0,0,4,0,0,0,0,4.0,0.8,0.2,1.4,2.2
543272,2023-06-13,3,0,1,1,1,0,0,0,0,4.0,1.0,0.2,1.0,2.6
543272,2023-06-15,3,1,0,0,3,0,0,0,0,3.6,0.6,0.2,1.0,2.4
543272,2023-06-19,3,0,1,1,1,0,0,0,0,3.2,0.6,0.2,0.6,2.4
543272,2023-06-27,5,0,0,2,3,0,0,0,0,2.8,0.4,0.4,0.4,2.0
543294,2023-05-30,21,3,3,6,12,0,0,1,1,22.0,5.0,2.0,6.0,13.0
543294,2023-06-05,23,4,0,5,18,0,1,1,0,21.5,4.0,2.5,6.0,12.5
543294,2023-06-10,26,3,1,1,24,0,1,0,0,22.0,4.0,1.6666666666666667,5.666666666666667,14.333333333333334
543294,2023-06-16,20,1,0,5,15,0,0,1,0,23.0,3.75,1.5,4.5,16.75
543294,2023-06-21,25,2,3,2,19,0,1,0,1,22.4,3.2,1.2,4.6,16.4
543294,2023-06-29,27,4,0,6,21,0,1,1,0,23.0,2.6,1.4,3.8,17.6
543351,2023-05-14,4,0,1,0,3,0,0,0,0,4.0,0.0,1.0,0.0,3.0
543351,2023-05-15,4,2,0,1,3,0,0,0,0,4.0,0.0,1.0,0.0,3.0
543351,2023-06-05,10,4,0,2,8,0,0,0,0,4.0,0.6666666666666666,0.6666666666666666,0.3333333333333333,3.0
543475,2023-05-09,33,6,0,6,27,1,1,1,0,24.0,3.0,2.0,6.0,15.0
543475,2023-05-14,14,2,3,4,7,0,0,0,1,28.5,4.5,1.0,6.0,21.0
543475,2023-05-20,20,5,3,4,13,1,0,0,1,23.666666666666668,3.6666666666666665,1.6666666666666667,5.333333333333333,16.333333333333332
543475,2023-05-26,23,2,3,6,14,0,0,1,1,22.75,4.0,2.0,5.0,15.5
543475,2023-06-02,18,8,1,2,15,1,0,0,0,22.8,3.6,2.2,5.2,15.2
543475,2023-06-07,28,2,1,6,21,0,1,1,0,21.6,4.6,2.0,4.4,15.2
543475,2023-06-13,24,4,3,5,16,0,1,1,1,20.6,3.8,2.2,4.4,14.0
543475,2023-06-19,25,3,1,6,18,0,1,1,0,22.6,4.2,2.2,4.6,15.8
543475,2023-06-24,25,2,1,8,16,0,1,1,0,23.6,3.8,1.8,5.0,16.8
543507,2023-05-25,7,2,0,1,6,0,0,0,0,5.0,0.0,0.0,0.0,3.0
543507,2023-05-27,3,0,1,1,1,0,0,0,0,6.0,1.0,0.0,0.5,4.5
543507,2023-05-29,4,0,0,1,3,0,0,0,0,5.0,0.6666666666666666,0.3333333333333333,0.6666666666666666,3.3333333333333335
543507,2023-06-03,3,0,0,0,3,0,0,0,0,4.75,0.5,0.25,0.75,3.25
543507,2023-06-06,3,1,0,0,3,0,0,0,0,4.4,0.4,0.2,0.6,3.2
543507,2023-06-07,3,0,0,1,2,0,0,0,0,4.0,0.6,0.2,0.6,3.2
543507,2023-06-09,3,2,0,0,3,0,0,0,0,3.2,0.2,0.2,0.6,2.4
543507,2023-06-11,6,1,3,1,2,0,0,0,1,3.2,0.6,0.0,0.4,2.8
543507,2023-06-13,4,1,2,0,2,0,0,0,1,3.6,0.8,0.6,0.4,2.6
543507,2023-06-17,3,1,0,0,3,0,0,0,0,3.8,1.0,1.0,0.4,2.4
543507,2023-06-20,2,0,0,1,1,0,0,0,0,3.8,1.0,1.0,0.4,2.4
543507,2023-06-23,4,0,0,1,3,0,0,0,0,3.6,1.0,1.0,0.4,2.2
543507,2023-06-27,5,1,2,0,3,0,0,0,1,3.8,0.6,1.0,0.6,2.2
543507,2023-06-30,5,2,0,1,4,0,0,0,0,3.6,0.6,0.8,0.4,2.4
543518,2023-05-06,4,1,1,1,2,0,0,0,0,5.0,1.0,0.0,2.0,3.0
543518,2023-05-09,4,0,0,1,3,0,0,0,0,4.5,1.0,0.5,1.5,2.5
543518,2023-05-11,4,1,0,0,4,0,0,0,0,4.333333333333333,0.6666666666666666,0.3333333333333333,1.3333333333333333,2.6666666666666665
543518,2023-05-12,3,0,0,0,2,0,0,0,0,4.25,0.75,0.25,1.0,3.0
543518,2023-05-14,4,1,0,1,3,0,0,0,0,4.0,0.6,0.2,0.8,2.8
543518,2023-05-16,10,4,1,2,7,0,0,0,0,3.8,0.6,0.2,0.6,2.8
543518,2023-05-21,7,2,1,0,6,0,0,0,0,5.0,1.2,0.2,0.8,3.8
543518,2023-05-23,2,0,1,0,1,0,0,0,0,5.6,1.6,0.4,0.6,4.4
543518,2023-05-24,4,2,0,0,4,0,0,0,0,5.2,1.4,0.6,0.6,3.8
543518,2023-05-27,7,5,1,0,6,1,0,0,0,5.4,1.8,0.6,0.6,4.2
543518,2023-05-30,8,4,1,1,6,0,0,0,0,6.0,2.6,0.8,0.4,4.8
543518,2023-06-04,3,1,0,0,3,0,0,0,0,5.6,2.6,0.8,0.2,4.6
543518,2023-06-06,2,1,0,1,1,0,0,0,0,4.8,2.4,0.6,0.2,4.0
543518,2023-06-07,3,1,0,0,3,0,0,0,0,4.8,2.6,0.4,0.4,4.0
543518,2023-06-11,2,1,0,0,2,0,0,0,0,4.6,2.4,0.4,0.4,3.8
543518,2023-06-14,7,2,0,1,6,0,0,0,0,3.6,1.6,0.2,0.4,3.0
543518,2023-06-16,3,1,0,0,3,0,0,0,0,3.4,1.2,0.0,0.4,3.0
543518,2023-06-17,3,0,0,1,2,0,0,0,0,3.4,1.2,0.0,0.4,3.0
543518,2023-06-21,6,4,0,0,6,0,0,0,0,3.6,1.0,0.0,0.4,3.2
543518,2023-06-22,2,1,0,0,2,0,0,0,0,4.2,1.6,0.0,0.4,3.8
543518,2023-06-25,8,2,2,3,3,0,0,0,1,4.2,1.6,0.0,0.4,3.8
543518,2023-06-28,7,1,0,4,3,0,0,0,0,4.4,1.6,0.4,0.8,3.2
543521,2023-05-03,10,1,0,3,8,0,0,0,0,6.0,0.0,0.0,2.0,2.0
543521,2023-05-07,7,3,1,0,6,0,0,0,0,8.0,0.5,0.0,2.5,5.0
543521,2023-05-10,8,1,1,3,4,0,0,0,0,7.666666666666667,1.3333333333333333,0.3333333333333333,1.6666666666666667,5.333333333333333
543521,2023-05-14,11,2,2,6,3,0,0,1,1,7.75,1.25,0.5,2.0,5.0
543521,2023-05-19,2,0,0,1,1,0,0,0,0,8.4,1.4,0.8,2.8,4.6
543521,2023-05-21,4,1,0,1,3,0,0,0,0,7.6,1.4,0.8,2.6,4.4
543521,2023-05-23,6,0,1,2,3,0,0,0,0,6.4,1.4,0.8,2.2,3.4
543521,2023-05-26,5,0,1,0,4,0,0,0,0,6.2,0.8,0.8,2.6,2.8
543521,2023-05-28,5,0,1,3,1,0,0,0,0,5.6,0.6,0.8,2.0,2.8
543521,2023-06-02,3,1,0,0,3,0,0,0,0,4.4,0.2,0.6,1.4,2.4
543521,2023-06-04,5,2,0,1,4,0,0,0,0,4.6,0.4,0.6,1.2,2.8
543521,2023-06-07,4,0,0,0,4,0,0,0,0,4.8,0.6,0.6,1.2,3.0
543521,2023-06-09,8,1,0,3,5,0,0,0,0,4.4,0.6,0.4,0.8,3.2
543521,2023-06-12,3,0,0,2,1,0,0,0,0,5.0,0.8,0.2,1.4,3.4
543521,2023-06-14,9,4,0,0,9,0,0,0,0,4.6,0.8,0.0,1.2,3.4
543521,2023-06-18,5,0,1,1,3,0,0,0,0,5.8,1.4,0.0,1.2,4.6
543521,2023-06-23,7,2,0,2,3,0,0,0,0,5.8,1.0,0.2,1.2,4.4
543521,2023-06-26,4,0,0,2,2,0,0,0,0,6.4,1.4,0.2,1.6,4.2
543521,2023-06-30,9,2,1,2,6,0,0,0,0,5.6,1.2,0.2,1.4,3.6
543859,2023-05-04,2,0,0,1,1,0,0,0,0,6.0,1.0,0.0,1.0,5.0
543859,2023-05-07,5,1,0,0,6,0,0,0,0,4.0,0.5,0.0,1.0,3.0
543859,2023-05-14,12,2,0,3,9,0,0,0,0,4.333333333333333,0.6666666666666666,0.0,0.6666666666666666,4.0
543859,2023-05-20,14,2,2,6,6,0,0,1,1,6.25,1.0,0.0,1.25,5.25
543859,2023-05-23,7,0,1,2,4,0,0,0,0,7.8,1.2,0.4,2.2,5.4
543859,2023-06-08,9,1,0,5,4,0,0,1,0,8.0,1.0,0.6,2.4,5.2
543859,2023-06-11,6,2,0,0,6,0,0,0,0,9.4,1.2,0.6,3.2,5.8
543859,2023-06-15,12,6,1,1,10,1,0,0,0,9.6,1.4,0.6,3.2,5.8
543859,2023-06-24,9,2,2,0,7,0,0,0,1,9.6,2.2,0.8,2.8,6.0
543859,2023-06-27,7,1,1,2,4,0,0,0,0,8.6,2.2,0.8,1.6,6.2
543859,2023-06-30,3,1,0,0,3,0,0,0,0,8.6,2.4,0.8,1.6,6.2
543901,2023-05-14,3,0,0,1,1,0,0,0,0,11.0,1.0,0.0,5.0,6.0
543901,2023-05-16,8,0,0,3,5,0,0,0,0,7.0,0.5,0.0,3.0,3.5
543901,2023-05-18,5,0,1,1,3,0,0,0,0,7.333333333333333,0.3333333333333333,0.0,3.0,4.0
543901,2023-05-20,3,1,0,0,3,0,0,0,0,6.75,0.25,0.25,2.5,3.75
543901,2023-05-26,13,3,0,4,9,0,0,0,0,6.0,0.4,0.2,2.0,3.6
543901,2023-05-30,7,1,0,1,6,0,0,0,0,6.4,0.8,0.2,1.8,4.2
543901,2023-06-02,8,1,0,2,6,0,0,0,0,7.2,1.0,0.2,1.8,5.2
547179,2023-05-09,25,3,0,5,20,0,1,1,0,25.0,1.0,2.0,4.0,20.0
547179,2023-05-16,23,7,2,5,16,1,1,1,1,25.0,2.0,1.0,4.5,20.0
547179,2023-05-22,22,5,2,5,15,1,0,1,1,24.333333333333332,3.6666666666666665,1.3333333333333333,4.666666666666667,18.666666666666668
547179,2023-05-27,23,4,1,2,20,0,1,0,0,23.75,4.0,1.5,4.75,17.75
547179,2023-06-03,23,6,0,2,21,1,1,0,0,23.6,4.0,1.4,4.2,18.2
547179,2023-06-09,27,3,1,7,19,0,1,1,0,23.2,5.0,1.0,3.8,18.4
547179,2023-06-14,25,3,2,9,14,0,0,1,1,23.6,5.0,1.2,4.2,18.2
547179,2023-06-20,26,7,3,5,17,1,1,1,1,24.0,4.2,1.2,5.0,17.8
547179,2023-06-25,19,4,1,7,11,0,0,1,0,24.8,4.6,1.4,5.0,18.2
547179,2023-06-30,21,4,1,7,13,0,0,1,0,24.0,4.6,1.4,6.0,16.4
547973,2023-05-04,5,0,3,1,1,0,0,0,1,2.0,0.0,0.0,1.0,1.0
547973,2023-05-07,3,1,0,0,3,0,0,0,0,3.5,0.0,1.5,1.0,1.0
547973,2023-05-11,6,1,0,3,3,0,0,0,0,3.3333333333333335,0.3333333333333333,1.0,0.6666666666666666,1.6666666666666667
547973,2023-05-13,4,2,1,0,3,0,0,0,0,4.0,0.5,0.75,1.25,2.0
547973,2023-05-16,3,2,1,0,2,0,0,0,0,4.0,0.8,0.8,1.0,2.2
547973,2023-05-17,5,2,3,0,2,0,0,0,1,4.2,1.2,1.0,0.8,2.4
547973,2023-05-22,4,2,0,1,3,0,0,0,0,4.2,1.6,1.0,0.6,2.6
547973,2023-05-23,4,2,1,0,3,0,0,0,0,4.4,1.8,1.0,0.8,2.6
547973,2023-05-28,6,1,1,2,3,0,0,0,0,4.0,2.0,1.2,0.2,2.6
547973,2023-05-30,4,1,1,1,2,0,0,0,0,4.4,1.8,1.2,0.6,2.6
547973,2023-06-04,3,2,0,0,3,0,0,0,0,4.6,1.6,1.2,0.8,2.6
547973,2023-06-09,4,3,1,0,3,0,0,0,0,4.2,1.6,0.6,0.8,2.8
547973,2023-06-12,3,3,0,0,3,0,0,0,0,4.2,1.8,0.8,0.6,2.8
547973,2023-06-17,6,3,2,1,3,0,0,0,1,4.0,2.0,0.6,0.6,2.8
547973,2023-06-20,6,1,3,0,3,0,0,0,1,4.0,2.4,0.8,0.4,2.8
547973,2023-06-22,3,3,0,0,3,0,0,0,0,4.4,2.4,1.2,0.2,3.0
547973,2023-06-25,3,2,0,0,3,0,0,0,0,4.4,2.6,1.2,0.2,3.0
547973,2023-06-27,3,1,0,0,3,0,0,0,0,4.2,2.4,1.0,0.2,3.0
547973,2023-06-29,3,2,0,0,3,0,0,0,0,4.2,2.0,1.0,0.2,3.0
548384,2023-05-18,4,2,0,1,3,0,0,0,0,6.0,1.0,3.0,0.0,3.0
548384,2023-05-21,5,0,0,0,4,0,0,0,0,5.0,1.5,1.5,0.5,3.0
548384,2023-05-24,3,2,0,0,3,0,0,0,0,5.0,1.0,1.0,0.3333333333333333,3.3333333333333335
548384,2023-05-26,3,0,2,0,1,0,0,0,1,4.5,1.25,0.75,0.25,3.25
548384,2023-05-28,1,1,0,0,1,0,0,0,0,4.2,1.0,1.0,0.2,2.8
548384,2023-05-31,6,3,0,2,4,0,0,0,0,3.2,1.0,0.4,0.2,2.4
548384,2023-06-01,3,2,0,1,2,0,0,0,0,3.6,1.2,0.4,0.4,2.6
548384,2023-06-03,3,0,0,1,2,0,0,0,0,3.2,1.6,0.4,0.6,2.2
548384,2023-06-07,3,0,0,1,2,0,0,0,0,3.2,1.2,0.4,0.8,2.0
548384,2023-06-08,5,0,0,2,3,0,0,0,0,3.2,1.2,0.0,1.0,2.2
548384,2023-06-11,4,3,1,0,3,0,0,0,0,4.0,1.0,0.0,1.4,2.6
548384,2023-06-14,2,0,0,1,1,0,0,0,0,3.6,1.0,0.2,1.0,2.4
548384,2023-06-17,5,0,0,3,2,0,0,0,0,3.4,0.6,0.2,1.0,2.2
548384,2023-06-18,2,0,1,0,1,0,0,0,0,3.8,0.6,0.2,1.4,2.2
548384,2023-06-23,3,1,1,0,3,0,0,0,0,3.6,0.6,0.4,1.2,2.0
548384,2023-06-24,3,1,0,1,2,0,0,0,0,3.2,0.8,0.6,0.8,2.0
548384,2023-06-26,4,1,1,0,3,0,0,0,0,3.0,0.4,0.4,1.0,1.8
548384,2023-06-28,3,1,0,0,3,0,0,0,0,3.4,0.6,0.6,0.8,2.2
548384,2023-06-30,2,2,0,0,2,0,0,0,0,3.0,0.8,0.6,0.2,2.4
548389,2023-05-07,22,3,2,7,13,0,0,1,1,20.0,5.0,0.0,5.0,15.0
548389,2023-05-12,15,2,2,5,8,0,0,1,1,21.0,4.0,1.0,6.0,14.0
548389,2023-05-17,15,2,1,4,10,0,0,0,0,19.0,3.3333333333333335,1.3333333333333333,5.666666666666667,12.0
548389,2023-06-28,13,3,0,4,9,0,0,0,0,18.0,3.0,1.25,5.25,11.5
554340,2023-05-04,1,0,0,0,1,0,0,0,0,5.0,1.0,1.0,0.0,4.0
554340,2023-05-07,7,1,1,3,3,0,0,0,0,3.0,0.5,0.5,0.0,2.5
554340,2023-05-10,4,1,0,1,3,0,0,0,0,4.333333333333333,0.6666666666666666,0.6666666666666666,1.0,2.6666666666666665
554340,2023-05-13,5,0,2,1,2,0,0,0,1,4.25,0.75,0.5,1.0,2.75
554340,2023-05-15,4,1,1,0,3,0,0,0,0,4.4,0.6,0.8,1.0,2.6
554340,2023-05-17,3,1,1,0,2,0,0,0,0,4.2,0.6,0.8,1.0,2.4
554340,2023-05-18,2,1,0,1,1,0,0,0,0,4.6,0.8,1.0,1.0,2.6
554340,2023-05-20,4,2,0,0,4,0,0,0,0,3.6,0.8,0.8,0.6,2.2
554340,2023-05-21,7,1,0,5,2,0,0,1,0,3.6,1.0,0.8,0.4,2.4
554340,2023-05-24,6,1,0,3,2,0,0,0,0,4.0,1.2,0.4,1.2,2.4
554340,2023-05-27,5,3,0,2,3,0,0,0,0,4.4,1.2,0.2,1.8,2.2
554340,2023-05-30,3,0,0,1,1,0,0,0,0,4.8,1.6,0.0,2.2,2.4
554340,2023-06-05,3,0,0,0,3,0,0,0,0,5.0,1.4,0.0,2.2,2.4
554340,2023-06-08,4,1,0,2,2,0,0,0,0,4.8,1.0,0.0,2.2,2.2
554340,2023-06-09,3,2,0,0,3,0,0,0,0,4.2,1.0,0.0,1.6,2.2
554340,2023-06-15,7,2,0,4,3,0,0,0,0,3.6,1.2,0.0,1.0,2.4
554340,2023-06-17,6,1,0,4,2,0,0,0,0,4.0,1.0,0.0,1.4,2.4
554340,2023-06-18,3,2,0,0,3,0,0,0,0,4.6,1.2,0.0,2.0,2.6
554340,2023-06-20,4,0,0,1,3,0,0,0,0,4.6,1.6,0.0,2.0,2.6
554340,2023-06-24,4,0,0,2,2,0,0,0,0,4.6,1.4,0.0,1.8,2.8
554340,2023-06-28,3,1,0,0,3,0,0,0,0,4.8,1.0,0.0,2.2,2.6
554430,2023-05-10,25,7,1,3,21,1,1,0,0,24.0,5.0,0.0,7.0,16.0
554430,2023-05-16,28,8,1,9,18,1,1,1,0,24.5,6.0,0.5,5.0,18.5
554430,2023-05-22,26,3,1,8,18,0,1,1,0,25.666666666666668,6.666666666666667,0.6666666666666666,6.333333333333333,18.333333333333332
554430,2023-05-27,29,12,1,3,24,1,1,0,0,25.75,5.75,0.75,6.75,18.25
554430,2023-06-02,20,3,1,8,11,0,0,1,0,26.4,7.0,0.8,6.0,19.4
554430,2023-06-08,26,8,1,2,22,1,1,0,0,25.6,6.6,1.0,6.2,18.4
554430,2023-06-13,23,7,1,4,18,1,1,0,0,25.8,6.8,1.0,6.0,18.6
554430,2023-06-18,24,4,2,6,16,0,1,1,1,24.8,6.6,1.0,5.0,18.6
554430,2023-06-25,28,8,2,9,16,1,1,1,1,24.4,6.8,1.2,4.6,18.2
570257,2023-05-21,3,2,0,0,3,0,0,0,0,6.0,0.0,2.0,1.0,3.0
570257,2023-05-23,5,1,1,3,1,0,0,0,0,4.5,1.0,1.0,0.5,3.0
570257,2023-05-28,4,1,0,1,3,0,0,0,0,4.666666666666667,1.0,1.0,1.3333333333333333,2.3333333333333335
570257,2023-05-30,7,1,3,2,2,0,0,0,1,4.5,1.0,0.75,1.25,2.5
570666,2023-05-07,4,0,0,3,1,0,0,0,0,15.0,2.0,3.0,4.0,8.0
571479,2023-05-15,4,1,1,0,3,0,0,0,0,3.0,2.0,0.0,0.0,3.0
571479,2023-05-17,2,0,0,0,2,0,0,0,0,3.5,1.5,0.5,0.0,3.0
571479,2023-05-19,3,0,1,1,1,0,0,0,0,3.0,1.0,0.3333333333333333,0.0,2.6666666666666665
571479,2023-05-22,4,1,1,0,3,0,0,0,0,3.0,0.75,0.5,0.25,2.25
571510,2023-05-12,12,1,4,5,3,0,0,1,1,22.0,6.0,0.0,4.0,18.0
571510,2023-05-19,19,4,1,4,13,0,0,0,0,17.0,3.5,2.0,4.5,10.5
571510,2023-05-24,20,6,2,3,14,1,0,0,1,17.666666666666668,3.6666666666666665,1.6666666666666667,4.333333333333333,11.333333333333334
571510,2023-05-29,26,5,4,5,17,1,1,1,1,18.25,4.25,1.75,4.0,12.0
571510,2023-06-04,18,9,0,3,15,1,0,0,0,19.8,4.4,2.2,4.2,13.0
571510,2023-06-10,22,3,2,6,14,0,0,1,1,19.0,5.0,2.2,4.0,12.4
571510,2023-06-15,23,8,1,7,15,1,0,1,0,21.0,5.4,1.8,4.2,14.6
571510,2023-06-21,22,7,0,6,16,1,1,1,0,21.8,6.2,1.8,4.8,15.0
571510,2023-06-26,3,2,0,1,2,0,0,0,0,22.2,6.4,1.4,5.4,15.4
571539,2023-05-24,3,0,0,0,3,0,0,0,0,11.0,2.0,3.0,5.0,3.0
571539,2023-05-26,10,2,1,2,7,0,0,0,0,7.0,1.0,1.5,2.5,3.0
571539,2023-05-29,10,0,0,1,9,0,0,0,0,8.0,1.3333333333333333,1.3333333333333333,2.3333333333333335,4.333333333333333
571539,2023-06-03,9,2,0,1,7,0,0,0,0,8.5,1.0,1.0,2.0,5.5
571539,2023-06-08,7,1,2,0,5,0,0,0,1,8.6,1.2,0.8,1.8,5.8
571539,2023-06-11,5,0,0,0,5,0,0,0,0,7.8,1.0,0.6,0.8,6.2
571539,2023-06-12,2,0,0,1,1,0,0,0,0,8.2,1.0,0.6,0.8,6.6
571539,2023-06-13,3,0,1,1,1,0,0,0,0,6.6,0.6,0.4,0.6,5.4
571539,2023-06-15,6,0,0,1,5,0,0,0,0,5.2,0.6,0.6,0.6,3.8
571539,2023-06-18,11,1,2,3,6,0,0,0,1,4.6,0.2,0.6,0.6,3.4
571539,2023-06-21,8,3,0,3,6,0,0,0,0,5.4,0.2,0.6,1.2,3.6
571539,2023-06-24,7,0,2,4,1,0,0,0,1,6.0,0.8,0.6,1.8,3.8
571539,2023-06-29,8,3,0,4,4,0,0,0,0,7.0,0.8,1.0,2.4,3.8
571578,2023-05-09,26,3,0,8,18,0,1,1,0,24.0,6.0,0.0,3.0,21.0
571578,2023-05-15,24,1,1,8,15,0,0,1,0,25.0,4.5,0.0,5.5,19.5
571578,2023-05-20,22,3,0,6,16,0,1,1,0,24.666666666666668,3.3333333333333335,0.3333333333333333,6.333333333333333,18.0
571578,2023-05-26,28,6,4,7,17,1,1,1,1,24.0,3.25,0.25,6.25,17.5
571578,2023-05-31,22,2,4,7,11,0,0,1,1,24.8,3.8,1.0,6.4,17.4
571578,2023-06-07,28,4,1,11,16,0,1,1,0,24.4,3.0,1.8,7.2,15.4
571578,2023-06-13,23,5,5,4,14,1,0,0,1,24.8,3.2,2.0,7.8,15.0
571578,2023-06-18,31,3,2,11,18,0,1,1,1,24.6,4.0,2.8,7.0,14.8
571578,2023-06-23,22,3,3,7,11,0,0,1,1,26.4,4.0,3.2,8.0,15.2
571578,2023-06-28,26,9,0,5,21,1,1,1,0,25.2,3.4,3.0,8.0,14.0
571656,2023-05-05,6,2,0,0,6,0,0,0,0,4.0,0.0,0.0,0.0,4.0
571656,2023-05-07,3,2,0,0,3,0,0,0,0,5.0,1.0,0.0,0.0,5.0
571656,2023-05-10,5,2,0,2,3,0,0,0,0,4.333333333333333,1.3333333333333333,0.0,0.0,4.333333333333333
571656,2023-05-13,6,2,1,1,4,0,0,0,0,4.5,1.5,0.0,0.5,4.0
571656,2023-05-15,5,1,1,1,3,0,0,0,0,4.8,1.6,0.2,0.6,4.0
571656,2023-05-20,5,2,0,0,5,0,0,0,0,5.0,1.8,0.4,0.8,3.8
571656,2023-05-22,6,3,0,1,5,0,0,0,0,4.8,1.8,0.4,0.8,3.6
571656,2023-05-27,3,0,1,0,3,0,0,0,0,5.4,2.0,0.4,1.0,4.0
571656,2023-05-30,3,0,0,1,3,0,0,0,0,5.0,1.6,0.6,0.6,4.0
571656,2023-05-31,3,1,0,0,3,0,0,0,0,4.4,1.2,0.4,0.6,3.8
571656,2023-06-02,1,0,0,0,1,0,0,0,0,4.0,1.2,0.2,0.4,3.8
571656,2023-06-05,4,0,0,1,3,0,0,0,0,3.2,0.8,0.2,0.4,3.0
571656,2023-06-07,4,1,0,0,4,0,0,0,0,2.8,0.2,0.2,0.4,2.6
571656,2023-06-10,1,0,0,0,1,0,0,0,0,3.0,0.4,0.0,0.4,2.8
571656,2023-06-12,6,1,0,1,5,0,0,0,0,2.6,0.4,0.0,0.2,2.4
571656,2023-06-14,2,0,0,1,1,0,0,0,0,3.2,0.4,0.0,0.4,2.8
571656,2023-06-16,4,2,0,1,3,0,0,0,0,3.4,0.4,0.0,0.6,2.8
571656,2023-06-17,2,0,0,1,1,0,0,0,0,3.4,0.8,0.0,0.6,2.8
571656,2023-06-19,5,2,1,2,2,0,0,0,0,3.0,0.6,0.0,0.8,2.2
571656,2023-06-21,4,1,0,1,3,0,0,0,0,3.8,1.0,0.2,1.2,2.4
571656,2023-06-23,5,1,0,2,3,0,0,0,0,3.4,1.0,0.2,1.2,2.0
571656,2023-06-25,3,0,1,0,1,0,0,0,0,4.0,1.2,0.2,1.4,2.4
571656,2023-06-27,4,0,0,1,3,0,0,0,0,3.8,0.8,0.4,1.2,2.0
571656,2023-06-28,6,2,0,3,3,0,0,0,0,4.2,0.8,0.4,1.2,2.4
571670,2023-05-07,5,0,0,1,3,0,0,0,0,3.0,1.0,0.0,0.0,3.0
571670,2023-05-09,3,0,0,2,1,0,0,0,0,4.0,0.5,0.0,0.5,3.0
571670,2023-05-10,4,2,0,1,3,0,0,0,0,3.6666666666666665,0.3333333333333333,0.0,1.0,2.3333333333333335
571670,2023-05-12,6,2,0,4,2,0,0,0,0,3.75,0.75,0.0,1.0,2.5
571670,2023-05-14,4,1,1,0,3,0,0,0,0,4.2,1.0,0.0,1.6,2.4
571670,2023-05-17,2,0,0,1,1,0,0,0,0,4.4,1.0,0.2,1.6,2.4
571670,2023-05-18,4,0,1,0,3,0,0,0,0,3.8,1.0,0.2,1.6,2.0
571670,2023-05-20,4,2,0,0,4,0,0,0,0,4.0,1.0,0.4,1.2,2.4
571670,2023-05-25,5,0,1,4,0,0,0,0,0,4.0,1.0,0.4,1.0,2.6
571670,2023-05-26,3,2,0,0,3,0,0,0,0,3.8,0.6,0.6,1.0,2.2
571670,2023-05-27,4,1,0,1,3,0,0,0,0,3.6,0.8,0.4,1.0,2.2
571670,2023-05-30,3,0,1,2,0,0,0,0,0,4.0,1.0,0.4,1.0,2.6
571670,2023-06-04,3,2,0,0,3,0,0,0,0,3.8,1.0,0.4,1.4,2.0
571670,2023-06-09,3,1,0,2,1,0,0,0,0,3.6,1.0,0.4,1.4,1.8
571670,2023-06-14,3,2,0,0,3,0,0,0,0,3.2,1.2,0.2,1.0,2.0
571670,2023-06-17,2,0,0,1,1,0,0,0,0,3.2,1.2,0.2,1.0,2.0
571670,2023-06-18,2,0,0,1,1,0,0,0,0,2.8,1.0,0.2,1.0,1.6
571670,2023-06-20,4,3,0,1,3,0,0,0,0,2.6,1.0,0.0,0.8,1.8
571670,2023-06-23,2,0,0,2,0,0,0,0,0,2.8,1.2,0.0,1.0,1.8
571670,2023-06-24,4,1,0,2,2,0,0,0,0,2.6,1.0,0.0,1.0,1.6
571670,2023-06-28,4,0,0,3,1,0,0,0,0,2.8,0.8,0.0,1.4,1.4
571710,2023-05-23,3,1,0,0,3,0,0,0,0,5.0,1.0,1.0,1.0,3.0
571710,2023-05-24,4,0,2,0,1,0,0,0,1,4.0,1.0,0.5,0.5,3.0
571710,2023-05-27,3,0,0,1,2,0,0,0,0,4.0,0.6666666666666666,1.0,0.3333333333333333,2.3333333333333335
571710,2023-05-29,2,0,1,0,1,0,0,0,0,3.75,0.5,0.75,0.5,2.25
571710,2023-05-31,3,0,1,2,0,0,0,0,0,3.4,0.4,0.8,0.4,2.0
571760,2023-05-09,26,7,2,4,20,1,1,0,1,22.0,5.0,4.0,4.0,14.0
571760,2023-05-14,22,9,2,4,16,1,1,0,1,24.0,6.0,3.0,4.0,17.0
571760,2023-05-21,23,5,2,6,16,1,1,1,1,23.333333333333332,7.0,2.6666666666666665,4.0,16.666666666666668
571760,2023-05-27,23,3,1,4,18,0,1,0,0,23.25,6.5,2.5,4.5,16.5
571760,2023-06-03,19,5,4,6,9,1,0,1,1,23.2,5.8,2.2,4.4,16.8
571760,2023-06-09,19,5,2,4,13,1,0,0,1,22.6,5.8,2.2,4.8,15.8
571760,2023-06-14,21,5,4,5,11,1,0,1,1,21.2,5.4,2.2,4.8,14.4
571760,2023-06-19,21,6,0,5,15,1,0,1,0,21.0,4.6,2.6,5.0,13.4
571760,2023-06-26,26,5,3,6,17,1,1,1,1,20.6,4.8,2.2,4.8,13.2
571863,2023-06-29,3,0,0,0,3,0,0,0,0,7.0,1.0,0.0,1.0,6.0
571882,2023-05-03,3,1,1,0,2,0,0,0,0,4.0,1.0,1.0,0.0,3.0
571882,2023-05-06,6,1,1,0,5,0,0,0,0,3.5,1.0,1.0,0.0,2.5
571882,2023-05-09,3,0,1,1,1,0,0,0,0,4.333333333333333,1.0,1.0,0.0,3.3333333333333335
571882,2023-05-11,5,1,1,0,4,0,0,0,0,4.0,0.75,1.0,0.25,2.75
571882,2023-05-13,4,0,1,1,2,0,0,0,0,4.2,0.8,1.0,0.2,3.0
571882,2023-05-16,2,1,0,1,1,0,0,0,0,4.2,0.6,1.0,0.4,2.8
571901,2023-05-22,3,0,0,2,1,0,0,0,0,5.0,0.0,1.0,2.0,2.0
571901,2023-05-24,5,0,1,1,3,0,0,0,0,4.0,0.0,0.5,2.0,1.5
571901,2023-05-28,4,1,0,1,3,0,0,0,0,4.333333333333333,0.0,0.6666666666666666,1.6666666666666667,2.0
571901,2023-05-30,4,1,0,1,3,0,0,0,0,4.25,0.25,0.5,1.5,2.25
571901,2023-06-01,5,1,0,2,3,0,0,0,0,4.2,0.4,0.4,1.4,2.4
571901,2023-06-07,3,1,0,0,3,0,0,0,0,4.2,0.6,0.2,1.4,2.6
571901,2023-06-10,4,2,0,2,2,0,0,0,0,4.2,0.8,0.2,1.0,3.0
571901,2023-06-12,4,2,0,1,3,0,0,0,0,4.0,1.2,0.0,1.2,2.8
571901,2023-06-13,1,0,0,0,1,0,0,0,0,4.0,1.4,0.0,1.2,2.8
571901,2023-06-20,3,1,0,0,3,0,0,0,0,3.4,1.2,0.0,1.0,2.4
571901,2023-06-21,4,1,1,1,3,0,0,0,0,3.0,1.2,0.0,0.6,2.4
571901,2023-06-28,4,1,0,1,3,0,0,0,0,3.2,1.2,0.2,0.8,2.4
571901,2023-06-30,5,0,1,1,3,0,0,0,0,3.2,1.0,0.2,0.6,2.6
571927,2023-05-07,21,2,0,5,16,0,1,1,0,23.0,4.0,2.0,6.0,15.0
571927,2023-05-13,21,4,1,8,11,0,0,1,0,22.0,3.0,1.0,5.5,15.5
571927,2023-05-19,22,6,2,6,14,1,0,1,1,21.666666666666668,3.3333333333333335,1.0,6.333333333333333,14.0
571927,2023-05-24,24,2,2,11,11,0,0,1,1,21.75,4.0,1.25,6.25,14.0
571927,2023-05-29,12,4,0,2,8,0,0,0,0,22.2,3.6,1.4,7.2,13.4
571927,2023-06-03,5,1,0,2,3,0,0,0,0,20.0,3.6,1.0,6.4,12.0
571927,2023-06-06,4,0,0,0,4,0,0,0,0,16.8,3.4,1.0,5.8,9.4
571927,2023-06-12,3,0,0,0,3,0,0,0,0,13.4,2.6,0.8,4.2,8.0
571927,2023-06-14,6,2,0,3,3,0,0,0,0,9.6,1.4,0.4,3.0,5.8
571927,2023-06-24,11,2,1,2,8,0,0,0,0,6.0,1.4,0.0,1.4,4.2
571927,2023-06-29,13,4,3,1,10,0,0,0,1,5.8,1.0,0.2,1.4,4.2
571945,2023-05-08,20,7,3,4,13,1,0,0,1,24.0,5.0,0.0,8.0,15.0
571945,2023-05-14,23,0,2,4,17,0,1,0,1,22.0,6.0,1.5,6.0,14.0
571945,2023-05-20,27,2,0,6,21,0,1,1,0,22.333333333333332,4.0,1.6666666666666667,5.333333333333333,15.0
571945,2023-05-25,23,5,0,5,18,1,1,1,0,23.5,3.5,1.25,5.5,16.5
571945,2023-05-30,28,10,1,3,23,1,1,0,0,23.4,3.8,1.0,5.4,16.8
571945,2023-06-04,25,2,0,10,15,0,0,1,0,24.2,4.8,1.2,4.4,18.4
571945,2023-06-10,26,2,2,7,16,0,1,1,1,25.2,3.8,0.6,5.6,18.8
571945,2023-06-16,26,1,1,8,16,0,1,1,0,25.8,4.2,0.6,6.2,18.6
571945,2023-06-21,28,3,1,8,19,0,1,1,0,25.6,4.0,0.8,6.6,17.6
571945,2023-06-28,27,4,3,7,17,0,1,1,1,26.6,3.6,1.0,7.2,17.8
571946,2023-05-05,5,3,2,0,3,0,0,0,1,6.0,0.0,1.0,0.0,5.0
571946,2023-05-09,8,2,1,2,5,0,0,0,0,5.5,1.5,1.5,0.0,4.0
571946,2023-05-15,7,1,1,1,5,0,0,0,0,6.333333333333333,1.6666666666666667,1.3333333333333333,0.6666666666666666,4.333333333333333
571946,2023-05-16,8,2,1,0,6,0,0,0,0,6.5,1.5,1.25,0.75,4.5
571946,2023-05-19,3,1,0,0,3,0,0,0,0,6.8,1.6,1.2,0.6,4.8
571946,2023-05-21,3,1,0,1,2,0,0,0,0,6.2,1.8,1.0,0.6,4.4
571946,2023-05-24,4,2,0,0,4,0,0,0,0,5.8,1.4,0.6,0.8,4.2
571946,2023-05-28,4,1,1,0,3,0,0,0,0,5.0,1.4,0.4,0.4,4.0
571946,2023-05-29,5,0,1,1,3,0,0,0,0,4.4,1.4,0.4,0.2,3.6
571946,2023-06-03,4,2,0,1,3,0,0,0,0,3.8,1.0,0.4,0.4,3.0
571946,2023-06-06,1,0,0,1,0,0,0,0,0,4.0,1.2,0.4,0.6,3.0
571946,2023-06-09,7,3,0,0,6,0,0,0,0,3.6,1.0,0.4,0.6,2.6
571946,2023-06-15,7,2,1,1,5,0,0,0,0,4.2,1.2,0.4,0.6,3.0
571948,2023-05-05,3,0,1,1,1,0,0,0,0,3.0,0.0,0.0,2.0,1.0
571948,2023-05-07,4,2,0,2,2,0,0,0,0,3.0,0.0,0.5,1.5,1.0
571948,2023-05-10,3,1,0,0,3,0,0,0,0,3.3333333333333335,0.6666666666666666,0.3333333333333333,1.6666666666666667,1.3333333333333333
571948,2023-05-13,7,1,0,1,6,0,0,0,0,3.25,0.75,0.25,1.25,1.75
571948,2023-05-16,6,3,0,2,4,0,0,0,0,4.0,0.8,0.2,1.2,2.6
571948,2023-05-22,2,0,0,2,0,0,0,0,0,4.6,1.4,0.2,1.2,3.2
571948,2023-05-24,4,1,0,1,3,0,0,0,0,4.4,1.4,0.0,1.4,3.0
571948,2023-05-25,3,1,0,1,2,0,0,0,0,4.4,1.2,0.0,1.2,3.2
571948,2023-05-30,2,1,0,1,1,0,0,0,0,4.4,1.2,0.0,1.4,3.0
571948,2023-06-05,2,1,0,0,2,0,0,0,0,3.4,1.2,0.0,1.4,2.0
571948,2023-06-09,7,2,1,0,6,0,0,0,0,2.6,0.8,0.0,1.0,1.6
571948,2023-06-11,3,1,1,0,2,0,0,0,0,3.6,1.2,0.2,0.6,2.8
571948,2023-06-13,3,1,0,1,2,0,0,0,0,3.4,1.2,0.4,0.4,2.6
571948,2023-06-14,2,1,1,0,1,0,0,0,0,3.4,1.2,0.4,0.4,2.6
571948,2023-06-17,3,0,1,1,1,0,0,0,0,3.4,1.2,0.6,0.2,2.6
571948,2023-06-18,3,0,0,2,1,0,0,0,0,3.6,1.0,0.8,0.4,2.4
571948,2023-06-20,6,1,0,2,4,0,0,0,0,2.8,0.6,0.6,0.8,1.4
571948,2023-06-21,1,0,0,0,1,0,0,0,0,3.4,0.6,0.4,1.2,1.8
571948,2023-06-24,3,1,0,1,2,0,0,0,0,3.0,0.4,0.4,1.0,1.6
571948,2023-06-25,1,0,0,0,1,0,0,0,0,3.2,0.4,0.2,1.2,1.8
571948,2023-06-26,4,1,0,0,4,0,0,0,0,2.8,0.4,0.0,1.0,1.8
571948,2023-06-28,1,1,0,0,1,0,0,0,0,3.0,0.6,0.0,0.6,2.4
571948,2023-06-29,3,0,0,1,1,0,0,0,0,2.0,0.6,0.0,0.2,1.8
572020,2023-05-19,24,5,2,5,17,1,1,1,1,20.0,9.0,1.0,4.0,15.0
572020,2023-05-24,16,5,3,4,9,1,0,0,1,22.0,7.0,1.5,4.5,16.0
572020,2023-05-31,20,8,1,4,15,1,0,0,0,20.0,6.333333333333333,2.0,4.333333333333333,13.666666666666666
572020,2023-06-06,29,9,2,6,21,1,1,1,1,20.0,6.75,1.75,4.25,14.0
572020,2023-06-12,23,8,1,4,18,1,1,0,0,21.8,7.2,1.8,4.6,15.4
572020,2023-06-19,22,7,1,3,17,1,1,0,0,22.4,7.0,1.8,4.6,16.0
572020,2023-06-24,14,3,0,2,12,0,0,0,0,22.0,7.4,1.6,4.2,16.0
572020,2023-06-30,24,7,2,3,19,1,1,0,1,21.6,7.0,1.0,3.8,16.6
572193,2023-05-06,6,3,0,0,6,0,0,0,0,5.0,2.0,0.0,2.0,3.0
572193,2023-05-10,4,2,0,1,3,0,0,0,0,5.5,2.5,0.0,1.0,4.5
572193,2023-05-13,5,1,1,2,2,0,0,0,0,5.0,2.3333333333333335,0.0,1.0,4.0
572403,2023-05-04,7,1,1,1,5,0,0,0,0,6.0,0.0,1.0,2.0,3.0
572403,2023-05-06,4,1,1,0,3,0,0,0,0,6.5,0.5,1.0,1.5,4.0
572403,2023-05-07,6,3,0,0,6,0,0,0,0,5.666666666666667,0.6666666666666666,1.0,1.0,3.6666666666666665
572403,2023-05-10,7,0,1,4,2,0,0,0,0,5.75,1.25,0.75,0.75,4.25
572403,2023-05-13,5,1,0,0,5,0,0,0,0,6.0,1.0,0.8,1.4,3.8
572403,2023-05-16,4,1,0,1,3,0,0,0,0,5.8,1.2,0.6,1.0,4.2
572403,2023-05-18,5,0,0,2,3,0,0,0,0,5.2,1.2,0.4,1.0,3.8
572403,2023-05-21,7,3,0,0,7,0,0,0,0,5.4,1.0,0.2,1.4,3.8
572403,2023-05-25,4,1,2,0,2,0,0,0,1,5.6,1.0,0.2,1.4,4.0
572403,2023-05-28,3,1,0,2,1,0,0,0,0,5.0,1.2,0.4,0.6,4.0
572403,2023-05-29,8,1,1,5,2,0,0,1,0,4.6,1.2,0.4,1.0,3.2
572403,2023-06-05,1,0,0,0,1,0,0,0,0,5.4,1.2,0.6,1.8,3.0
572403,2023-06-06,5,1,0,2,3,0,0,0,0,4.6,1.2,0.6,1.4,2.6
572403,2023-06-10,9,1,1,2,6,0,0,0,0,4.2,0.8,0.6,1.8,1.8
572403,2023-06-13,2,0,0,0,2,0,0,0,0,5.2,0.8,0.4,2.2,2.6
572403,2023-06-16,3,2,0,0,3,0,0,0,0,5.0,0.6,0.4,1.8,2.8
572403,2023-06-18,5,1,0,0,5,0,0,0,0,4.0,0.8,0.2,0.8,3.0
572403,2023-06-20,5,0,0,2,3,0,0,0,0,4.8,1.0,0.2,0.8,3.8
572403,2023-06-24,4,2,0,1,3,0,0,0,0,4.8,0.8,0.2,0.8,3.8
572403,2023-06-28,7,2,2,0,4,0,0,0,1,3.8,1.0,0.0,0.6,3.2
572955,2023-05-04,6,1,1,2,3,0,0,0,0,4.0,1.0,0.0,1.0,3.0
572955,2023-05-06,4,2,0,1,3,0,0,0,0,5.0,1.0,0.5,1.5,3.0
572955,2023-05-10,5,2,1,1,3,0,0,0,0,4.666666666666667,1.3333333333333333,0.3333333333333333,1.3333333333333333,3.0
572955,2023-05-13,4,1,2,1,1,0,0,0,1,4.75,1.5,0.5,1.25,3.0
572955,2023-05-15,6,0,1,2,3,0,0,0,0,4.6,1.4,0.8,1.2,2.6
572955,2023-05-17,2,1,0,0,2,0,0,0,0,5.0,1.2,1.0,1.4,2.6
572955,2023-05-20,3,1,0,0,3,0,0,0,0,4.2,1.2,0.8,1.0,2.4
572955,2023-05-22,4,1,0,1,3,0,0,0,0,4.0,1.0,0.8,0.8,2.4
572955,2023-05-23,5,1,0,2,3,0,0,0,0,3.8,0.8,0.6,0.8,2.4
572955,2023-05-25,8,2,1,4,3,0,0,0,0,4.0,0.8,0.2,1.0,2.8
572955,2023-05-27,3,0,0,0,3,0,0,0,0,4.4,1.2,0.2,1.4,2.8
572955,2023-06-01,5,1,1,2,2,0,0,0,0,4.6,1.0,0.2,1.4,3.0
572955,2023-06-06,4,2,1,0,3,0,0,0,0,5.0,1.0,0.4,1.8,2.8
572955,2023-06-08,6,1,2,2,2,0,0,0,1,5.0,1.2,0.6,1.6,2.8
572955,2023-06-10,3,1,0,0,3,0,0,0,0,5.2,1.2,1.0,1.6,2.6
572955,2023-06-12,2,0,1,0,1,0,0,0,0,4.2,1.0,0.8,0.8,2.6
572955,2023-06-13,2,1,0,0,2,0,0,0,0,4.0,1.0,1.0,0.8,2.2
572955,2023-06-15,4,2,0,1,3,0,0,0,0,3.4,1.0,0.8,0.4,2.2
572955,2023-06-18,6,3,0,3,3,0,0,0,0,3.4,1.0,0.6,0.6,2.2
572955,2023-06-21,4,2,1,0,3,0,0,0,0,3.4,1.4,0.2,0.8,2.4
572955,2023-06-23,5,3,1,1,3,0,0,0,0,3.6,1.6,0.4,0.8,2.4
572955,2023-06-25,3,2,0,0,3,0,0,0,0,4.2,2.2,0.4,1.0,2.8
572955,2023-06-28,3,1,0,0,3,0,0,0,0,4.4,2.4,0.4,1.0,3.0
572955,2023-06-30,2,1,0,1,1,0,0,0,0,4.2,2.2,0.4,0.8,3.0
573009,2023-05-07,5,2,0,1,4,0,0,0,0,4.0,1.0,0.0,0.0,4.0
573009,2023-05-08,2,0,0,1,1,0,0,0,0,4.5,1.5,0.0,0.5,4.0
573009,2023-06-13,13,1,0,6,7,0,0,1,0,3.6666666666666665,1.0,0.0,0.6666666666666666,3.0
573009,2023-06-17,5,0,1,1,3,0,0,0,0,6.0,1.0,0.0,2.0,4.0
573009,2023-06-19,3,1,0,0,3,0,0,0,0,5.8,0.8,0.2,1.8,3.8
573009,2023-06-22,3,1,0,2,1,0,0,0,0,5.6,0.8,0.2,1.8,3.6
573009,2023-06-23,8,3,0,2,6,0,0,0,0,5.2,0.6,0.2,2.0,3.0
573124,2023-05-06,4,1,1,0,3,0,0,0,0,4.0,0.0,0.0,1.0,2.0
573124,2023-05-13,3,0,0,0,3,0,0,0,0,4.0,0.5,0.5,0.5,2.5
573124,2023-05-15,4,1,1,1,2,0,0,0,0,3.6666666666666665,0.3333333333333333,0.3333333333333333,0.3333333333333333,2.6666666666666665
573124,2023-05-16,3,2,0,0,3,0,0,0,0,3.75,0.5,0.5,0.5,2.5
573124,2023-05-19,3,1,0,1,2,0,0,0,0,3.6,0.8,0.4,0.4,2.6
573124,2023-05-24,5,1,1,1,3,0,0,0,0,3.4,1.0,0.4,0.4,2.6
573124,2023-05-25,4,3,0,0,4,0,0,0,0,3.6,1.0,0.4,0.6,2.6
573124,2023-05-29,3,1,0,0,3,0,0,0,0,3.8,1.6,0.4,0.6,2.8
573124,2023-05-30,3,3,0,0,3,0,0,0,0,3.6,1.6,0.2,0.4,3.0
573124,2023-06-04,4,2,0,1,3,0,0,0,0,3.6,1.8,0.2,0.4,3.0
573124,2023-06-07,4,3,0,1,3,0,0,0,0,3.8,2.0,0.2,0.4,3.2
573124,2023-06-08,3,2,0,0,3,0,0,0,0,3.6,2.4,0.0,0.4,3.2
573124,2023-06-11,3,2,0,0,3,0,0,0,0,3.4,2.2,0.0,0.4,3.0
573124,2023-06-14,3,2,0,0,3,0,0,0,0,3.4,2.4,0.0,0.4,3.0
573124,2023-06-16,3,1,0,0,3,0,0,0,0,3.4,2.2,0.0,0.4,3.0
573124,2023-06-19,2,1,0,0,2,0,0,0,0,3.2,2.0,0.0,0.2,3.0
573124,2023-06-21,3,0,1,1,1,0,0,0,0,2.8,1.6,0.0,0.0,2.8
573124,2023-06-24,4,1,0,1,3,0,0,0,0,2.8,1.2,0.2,0.2,2.4
573124,2023-06-30,4,2,0,1,3,0,0,0,0,3.0,1.0,0.2,0.4,2.4
573186,2023-05-08,23,6,1,4,18,1,1,0,0,22.0,5.0,3.0,5.0,14.0
573186,2023-05-14,17,3,2,7,8,0,0,1,1,22.5,5.5,2.0,4.5,16.0
573186,2023-05-19,21,4,2,3,16,0,1,0,1,20.666666666666668,4.666666666666667,2.0,5.333333333333333,13.333333333333334
573186,2023-05-24,25,3,2,4,20,0,1,0,1,20.75,4.5,2.0,4.75,14.0
573186,2023-05-29,28,8,1,1,25,1,1,0,0,21.6,4.2,2.0,4.6,15.2
573186,2023-06-04,25,6,3,4,18,1,1,0,1,22.8,4.8,1.6,3.8,17.4
573186,2023-06-09,26,5,4,6,16,1,1,1,1,23.2,4.8,2.0,3.8,17.4
573186,2023-06-15,24,5,2,4,18,1,1,0,1,25.0,5.2,2.4,3.6,19.0
573186,2023-06-20,27,5,1,5,21,1,1,1,0,25.6,5.4,2.4,3.8,19.4
573186,2023-06-25,17,2,1,8,7,0,0,1,0,26.0,5.8,2.2,4.0,19.6
573204,2023-06-04,2,0,0,1,1,0,0,0,0,3.0,0.0,0.0,1.0,2.0
579328,2023-05-07,25,3,2,4,19,0,1,0,1,22.0,2.0,0.0,9.0,12.0
579328,2023-05-14,21,7,0,9,12,1,0,1,0,23.5,2.5,1.0,6.5,15.5
579328,2023-05-19,20,3,4,3,13,0,0,0,1,22.666666666666668,4.0,0.6666666666666666,7.333333333333333,14.333333333333334
579328,2023-05-24,25,5,2,8,15,1,0,1,1,22.0,3.75,1.5,6.25,14.0
579328,2023-05-30,21,4,5,3,13,0,0,0,1,22.6,4.0,1.6,6.6,14.2
579328,2023-06-04,20,8,1,4,15,1,0,0,0,22.4,4.4,2.6,5.4,14.4
579328,2023-06-09,20,4,1,4,15,0,0,0,0,21.4,5.4,2.4,5.4,13.6
579328,2023-06-15,22,7,2,6,14,1,0,1,1,21.2,4.8,2.6,4.4,14.2
579328,2023-06-20,18,6,0,2,16,1,1,0,0,21.6,5.6,2.2,5.0,14.4
579328,2023-06-25,25,8,2,2,21,1,1,0,1,20.2,5.8,1.8,3.8,14.6
592094,2023-05-04,6,3,1,1,3,0,0,0,0,4.0,3.0,0.0,1.0,3.0
592094,2023-05-05,4,1,0,1,3,0,0,0,0,5.0,3.0,0.5,1.0,3.0
592094,2023-05-07,4,0,0,1,3,0,0,0,0,4.666666666666667,2.3333333333333335,0.3333333333333333,1.0,3.0
592094,2023-05-08,4,3,0,1,3,0,0,0,0,4.5,1.75,0.25,1.0,3.0
592094,2023-05-12,3,0,0,1,2,0,0,0,0,4.4,2.0,0.2,1.0,3.0
592094,2023-05-14,3,0,0,0,3,0,0,0,0,4.2,1.4,0.2,1.0,2.8
592094,2023-05-17,6,2,1,1,3,0,0,0,0,3.6,0.8,0.0,0.8,2.8
592094,2023-05-19,4,2,0,1,3,0,0,0,0,4.0,1.0,0.2,0.8,2.8
592094,2023-05-20,2,1,0,0,2,0,0,0,0,4.0,1.4,0.2,0.8,2.8
592094,2023-05-24,5,0,1,3,1,0,0,0,0,3.6,1.0,0.2,0.6,2.6
592094,2023-05-26,1,1,0,0,1,0,0,0,0,4.0,1.0,0.4,1.0,2.4
592094,2023-05-28,7,4,1,0,6,0,0,0,0,3.6,1.2,0.4,1.0,2.0
592094,2023-05-31,5,3,1,1,3,0,0,0,0,3.8,1.6,0.4,0.8,2.6
592094,2023-06-03,5,0,1,0,3,0,0,0,0,4.0,1.8,0.6,0.8,2.6
592094,2023-06-05,3,2,0,0,3,0,0,0,0,4.6,1.6,0.8,0.8,2.8
592094,2023-06-07,5,0,1,1,1,0,0,0,0,4.2,2.0,0.6,0.2,3.2
592094,2023-06-08,3,1,0,0,3,0,0,0,0,5.0,1.8,0.8,0.4,3.2
592094,2023-06-11,4,1,2,1,1,0,0,0,1,4.2,1.2,0.6,0.4,2.6
592094,2023-06-14,4,1,0,1,3,0,0,0,0,4.0,0.8,0.8,0.4,2.2
592094,2023-06-15,3,2,0,0,3,0,0,0,0,3.8,1.0,0.6,0.6,2.2
592094,2023-06-20,3,0,0,0,3,0,0,0,0,3.8,1.0,0.6,0.6,2.2
592094,2023-06-22,7,1,1,3,3,0,0,0,0,3.4,1.0,0.4,0.4,2.6
592094,2023-06-25,3,1,0,0,3,0,0,0,0,4.2,1.0,0.6,1.0,2.6
592094,2023-06-30,2,1,0,0,1,0,0,0,0,4.0,1.0,0.2,0.8,3.0
592229,2023-05-23,21,6,1,5,15,1,0,1,0,18.0,3.0,1.0,5.0,12.0
592229,2023-05-28,7,0,0,6,1,0,0,1,0,19.5,4.5,1.0,5.0,13.5
592229,2023-06-03,7,1,0,4,3,0,0,0,0,15.333333333333334,3.0,0.6666666666666666,5.333333333333333,9.333333333333334
592229,2023-06-10,3,2,0,0,3,0,0,0,0,13.25,2.5,0.5,5.0,7.75
592229,2023-06-12,7,2,1,2,4,0,0,0,0,11.2,2.4,0.4,4.0,6.8
592229,2023-06-20,4,0,0,1,3,0,0,0,0,9.0,2.2,0.4,3.4,5.2
592229,2023-06-24,2,1,1,0,1,0,0,0,0,5.6,1.0,0.2,2.6,2.8
592254,2023-05-21,6,2,0,2,4,0,0,0,0,7.0,3.0,0.0,2.0,5.0
592254,2023-05-24,5,4,0,1,4,0,0,0,0,6.5,2.5,0.0,2.0,4.5
592254,2023-05-26,3,0,1,1,1,0,0,0,0,6.0,3.0,0.0,1.6666666666666667,4.333333333333333
592254,2023-05-28,7,1,1,1,6,0,0,0,0,5.25,2.25,0.25,1.5,3.5
592254,2023-05-31,4,1,0,0,3,0,0,0,0,5.6,2.0,0.4,1.4,4.0
592254,2023-06-04,2,1,1,0,1,0,0,0,0,5.0,1.6,0.4,1.0,3.6
592254,2023-06-08,5,1,0,1,4,0,0,0,0,4.2,1.4,0.6,0.6,3.0
592254,2023-06-10,7,1,1,2,4,0,0,0,0,4.2,0.8,0.6,0.6,3.0
592254,2023-06-13,6,1,0,3,3,0,0,0,0,5.0,1.0,0.6,0.8,3.6
592254,2023-06-17,6,2,0,0,6,0,0,0,0,4.8,1.0,0.4,1.2,3.0
592254,2023-06-19,8,0,1,3,4,0,0,0,0,5.2,1.2,0.4,1.2,3.6
592332,2023-05-10,21,9,0,3,18,1,1,0,0,21.0,4.0,1.0,10.0,10.0
592332,2023-05-16,26,10,2,5,20,1,1,1,1,21.0,6.5,0.5,6.5,14.0
592332,2023-05-21,30,4,2,6,22,0,1,1,1,22.666666666666668,7.666666666666667,1.0,6.0,16.0
592332,2023-05-26,25,8,5,4,16,1,1,0,1,24.5,6.75,1.25,6.0,17.5
592332,2023-06-01,24,11,2,5,17,1,1,1,1,24.6,7.0,2.0,5.6,17.2
592332,2023-06-06,25,13,0,4,21,1,1,0,0,25.2,8.4,2.2,4.6,18.6
592332,2023-06-11,20,4,4,7,8,0,0,1,1,26.0,9.2,2.2,4.8,19.2
592332,2023-06-16,24,4,2,4,18,0,1,0,1,24.8,8.0,2.6,5.2,16.8
592332,2023-06-21,26,6,1,8,16,1,1,1,0,23.6,8.0,2.6,4.8,16.0
592332,2023-06-27,22,12,1,3,18,1,1,0,0,23.8,7.6,1.8,5.6,16.0
592346,2023-05-08,10,2,0,4,6,0,0,0,0,3.0,0.0,1.0,0.0,2.0
592351,2023-05-08,24,8,0,4,19,1,1,0,0,25.0,2.0,1.0,8.0,16.0
592351,2023-05-13,28,5,2,3,23,1,1,0,1,24.5,5.0,0.5,6.0,17.5
592351,2023-05-20,22,6,2,5,15,1,0,1,1,25.666666666666668,5.0,1.0,5.0,19.333333333333332
592351,2023-05-26,24,8,1,4,19,1,1,0,0,24.75,5.25,1.25,5.0,18.25
592351,2023-06-02,23,5,1,2,19,1,1,0,0,24.6,5.8,1.2,4.8,18.4
592351,2023-06-07,28,12,0,4,24,1,1,0,0,24.2,6.4,1.2,3.6,19.0
592351,2023-06-18,16,2,3,6,6,0,0,1,1,25.0,7.2,1.2,3.6,20.0
592351,2023-06-24,20,4,2,3,15,0,0,0,1,22.6,6.6,1.4,4.2,16.6
592351,2023-06-30,27,4,2,7,18,0,1,1,1,22.2,6.2,1.4,3.8,16.6
592426,2023-06-04,5,0,0,2,3,0,0,0,0,3.0,2.0,0.0,0.0,3.0
592426,2023-06-06,6,1,1,1,4,0,0,0,0,4.0,1.0,0.0,1.0,3.0
592426,2023-06-11,3,0,0,0,3,0,0,0,0,4.666666666666667,1.0,0.3333333333333333,1.0,3.3333333333333335
592426,2023-06-13,4,3,0,1,3,0,0,0,0,4.25,0.75,0.25,0.75,3.25
592426,2023-06-16,3,1,0,0,3,0,0,0,0,4.2,1.2,0.2,0.8,3.2
592426,2023-06-18,3,2,0,0,3,0,0,0,0,4.2,1.0,0.2,0.8,3.2
592426,2023-06-21,5,1,1,1,3,0,0,0,0,3.8,1.4,0.2,0.4,3.2
592426,2023-06-24,1,0,0,1,0,0,0,0,0,3.6,1.4,0.2,0.4,3.0
592454,2023-06-06,4,1,0,1,3,0,0,0,0,5.0,1.0,1.0,1.0,3.0
592454,2023-06-08,3,1,0,0,3,0,0,0,0,4.5,1.0,0.5,1.0,3.0
592454,2023-06-10,4,0,0,0,3,0,0,0,0,4.0,1.0,0.3333333333333333,0.6666666666666666,3.0
592454,2023-06-13,3,0,0,0,3,0,0,0,0,4.0,0.75,0.25,0.5,3.0
592454,2023-06-14,3,2,0,0,3,0,0,0,0,3.8,0.6,0.2,0.4,3.0
592454,2023-06-18,3,3,0,0,3,0,0,0,0,3.4,0.8,0.0,0.2,3.0
592454,2023-06-21,2,1,0,0,2,0,0,0,0,3.2,1.2,0.0,0.0,3.0
592454,2023-06-23,4,1,0,1,3,0,0,0,0,3.0,1.2,0.0,0.0,2.8
592454,2023-06-24,3,0,0,0,3,0,0,0,0,3.0,1.4,0.0,0.2,2.8
592454,2023-06-27,4,2,0,1,3,0,0,0,0,3.0,1.4,0.0,0.2,2.8
592741,2023-05-08,7,2,0,2,5,0,0,0,0,5.0,2.0,0.0,1.0,4.0
592741,2023-05-10,4,1,1,0,3,0,0,0,0,6.0,2.0,0.0,1.5,4.5
592741,2023-05-13,4,1,0,1,3,0,0,0,0,5.333333333333333,1.6666666666666667,0.3333333333333333,1.0,4.0
592741,2023-05-14,3,2,0,0,3,0,0,0,0,5.0,1.5,0.25,1.0,3.75
592741,2023-05-19,3,1,0,0,3,0,0,0,0,4.6,1.6,0.2,0.8,3.6
592741,2023-05-22,1,0,0,0,1,0,0,0,0,4.2,1.4,0.2,0.6,3.4
592741,2023-05-24,5,1,0,3,2,0,0,0,0,3.0,1.0,0.2,0.2,2.6
592741,2023-05-27,3,1,0,0,3,0,0,0,0,3.2,1.0,0.0,0.8,2.4
592741,2023-05-31,4,0,1,2,1,0,0,0,0,3.0,1.0,0.0,0.6,2.4
592741,2023-06-02,3,0,1,0,2,0,0,0,0,3.2,0.6,0.2,1.0,2.0
592741,2023-06-05,4,2,0,0,4,0,0,0,0,3.2,0.4,0.4,1.0,1.8
592741,2023-06-08,3,3,0,0,3,0,0,0,0,3.8,0.8,0.4,1.0,2.4
592741,2023-06-11,3,1,0,1,2,0,0,0,0,3.4,1.2,0.4,0.4,2.6
592741,2023-06-14,3,1,0,0,3,0,0,0,0,3.4,1.2,0.4,0.6,2.4
592741,2023-06-16,3,1,0,0,3,0,0,0,0,3.2,1.4,0.2,0.2,2.8
592741,2023-06-18,4,1,0,1,3,0,0,0,0,3.2,1.6,0.0,0.2,3.0
592741,2023-06-20,3,1,1,0,2,0,0,0,0,3.2,1.4,0.0,0.4,2.8
592741,2023-06-24,3,0,0,1,2,0,0,0,0,3.2,1.0,0.2,0.4,2.6
592741,2023-06-25,2,0,0,1,1,0,0,0,0,3.2,0.8,0.2,0.4,2.6
592741,2023-06-27,3,0,0,3,0,0,0,0,0,3.0,0.6,0.2,0.6,2.2
592741,2023-06-30,6,1,1,3,2,0,0,0,0,3.0,0.4,0.2,1.2,1.6
592767,2023-05-06,16,5,3,3,10,1,0,0,1,25.0,2.0,0.0,6.0,19.0
592767,2023-05-12,22,4,1,5,16,0,1,1,0,20.5,3.5,1.5,4.5,14.5
592767,2023-05-17,21,8,0,4,17,1,1,0,0,21.0,3.6666666666666665,1.3333333333333333,4.666666666666667,15.0
592767,2023-05-23,21,5,2,4,15,1,0,0,1,21.0,4.75,1.0,4.5,15.5
592767,2023-05-28,21,2,2,7,12,0,0,1,1,21.0,4.8,1.2,4.4,15.4
592767,2023-06-03,27,4,3,7,17,0,1,1,1,20.2,4.8,1.6,4.6,14.0
592767,2023-06-08,28,4,3,7,18,0,1,1,1,22.4,4.6,1.6,5.4,15.4
592767,2023-06-14,27,4,1,9,17,0,1,1,0,23.6,4.6,2.0,5.8,15.8
592767,2023-06-19,22,4,5,3,14,0,0,0,1,24.8,3.8,2.2,6.8,15.8
592767,2023-06-28,21,2,1,9,11,0,0,1,0,25.0,3.6,2.8,6.6,15.6
592773,2023-05-02,4,1,1,0,3,0,0,0,0,3.0,0.0,0.0,0.0,3.0
592773,2023-05-06,6,0,1,4,1,0,0,0,0,3.5,0.5,0.5,0.0,3.0
592773,2023-05-13,4,1,1,0,3,0,0,0,0,4.333333333333333,0.3333333333333333,0.6666666666666666,1.3333333333333333,2.3333333333333335
592773,2023-05-15,3,3,0,0,3,0,0,0,0,4.25,0.5,0.75,1.0,2.5
592773,2023-05-17,5,2,1,1,3,0,0,0,0,4.0,1.0,0.6,0.8,2.6
592773,2023-05-20,4,0,1,0,3,0,0,0,0,4.4,1.4,0.8,1.0,2.6
592773,2023-05-22,3,1,0,0,3,0,0,0,0,4.4,1.2,0.8,1.0,2.6
592773,2023-05-28,3,1,0,0,3,0,0,0,0,3.8,1.4,0.6,0.2,3.0
592773,2023-05-30,4,1,1,2,1,0,0,0,0,3.6,1.4,0.4,0.2,3.0
592773,2023-05-31,3,1,0,0,3,0,0,0,0,3.8,1.0,0.6,0.6,2.6
592773,2023-06-03,5,0,1,3,1,0,0,0,0,3.4,0.8,0.4,0.4,2.6
592773,2023-06-05,4,2,0,1,3,0,0,0,0,3.6,0.8,0.4,1.0,2.2
592773,2023-06-09,4,0,0,1,3,0,0,0,0,3.8,1.0,0.4,1.2,2.2
592773,2023-06-17,6,1,0,3,3,0,0,0,0,4.0,0.8,0.4,1.4,2.2
592773,2023-06-19,1,0,0,0,1,0,0,0,0,4.4,0.8,0.2,1.6,2.6
592773,2023-06-23,4,3,0,1,3,0,0,0,0,4.0,0.6,0.2,1.6,2.2
592773,2023-06-24,3,2,1,0,2,0,0,0,0,3.8,1.2,0.0,1.2,2.6
592773,2023-06-27,4,1,1,0,3,0,0,0,0,3.6,1.2,0.2,1.0,2.4
592779,2023-05-04,3,3,0,0,3,0,0,0,0,5.0,0.0,2.0,0.0,3.0
592779,2023-05-07,3,0,0,0,3,0,0,0,0,4.0,1.5,1.0,0.0,3.0
592779,2023-05-10,2,1,0,0,2,0,0,0,0,3.6666666666666665,1.0,0.6666666666666666,0.0,3.0
592779,2023-05-11,6,1,2,0,3,0,0,0,1,3.25,1.0,0.5,0.0,2.75
592779,2023-05-15,5,1,0,2,3,0,0,0,0,3.8,1.0,0.8,0.0,2.8
592779,2023-05-16,4,1,1,1,2,0,0,0,0,3.8,1.2,0.4,0.4,2.8
592779,2023-05-19,4,1,0,0,4,0,0,0,0,4.0,0.8,0.6,0.6,2.6
592779,2023-05-20,3,0,0,0,3,0,0,0,0,4.2,1.0,0.6,0.6,2.8
592779,2023-05-23,2,1,1,0,1,0,0,0,0,4.4,0.8,0.6,0.6,3.0
592779,2023-05-24,5,1,1,2,2,0,0,0,0,3.6,0.8,0.4,0.6,2.6
592779,2023-05-27,4,1,0,1,3,0,0,0,0,3.6,0.8,0.6,0.6,2.4
592779,2023-05-29,5,2,0,2,3,0,0,0,0,3.6,0.8,0.4,0.6,2.6
592779,2023-05-31,3,3,0,0,3,0,0,0,0,3.8,1.0,0.4,1.0,2.4
592779,2023-06-02,4,0,0,1,3,0,0,0,0,3.8,1.6,0.4,1.0,2.4
592779,2023-06-07,3,2,0,0,3,0,0,0,0,4.2,1.4,0.2,1.2,2.8
592779,2023-06-09,4,3,0,1,3,0,0,0,0,3.8,1.6,0.0,0.8,3.0
592779,2023-06-14,3,3,0,0,3,0,0,0,0,3.8,2.0,0.0,0.8,3.0
592779,2023-06-17,3,0,0,0,3,0,0,0,0,3.4,2.2,0.0,0.4,3.0
592779,2023-06-21,4,2,0,2,2,0,0,0,0,3.4,1.6,0.0,0.4,3.0
592779,2023-06-23,5,3,0,2,3,0,0,0,0,3.4,2.0,0.0,0.6,2.8
592779,2023-06-25,3,2,0,0,3,0,0,0,0,3.8,2.2,0.0,1.0,2.8
592789,2023-05-15,16,5,0,4,12,1,0,0,0,3.0,0.0,1.0,1.0,1.0
592789,2023-05-20,20,4,1,4,14,0,0,0,0,9.5,2.5,0.5,2.5,6.5
592789,2023-05-26,27,3,1,8,18,0,1,1,0,13.0,3.0,0.6666666666666666,3.0,9.0
592789,2023-05-31,23,2,2,7,13,0,0,1,1,16.5,3.0,0.75,4.25,11.25
592789,2023-06-07,17,3,0,7,9,0,0,1,0,17.8,2.8,1.0,4.8,11.6
592791,2023-05-09,15,5,2,5,8,1,0,1,1,12.0,4.0,0.0,3.0,9.0
592791,2023-05-15,20,1,1,7,12,0,0,1,0,13.5,4.5,1.0,4.0,8.5
592791,2023-05-20,16,1,3,6,7,0,0,1,1,15.666666666666666,3.3333333333333335,1.0,5.0,9.666666666666666
592791,2023-05-27,20,5,1,6,13,1,0,1,0,15.75,2.75,1.5,5.25,9.0
592791,2023-06-02,20,3,0,3,17,0,1,0,0,16.6,3.2,1.4,5.4,9.8
592791,2023-06-07,24,5,4,5,16,1,1,1,1,18.2,3.0,1.4,5.4,11.4
592791,2023-06-13,23,4,2,6,15,0,0,1,1,20.0,3.0,1.8,5.4,13.0
592791,2023-06-18,22,1,2,8,12,0,0,1,1,20.6,3.6,2.0,5.2,13.6
592791,2023-06-27,22,8,1,7,14,1,0,1,0,21.8,3.6,1.8,5.6,14.6
592826,2023-05-27,14,3,1,7,6,0,0,1,0,10.0,2.0,1.0,2.0,7.0
592836,2023-05-07,19,6,0,3,16,1,1,0,0,21.0,6.0,3.0,8.0,10.0
592836,2023-05-12,24,3,0,7,17,0,1,1,0,20.0,6.0,1.5,5.5,13.0
592836,2023-05-17,8,1,2,4,2,0,0,0,1,21.333333333333332,5.0,1.0,6.0,14.333333333333334
592836,2023-05-21,19,3,3,2,14,0,0,0,1,18.0,4.0,1.25,5.5,11.25
592836,2023-05-26,27,1,1,10,17,0,1,1,0,18.2,3.8,1.6,4.8,11.8
592836,2023-06-01,18,2,3,2,12,0,0,0,1,19.4,2.8,1.2,5.2,13.2
592836,2023-06-06,26,8,3,2,21,1,1,0,1,19.2,2.0,1.8,5.0,12.4
592836,2023-06-11,19,5,2,2,15,1,0,0,1,19.6,3.0,2.4,4.0,13.2
592836,2023-06-16,30,8,0,7,22,1,1,1,0,21.8,3.8,2.4,3.6,15.8
592836,2023-06-23,22,5,1,3,18,1,1,0,0,24.0,4.8,1.8,4.6,17.4
592836,2023-06-29,25,6,1,6,18,1,1,1,0,23.0,5.6,1.8,3.2,17.6
592848,2023-05-20,7,1,0,3,4,0,0,0,0,2.0,1.0,1.0,0.0,1.0
592866,2023-05-07,21,5,2,7,13,1,0,1,1,21.0,4.0,1.0,4.0,16.0
592866,2023-05-13,9,1,0,2,7,0,0,0,0,21.0,4.5,1.5,5.5,14.5
592866,2023-05-18,25,5,1,5,18,1,1,1,0,17.0,3.3333333333333335,1.0,4.333333333333333,12.0
592866,2023-05-24,23,5,3,3,17,1,1,0,1,19.0,3.75,1.0,4.5,13.5
592866,2023-05-29,22,3,3,6,13,0,0,1,1,19.8,4.0,1.4,4.2,14.2
592866,2023-06-04,26,6,4,6,16,1,1,1,1,20.0,3.8,1.8,4.6,13.6
592866,2023-06-11,23,6,1,7,15,1,0,1,0,21.0,4.0,2.2,4.4,14.2
592866,2023-06-16,20,2,3,7,10,0,0,1,1,23.8,5.0,2.4,5.4,15.8
592866,2023-06-21,20,4,0,5,15,0,0,1,0,22.8,4.4,2.8,5.8,14.2
592866,2023-06-26,21,4,1,8,12,0,0,1,0,22.2,4.2,2.2,6.2,13.8
593334,2023-05-06,21,5,2,4,14,1,0,0,1,28.0,6.0,1.0,2.0,25.0
593334,2023-05-11,21,3,3,3,15,0,0,0,1,24.5,5.5,1.5,3.0,19.5
593334,2023-05-16,9,2,0,0,9,0,0,0,0,23.333333333333332,4.666666666666667,2.0,3.0,18.0
593334,2023-05-29,28,4,3,7,17,0,1,1,1,19.75,4.0,1.5,2.25,15.75
593334,2023-06-04,24,6,1,4,19,1,1,0,0,21.4,4.0,1.8,3.2,16.0
593334,2023-06-10,26,5,2,6,18,1,1,1,1,20.6,4.0,1.8,3.6,14.8
593334,2023-06-16,14,1,2,7,4,0,0,1,1,21.6,4.0,1.8,4.0,15.6
593334,2023-06-22,21,4,2,8,10,0,0,1,1,20.2,3.6,1.6,4.8,13.4
593334,2023-06-28,27,9,0,0,27,1,1,0,0,22.6,4.0,2.0,6.4,13.6
593576,2023-05-06,3,1,1,1,1,0,0,0,0,3.0,1.0,1.0,0.0,2.0
593576,2023-05-08,3,1,0,0,3,0,0,0,0,3.0,1.0,1.0,0.5,1.5
593576,2023-05-10,2,0,1,0,1,0,0,0,0,3.0,1.0,0.6666666666666666,0.3333333333333333,2.0
593576,2023-05-12,1,1,0,0,1,0,0,0,0,2.75,0.75,0.75,0.25,1.75
593576,2023-05-14,4,2,1,0,3,0,0,0,0,2.4,0.8,0.6,0.2,1.6
593576,2023-05-15,3,2,0,0,3,0,0,0,0,2.6,1.0,0.6,0.2,1.8
593576,2023-05-17,5,1,1,1,3,0,0,0,0,2.6,1.2,0.4,0.0,2.2
593576,2023-05-20,4,1,0,1,3,0,0,0,0,3.0,1.2,0.6,0.2,2.2
593576,2023-05-26,4,2,0,1,3,0,0,0,0,3.4,1.4,0.4,0.4,2.6
593576,2023-05-27,2,0,0,1,1,0,0,0,0,4.0,1.6,0.4,0.6,3.0
593576,2023-05-29,4,2,0,1,3,0,0,0,0,3.6,1.2,0.2,0.8,2.6
593576,2023-06-01,3,1,0,1,2,0,0,0,0,3.8,1.2,0.2,1.0,2.6
593576,2023-06-03,5,1,2,1,2,0,0,0,1,3.4,1.2,0.0,1.0,2.4
593576,2023-06-07,6,0,2,1,3,0,0,0,1,3.6,1.2,0.4,1.0,2.2
593576,2023-06-09,3,0,0,0,3,0,0,0,0,4.0,0.8,0.8,1.0,2.2
593576,2023-06-14,3,2,0,0,3,0,0,0,0,4.2,0.8,0.8,0.8,2.6
593576,2023-06-15,5,0,1,1,3,0,0,0,0,4.0,0.8,0.8,0.6,2.6
593576,2023-06-17,3,0,2,0,0,0,0,0,1,4.4,0.6,1.0,0.6,2.8
593576,2023-06-21,3,1,0,1,2,0,0,0,0,4.0,0.4,1.0,0.4,2.4
593576,2023-06-23,3,1,0,0,3,0,0,0,0,3.4,0.6,0.6,0.4,2.2
593576,2023-06-24,1,0,0,0,1,0,0,0,0,3.4,0.8,0.6,0.4,2.2
593576,2023-06-25,2,1,0,1,1,0,0,0,0,3.0,0.4,0.6,0.4,1.8
593576,2023-06-30,3,1,0,0,3,0,0,0,0,2.4,0.6,0.4,0.4,1.4
593619,2023-05-10,1,0,0,1,0,0,0,0,0,6.0,2.0,0.0,0.0,6.0
593619,2023-05-12,3,1,0,0,3,0,0,0,0,3.5,1.0,0.0,0.5,3.0
593619,2023-05-28,3,0,0,0,3,0,0,0,0,3.3333333333333335,1.0,0.0,0.3333333333333333,3.0
593619,2023-05-30,6,0,3,0,3,0,0,0,1,3.25,0.75,0.0,0.25,3.0
593619,2023-06-04,7,2,1,1,5,0,0,0,0,3.8,0.6,0.6,0.2,3.0
593619,2023-06-06,3,0,1,0,2,0,0,0,0,4.0,0.6,0.8,0.4,2.8
593833,2023-05-08,7,0,1,1,5,0,0,0,0,6.0,1.0,3.0,0.0,3.0
593833,2023-05-10,6,3,0,0,6,0,0,0,0,6.5,0.5,2.0,0.5,4.0
593833,2023-05-21,9,3,0,3,6,0,0,0,0,6.333333333333333,1.3333333333333333,1.3333333333333333,0.3333333333333333,4.666666666666667
593958,2023-05-10,27,8,2,4,21,1,1,0,1,26.0,9.0,1.0,2.0,23.0
593958,2023-05-17,23,5,2,6,15,1,0,1,1,26.5,8.5,1.5,3.0,22.0
593958,2023-05-23,25,9,2,8,15,1,0,1,1,25.333333333333332,7.333333333333333,1.6666666666666667,4.0,19.666666666666668
593958,2023-05-28,23,6,2,5,16,1,1,1,1,25.25,7.75,1.75,5.0,18.5
593974,2023-05-02,3,0,0,1,2,0,0,0,0,4.0,1.0,2.0,0.0,2.0
593974,2023-05-06,3,0,0,2,1,0,0,0,0,3.5,0.5,1.0,0.5,2.0
593974,2023-05-07,3,2,0,0,3,0,0,0,0,3.3333333333333335,0.3333333333333333,0.6666666666666666,1.0,1.6666666666666667
593974,2023-05-09,3,0,1,1,1,0,0,0,0,3.25,0.75,0.5,0.75,2.0
593974,2023-05-12,4,2,0,1,3,0,0,0,0,3.2,0.6,0.6,0.8,1.8
593974,2023-05-13,4,1,1,0,3,0,0,0,0,3.2,0.8,0.2,1.0,2.0
593974,2023-05-16,2,0,1,0,1,0,0,0,0,3.4,1.0,0.4,0.8,2.2
593974,2023-05-17,2,0,0,1,1,0,0,0,0,3.2,1.0,0.6,0.4,2.2
593974,2023-05-19,3,2,0,0,3,0,0,0,0,3.0,0.6,0.6,0.6,1.8
593974,2023-05-21,3,0,0,0,3,0,0,0,0,3.0,1.0,0.4,0.4,2.2
593974,2023-05-23,3,1,0,0,3,0,0,0,0,2.8,0.6,0.4,0.2,2.2
593974,2023-05-25,3,1,2,0,1,0,0,0,1,2.6,0.6,0.2,0.2,2.2
593974,2023-05-27,5,0,1,1,3,0,0,0,0,2.8,0.8,0.4,0.2,2.2
593974,2023-05-31,7,3,0,1,6,0,0,0,0,3.4,0.8,0.6,0.2,2.6
593974,2023-06-03,3,0,1,2,0,0,0,0,0,4.2,1.0,0.6,0.4,3.2
593974,2023-06-04,4,0,1,0,3,0,0,0,0,4.2,1.0,0.8,0.8,2.6
593974,2023-06-08,1,0,0,0,1,0,0,0,0,4.4,0.8,1.0,0.8,2.6
593974,2023-06-10,5,0,2,0,3,0,0,0,1,4.0,0.6,0.6,0.8,2.6
593974,2023-06-11,1,0,0,0,1,0,0,0,0,4.0,0.6,0.8,0.6,2.6
593974,2023-06-13,4,0,1,1,1,0,0,0,0,2.8,0.0,0.8,0.4,1.6
593974,2023-06-18,3,0,0,0,3,0,0,0,0,3.0,0.0,0.8,0.2,1.8
593974,2023-06-21,3,0,0,1,2,0,0,0,0,2.8,0.0,0.6,0.2,1.8
593974,2023-06-23,3,0,1,0,2,0,0,0,0,3.2,0.0,0.6,0.4,2.0
593974,2023-06-24,3,1,0,2,1,0,0,0,0,2.8,0.0,0.4,0.4,1.8
593974,2023-06-27,3,0,0,0,3,0,0,0,0,3.2,0.2,0.4,0.8,1.8
594577,2023-05-23,19,8,1,6,12,1,0,1,0,12.0,3.0,4.0,2.0,6.0
594577,2023-05-29,20,3,0,2,18,0,1,0,0,15.5,5.5,2.5,4.0,9.0
594577,2023-06-05,17,1,1,9,7,0,0,1,0,17.0,4.666666666666667,1.6666666666666667,3.3333333333333335,12.0
594577,2023-06-11,25,1,3,7,15,0,0,1,1,17.0,3.75,1.5,4.75,10.75
594577,2023-06-17,21,1,1,8,12,0,0,1,0,18.6,3.2,1.8,5.2,11.6
594580,2023-05-05,3,0,0,0,3,0,0,0,0,3.0,0.0,1.0,1.0,1.0
594580,2023-05-06,5,1,1,0,3,0,0,0,0,3.0,0.0,0.5,0.5,2.0
594580,2023-05-12,2,1,0,0,2,0,0,0,0,3.6666666666666665,0.3333333333333333,0.6666666666666666,0.3333333333333333,2.3333333333333335
594580,2023-05-14,5,0,0,3,1,0,0,0,0,3.25,0.5,0.5,0.25,2.25
594580,2023-05-17,7,3,1,1,5,0,0,0,0,3.6,0.4,0.4,0.8,2.0
594580,2023-05-21,5,0,2,1,2,0,0,0,1,4.4,1.0,0.4,0.8,2.8
594580,2023-05-24,3,2,0,0,3,0,0,0,0,4.8,1.0,0.8,1.0,2.6
594580,2023-05-26,4,1,0,0,4,0,0,0,0,4.4,1.2,0.6,1.0,2.6
594580,2023-05-30,3,2,0,0,3,0,0,0,0,4.8,1.2,0.6,1.0,3.0
594580,2023-06-02,2,1,0,1,1,0,0,0,0,4.4,1.6,0.6,0.4,3.4
594580,2023-06-04,3,2,0,1,2,0,0,0,0,3.4,1.2,0.4,0.4,2.6
594580,2023-06-05,5,1,0,2,3,0,0,0,0,3.0,1.6,0.0,0.4,2.6
594580,2023-06-09,4,3,0,1,3,0,0,0,0,3.4,1.4,0.0,0.8,2.6
594580,2023-06-11,5,1,0,2,2,0,0,0,0,3.4,1.8,0.0,1.0,2.4
594580,2023-06-14,6,1,1,1,4,0,0,0,0,3.8,1.6,0.0,1.4,2.2
594580,2023-06-17,6,3,0,1,5,0,0,0,0,4.6,1.6,0.2,1.4,2.8
594580,2023-06-20,5,1,0,2,3,0,0,0,0,5.2,1.8,0.2,1.4,3.4
594580,2023-06-23,3,0,0,0,3,0,0,0,0,5.2,1.8,0.2,1.4,3.4
594580,2023-06-27,5,2,0,2,3,0,0,0,0,5.0,1.2,0.2,1.2,3.4
594580,2023-06-30,6,1,0,4,2,0,0,0,0,5.0,1.4,0.2,1.2,3.6
594835,2023-05-12,24,2,1,5,18,0,1,1,0,24.0,4.0,3.0,6.0,15.0
594835,2023-05-17,15,1,2,8,5,0,0,1,1,24.0,3.0,2.0,5.5,16.5
594835,2023-05-23,20,4,1,5,14,0,0,1,0,21.0,2.3333333333333335,2.0,6.333333333333333,12.666666666666666
594835,2023-05-28,23,4,3,3,17,0,1,0,1,20.75,2.75,1.75,6.0,13.0
594902,2023-05-15,8,1,0,1,7,0,0,0,0,13.0,1.0,0.0,4.0,9.0
594902,2023-05-19,20,8,1,2,17,1,1,0,0,10.5,1.0,0.0,2.5,8.0
594902,2023-05-24,25,8,2,5,18,1,1,1,1,13.666666666666666,3.3333333333333335,0.3333333333333333,2.3333333333333335,11.0
594902,2023-05-30,22,6,2,4,16,1,1,0,1,16.5,4.5,0.75,3.0,12.75
594902,2023-06-04,28,5,3,6,19,1,1,1,1,17.6,4.8,1.0,3.2,13.4
594902,2023-06-09,32,8,1,10,20,1,1,1,0,20.6,5.6,1.6,3.6,15.4
594902,2023-06-14,27,4,0,10,16,0,1,1,0,25.4,7.0,1.8,5.4,18.0
594902,2023-06-20,19,4,4,3,12,0,0,0,1,26.8,6.2,1.6,7.0,17.8
594943,2023-05-14,5,0,0,1,4,0,0,0,0,9.0,3.0,0.0,3.0,6.0
595345,2023-05-04,1,0,0,0,1,0,0,0,0,3.0,2.0,0.0,0.0,3.0
595345,2023-05-05,3,3,0,0,3,0,0,0,0,2.0,1.0,0.0,0.0,2.0
595345,2023-05-07,5,0,1,1,3,0,0,0,0,2.3333333333333335,1.6666666666666667,0.0,0.0,2.3333333333333335
595345,2023-05-10,5,1,1,0,4,0,0,0,0,3.0,1.25,0.25,0.25,2.5
595345,2023-05-12,3,2,0,0,3,0,0,0,0,3.4,1.2,0.4,0.2,2.8
595345,2023-05-14,1,0,0,0,1,0,0,0,0,3.4,1.2,0.4,0.2,2.8
595345,2023-05-16,4,1,1,1,2,0,0,0,0,3.4,1.2,0.4,0.2,2.8
595345,2023-05-18,1,1,0,0,1,0,0,0,0,3.6,0.8,0.6,0.4,2.6
595345,2023-05-21,4,1,0,1,3,0,0,0,0,2.8,1.0,0.4,0.2,2.2
595345,2023-05-22,3,3,0,0,3,0,0,0,0,2.6,1.0,0.2,0.4,2.0
595345,2023-05-24,3,2,0,0,3,0,0,0,0,2.6,1.2,0.2,0.4,2.0
595345,2023-05-27,5,1,0,1,4,0,0,0,0,3.0,1.6,0.2,0.4,2.4
595345,2023-05-28,3,1,1,0,2,0,0,0,0,3.2,1.6,0.0,0.4,2.8
595345,2023-05-31,3,3,0,0,3,0,0,0,0,3.6,1.6,0.2,0.4,3.0
595345,2023-06-03,3,3,0,0,3,0,0,0,0,3.4,2.0,0.2,0.2,3.0
595345,2023-06-05,3,1,0,2,1,0,0,0,0,3.4,2.0,0.2,0.2,3.0
595345,2023-06-07,2,0,1,0,1,0,0,0,0,3.4,1.8,0.2,0.6,2.6
595345,2023-06-10,3,1,0,1,3,0,0,0,0,2.8,1.6,0.4,0.4,2.0
595345,2023-06-13,7,2,0,1,6,0,0,0,0,2.8,1.6,0.2,0.6,2.2
595345,2023-06-17,3,0,0,1,2,0,0,0,0,3.6,1.4,0.2,0.8,2.8
595345,2023-06-18,4,0,0,1,3,0,0,0,0,3.6,0.8,0.2,1.0,2.6
595345,2023-06-21,4,2,0,1,3,0,0,0,0,3.8,0.6,0.2,0.8,3.0
595345,2023-06-24,4,1,1,1,2,0,0,0,0,4.2,1.0,0.0,1.0,3.4
595345,2023-06-25,3,2,0,0,3,0,0,0,0,4.4,1.0,0.2,1.0,3.2
595345,2023-06-30,5,1,0,2,3,0,0,0,0,3.6,1.0,0.2,0.8,2.6
595411,2023-05-17,5,0,1,1,3,0,0,0,0,3.0,1.0,0.0,0.0,3.0
595411,2023-05-30,10,2,0,2,8,0,0,0,0,4.0,0.5,0.5,0.5,3.0
595411,2023-06-03,11,2,1,3,6,0,0,0,0,6.0,1.0,0.3333333333333333,1.0,4.666666666666667
595897,2023-05-19,4,1,1,0,3,0,0,0,0,6.0,1.0,1.0,2.0,3.0
595897,2023-05-20,5,2,1,1,3,0,0,0,0,5.0,1.0,1.0,1.0,3.0
595928,2023-05-03,4,0,0,2,2,0,0,0,0,7.0,0.0,0.0,1.0,6.0
595928,2023-06-13,7,2,0,1,6,0,0,0,0,5.5,0.0,0.0,1.5,4.0
595928,2023-06-18,9,2,1,2,6,0,0,0,0,6.0,0.6666666666666666,0.0,1.3333333333333333,4.666666666666667
596001,2023-05-12,8,2,1,2,5,0,0,0,0,10.0,2.0,3.0,2.0,4.0
596001,2023-05-15,6,2,2,1,3,0,0,0,1,9.0,2.0,2.0,2.0,4.5
596001,2023-05-17,4,3,0,1,3,0,0,0,0,8.0,2.0,2.0,1.6666666666666667,4.0
596001,2023-05-20,3,2,0,0,3,0,0,0,0,7.0,2.25,1.5,1.5,3.75
596001,2023-05-21,5,1,0,1,4,0,0,0,0,6.2,2.2,1.2,1.2,3.6
596001,2023-05-25,9,4,1,2,6,0,0,0,0,5.2,2.0,0.6,1.0,3.6
596001,2023-05-30,5,3,1,0,4,0,0,0,0,5.4,2.4,0.6,1.0,3.8
596001,2023-06-04,12,3,0,3,9,0,0,0,0,5.2,2.6,0.4,0.8,4.0
596001,2023-06-10,15,5,1,5,8,1,0,1,0,6.8,2.6,0.4,1.2,5.2
596001,2023-06-14,10,3,0,1,9,0,0,0,0,9.2,3.2,0.6,2.2,6.2
596001,2023-06-16,2,1,0,0,2,0,0,0,0,10.2,3.6,0.6,2.2,7.2
596001,2023-06-19,7,2,0,4,3,0,0,0,0,8.8,3.0,0.4,1.8,6.4
596001,2023-06-22,18,3,0,7,11,0,0,1,0,9.2,2.8,0.2,2.6,6.2
596112,2023-05-09,2,0,1,0,1,0,0,0,0,4.0,1.0,1.0,1.0,2.0
596112,2023-05-10,7,2,2,2,3,0,0,0,1,3.0,0.5,1.0,0.5,1.5
596112,2023-05-13,3,1,0,0,3,0,0,0,0,4.333333333333333,1.0,1.3333333333333333,1.0,2.0
596112,2023-05-17,4,2,1,0,3,0,0,0,0,4.0,1.0,1.0,0.75,2.25
596112,2023-05-20,5,1,0,3,2,0,0,0,0,4.0,1.2,1.0,0.6,2.4
596112,2023-05-21,4,0,1,2,1,0,0,0,0,4.2,1.2,0.8,1.0,2.4
596112,2023-05-24,1,1,0,0,1,0,0,0,0,4.6,1.2,0.8,1.4,2.4
596112,2023-05-28,3,1,0,1,2,0,0,0,0,3.4,1.0,0.4,1.0,2.0
596112,2023-05-31,3,2,0,0,3,0,0,0,0,3.4,1.0,0.4,1.2,1.8
596112,2023-06-03,2,1,0,0,2,0,0,0,0,3.2,1.0,0.2,1.2,1.8
596112,2023-06-04,4,1,2,0,2,0,0,0,1,2.6,1.0,0.2,0.6,1.8
596112,2023-06-07,3,1,0,0,3,0,0,0,0,2.6,1.2,0.4,0.2,2.0
596112,2023-06-12,3,1,0,0,3,0,0,0,0,3.0,1.2,0.4,0.2,2.4
596112,2023-06-13,5,1,1,1,3,0,0,0,0,3.0,1.2,0.4,0.0,2.6
596112,2023-06-15,1,1,0,0,1,0,0,0,0,3.4,1.0,0.6,0.2,2.6
596112,2023-06-18,3,2,0,0,3,0,0,0,0,3.2,1.0,0.6,0.2,2.4
596112,2023-06-20,5,1,0,2,3,0,0,0,0,3.0,1.2,0.2,0.2,2.6
596112,2023-06-22,4,1,0,1,3,0,0,0,0,3.4,1.2,0.2,0.6,2.6
596112,2023-06-23,3,1,1,1,1,0,0,0,0,3.6,1.2,0.2,0.8,2.6
596112,2023-06-27,3,2,0,0,3,0,0,0,0,3.2,1.2,0.2,0.8,2.2
596112,2023-06-29,3,2,0,0,3,0,0,0,0,3.6,1.4,0.2,0.8,2.6
596133,2023-05-09,23,2,1,4,18,0,1,0,0,21.0,3.0,2.0,9.0,11.0
596133,2023-05-14,23,6,1,7,15,1,0,1,0,22.0,2.5,1.5,6.5,14.5
596133,2023-05-20,19,4,0,8,11,0,0,1,0,22.333333333333332,3.6666666666666665,1.3333333333333333,6.666666666666667,14.666666666666666
596133,2023-05-25,24,6,1,3,19,1,1,0,0,21.5,3.75,1.0,7.0,13.75
596133,2023-05-31,22,5,0,7,15,1,0,1,0,22.0,4.2,1.0,6.2,14.8
596133,2023-06-06,19,4,2,6,11,0,0,1,1,22.2,4.6,0.6,5.8,15.6
596133,2023-06-12,22,3,4,5,13,0,0,1,1,21.4,5.0,0.8,6.2,14.2
596133,2023-06-18,27,1,2,10,15,0,0,1,1,21.2,4.4,1.4,5.8,13.8
596133,2023-06-23,18,3,1,7,10,0,0,1,0,22.8,3.8,1.8,6.2,14.6
596133,2023-06-28,20,2,2,6,12,0,0,1,1,21.6,3.2,1.8,7.0,12.8
596295,2023-05-12,24,6,0,5,19,1,1,1,0,23.0,3.0,2.0,5.0,16.0
596295,2023-05-17,20,1,2,8,10,0,0,1,1,23.5,4.5,1.0,5.0,17.5
596295,2023-05-23,22,2,1,4,17,0,1,0,0,22.333333333333332,3.3333333333333335,1.3333333333333333,6.0,15.0
596295,2023-05-28,19,3,3,8,8,0,0,1,1,22.25,3.0,1.25,5.5,15.5
596295,2023-06-03,14,4,3,6,5,0,0,1,1,21.6,3.0,1.6,6.0,14.0
596295,2023-06-09,25,1,2,11,12,0,0,1,1,19.8,3.2,1.8,6.2,11.8
596295,2023-06-14,25,5,1,6,18,1,1,1,0,20.0,2.2,2.2,7.4,10.4
596295,2023-06-19,21,6,0,5,16,1,1,1,0,21.0,3.0,2.0,7.0,12.0
596295,2023-06-25,18,3,1,5,11,0,0,1,0,20.8,3.8,1.8,7.2,11.8
596295,2023-06-30,26,7,1,6,19,1,1,1,0,20.6,3.8,1.4,6.6,12.4
598264,2023-05-05,4,2,0,1,3,0,0,0,0,3.0,1.0,1.0,1.0,1.0
598264,2023-05-06,5,2,0,2,3,0,0,0,0,3.5,1.5,0.5,1.0,2.0
598264,2023-05-09,5,0,0,2,3,0,0,0,0,4.0,1.6666666666666667,0.3333333333333333,1.3333333333333333,2.3333333333333335
598264,2023-05-12,1,0,0,0,1,0,0,0,0,4.25,1.25,0.25,1.5,2.5
598264,2023-05-13,2,0,0,1,1,0,0,0,0,3.6,1.0,0.2,1.2,2.2
598264,2023-05-18,6,0,0,1,5,0,0,0,0,3.4,0.8,0.0,1.2,2.2
598264,2023-05-21,4,1,0,1,3,0,0,0,0,3.8,0.4,0.0,1.2,2.6
598264,2023-05-23,3,1,0,0,3,0,0,0,0,3.6,0.2,0.0,1.0,2.6
598264,2023-05-27,3,1,1,1,1,0,0,0,0,3.2,0.4,0.0,0.6,2.6
598264,2023-05-28,2,1,1,0,1,0,0,0,0,3.6,0.6,0.2,0.8,2.6
598264,2023-06-01,6,0,1,4,1,0,0,0,0,3.6,0.8,0.4,0.6,2.6
598286,2023-05-19,2,0,1,0,1,0,0,0,0,9.0,1.0,1.0,2.0,6.0
598286,2023-05-24,4,1,0,0,4,0,0,0,0,5.5,0.5,1.0,1.0,3.5
598286,2023-05-25,2,0,0,1,1,0,0,0,0,5.0,0.6666666666666666,0.6666666666666666,0.6666666666666666,3.6666666666666665
598286,2023-06-09,5,1,1,1,3,0,0,0,0,4.25,0.5,0.5,0.75,3.0
598286,2023-06-11,3,0,0,0,3,0,0,0,0,4.4,0.6,0.6,0.8,3.0
598286,2023-06-14,1,0,0,1,0,0,0,0,0,3.2,0.4,0.4,0.4,2.4
598286,2023-06-16,6,2,0,1,5,0,0,0,0,3.0,0.4,0.2,0.6,2.2
598286,2023-06-18,4,0,0,2,2,0,0,0,0,3.4,0.6,0.2,0.8,2.4
598286,2023-06-22,9,5,0,2,7,1,0,0,0,3.8,0.6,0.2,1.0,2.6
598286,2023-06-25,4,1,0,0,4,0,0,0,0,4.6,1.4,0.0,1.2,3.4
598286,2023-06-27,2,0,1,0,1,0,0,0,0,4.8,1.6,0.0,1.2,3.6
598286,2023-06-29,6,0,1,2,3,0,0,0,0,5.0,1.6,0.2,1.0,3.8
600917,2023-05-07,5,1,0,2,3,0,0,0,0,4.0,0.0,2.0,1.0,1.0
600917,2023-05-14,4,3,0,1,3,0,0,0,0,4.5,0.5,1.0,1.5,2.0
600917,2023-05-19,3,0,0,0,3,0,0,0,0,4.333333333333333,1.3333333333333333,0.6666666666666666,1.3333333333333333,2.3333333333333335
600917,2023-05-21,6,2,1,2,3,0,0,0,0,4.0,1.0,0.5,1.0,2.5
600917,2023-05-24,4,0,1,2,1,0,0,0,0,4.4,1.2,0.6,1.2,2.6
600917,2023-05-29,2,0,1,0,1,0,0,0,0,4.4,1.2,0.4,1.4,2.6
600917,2023-05-31,3,1,0,0,3,0,0,0,0,3.8,1.0,0.6,1.0,2.2
600917,2023-06-03,7,4,0,1,6,0,0,0,0,3.6,0.6,0.6,0.8,2.2
600917,2023-06-11,8,2,0,1,7,0,0,0,0,4.4,1.4,0.6,1.0,2.8
600917,2023-06-13,5,1,2,2,1,0,0,0,1,4.8,1.4,0.4,0.8,3.6
600917,2023-06-16,3,1,0,0,3,0,0,0,0,5.0,1.6,0.6,0.8,3.6
600917,2023-06-18,5,1,1,1,3,0,0,0,0,5.2,1.8,0.4,0.8,4.0
600917,2023-06-20,1,0,0,0,1,0,0,0,0,5.6,1.8,0.6,1.0,4.0
600921,2023-05-07,4,0,1,1,2,0,0,0,0,4.0,2.0,0.0,1.0,3.0
600921,2023-05-08,4,1,0,1,3,0,0,0,0,4.0,1.0,0.5,1.0,2.5
600921,2023-05-12,7,1,0,3,4,0,0,0,0,4.0,1.0,0.3333333333333333,1.0,2.6666666666666665
600921,2023-05-13,4,0,0,1,3,0,0,0,0,4.75,1.0,0.25,1.5,3.0
600921,2023-05-15,4,1,0,1,3,0,0,0,0,4.6,0.8,0.2,1.4,3.0
600921,2023-05-17,4,1,0,2,2,0,0,0,0,4.6,0.6,0.2,1.4,3.0
600921,2023-05-19,6,1,0,0,6,0,0,0,0,4.6,0.8,0.0,1.6,3.0
600921,2023-05-21,5,1,1,3,1,0,0,0,0,5.0,0.8,0.0,1.4,3.6
600921,2023-05-23,1,1,0,0,1,0,0,0,0,4.6,0.8,0.2,1.4,3.0
600921,2023-05-25,7,1,1,3,3,0,0,0,0,4.0,1.0,0.2,1.2,2.6
600921,2023-05-30,9,0,1,3,5,0,0,0,0,4.6,1.0,0.4,1.6,2.6
600921,2023-06-04,9,1,1,5,3,0,0,1,0,5.6,0.8,0.6,1.8,3.2
601713,2023-05-09,24,2,3,8,12,0,0,1,1,23.0,6.0,1.0,6.0,16.0
601713,2023-05-16,24,6,4,6,14,1,0,1,1,23.5,4.0,2.0,7.0,14.0
601713,2023-05-21,9,3,0,2,7,0,0,0,0,23.666666666666668,4.666666666666667,2.6666666666666665,6.666666666666667,14.0
601713,2023-05-24,12,3,0,3,9,0,0,0,0,20.0,4.25,2.0,5.5,12.25
601713,2023-05-28,11,3,0,2,9,0,0,0,0,18.4,4.0,1.6,5.0,11.6
601713,2023-05-31,4,1,0,0,3,0,0,0,0,16.0,3.4,1.4,4.2,10.2
601713,2023-06-01,3,3,0,0,3,0,0,0,0,12.0,3.2,0.8,2.6,8.4
601713,2023-06-05,6,1,3,1,2,0,0,0,1,7.8,2.6,0.0,1.4,6.2
601713,2023-06-09,2,0,0,0,2,0,0,0,0,7.2,2.2,0.6,1.2,5.2
601713,2023-06-11,4,0,1,0,3,0,0,0,0,5.2,1.6,0.6,0.6,3.8
601713,2023-06-12,4,0,2,0,2,0,0,0,1,3.8,1.0,0.8,0.2,2.6
601713,2023-06-18,9,4,0,0,9,0,0,0,0,3.8,0.8,1.2,0.2,2.4
601713,2023-06-23,1,0,0,0,1,0,0,0,0,5.0,1.0,1.2,0.2,3.6
601713,2023-06-28,13,7,2,1,10,1,0,0,1,4.0,0.8,0.6,0.0,3.4
605130,2023-05-06,3,2,0,0,3,0,0,0,0,4.0,3.0,1.0,0.0,3.0
605130,2023-05-07,4,2,0,1,3,0,0,0,0,3.5,2.5,0.5,0.0,3.0
605130,2023-05-11,3,0,0,0,3,0,0,0,0,3.6666666666666665,2.3333333333333335,0.3333333333333333,0.3333333333333333,3.0
605130,2023-05-14,3,2,0,0,3,0,0,0,0,3.5,1.75,0.25,0.25,3.0
605130,2023-05-16,3,1,0,0,3,0,0,0,0,3.4,1.8,0.2,0.2,3.0
605130,2023-05-17,3,1,0,0,3,0,0,0,0,3.2,1.4,0.0,0.2,3.0
605130,2023-05-22,8,3,2,2,4,0,0,0,1,3.2,1.2,0.0,0.2,3.0
605130,2023-05-27,3,1,0,0,3,0,0,0,0,4.0,1.4,0.4,0.4,3.2
605130,2023-05-28,4,1,1,0,3,0,0,0,0,4.0,1.6,0.4,0.4,3.2
605130,2023-06-03,3,1,0,0,3,0,0,0,0,4.2,1.4,0.6,0.4,3.2
605130,2023-06-04,5,3,0,2,3,0,0,0,0,4.2,1.4,0.6,0.4,3.2
605130,2023-06-10,5,1,1,2,2,0,0,0,0,4.6,1.8,0.6,0.8,3.2
605130,2023-06-12,5,1,1,1,3,0,0,0,0,4.0,1.4,0.4,0.8,2.8
605130,2023-06-17,4,1,0,1,3,0,0,0,0,4.4,1.4,0.6,1.0,2.8
605130,2023-06-20,4,1,0,1,3,0,0,0,0,4.4,1.4,0.4,1.2,2.8
605130,2023-06-22,4,2,0,1,3,0,0,0,0,4.6,1.4,0.4,1.4,2.8
605130,2023-06-27,6,1,1,2,3,0,0,0,0,4.4,1.2,0.4,1.2,2.8
605130,2023-06-29,4,2,0,1,3,0,0,0,0,4.6,1.2,0.4,1.2,3.0
605135,2023-05-12,30,8,2,2,24,1,1,0,1,26.0,5.0,4.0,4.0,18.0
605135,2023-05-17,26,7,1,3,21,1,1,0,0,28.0,6.5,3.0,3.0,21.0
605135,2023-05-22,25,4,1,7,18,0,1,1,0,27.333333333333332,6.666666666666667,2.3333333333333335,3.0,21.0
605135,2023-05-27,24,5,2,9,12,1,0,1,1,26.75,6.0,2.0,4.0,20.25
605135,2023-06-02,27,8,0,4,23,1,1,0,0,26.2,5.8,2.0,5.0,18.6
605135,2023-06-07,27,5,0,4,24,1,1,0,0,26.4,6.4,1.2,5.0,19.6
605135,2023-06-13,21,5,1,11,9,1,0,1,0,25.8,5.8,0.8,5.4,19.6
605135,2023-06-18,21,2,3,7,11,0,0,1,1,24.8,5.4,0.8,7.0,17.2
605135,2023-06-23,21,4,2,5,13,0,0,1,1,24.0,5.0,1.2,7.0,15.8
605135,2023-06-29,25,12,3,3,18,1,1,0,1,23.4,4.8,1.2,6.2,16.0
605151,2023-06-19,8,2,0,2,6,0,0,0,0,8.0,1.0,3.0,2.0,3.0
605151,2023-06-27,9,2,0,3,6,0,0,0,0,8.0,1.5,1.5,2.0,4.5
605151,2023-06-30,13,2,0,6,6,0,0,1,0,8.333333333333334,1.6666666666666667,1.0,2.3333333333333335,5.0
605154,2023-05-06,4,1,2,1,1,0,0,0,1,3.0,2.0,0.0,0.0,3.0
605154,2023-05-12,5,2,1,1,3,0,0,0,0,3.5,1.5,1.0,0.5,2.0
605154,2023-05-16,6,3,0,1,5,0,0,0,0,4.0,1.6666666666666667,1.0,0.6666666666666666,2.3333333333333335
605154,2023-05-17,4,1,0,1,3,0,0,0,0,4.5,2.0,0.75,0.75,3.0
605154,2023-05-19,3,1,0,0,3,0,0,0,0,4.4,1.8,0.6,0.8,3.0
605154,2023-05-21,2,0,0,1,1,0,0,0,0,4.4,1.6,0.6,0.8,3.0
605154,2023-05-22,3,2,0,0,3,0,0,0,0,4.0,1.4,0.2,0.8,3.0
605154,2023-05-25,8,1,0,2,6,0,0,0,0,3.6,1.4,0.0,0.6,3.0
605154,2023-05-30,3,1,0,1,2,0,0,0,0,4.0,1.0,0.0,0.8,3.2
605154,2023-06-02,3,1,0,0,3,0,0,0,0,3.8,1.0,0.0,0.8,3.0
605154,2023-06-06,6,0,1,2,3,0,0,0,0,3.8,1.0,0.0,0.8,3.0
605154,2023-06-10,6,1,0,0,6,0,0,0,0,4.6,1.0,0.2,1.0,3.4
605154,2023-06-11,5,1,1,1,3,0,0,0,0,5.2,0.8,0.2,1.0,4.0
605154,2023-06-16,4,1,1,0,3,0,0,0,0,4.6,0.8,0.4,0.8,3.4
605177,2023-05-03,4,3,0,1,3,0,0,0,0,1.0,1.0,0.0,0.0,1.0
605177,2023-05-05,3,2,0,0,3,0,0,0,0,2.5,2.0,0.0,0.5,2.0
605177,2023-05-06,4,0,0,4,0,0,0,0,0,2.6666666666666665,2.0,0.0,0.3333333333333333,2.3333333333333335
605177,2023-05-10,4,2,0,1,3,0,0,0,0,3.0,1.5,0.0,1.25,1.75
605177,2023-05-12,5,1,0,2,3,0,0,0,0,3.2,1.6,0.0,1.2,2.0
605177,2023-05-13,1,0,0,0,1,0,0,0,0,4.0,1.6,0.0,1.6,2.4
605177,2023-05-15,3,0,0,0,3,0,0,0,0,3.4,1.0,0.0,1.4,2.0
605177,2023-05-16,2,2,0,0,2,0,0,0,0,3.4,0.6,0.0,1.4,2.0
605177,2023-05-20,4,0,0,1,3,0,0,0,0,3.0,1.0,0.0,0.6,2.4
605177,2023-05-22,4,3,1,0,3,0,0,0,0,3.0,0.6,0.0,0.6,2.4
605177,2023-05-23,3,0,0,1,2,0,0,0,0,2.8,1.0,0.2,0.2,2.4
605177,2023-05-28,4,1,1,1,2,0,0,0,0,3.2,1.0,0.2,0.4,2.6
605177,2023-05-29,1,1,0,0,1,0,0,0,0,3.4,1.2,0.4,0.6,2.4
605177,2023-06-04,6,2,1,2,3,0,0,0,0,3.2,1.0,0.4,0.6,2.2
605177,2023-06-07,5,2,0,2,3,0,0,0,0,3.6,1.4,0.6,0.8,2.2
605177,2023-06-11,3,0,1,1,1,0,0,0,0,3.8,1.2,0.4,1.2,2.2
605177,2023-06-12,4,1,1,0,3,0,0,0,0,3.8,1.2,0.6,1.2,2.0
605177,2023-06-15,2,1,0,0,2,0,0,0,0,3.8,1.2,0.6,1.0,2.2
605177,2023-06-16,4,1,0,1,3,0,0,0,0,4.0,1.2,0.6,1.0,2.4
605177,2023-06-22,3,2,0,0,3,0,0,0,0,3.6,1.0,0.4,0.8,2.4
605177,2023-06-25,3,1,1,0,2,0,0,0,0,3.2,1.0,0.4,0.4,2.4
605177,2023-06-30,2,0,1,0,1,0,0,0,0,3.2,1.2,0.4,0.2,2.6
605182,2023-05-11,23,2,2,3,18,0,1,0,1,25.0,7.0,1.0,6.0,18.0
605182,2023-05-17,27,5,4,6,16,1,1,1,1,24.0,4.5,1.5,4.5,18.0
605182,2023-06-02,19,6,1,3,15,1,0,0,0,25.0,4.666666666666667,2.3333333333333335,5.0,17.333333333333332
605182,2023-06-08,24,2,1,6,17,0,1,1,0,23.5,5.0,2.0,4.5,16.75
605182,2023-06-14,20,5,2,3,14,1,0,0,1,23.6,4.4,1.8,4.8,16.8
605200,2023-06-01,23,4,1,7,15,0,0,1,0,16.0,3.0,2.0,5.0,9.0
605200,2023-06-07,24,8,1,5,18,1,1,1,0,19.5,3.5,1.5,6.0,12.0
605200,2023-06-13,18,4,3,6,9,0,0,1,1,21.0,5.0,1.3333333333333333,5.666666666666667,14.0
605200,2023-06-18,21,2,1,9,11,0,0,1,0,20.25,4.75,1.75,5.75,12.75
605200,2023-06-23,20,2,4,6,10,0,0,1,1,20.4,4.2,1.6,6.4,12.4
605200,2023-06-28,23,3,2,2,19,0,1,0,1,21.2,4.0,2.0,6.6,12.6
605218,2023-05-03,2,1,1,0,1,0,0,0,0,3.0,1.0,0.0,1.0,2.0
605218,2023-05-06,3,0,0,2,1,0,0,0,0,2.5,1.0,0.5,0.5,1.5
605218,2023-05-08,5,0,0,1,3,0,0,0,0,2.6666666666666665,0.6666666666666666,0.3333333333333333,1.0,1.3333333333333333
605218,2023-05-12,3,0,1,1,1,0,0,0,0,3.25,0.5,0.25,1.0,1.75
605218,2023-05-13,3,0,0,2,1,0,0,0,0,3.2,0.4,0.4,1.0,1.6
605218,2023-05-15,3,0,0,0,3,0,0,0,0,3.2,0.2,0.4,1.2,1.4
605218,2023-05-17,5,2,0,1,4,0,0,0,0,3.4,0.0,0.2,1.2,1.8
605218,2023-05-20,4,1,1,0,3,0,0,0,0,3.8,0.4,0.2,1.0,2.4
605218,2023-05-21,3,0,0,0,3,0,0,0,0,3.6,0.6,0.4,0.8,2.4
605218,2023-05-24,4,1,0,1,3,0,0,0,0,3.6,0.6,0.2,0.6,2.8
605218,2023-05-26,6,1,1,2,3,0,0,0,0,3.8,0.8,0.2,0.4,3.2
605218,2023-05-27,5,1,1,1,3,0,0,0,0,4.4,1.0,0.4,0.8,3.2
605218,2023-05-31,5,2,1,1,3,0,0,0,0,4.4,0.8,0.6,0.8,3.0
605218,2023-06-02,6,2,0,3,3,0,0,0,0,4.6,1.0,0.6,1.0,3.0
605218,2023-06-07,5,1,0,2,3,0,0,0,0,5.2,1.4,0.6,1.6,3.0
605218,2023-06-09,4,0,0,1,3,0,0,0,0,5.4,1.4,0.6,1.8,3.0
605218,2023-06-11,7,0,0,1,6,0,0,0,0,5.0,1.2,0.4,1.6,3.0
605218,2023-06-15,3,1,0,0,3,0,0,0,0,5.4,1.0,0.2,1.6,3.6
605218,2023-06-16,6,1,1,2,3,0,0,0,0,5.0,0.8,0.0,1.4,3.6
605218,2023-06-19,7,1,2,2,3,0,0,0,1,5.0,0.6,0.2,1.2,3.6
605242,2023-05-07,3,1,0,0,3,0,0,0,0,2.0,0.0,0.0,1.0,1.0
605242,2023-05-08,5,0,1,1,3,0,0,0,0,2.5,0.5,0.0,0.5,2.0
605242,2023-05-10,3,1,0,0,3,0,0,0,0,3.3333333333333335,0.3333333333333333,0.3333333333333333,0.6666666666666666,2.3333333333333335
605242,2023-05-13,1,1,0,0,1,0,0,0,0,3.25,0.5,0.25,0.5,2.5
605242,2023-05-14,5,1,0,3,2,0,0,0,0,2.8,0.6,0.2,0.4,2.2
605242,2023-05-15,5,1,1,2,2,0,0,0,0,3.4,0.8,0.2,0.8,2.4
605242,2023-05-20,3,0,0,2,1,0,0,0,0,3.8,0.8,0.4,1.2,2.2
605242,2023-05-23,3,1,0,0,3,0,0,0,0,3.4,0.8,0.2,1.4,1.8
605242,2023-05-27,5,2,2,1,2,0,0,0,1,3.4,0.8,0.2,1.4,1.8
605242,2023-05-28,4,0,1,1,3,0,0,0,0,4.2,1.0,0.6,1.6,2.0
605242,2023-05-31,1,1,0,0,1,0,0,0,0,4.0,0.8,0.8,1.2,2.2
605242,2023-06-03,6,2,2,0,4,0,0,0,1,3.2,0.8,0.6,0.8,2.0
605242,2023-06-04,2,1,1,0,1,0,0,0,0,3.8,1.2,1.0,0.4,2.6
605242,2023-06-06,4,3,0,0,4,0,0,0,0,3.6,1.2,1.2,0.4,2.2
605242,2023-06-11,4,0,0,1,3,0,0,0,0,3.4,1.4,0.8,0.2,2.6
605242,2023-06-14,5,2,0,2,3,0,0,0,0,3.4,1.4,0.6,0.2,2.6
605242,2023-06-16,4,2,0,1,3,0,0,0,0,4.2,1.6,0.6,0.6,3.0
605242,2023-06-18,1,0,0,0,1,0,0,0,0,3.8,1.6,0.2,0.8,2.8
605242,2023-06-19,4,0,1,0,3,0,0,0,0,3.6,1.4,0.0,0.8,2.8
605242,2023-06-21,3,1,0,0,3,0,0,0,0,3.6,0.8,0.2,0.8,2.6
605242,2023-06-24,4,1,1,0,3,0,0,0,0,3.4,1.0,0.2,0.6,2.6
605242,2023-06-25,6,2,0,2,4,0,0,0,0,3.2,0.8,0.4,0.2,2.6
605242,2023-06-30,3,0,0,1,2,0,0,0,0,3.6,0.8,0.4,0.4,2.8
605280,2023-05-03,3,0,0,2,1,0,0,0,0,3.0,0.0,0.0,3.0,0.0
605280,2023-05-06,2,0,0,1,1,0,0,0,0,3.0,0.0,0.0,2.5,0.5
605280,2023-05-07,3,2,0,0,3,0,0,0,0,2.6666666666666665,0.0,0.0,2.0,0.6666666666666666
605280,2023-05-09,4,3,1,0,3,0,0,0,0,2.75,0.5,0.0,1.5,1.25
605280,2023-05-12,3,1,0,1,2,0,0,0,0,3.0,1.0,0.2,1.2,1.6
605280,2023-05-13,8,3,0,3,5,0,0,0,0,3.0,1.2,0.2,0.8,2.0
605280,2023-05-16,4,1,0,1,3,0,0,0,0,4.0,1.8,0.2,1.0,2.8
605280,2023-05-17,3,1,0,0,3,0,0,0,0,4.4,2.0,0.2,1.0,3.2
605280,2023-05-20,4,1,1,0,3,0,0,0,0,4.4,1.8,0.2,1.0,3.2
605280,2023-05-21,6,1,1,2,3,0,0,0,0,4.4,1.4,0.2,1.0,3.2
605280,2023-05-25,3,1,0,1,2,0,0,0,0,5.0,1.4,0.4,1.2,3.4
605280,2023-05-27,3,1,0,0,3,0,0,0,0,4.0,1.0,0.4,0.8,2.8
605280,2023-05-28,5,0,2,0,3,0,0,0,1,3.8,1.0,0.4,0.6,2.8
605280,2023-05-31,4,3,0,0,4,0,0,0,0,4.2,0.8,0.8,0.6,2.8
605280,2023-06-03,4,0,1,0,3,0,0,0,0,4.2,1.2,0.6,0.6,3.0
605280,2023-06-04,4,2,1,0,3,0,0,0,0,3.8,1.0,0.6,0.2,3.0
605280,2023-06-08,4,0,1,0,3,0,0,0,0,4.0,1.2,0.8,0.0,3.2
605280,2023-06-10,4,2,0,1,3,0,0,0,0,4.2,1.0,1.0,0.0,3.2
605280,2023-06-11,2,0,0,1,1,0,0,0,0,4.0,1.4,0.6,0.2,3.2
605280,2023-06-13,2,2,0,0,2,0,0,0,0,3.6,0.8,0.6,0.4,2.6
605280,2023-06-20,5,2,0,0,5,0,0,0,0,3.2,1.2,0.4,0.4,2.4
605280,2023-06-23,5,1,0,2,3,0,0,0,0,3.4,1.2,0.2,0.4,2.8
605280,2023-06-24,2,1,0,0,2,0,0,0,0,3.6,1.4,0.0,0.8,2.8
605288,2023-05-13,21,2,1,8,12,0,0,1,0,20.0,5.0,1.0,7.0,12.0
605288,2023-05-19,21,4,1,4,17,0,1,0,0,20.5,3.5,1.0,7.5,12.0
605288,2023-05-24,19,3,1,2,16,0,1,0,0,20.666666666666668,3.6666666666666665,1.0,6.333333333333333,13.666666666666666
605288,2023-05-30,26,3,3,11,12,0,0,1,1,20.25,3.5,1.0,5.25,14.25
605288,2023-06-04,23,2,0,6,17,0,1,1,0,21.4,3.4,1.4,6.4,13.8
605288,2023-06-09,22,4,4,6,12,0,0,1,1,22.0,2.8,1.2,6.2,14.8
605288,2023-06-19,17,1,2,3,12,0,0,0,1,22.2,3.2,1.8,5.8,14.8
605288,2023-06-23,5,1,0,2,3,0,0,0,0,21.4,2.6,2.0,5.6,13.8
605288,2023-06-29,23,5,1,7,15,1,0,1,0,18.6,2.2,1.8,5.6,11.2
605347,2023-05-04,4,0,1,0,3,0,0,0,0,6.0,0.0,0.0,3.0,3.0
605347,2023-05-05,3,1,0,0,3,0,0,0,0,5.0,0.0,0.5,1.5,3.0
605347,2023-05-10,6,0,1,2,3,0,0,0,0,4.333333333333333,0.3333333333333333,0.3333333333333333,1.0,3.0
605347,2023-05-11,3,2,0,0,3,0,0,0,0,4.75,0.25,0.5,1.25,3.0
605347,2023-05-14,3,1,0,0,3,0,0,0,0,4.4,0.6,0.4,1.0,3.0
605347,2023-05-15,6,3,1,0,5,0,0,0,0,3.8,0.8,0.4,0.4,3.0
605347,2023-05-20,4,2,0,1,3,0,0,0,0,4.2,1.4,0.4,0.4,3.4
605347,2023-05-21,3,0,0,2,1,0,0,0,0,4.4,1.6,0.4,0.6,3.4
605347,2023-05-23,5,0,0,2,3,0,0,0,0,3.8,1.6,0.2,0.6,3.0
605347,2023-05-27,4,0,0,3,0,0,0,0,0,4.2,1.2,0.2,1.0,3.0
605347,2023-05-29,2,0,0,0,1,0,0,0,0,4.4,1.0,0.2,1.6,2.4
605347,2023-05-31,4,0,1,2,0,0,0,0,0,3.6,0.4,0.0,1.6,1.6
605347,2023-06-03,7,2,2,1,3,0,0,0,1,3.6,0.0,0.2,1.8,1.0
605347,2023-06-10,4,1,0,1,3,0,0,0,0,4.4,0.4,0.6,1.6,1.4
605347,2023-06-15,9,0,0,5,4,0,0,1,0,4.2,0.6,0.6,1.4,1.4
605397,2023-05-13,27,5,3,8,16,1,1,1,1,20.0,5.0,3.0,2.0,15.0
605397,2023-05-20,24,6,1,6,16,1,1,1,0,23.5,5.0,3.0,5.0,15.5
605397,2023-05-26,25,6,0,6,19,1,1,1,0,23.666666666666668,5.333333333333333,2.3333333333333335,5.333333333333333,15.666666666666666
605397,2023-06-01,22,3,3,3,16,0,1,0,1,24.0,5.5,1.75,5.5,16.5
605397,2023-06-06,20,8,1,4,15,1,0,0,0,23.6,5.0,2.0,5.0,16.4
605397,2023-06-13,25,5,1,7,17,1,1,1,0,23.6,5.6,1.6,5.4,16.4
605397,2023-06-18,23,1,1,6,14,0,0,1,0,23.2,5.6,1.2,5.2,16.6
605397,2023-06-23,27,7,0,6,21,1,1,1,0,23.0,4.6,1.2,5.2,16.2
605397,2023-06-29,23,6,1,7,15,1,0,1,0,23.4,4.8,1.2,5.2,16.6
605400,2023-05-09,23,6,2,5,16,1,1,1,1,27.0,5.0,0.0,7.0,19.0
605400,2023-05-14,27,4,1,6,20,0,1,1,0,25.0,5.5,1.0,6.0,17.5
605400,2023-05-20,24,10,1,4,19,1,1,0,0,25.666666666666668,5.0,1.0,6.0,18.333333333333332
605400,2023-05-25,28,7,2,8,18,1,1,1,1,25.25,6.25,1.0,5.5,18.5
605400,2023-05-31,25,5,3,4,18,1,1,0,1,25.8,6.4,1.2,6.0,18.4
605400,2023-06-05,22,12,3,1,18,1,1,0,1,25.4,6.4,1.8,5.4,18.2
605400,2023-06-10,28,7,2,7,19,1,1,1,1,25.2,7.6,2.0,4.6,18.6
605400,2023-06-15,27,9,1,6,20,1,1,1,0,25.4,8.2,2.2,4.8,18.4
605400,2023-06-22,22,5,2,2,18,1,1,0,1,26.0,8.0,2.2,5.2,18.6
605400,2023-06-28,22,4,3,7,12,0,0,1,1,24.8,7.6,2.2,4.0,18.6
605441,2023-06-25,4,1,1,1,2,0,0,0,0,9.0,1.0,4.0,2.0,3.0
605446,2023-05-28,8,1,1,1,6,0,0,0,0,4.0,0.0,1.0,1.0,2.0
605447,2023-05-05,3,1,0,0,3,0,0,0,0,1.0,0.0,0.0,1.0,0.0
605447,2023-05-07,2,1,0,0,2,0,0,0,0,2.0,0.5,0.0,0.5,1.5
605447,2023-05-10,5,1,0,3,2,0,0,0,0,2.0,0.6666666666666666,0.0,0.3333333333333333,1.6666666666666667
605447,2023-05-13,3,2,0,0,3,0,0,0,0,2.75,0.75,0.0,1.0,1.75
605447,2023-05-17,6,2,0,0,6,0,0,0,0,2.8,1.0,0.0,0.8,2.0
605447,2023-05-20,6,1,0,3,3,0,0,0,0,3.8,1.4,0.0,0.6,3.2
605447,2023-05-26,4,0,0,1,3,0,0,0,0,4.4,1.4,0.0,1.2,3.2
605447,2023-05-28,4,3,0,1,3,0,0,0,0,4.8,1.2,0.0,1.4,3.4
605447,2023-06-01,3,1,1,1,1,0,0,0,0,4.6,1.6,0.0,1.0,3.6
605447,2023-06-02,4,1,0,1,3,0,0,0,0,4.6,1.4,0.2,1.2,3.2
605447,2023-06-04,3,1,0,0,3,0,0,0,0,4.2,1.2,0.2,1.4,2.6
605447,2023-06-07,4,1,0,1,3,0,0,0,0,3.6,1.2,0.2,0.8,2.6
605447,2023-06-08,3,1,0,0,3,0,0,0,0,3.6,1.4,0.2,0.8,2.6
605447,2023-06-11,4,1,1,0,3,0,0,0,0,3.4,1.0,0.2,0.6,2.6
605447,2023-06-14,6,1,0,3,3,0,0,0,0,3.6,1.0,0.2,0.4,3.0
605447,2023-06-16,4,3,0,0,4,0,0,0,0,4.0,1.0,0.2,0.8,3.0
605447,2023-06-20,4,0,0,1,3,0,0,0,0,4.2,1.4,0.2,0.8,3.2
605447,2023-06-21,5,2,1,1,3,0,0,0,0,4.2,1.2,0.2,0.8,3.2
605447,2023-06-23,4,0,0,1,3,0,0,0,0,4.6,1.4,0.4,1.0,3.2
605447,2023-06-24,1,1,0,0,1,0,0,0,0,4.6,1.2,0.2,1.2,3.2
605447,2023-06-29,4,1,0,2,2,0,0,0,0,3.6,1.2,0.2,0.6,2.8
605463,2023-06-08,7,2,0,1,6,0,0,0,0,6.0,2.0,1.0,0.0,5.0
605463,2023-06-11,3,1,0,1,2,0,0,0,0,6.5,2.0,0.5,0.5,5.5
605463,2023-06-13,2,1,0,1,1,0,0,0,0,5.333333333333333,1.6666666666666667,0.3333333333333333,0.6666666666666666,4.333333333333333
605463,2023-06-14,5,1,1,2,2,0,0,0,0,4.5,1.5,0.25,0.75,3.5
605463,2023-06-16,4,1,0,1,2,0,0,0,0,4.6,1.4,0.4,1.0,3.2
605483,2023-05-06,22,6,3,1,18,1,1,0,1,26.0,7.0,0.0,8.0,18.0
605483,2023-05-12,24,4,4,4,16,0,1,0,1,24.0,6.5,1.5,4.5,18.0
605483,2023-05-19,19,5,2,5,12,1,0,1,1,24.0,5.666666666666667,2.3333333333333335,4.333333333333333,17.333333333333332
605483,2023-05-25,24,6,4,4,15,1,0,0,1,22.75,5.5,2.25,4.5,16.0
605483,2023-05-31,20,7,3,3,14,1,0,0,1,23.0,5.6,2.6,4.4,15.8
605483,2023-06-05,23,8,3,2,18,1,1,0,1,21.8,5.6,3.2,3.4,15.0
605483,2023-06-11,23,12,0,3,21,1,1,0,0,22.0,6.0,3.2,3.6,15.0
605483,2023-06-17,24,12,3,2,18,1,1,0,1,21.8,7.6,2.4,3.4,16.0
605483,2023-06-22,21,11,0,3,18,1,1,0,0,22.8,9.0,2.6,2.8,17.2
605483,2023-06-28,23,10,2,3,18,1,1,0,1,22.2,10.0,1.8,2.6,17.8
606149,2023-05-05,3,0,0,1,2,0,0,0,0,5.0,0.0,0.0,4.0,1.0
606149,2023-05-06,8,1,0,3,6,0,0,0,0,4.0,0.0,0.0,2.5,1.5
606149,2023-05-09,3,0,0,0,3,0,0,0,0,5.333333333333333,0.3333333333333333,0.0,2.6666666666666665,3.0
606149,2023-05-13,4,0,0,1,3,0,0,0,0,4.75,0.25,0.0,2.0,3.0
606149,2023-05-17,8,3,1,2,5,0,0,0,0,4.6,0.2,0.0,1.8,3.0
606149,2023-05-20,3,1,0,0,3,0,0,0,0,5.2,0.8,0.2,1.4,3.8
606149,2023-05-22,4,2,1,0,3,0,0,0,0,5.2,1.0,0.2,1.2,4.0
606149,2023-05-23,3,0,0,0,3,0,0,0,0,4.4,1.2,0.4,0.6,3.4
606149,2023-05-25,6,2,0,2,4,0,0,0,0,4.4,1.2,0.4,0.6,3.4
606149,2023-05-27,3,0,0,0,3,0,0,0,0,4.8,1.6,0.4,0.8,3.6
606149,2023-05-30,5,1,0,2,3,0,0,0,0,3.8,1.0,0.2,0.4,3.2
606149,2023-06-02,6,1,1,3,2,0,0,0,0,4.2,1.0,0.2,0.8,3.2
606149,2023-06-07,3,1,0,0,3,0,0,0,0,4.6,0.8,0.2,1.4,3.0
606149,2023-06-09,4,1,0,0,4,0,0,0,0,4.6,1.0,0.2,1.4,3.0
606149,2023-06-14,5,2,1,1,3,0,0,0,0,4.2,0.8,0.2,1.0,3.0
606149,2023-06-17,4,2,0,1,3,0,0,0,0,4.6,1.2,0.4,1.2,3.0
606149,2023-06-19,3,0,0,0,3,0,0,0,0,4.4,1.4,0.4,1.0,3.0
606149,2023-06-25,3,1,0,0,3,0,0,0,0,3.8,1.2,0.2,0.4,3.2
606149,2023-06-27,5,0,0,1,4,0,0,0,0,3.8,1.2,0.2,0.4,3.2
606149,2023-06-28,7,0,1,4,2,0,0,0,0,4.0,1.0,0.2,0.6,3.2
606160,2023-05-06,6,1,1,3,2,0,0,0,0,4.0,2.0,0.0,1.0,3.0
606160,2023-05-08,5,1,1,1,3,0,0,0,0,5.0,1.5,0.5,2.0,2.5
606160,2023-05-13,6,0,0,3,3,0,0,0,0,5.0,1.3333333333333333,0.6666666666666666,1.6666666666666667,2.6666666666666665
606160,2023-05-15,3,0,0,1,3,0,0,0,0,5.25,1.0,0.5,2.0,2.75
606160,2023-05-17,4,1,1,0,3,0,0,0,0,4.8,0.8,0.4,1.8,2.8
606160,2023-05-19,4,1,1,1,2,0,0,0,0,4.8,0.6,0.6,1.6,2.8
606160,2023-05-23,8,1,1,4,3,0,0,0,0,4.4,0.6,0.6,1.2,2.8
606160,2023-05-28,4,1,1,0,3,0,0,0,0,5.0,0.6,0.6,1.8,2.8
606160,2023-05-30,4,1,0,1,3,0,0,0,0,4.6,0.8,0.8,1.2,2.8
606160,2023-06-01,4,2,0,1,3,0,0,0,0,4.8,1.0,0.8,1.2,2.8
606160,2023-06-03,3,0,0,0,3,0,0,0,0,4.8,1.2,0.6,1.4,2.8
606160,2023-06-06,5,1,1,2,2,0,0,0,0,4.6,1.0,0.4,1.2,3.0
606160,2023-06-08,3,1,0,0,3,0,0,0,0,4.0,1.0,0.4,0.8,2.8
606160,2023-06-09,4,0,0,1,3,0,0,0,0,3.8,1.0,0.2,0.8,2.8
606160,2023-06-11,4,2,0,1,3,0,0,0,0,3.8,0.8,0.2,0.8,2.8
606160,2023-06-16,5,1,0,1,3,0,0,0,0,3.8,0.8,0.2,0.8,2.8
606160,2023-06-17,8,1,2,4,2,0,0,0,1,4.2,1.0,0.2,1.0,2.8
606160,2023-06-21,6,2,0,3,3,0,0,0,0,4.8,1.0,0.4,1.4,2.8
606160,2023-06-25,5,1,0,2,2,0,0,0,0,5.4,1.2,0.4,2.0,2.8
606160,2023-06-29,6,1,0,0,6,0,0,0,0,5.6,1.4,0.4,2.2,2.6
606303,2023-05-04,4,1,0,1,3,0,0,0,0,4.0,2.0,0.0,0.0,3.0
606303,2023-05-07,6,3,0,1,5,0,0,0,0,4.0,1.5,0.0,0.5,3.0
606303,2023-05-10,5,1,0,1,4,0,0,0,0,4.666666666666667,2.0,0.0,0.6666666666666666,3.6666666666666665
606303,2023-05-12,4,1,0,1,3,0,0,0,0,4.75,1.75,0.0,0.75,3.75
606303,2023-05-13,4,2,0,0,3,0,0,0,0,4.6,1.6,0.0,0.8,3.6
606303,2023-05-16,8,4,1,2,5,0,0,0,0,4.6,1.6,0.0,0.8,3.6
606303,2023-05-19,3,2,0,0,3,0,0,0,0,5.4,2.2,0.2,1.0,4.0
606303,2023-05-21,4,0,0,1,3,0,0,0,0,4.8,2.0,0.2,0.8,3.6
606303,2023-05-23,2,2,0,0,2,0,0,0,0,4.6,1.8,0.2,0.8,3.4
606303,2023-05-24,2,1,0,0,2,0,0,0,0,4.2,2.0,0.2,0.6,3.2
606303,2023-05-28,4,1,0,1,3,0,0,0,0,3.8,1.8,0.2,0.6,3.0
606303,2023-05-31,5,0,0,2,3,0,0,0,0,3.0,1.2,0.0,0.4,2.6
606303,2023-06-02,4,2,1,0,3,0,0,0,0,3.4,0.8,0.0,0.8,2.6
606303,2023-06-06,4,1,0,1,3,0,0,0,0,3.4,1.2,0.2,0.6,2.6
606303,2023-06-08,4,1,0,1,3,0,0,0,0,3.8,1.0,0.2,0.8,2.8
606303,2023-06-10,3,0,1,1,1,0,0,0,0,4.2,1.0,0.2,1.0,3.0
606303,2023-06-13,6,1,1,1,3,0,0,0,0,4.0,0.8,0.4,1.0,2.6
606303,2023-06-16,4,0,1,0,3,0,0,0,0,4.2,1.0,0.6,0.8,2.6
606303,2023-06-20,4,3,0,1,3,0,0,0,0,4.2,0.6,0.6,0.8,2.6
606303,2023-06-25,7,2,0,2,6,0,0,0,0,4.2,1.0,0.6,0.8,2.6
606303,2023-06-28,4,1,0,1,3,0,0,0,0,4.8,1.2,0.6,1.0,3.2
606303,2023-06-29,3,1,0,0,3,0,0,0,0,5.0,1.4,0.4,1.0,3.6
606625,2023-05-24,6,0,2,2,2,0,0,0,1,5.0,2.0,1.0,2.0,2.0
606965,2023-05-04,4,1,0,0,4,0,0,0,0,4.0,0.0,0.0,0.0,4.0
606965,2023-05-07,11,3,0,5,6,0,0,1,0,4.0,0.5,0.0,0.0,4.0
606965,2023-05-10,6,2,0,0,6,0,0,0,0,6.333333333333333,1.3333333333333333,0.0,1.6666666666666667,4.666666666666667
606965,2023-05-13,3,2,0,0,3,0,0,0,0,6.25,1.5,0.0,1.25,5.0
606965,2023-05-15,5,1,0,2,3,0,0,0,0,5.6,1.6,0.0,1.0,4.6
606965,2023-05-18,5,0,0,2,3,0,0,0,0,5.8,1.8,0.0,1.4,4.4
606965,2023-05-21,1,1,0,0,1,0,0,0,0,6.0,1.6,0.0,1.8,4.2
606965,2023-05-22,3,1,0,0,3,0,0,0,0,4.0,1.2,0.0,0.8,3.2
606965,2023-05-24,4,1,0,0,4,0,0,0,0,3.4,1.0,0.0,0.8,2.6
606965,2023-05-27,3,3,0,0,3,0,0,0,0,3.6,0.8,0.0,0.8,2.8
606965,2023-05-29,3,0,0,0,3,0,0,0,0,3.2,1.2,0.0,0.4,2.8
606965,2023-06-04,6,2,0,1,5,0,0,0,0,2.8,1.2,0.0,0.0,2.8
606965,2023-06-06,4,3,0,0,5,0,0,0,0,3.8,1.4,0.0,0.2,3.6
606965,2023-06-08,4,1,0,0,4,0,0,0,0,4.0,1.8,0.0,0.2,4.0
606965,2023-06-11,5,0,0,1,3,0,0,0,0,4.0,1.8,0.0,0.2,4.0
606965,2023-06-12,5,1,2,0,3,0,0,0,1,4.4,1.2,0.0,0.4,4.0
606965,2023-06-15,4,1,1,0,3,0,0,0,0,4.8,1.4,0.4,0.4,4.0
606965,2023-06-17,7,1,0,4,3,0,0,0,0,4.4,1.2,0.6,0.2,3.6
606965,2023-06-20,7,0,0,4,3,0,0,0,0,5.0,0.8,0.6,1.0,3.2
606965,2023-06-23,3,1,0,1,2,0,0,0,0,5.6,0.6,0.6,1.8,3.0
606965,2023-06-27,3,2,0,0,3,0,0,0,0,5.2,0.8,0.6,1.8,2.8
606965,2023-06-29,5,2,2,0,3,0,0,0,1,4.8,1.0,0.2,1.8,2.8
607067,2023-05-10,6,0,2,2,2,0,0,0,1,23.0,4.0,1.0,4.0,18.0
607067,2023-05-14,19,3,2,6,11,0,0,1,1,14.5,2.0,1.5,3.0,10.0
607067,2023-05-23,21,4,2,4,14,0,0,0,1,16.0,2.3333333333333335,1.6666666666666667,4.0,10.333333333333334
607067,2023-05-28,24,6,0,5,18,1,1,1,0,17.25,2.75,1.75,4.0,11.25
607067,2023-06-03,24,5,3,6,15,1,0,1,1,18.6,3.4,1.4,4.2,12.6
607067,2023-06-08,19,8,1,3,15,1,0,0,0,18.8,3.6,1.8,4.6,12.0
607067,2023-06-14,20,4,3,5,12,0,0,1,1,21.4,5.2,1.6,4.8,14.6
607067,2023-06-20,24,2,1,7,16,0,1,1,0,21.6,5.4,1.8,4.6,14.8
607067,2023-06-26,24,3,1,3,20,0,1,0,0,22.2,5.0,1.6,5.2,15.2
607179,2023-06-10,5,3,1,0,4,0,0,0,0,5.0,0.0,0.0,2.0,3.0
607179,2023-06-14,3,1,0,0,3,0,0,0,0,5.0,1.5,0.5,1.0,3.5
607179,2023-06-16,5,2,0,0,5,0,0,0,0,4.333333333333333,1.3333333333333333,0.3333333333333333,0.6666666666666666,3.3333333333333335
607179,2023-06-17,3,0,0,0,3,0,0,0,0,4.5,1.5,0.25,0.5,3.75
607179,2023-06-19,3,2,0,0,3,0,0,0,0,4.2,1.2,0.2,0.4,3.6
607179,2023-06-22,5,0,1,1,3,0,0,0,0,3.8,1.6,0.2,0.0,3.6
607179,2023-06-25,7,0,0,1,6,0,0,0,0,3.8,1.0,0.2,0.2,3.4
607179,2023-06-27,7,3,1,0,6,0,0,0,0,4.6,0.8,0.2,0.4,4.0
607192,2023-06-03,23,6,3,4,16,1,1,0,1,19.0,8.0,1.0,5.0,13.0
607192,2023-06-09,22,6,3,1,18,1,1,0,1,21.0,7.0,2.0,4.5,14.5
607192,2023-06-14,21,6,4,6,11,1,0,1,1,21.333333333333332,6.666666666666667,2.3333333333333335,3.3333333333333335,15.666666666666666
607192,2023-06-20,21,7,2,6,13,1,0,1,1,21.25,6.5,2.75,4.0,14.5
607192,2023-06-25,19,12,1,4,14,1,0,0,0,21.2,6.6,2.6,4.4,14.2
607237,2023-05-04,6,1,2,3,1,0,0,0,1,4.0,1.0,1.0,0.0,3.0
607237,2023-05-08,1,1,0,0,1,0,0,0,0,5.0,1.0,1.5,1.5,2.0
607237,2023-05-10,4,2,0,1,3,0,0,0,0,3.6666666666666665,1.0,1.0,1.0,1.6666666666666667
607237,2023-05-12,6,2,2,1,3,0,0,0,1,3.75,1.25,0.75,1.0,2.0
607237,2023-05-14,4,1,0,1,3,0,0,0,0,4.2,1.4,1.0,1.0,2.2
607237,2023-05-21,3,1,1,1,1,0,0,0,0,4.2,1.4,0.8,1.2,2.2
607237,2023-05-22,3,1,2,0,1,0,0,0,1,3.6,1.4,0.6,0.8,2.2
607237,2023-05-26,6,1,3,0,3,0,0,0,1,4.0,1.4,1.0,0.8,2.2
607237,2023-05-29,3,2,0,0,3,0,0,0,0,4.4,1.2,1.6,0.6,2.2
607237,2023-06-30,4,0,1,0,3,0,0,0,0,3.8,1.2,1.2,0.4,2.2
607259,2023-05-05,4,1,0,0,4,0,0,0,0,9.0,2.0,1.0,2.0,6.0
607259,2023-05-07,6,1,1,1,4,0,0,0,0,6.5,1.5,0.5,1.0,5.0
607259,2023-05-09,4,2,1,0,3,0,0,0,0,6.333333333333333,1.3333333333333333,0.6666666666666666,1.0,4.666666666666667
607259,2023-05-13,3,1,0,0,3,0,0,0,0,5.75,1.5,0.75,0.75,4.25
607259,2023-05-15,7,2,0,1,6,0,0,0,0,5.2,1.4,0.6,0.6,4.0
607259,2023-05-16,3,1,0,0,3,0,0,0,0,4.8,1.4,0.4,0.4,4.0
607259,2023-05-21,5,1,0,2,3,0,0,0,0,4.6,1.4,0.4,0.4,3.8
607259,2023-05-23,5,1,0,2,3,0,0,0,0,4.4,1.4,0.2,0.6,3.6
607259,2023-05-25,6,0,0,4,2,0,0,0,0,4.6,1.2,0.0,1.0,3.6
607259,2023-05-27,6,1,0,3,3,0,0,0,0,5.2,1.0,0.0,1.8,3.4
607259,2023-05-30,3,0,1,1,1,0,0,0,0,5.0,0.8,0.0,2.2,2.8
607259,2023-05-31,4,0,1,1,2,0,0,0,0,5.0,0.6,0.2,2.4,2.4
607259,2023-06-03,3,2,0,0,3,0,0,0,0,4.8,0.4,0.4,2.2,2.2
607259,2023-06-05,4,1,0,1,3,0,0,0,0,4.4,0.6,0.4,1.8,2.2
607259,2023-06-09,6,2,0,3,3,0,0,0,0,4.0,0.8,0.4,1.2,2.4
607259,2023-06-10,5,0,1,1,3,0,0,0,0,4.0,1.0,0.4,1.2,2.4
607259,2023-06-13,4,0,0,1,3,0,0,0,0,4.4,1.0,0.4,1.2,2.8
607259,2023-06-15,8,2,0,2,6,0,0,0,0,4.4,1.0,0.2,1.2,3.0
607259,2023-06-17,3,1,0,0,3,0,0,0,0,5.4,1.0,0.2,1.6,3.6
607259,2023-06-18,7,1,0,5,2,0,0,1,0,5.2,1.0,0.2,1.4,3.6
607259,2023-06-20,8,0,1,2,5,0,0,0,0,5.4,0.8,0.2,1.8,3.4
607259,2023-06-24,3,1,0,0,3,0,0,0,0,6.0,0.8,0.2,2.0,3.8
607259,2023-06-28,6,0,1,4,0,0,0,0,0,5.8,1.0,0.2,1.8,3.8
607259,2023-06-30,4,1,0,0,4,0,0,0,0,5.4,0.6,0.4,2.2,2.6
607359,2023-05-05,2,0,0,0,2,0,0,0,0,3.0,1.0,0.0,0.0,3.0
607359,2023-05-09,14,0,1,4,9,0,0,0,0,2.5,0.5,0.0,0.0,2.5
607359,2023-05-12,3,0,0,1,2,0,0,0,0,6.333333333333333,0.3333333333333333,0.3333333333333333,1.3333333333333333,4.666666666666667
607481,2023-05-04,3,3,0,0,3,0,0,0,0,3.0,1.0,1.0,0.0,2.0
607481,2023-05-08,5,0,0,3,2,0,0,0,0,3.0,2.0,0.5,0.0,2.5
607481,2023-05-12,4,0,0,1,3,0,0,0,0,3.6666666666666665,1.3333333333333333,0.3333333333333333,1.0,2.3333333333333335
607481,2023-05-14,3,0,0,1,2,0,0,0,0,3.75,1.0,0.25,1.0,2.5
607481,2023-05-18,3,0,0,1,2,0,0,0,0,3.6,0.8,0.2,1.0,2.4
607481,2023-05-21,3,2,0,0,3,0,0,0,0,3.6,0.6,0.0,1.2,2.4
607481,2023-05-25,7,0,0,3,4,0,0,0,0,3.6,0.4,0.0,1.2,2.4
607481,2023-05-27,2,0,0,0,2,0,0,0,0,4.0,0.4,0.0,1.2,2.8
607481,2023-05-29,4,3,1,0,3,0,0,0,0,3.6,0.4,0.0,1.0,2.6
607481,2023-05-30,3,1,0,1,2,0,0,0,0,3.8,1.0,0.2,0.8,2.8
607481,2023-06-08,4,3,0,0,4,0,0,0,0,3.8,1.2,0.2,0.8,2.8
607481,2023-06-11,1,0,0,0,1,0,0,0,0,4.0,1.4,0.2,0.8,3.0
607481,2023-06-14,2,1,1,0,1,0,0,0,0,2.8,1.4,0.2,0.2,2.4
607481,2023-06-15,3,1,0,0,3,0,0,0,0,2.8,1.6,0.4,0.2,2.2
607481,2023-06-17,4,3,0,0,4,0,0,0,0,2.6,1.2,0.2,0.2,2.2
607481,2023-06-19,7,1,2,2,3,0,0,0,1,2.8,1.6,0.2,0.0,2.6
607481,2023-06-20,2,1,0,1,1,0,0,0,0,3.4,1.2,0.6,0.4,2.4
607481,2023-06-25,4,2,0,0,4,0,0,0,0,3.6,1.4,0.6,0.6,2.4
607481,2023-06-26,2,1,1,0,1,0,0,0,0,4.0,1.6,0.4,0.6,3.0
607536,2023-05-08,25,4,3,7,17,0,1,1,1,15.0,5.0,0.0,3.0,12.0
607536,2023-05-14,23,8,1,4,18,1,1,0,0,20.0,4.5,1.5,5.0,14.5
607536,2023-05-20,15,0,0,9,6,0,0,1,0,21.0,5.666666666666667,1.3333333333333333,4.666666666666667,15.666666666666666
607536,2023-05-25,24,4,2,7,15,0,0,1,1,19.5,4.25,1.0,5.75,13.25
607536,2023-05-30,24,1,3,6,15,0,0,1,1,20.4,4.2,1.2,6.0,13.6
607536,2023-06-04,24,1,0,4,20,0,1,0,0,22.2,3.4,1.8,6.6,14.2
607536,2023-06-10,22,5,2,6,14,1,0,1,1,22.0,2.8,1.2,6.0,14.8
607536,2023-06-15,21,1,3,9,9,0,0,1,1,21.8,2.2,1.4,6.4,14.0
607536,2023-06-23,26,3,2,9,15,0,0,1,1,23.0,2.4,2.0,6.4,14.6
607536,2023-06-28,24,7,5,4,15,1,0,0,1,23.4,2.2,2.0,6.8,14.6
607625,2023-05-10,23,5,1,5,17,1,1,1,0,24.0,5.0,2.0,7.0,16.0
607625,2023-05-16,12,2,2,4,6,0,0,0,1,23.5,5.0,1.5,6.0,16.5
607625,2023-06-20,17,5,1,3,13,1,0,0,0,19.666666666666668,4.0,1.6666666666666667,5.333333333333333,13.0
607625,2023-06-25,22,4,0,7,15,0,0,1,0,19.0,4.25,1.5,4.75,13.0
607625,2023-06-30,22,6,0,5,17,1,1,1,0,19.6,4.2,1.2,5.2,13.4
607732,2023-06-01,3,0,0,1,1,0,0,0,0,2.0,1.0,0.0,1.0,1.0
607755,2023-05-05,8,2,1,0,6,0,0,0,0,8.0,4.0,1.0,2.0,5.0
607755,2023-05-14,3,1,0,0,3,0,0,0,0,8.0,3.0,1.0,1.0,5.5
607755,2023-05-17,5,2,0,0,4,0,0,0,0,6.333333333333333,2.3333333333333335,0.6666666666666666,0.6666666666666666,4.666666666666667
607755,2023-05-19,9,2,0,2,6,0,0,0,0,6.0,2.25,0.5,0.5,4.5
607755,2023-05-22,3,1,0,0,3,0,0,0,0,6.6,2.2,0.4,0.8,4.8
607755,2023-05-24,4,1,0,1,3,0,0,0,0,5.6,1.6,0.2,0.4,4.4
607755,2023-05-28,10,2,0,3,6,0,0,0,0,4.8,1.4,0.0,0.6,3.8
607755,2023-05-31,3,0,0,0,3,0,0,0,0,6.2,1.6,0.0,1.2,4.4
607755,2023-06-02,4,2,0,0,4,0,0,0,0,5.8,1.2,0.0,1.2,4.2
607755,2023-06-03,5,1,1,1,3,0,0,0,0,4.8,1.2,0.0,0.8,3.8
607755,2023-06-05,4,0,0,1,3,0,0,0,0,5.2,1.2,0.2,1.0,3.8
607755,2023-06-12,7,0,1,3,3,0,0,0,0,5.2,1.0,0.2,1.0,3.8
607755,2023-06-16,3,2,0,0,3,0,0,0,0,4.6,0.6,0.4,1.0,3.2
607755,2023-06-17,7,2,0,1,6,0,0,0,0,4.6,1.0,0.4,1.0,3.2
607755,2023-06-20,5,1,0,3,2,0,0,0,0,5.2,1.0,0.4,1.2,3.6
607755,2023-06-30,4,1,0,1,3,0,0,0,0,5.2,1.0,0.2,1.6,3.4
607968,2023-05-09,24,2,3,6,14,0,0,1,1,18.0,3.0,5.0,4.0,9.0
607968,2023-05-15,22,0,5,6,11,0,0,1,1,21.0,2.5,4.0,5.0,11.5
608032,2023-05-03,3,2,0,0,3,0,0,0,0,3.0,2.0,0.0,0.0,3.0
608032,2023-05-05,4,2,1,0,3,0,0,0,0,3.0,2.0,0.0,0.0,3.0
608032,2023-05-08,3,1,0,0,3,0,0,0,0,3.3333333333333335,2.0,0.3333333333333333,0.0,3.0
608032,2023-05-12,5,1,0,2,3,0,0,0,0,3.25,1.75,0.25,0.0,3.0
608032,2023-05-14,3,0,0,2,1,0,0,0,0,3.6,1.6,0.2,0.4,3.0
608032,2023-05-18,4,2,0,2,2,0,0,0,0,3.6,1.2,0.2,0.8,2.6
608032,2023-05-19,3,2,0,0,3,0,0,0,0,3.8,1.2,0.2,1.2,2.4
608032,2023-05-21,4,1,0,1,3,0,0,0,0,3.6,1.2,0.0,1.2,2.4
608032,2023-05-27,3,3,0,0,3,0,0,0,0,3.8,1.2,0.0,1.4,2.4
608032,2023-05-29,6,0,1,1,3,0,0,0,0,3.4,1.6,0.0,1.0,2.4
608032,2023-06-04,3,0,1,0,2,0,0,0,0,4.0,1.6,0.2,0.8,2.8
608032,2023-06-06,5,2,0,2,3,0,0,0,0,3.8,1.2,0.4,0.4,2.8
608032,2023-06-08,3,1,0,0,3,0,0,0,0,4.2,1.2,0.4,0.8,2.8
608032,2023-06-09,5,1,1,1,3,0,0,0,0,4.0,1.2,0.4,0.6,2.8
608032,2023-06-12,5,2,1,1,3,0,0,0,0,4.4,0.8,0.6,0.8,2.8
608032,2023-06-13,2,1,0,0,2,0,0,0,0,4.2,1.2,0.6,0.8,2.8
608032,2023-06-15,3,0,3,0,0,0,0,0,1,4.0,1.4,0.4,0.8,2.8
608032,2023-06-18,3,1,0,0,3,0,0,0,0,3.6,1.0,1.0,0.4,2.2
608032,2023-06-26,2,0,0,1,1,0,0,0,0,3.6,1.0,1.0,0.4,2.2
608032,2023-06-27,5,1,0,4,1,0,0,0,0,3.0,0.8,0.8,0.4,1.8
608328,2023-05-07,12,1,0,6,6,0,0,1,0,3.0,0.0,2.0,0.0,1.0
608328,2023-06-06,13,2,1,5,6,0,0,1,0,7.5,0.5,1.0,3.0,3.5
608337,2023-05-09,25,9,2,5,18,1,1,1,1,26.0,7.0,3.0,2.0,21.0
608337,2023-05-14,23,6,0,7,16,1,1,1,0,25.5,8.0,2.5,3.5,19.5
608337,2023-05-20,23,4,1,6,18,0,1,1,0,24.666666666666668,7.333333333333333,1.6666666666666667,4.666666666666667,18.333333333333332
608337,2023-05-25,21,4,7,6,9,0,0,1,1,24.25,6.5,1.5,5.0,18.25
608337,2023-05-30,21,5,2,4,15,1,0,0,1,23.6,6.0,2.6,5.2,16.4
608337,2023-06-06,21,7,3,0,18,1,1,0,1,22.6,5.6,2.4,5.6,15.2
608337,2023-06-11,28,8,1,6,21,1,1,1,0,21.8,5.2,2.6,4.6,15.2
608337,2023-06-17,25,5,3,8,14,1,0,1,1,22.8,5.6,2.8,4.4,16.2
608337,2023-06-23,23,10,1,3,18,1,1,0,0,23.2,5.8,3.2,4.8,15.4
608337,2023-06-28,27,9,0,6,21,1,1,1,0,23.6,7.0,2.0,4.2,17.2
608344,2023-06-10,22,5,0,6,16,1,1,1,0,2.0,0.0,0.0,1.0,1.0
608344,2023-06-16,18,4,1,5,12,0,0,1,0,12.0,2.5,0.0,3.5,8.5
608344,2023-06-21,6,2,1,2,3,0,0,0,0,14.0,3.0,0.3333333333333333,4.0,9.666666666666666
608344,2023-06-26,12,3,0,3,9,0,0,0,0,12.0,2.75,0.5,3.5,8.0
608371,2023-05-05,4,1,1,0,3,0,0,0,0,3.0,2.0,0.0,0.0,3.0
608371,2023-05-09,3,0,1,1,1,0,0,0,0,3.5,1.5,0.5,0.0,3.0
608371,2023-05-11,7,3,2,0,5,0,0,0,1,3.3333333333333335,1.0,0.6666666666666666,0.3333333333333333,2.3333333333333335
608371,2023-05-13,1,0,0,0,1,0,0,0,0,4.25,1.5,1.0,0.25,3.0
608371,2023-05-15,4,1,1,1,2,0,0,0,0,3.6,1.2,0.8,0.2,2.6
608371,2023-05-17,5,0,1,2,1,0,0,0,0,3.8,1.0,1.0,0.4,2.4
608371,2023-05-20,5,2,1,0,4,0,0,0,0,4.0,0.8,1.0,0.8,2.0
608371,2023-05-22,4,1,1,0,3,0,0,0,0,4.4,1.2,1.0,0.6,2.6
608371,2023-05-25,7,2,1,2,4,0,0,0,0,3.8,0.8,0.8,0.6,2.2
608371,2023-05-28,6,1,2,1,3,0,0,0,1,5.0,1.2,1.0,1.0,2.8
608371,2023-05-31,5,1,0,2,3,0,0,0,0,5.4,1.2,1.2,1.0,3.0
608371,2023-06-02,3,2,0,0,3,0,0,0,0,5.4,1.4,1.0,1.0,3.4
608371,2023-06-05,2,0,0,1,1,0,0,0,0,5.0,1.4,0.8,1.0,3.2
608371,2023-06-07,3,1,0,0,3,0,0,0,0,4.6,1.2,0.6,1.2,2.8
608371,2023-06-10,3,0,1,0,2,0,0,0,0,3.8,1.0,0.4,0.8,2.6
608371,2023-06-11,4,1,1,0,3,0,0,0,0,3.2,0.8,0.2,0.6,2.4
608371,2023-06-13,6,3,0,1,5,0,0,0,0,3.0,0.8,0.4,0.2,2.4
608371,2023-06-16,3,0,0,0,3,0,0,0,0,3.6,1.0,0.4,0.4,2.8
608371,2023-06-18,3,2,0,0,3,0,0,0,0,3.8,1.0,0.4,0.2,3.2
608371,2023-06-19,4,2,0,0,3,0,0,0,0,3.8,1.2,0.4,0.2,3.2
608371,2023-06-21,3,2,0,0,3,0,0,0,0,4.0,1.6,0.2,0.2,3.4
608371,2023-06-23,6,3,0,3,3,0,0,0,0,3.8,1.8,0.0,0.2,3.4
608371,2023-06-27,5,1,2,0,2,0,0,0,1,3.8,1.8,0.0,0.6,3.0
608371,2023-06-28,1,0,0,0,1,0,0,0,0,4.2,2.0,0.4,0.6,2.8
608371,2023-06-30,5,2,0,1,4,0,0,0,0,3.8,1.6,0.4,0.6,2.4
608379,2023-05-09,24,4,3,3,18,0,1,0,1,23.0,3.0,2.0,2.0,18.0
608379,2023-05-15,24,11,1,1,21,1,1,0,0,23.5,3.5,2.5,2.5,18.0
608379,2023-05-21,20,4,1,5,14,0,0,1,0,23.666666666666668,6.0,2.0,2.0,19.0
608379,2023-05-27,24,4,0,5,19,0,1,1,0,22.75,5.5,1.75,2.75,17.75
608379,2023-06-02,22,8,5,3,14,1,0,0,1,23.0,5.2,1.4,3.2,18.0
608379,2023-06-07,21,7,1,2,18,1,1,0,0,22.8,6.2,2.0,3.4,17.2
608379,2023-06-14,24,5,1,4,20,1,1,0,0,22.2,6.8,1.6,3.2,17.2
608379,2023-06-19,24,0,2,4,18,0,1,0,1,22.2,5.6,1.6,3.8,17.0
608638,2023-05-22,6,0,1,2,3,0,0,0,0,4.0,2.0,0.0,1.0,3.0
608638,2023-05-25,3,1,0,1,2,0,0,0,0,5.0,1.0,0.5,1.5,3.0
608638,2023-05-26,3,0,0,0,3,0,0,0,0,4.333333333333333,1.0,0.3333333333333333,1.3333333333333333,2.6666666666666665
608638,2023-05-28,4,0,1,2,1,0,0,0,0,4.0,0.75,0.25,1.0,2.75
608638,2023-05-30,3,0,1,2,0,0,0,0,0,4.0,0.6,0.4,1.2,2.4
608638,2023-06-02,4,2,1,0,3,0,0,0,0,3.8,0.2,0.6,1.4,1.8
608638,2023-06-05,4,1,0,1,3,0,0,0,0,3.4,0.6,0.6,1.0,1.8
608638,2023-06-09,2,1,0,1,1,0,0,0,0,3.6,0.6,0.6,1.0,2.0
608638,2023-06-11,5,1,0,3,2,0,0,0,0,3.4,0.8,0.6,1.2,1.6
608638,2023-06-13,4,0,0,1,3,0,0,0,0,3.6,1.0,0.4,1.4,1.8
608638,2023-06-19,4,0,0,1,3,0,0,0,0,3.8,1.0,0.2,1.2,2.4
608638,2023-06-20,5,1,1,0,4,0,0,0,0,3.8,0.6,0.0,1.4,2.4
608638,2023-06-24,5,0,0,1,4,0,0,0,0,4.0,0.6,0.2,1.2,2.6
608638,2023-06-30,4,1,1,0,3,0,0,0,0,4.6,0.4,0.2,1.2,3.2
608665,2023-05-04,4,2,1,0,3,0,0,0,0,3.0,1.0,0.0,0.0,3.0
608665,2023-05-08,4,1,1,0,3,0,0,0,0,3.5,1.5,0.5,0.0,3.0
608665,2023-05-09,3,0,0,0,3,0,0,0,0,3.6666666666666665,1.3333333333333333,0.6666666666666666,0.0,3.0
608665,2023-05-13,4,1,0,1,3,0,0,0,0,3.5,1.0,0.5,0.0,3.0
608665,2023-05-17,2,0,1,0,1,0,0,0,0,3.6,1.0,0.4,0.2,3.0
608665,2023-05-19,3,0,0,0,3,0,0,0,0,3.4,0.8,0.6,0.2,2.6
608665,2023-05-20,3,2,0,0,3,0,0,0,0,3.2,0.4,0.4,0.2,2.6
608665,2023-05-23,3,1,1,1,1,0,0,0,0,3.0,0.6,0.2,0.2,2.6
608665,2023-05-28,3,0,0,0,3,0,0,0,0,3.0,0.8,0.4,0.4,2.2
608665,2023-05-30,6,3,1,0,4,0,0,0,0,2.8,0.6,0.4,0.2,2.2
608665,2023-06-02,3,1,0,0,3,0,0,0,0,3.6,1.2,0.4,0.2,2.8
608665,2023-06-03,3,1,0,0,3,0,0,0,0,3.6,1.4,0.4,0.2,2.8
608665,2023-06-06,3,1,0,0,3,0,0,0,0,3.6,1.2,0.4,0.2,2.8
608665,2023-06-08,3,0,1,1,1,0,0,0,0,3.6,1.2,0.2,0.0,3.2
608665,2023-06-09,3,0,0,0,3,0,0,0,0,3.6,1.2,0.4,0.2,2.8
608665,2023-06-11,5,0,1,2,2,0,0,0,0,3.0,0.6,0.2,0.2,2.6
608665,2023-06-14,2,0,1,0,1,0,0,0,0,3.4,0.4,0.4,0.6,2.4
608665,2023-06-15,5,2,1,1,3,0,0,0,0,3.2,0.2,0.6,0.6,2.0
608665,2023-06-19,2,1,0,1,1,0,0,0,0,3.6,0.4,0.8,0.8,2.0
608665,2023-06-20,3,0,0,0,3,0,0,0,0,3.4,0.6,0.6,0.8,2.0
608665,2023-06-24,7,2,2,2,3,0,0,0,1,3.4,0.6,0.6,0.8,2.0
608665,2023-06-28,6,0,0,3,3,0,0,0,0,3.8,1.0,0.8,0.8,2.2
608665,2023-06-29,5,2,0,2,3,0,0,0,0,4.6,1.0,0.6,1.4,2.6
608678,2023-05-06,5,2,1,1,3,0,0,0,0,3.0,1.0,0.0,0.0,3.0
608678,2023-05-07,6,0,0,3,3,0,0,0,0,4.0,1.5,0.5,0.5,3.0
608678,2023-05-13,9,0,0,3,6,0,0,0,0,4.666666666666667,1.0,0.3333333333333333,1.3333333333333333,3.0
608678,2023-05-16,4,1,0,1,3,0,0,0,0,5.75,0.75,0.25,1.75,3.75
608678,2023-05-19,6,0,1,4,1,0,0,0,0,5.4,0.8,0.2,1.6,3.6
608678,2023-05-23,6,3,1,1,4,0,0,0,0,6.0,0.6,0.4,2.4,3.2
608678,2023-05-27,4,0,0,1,3,0,0,0,0,6.2,0.8,0.4,2.4,3.4
608678,2023-05-28,3,3,0,0,3,0,0,0,0,5.8,0.8,0.4,2.0,3.4
608678,2023-06-02,3,1,0,0,3,0,0,0,0,4.6,1.4,0.4,1.4,2.8
608678,2023-06-04,6,0,0,2,4,0,0,0,0,4.4,1.4,0.4,1.2,2.8
608678,2023-06-07,3,0,0,0,3,0,0,0,0,4.4,1.4,0.2,0.8,3.4
608678,2023-06-13,5,2,0,0,5,0,0,0,0,3.8,0.8,0.0,0.6,3.2
608678,2023-06-14,3,1,0,0,3,0,0,0,0,4.0,1.2,0.0,0.4,3.6
608678,2023-06-16,3,1,0,1,1,0,0,0,0,4.0,0.8,0.0,0.4,3.6
608678,2023-06-18,2,1,1,0,1,0,0,0,0,4.0,0.8,0.0,0.6,3.2
608678,2023-06-21,8,2,0,4,4,0,0,0,0,3.2,1.0,0.2,0.2,2.6
608678,2023-06-25,5,0,2,0,3,0,0,0,1,4.2,1.4,0.2,1.0,2.8
608678,2023-06-27,4,3,0,0,4,0,0,0,0,4.2,1.0,0.6,1.0,2.4
608678,2023-06-29,4,0,1,1,2,0,0,0,0,4.4,1.4,0.6,1.0,2.6
608717,2023-05-04,5,3,0,1,4,0,0,0,0,6.0,2.0,0.0,0.0,6.0
608717,2023-05-06,6,3,0,1,5,0,0,0,0,5.5,2.5,0.0,0.5,5.0
608717,2023-05-09,5,2,1,1,3,0,0,0,0,5.666666666666667,2.6666666666666665,0.0,0.6666666666666666,5.0
608717,2023-05-14,3,2,0,0,3,0,0,0,0,5.5,2.5,0.25,0.75,4.5
608717,2023-05-18,3,1,0,0,3,0,0,0,0,5.0,2.4,0.2,0.6,4.2
608717,2023-05-19,12,2,2,4,6,0,0,0,1,4.4,2.2,0.2,0.6,3.6
608717,2023-05-23,4,1,0,0,3,0,0,0,0,5.8,2.0,0.6,1.2,4.0
608717,2023-05-24,9,2,0,4,5,0,0,0,0,5.4,1.6,0.6,1.0,3.6
608717,2023-05-26,6,3,0,0,6,0,0,0,0,6.2,1.6,0.4,1.6,4.0
608717,2023-05-29,2,1,0,0,2,0,0,0,0,6.8,1.8,0.4,1.6,4.6
608717,2023-06-03,3,3,0,0,3,0,0,0,0,6.6,1.8,0.4,1.6,4.4
608717,2023-06-06,7,1,1,3,3,0,0,0,0,4.8,2.0,0.0,0.8,3.8
608717,2023-06-09,6,1,2,2,2,0,0,0,1,5.4,2.0,0.2,1.4,3.8
608717,2023-06-11,5,1,0,1,4,0,0,0,0,4.8,1.8,0.6,1.0,3.2
608717,2023-06-12,6,0,0,3,3,0,0,0,0,4.6,1.4,0.6,1.2,2.8
608717,2023-06-18,6,1,2,1,3,0,0,0,1,5.4,1.2,0.6,1.8,3.0
608717,2023-06-28,3,1,0,0,3,0,0,0,0,6.0,0.8,1.0,2.0,3.0
608718,2023-05-05,8,2,0,2,6,0,0,0,0,4.0,1.0,0.0,1.0,3.0
608718,2023-05-07,8,3,0,3,5,0,0,0,0,6.0,1.5,0.0,1.5,4.5
608718,2023-05-09,4,2,1,0,3,0,0,0,0,6.666666666666667,2.0,0.0,2.0,4.666666666666667
608718,2023-05-13,8,1,0,2,6,0,0,0,0,6.0,2.0,0.25,1.5,4.25
608718,2023-05-15,6,3,0,1,5,0,0,0,0,6.4,1.8,0.2,1.6,4.6
608718,2023-05-17,3,0,1,0,3,0,0,0,0,6.8,2.2,0.2,1.6,5.0
608718,2023-05-21,3,0,0,0,3,0,0,0,0,5.8,1.8,0.4,1.2,4.4
608718,2023-05-23,10,2,1,3,6,0,0,0,0,4.8,1.2,0.4,0.6,4.0
608718,2023-05-25,1,0,0,0,1,0,0,0,0,6.0,1.2,0.4,1.2,4.6
608718,2023-05-27,5,0,0,4,1,0,0,0,0,4.6,1.0,0.4,0.8,3.6
608718,2023-05-31,4,0,1,0,3,0,0,0,0,4.4,0.4,0.4,1.4,2.8
608718,2023-06-02,7,1,0,1,6,0,0,0,0,4.6,0.4,0.4,1.4,2.8
608718,2023-06-04,3,1,0,0,3,0,0,0,0,5.4,0.6,0.4,1.6,3.4
608718,2023-06-07,3,0,0,3,0,0,0,0,0,4.0,0.4,0.2,1.0,2.8
608718,2023-06-09,7,1,0,1,6,0,0,0,0,4.4,0.4,0.2,1.6,2.6
608718,2023-06-12,6,0,0,1,5,0,0,0,0,4.8,0.6,0.2,1.0,3.6
608718,2023-06-14,3,0,1,1,1,0,0,0,0,5.2,0.6,0.0,1.2,4.0
608718,2023-06-18,7,2,1,3,3,0,0,0,0,4.4,0.4,0.2,1.2,3.0
608718,2023-06-20,4,0,0,1,3,0,0,0,0,5.2,0.6,0.4,1.8,3.0
608723,2023-05-07,6,2,0,0,6,0,0,0,0,4.0,1.0,0.0,1.0,3.0
608723,2023-05-10,6,1,0,2,4,0,0,0,0,5.0,1.5,0.0,0.5,4.5
608723,2023-05-12,3,0,1,2,0,0,0,0,0,5.333333333333333,1.3333333333333333,0.0,1.0,4.333333333333333
608723,2023-05-14,4,2,0,0,3,0,0,0,0,4.75,1.0,0.25,1.25,3.25
608723,2023-05-15,3,0,0,0,3,0,0,0,0,4.6,1.2,0.2,1.0,3.2
608723,2023-05-18,3,1,0,1,1,0,0,0,0,4.4,1.0,0.2,0.8,3.2
608723,2023-05-21,6,3,0,2,4,0,0,0,0,3.8,0.8,0.2,1.0,2.2
608723,2023-05-26,14,1,2,2,9,0,0,0,1,3.8,1.2,0.2,1.0,2.2
608723,2023-05-31,15,3,3,5,7,0,0,1,1,6.0,1.4,0.4,1.0,4.0
608723,2023-06-04,3,1,0,0,3,0,0,0,0,8.2,1.6,1.0,2.0,4.8
608723,2023-06-06,4,1,1,1,2,0,0,0,0,8.2,1.8,1.0,2.0,4.8
608723,2023-06-10,3,1,2,0,1,0,0,0,1,8.4,1.8,1.2,2.0,5.0
608723,2023-06-13,5,0,1,3,1,0,0,0,0,7.8,1.4,1.6,1.6,4.4
611093,2023-05-17,6,1,0,1,5,0,0,0,0,3.0,1.0,0.0,0.0,3.0
611093,2023-05-19,6,0,3,1,2,0,0,0,1,4.5,1.0,0.0,0.5,4.0
611093,2023-05-23,6,2,2,0,4,0,0,0,1,5.0,0.6666666666666666,1.0,0.6666666666666666,3.3333333333333335
611093,2023-06-24,9,2,1,3,5,0,0,0,0,5.25,1.0,1.25,0.5,3.5
612434,2023-05-05,3,0,0,0,3,0,0,0,0,5.0,1.0,1.0,1.0,3.0
612434,2023-05-06,1,0,0,0,1,0,0,0,0,4.0,0.5,0.5,0.5,3.0
612434,2023-05-07,5,1,0,3,2,0,0,0,0,3.0,0.3333333333333333,0.3333333333333333,0.3333333333333333,2.3333333333333335
612434,2023-05-10,4,1,0,1,3,0,0,0,0,3.5,0.5,0.25,1.0,2.25
612434,2023-05-12,3,1,0,1,2,0,0,0,0,3.6,0.6,0.2,1.0,2.4
612434,2023-05-14,3,2,0,0,3,0,0,0,0,3.2,0.6,0.0,1.0,2.2
612434,2023-05-15,3,0,1,0,3,0,0,0,0,3.2,1.0,0.0,1.0,2.2
612434,2023-05-17,3,1,0,0,3,0,0,0,0,3.6,1.0,0.2,1.0,2.6
612434,2023-05-20,4,3,1,0,3,0,0,0,0,3.2,1.0,0.2,0.4,2.8
612434,2023-05-22,4,1,0,2,2,0,0,0,0,3.2,1.4,0.4,0.2,2.8
612434,2023-05-23,3,0,0,0,3,0,0,0,0,3.4,1.4,0.4,0.4,2.8
612434,2023-05-27,3,0,0,0,3,0,0,0,0,3.4,1.0,0.4,0.4,2.8
612434,2023-05-28,4,2,0,1,3,0,0,0,0,3.4,1.0,0.2,0.4,2.8
612434,2023-06-02,5,0,0,2,3,0,0,0,0,3.6,1.2,0.2,0.6,2.8
612434,2023-06-04,5,1,1,2,2,0,0,0,0,3.8,0.6,0.0,1.0,2.8
612434,2023-06-09,2,0,0,1,1,0,0,0,0,4.0,0.6,0.2,1.0,2.8
612434,2023-06-12,5,1,0,2,3,0,0,0,0,3.8,0.6,0.2,1.2,2.4
612434,2023-06-15,4,1,0,0,4,0,0,0,0,4.2,0.8,0.2,1.6,2.4
612434,2023-06-17,1,0,0,0,1,0,0,0,0,4.2,0.6,0.2,1.4,2.6
612434,2023-06-19,2,0,1,0,1,0,0,0,0,3.4,0.6,0.2,1.0,2.2
612434,2023-06-22,1,0,0,0,1,0,0,0,0,2.8,0.4,0.2,0.6,2.0
612434,2023-06-27,3,0,0,0,3,0,0,0,0,2.6,0.4,0.2,0.4,2.0
612434,2023-06-28,3,0,0,0,3,0,0,0,0,2.2,0.2,0.2,0.0,2.0
612434,2023-06-30,4,1,0,0,3,0,0,0,0,2.0,0.0,0.2,0.0,1.8
613534,2023-05-22,3,2,1,0,2,0,0,0,0,2.0,0.0,0.0,0.0,2.0
613534,2023-05-27,2,1,0,0,2,0,0,0,0,2.5,1.0,0.5,0.0,2.0
613534,2023-05-31,4,1,0,1,3,0,0,0,0,2.3333333333333335,1.0,0.3333333333333333,0.0,2.0
613534,2023-06-02,3,2,0,0,3,0,0,0,0,2.75,1.0,0.25,0.25,2.25
613534,2023-06-04,2,0,0,1,1,0,0,0,0,2.8,1.2,0.2,0.2,2.4
613534,2023-06-07,1,0,0,0,1,0,0,0,0,2.8,1.2,0.2,0.4,2.2
613534,2023-06-10,4,2,0,0,4,0,0,0,0,2.4,0.8,0.0,0.4,2.0
613534,2023-06-12,4,0,1,1,1,0,0,0,0,2.8,1.0,0.0,0.4,2.4
613534,2023-06-14,4,2,0,1,3,0,0,0,0,2.8,0.8,0.2,0.4,2.0
613534,2023-06-18,5,1,1,1,3,0,0,0,0,3.0,0.8,0.2,0.6,2.0
613534,2023-06-20,6,2,1,2,3,0,0,0,0,3.6,1.0,0.4,0.6,2.4
613534,2023-06-29,3,2,0,0,3,0,0,0,0,4.6,1.4,0.6,1.0,2.8
613534,2023-06-30,1,0,0,0,1,0,0,0,0,4.4,1.4,0.6,1.0,2.6
614179,2023-05-06,4,3,0,0,4,0,0,0,0,5.0,2.0,1.0,1.0,3.0
614179,2023-05-08,6,1,0,3,3,0,0,0,0,4.5,2.5,0.5,0.5,3.5
614179,2023-05-11,7,0,1,3,3,0,0,0,0,5.0,2.0,0.3333333333333333,1.3333333333333333,3.3333333333333335
614179,2023-05-14,7,4,0,1,6,0,0,0,0,5.5,1.5,0.5,1.75,3.25
614179,2023-05-16,7,0,1,1,4,0,0,0,0,5.8,2.0,0.4,1.6,3.8
614179,2023-05-17,5,2,1,1,3,0,0,0,0,6.2,1.6,0.4,1.6,4.0
614179,2023-05-23,4,0,0,1,2,0,0,0,0,6.4,1.4,0.6,1.8,3.8
614179,2023-05-24,8,1,2,3,3,0,0,0,1,6.0,1.2,0.6,1.4,3.6
614179,2023-05-26,5,0,1,1,3,0,0,0,0,6.2,1.4,0.8,1.4,3.6
614179,2023-05-28,2,0,1,0,1,0,0,0,0,5.8,0.6,1.0,1.4,3.0
614179,2023-05-31,3,1,0,0,3,0,0,0,0,4.8,0.6,1.0,1.2,2.4
614179,2023-06-01,4,1,0,1,3,0,0,0,0,4.4,0.4,0.8,1.0,2.4
614179,2023-06-06,5,1,0,0,5,0,0,0,0,4.4,0.6,0.8,1.0,2.6
614179,2023-06-10,6,2,1,1,4,0,0,0,0,3.8,0.6,0.4,0.4,3.0
614179,2023-06-13,7,1,2,3,2,0,0,0,1,4.0,1.0,0.4,0.4,3.2
614179,2023-06-18,10,0,1,5,4,0,0,1,0,5.0,1.2,0.6,1.0,3.4
614179,2023-06-20,4,2,0,0,4,0,0,0,0,6.4,1.0,0.8,2.0,3.6
614179,2023-06-24,3,1,0,0,3,0,0,0,0,6.4,1.2,0.8,1.8,3.8
614179,2023-06-27,4,0,0,1,3,0,0,0,0,6.0,1.2,0.8,1.8,3.4
614179,2023-06-29,2,0,1,0,1,0,0,0,0,5.6,0.8,0.6,1.8,3.2
615698,2023-05-07,24,4,3,1,19,0,1,0,1,28.0,2.0,1.0,6.0,22.0
615698,2023-05-13,26,2,3,6,16,0,1,1,1,26.0,3.0,2.0,3.5,20.5
615698,2023-05-19,24,6,0,6,16,1,1,1,0,26.0,2.6666666666666665,2.3333333333333335,4.333333333333333,19.0
615698,2023-05-24,19,2,3,4,12,0,0,0,1,25.5,3.5,1.75,4.75,18.25
615698,2023-05-30,22,3,2,8,11,0,0,1,1,24.2,3.2,2.0,4.6,17.0
615698,2023-06-30,18,1,2,8,8,0,0,1,1,23.0,3.4,2.2,5.0,14.8
621016,2023-05-08,1,0,0,0,1,0,0,0,0,8.0,1.0,1.0,3.0,4.0
621016,2023-05-10,5,3,1,1,3,0,0,0,0,4.5,0.5,0.5,1.5,2.5
621016,2023-05-12,2,1,0,0,2,0,0,0,0,4.666666666666667,1.3333333333333333,0.6666666666666666,1.3333333333333333,2.6666666666666665
621016,2023-05-14,6,2,0,1,5,0,0,0,0,4.0,1.25,0.5,1.0,2.5
621016,2023-05-17,4,1,1,1,2,0,0,0,0,4.4,1.4,0.4,1.0,3.0
621016,2023-05-20,4,2,0,1,3,0,0,0,0,3.6,1.4,0.4,0.6,2.6
621016,2023-05-22,3,0,1,0,2,0,0,0,0,4.2,1.8,0.4,0.8,3.0
621016,2023-05-23,7,2,1,2,4,0,0,0,0,3.8,1.2,0.4,0.6,2.8
621016,2023-05-26,9,2,1,4,3,0,0,0,0,4.8,1.4,0.6,1.0,3.2
621016,2023-05-28,3,1,0,0,3,0,0,0,0,5.4,1.4,0.8,1.6,2.8
621016,2023-05-30,3,0,0,0,3,0,0,0,0,5.2,1.4,0.6,1.4,3.0
621016,2023-06-02,4,2,0,1,3,0,0,0,0,5.0,1.0,0.6,1.2,3.0
621016,2023-06-06,1,1,0,0,1,0,0,0,0,5.2,1.4,0.4,1.4,3.2
621016,2023-06-07,3,1,0,2,1,0,0,0,0,4.0,1.2,0.2,1.0,2.6
621016,2023-06-12,5,1,1,1,3,0,0,0,0,2.8,1.0,0.0,0.6,2.2
621016,2023-06-14,3,3,0,0,3,0,0,0,0,3.2,1.0,0.2,0.8,2.2
621016,2023-06-16,3,0,1,0,1,0,0,0,0,3.2,1.6,0.2,0.8,2.2
621016,2023-06-19,2,0,1,0,1,0,0,0,0,3.0,1.2,0.4,0.6,1.8
621016,2023-06-22,7,1,1,2,4,0,0,0,0,3.2,1.0,0.6,0.6,1.8
621016,2023-06-23,3,0,1,2,0,0,0,0,0,4.0,1.0,0.8,0.6,2.4
621016,2023-06-28,4,2,0,1,3,0,0,0,0,3.6,0.8,0.8,0.8,1.8
621016,2023-06-30,5,0,2,0,3,0,0,0,1,3.8,0.6,0.8,1.0,1.8
621051,2023-05-06,5,1,1,0,3,0,0,0,0,3.0,2.0,0.0,0.0,3.0
621051,2023-05-07,4,2,1,0,3,0,0,0,0,4.0,1.5,0.5,0.0,3.0
621051,2023-05-09,2,2,0,0,2,0,0,0,0,4.0,1.6666666666666667,0.6666666666666666,0.0,3.0
621051,2023-05-11,3,1,1,1,1,0,0,0,0,3.5,1.75,0.5,0.0,2.75
621051,2023-05-16,4,0,0,2,2,0,0,0,0,3.4,1.6,0.6,0.2,2.4
621051,2023-05-17,5,2,0,1,4,0,0,0,0,3.6,1.2,0.6,0.6,2.2
621051,2023-05-20,5,0,0,1,4,0,0,0,0,3.6,1.4,0.4,0.8,2.4
621051,2023-05-26,6,2,0,1,5,0,0,0,0,3.8,1.0,0.2,1.0,2.6
621051,2023-05-30,4,0,1,0,3,0,0,0,0,4.6,1.0,0.2,1.2,3.2
621051,2023-05-31,3,1,0,0,3,0,0,0,0,4.8,0.8,0.2,1.0,3.6
621051,2023-06-02,6,2,0,1,5,0,0,0,0,4.6,1.0,0.2,0.6,3.8
621051,2023-06-05,4,1,0,0,3,0,0,0,0,4.8,1.0,0.2,0.6,4.0
621051,2023-06-06,4,1,0,3,1,0,0,0,0,4.6,1.2,0.2,0.4,3.8
621051,2023-06-10,5,2,0,0,5,0,0,0,0,4.2,1.0,0.2,0.8,3.0
621051,2023-06-13,4,1,1,0,3,0,0,0,0,4.4,1.4,0.0,0.8,3.4
621051,2023-06-14,1,1,0,0,1,0,0,0,0,4.6,1.4,0.2,0.8,3.4
621051,2023-06-17,3,2,0,0,3,0,0,0,0,3.6,1.2,0.2,0.6,2.6
621051,2023-06-18,5,1,1,1,3,0,0,0,0,3.4,1.4,0.2,0.6,2.6
621051,2023-06-20,3,0,0,0,3,0,0,0,0,3.6,1.4,0.4,0.2,3.0
621051,2023-06-24,5,0,1,1,3,0,0,0,0,3.2,1.0,0.4,0.2,2.6
621057,2023-05-17,3,1,0,0,3,0,0,0,0,3.0,0.0,0.0,0.0,3.0
621057,2023-05-21,3,1,0,0,3,0,0,0,0,3.0,0.5,0.0,0.0,3.0
621057,2023-05-23,2,1,0,0,2,0,0,0,0,3.0,0.6666666666666666,0.0,0.0,3.0
621057,2023-05-24,3,0,0,0,3,0,0,0,0,2.75,0.75,0.0,0.0,2.75
621057,2023-05-30,9,2,1,3,5,0,0,0,0,2.8,0.6,0.0,0.0,2.8
621057,2023-06-01,4,1,0,0,4,0,0,0,0,4.0,1.0,0.2,0.6,3.2
621057,2023-06-03,6,2,2,0,4,0,0,0,1,4.2,1.0,0.2,0.6,3.4
621057,2023-06-07,5,0,0,3,2,0,0,0,0,4.8,1.2,0.6,0.6,3.6
621057,2023-06-12,1,0,0,0,1,0,0,0,0,5.4,1.0,0.6,1.2,3.6
621057,2023-06-13,7,1,1,2,3,0,0,0,0,5.0,1.0,0.6,1.2,3.2
621057,2023-06-19,10,3,2,2,6,0,0,0,1,4.6,0.8,0.6,1.0,2.8
621057,2023-06-22,7,2,0,4,3,0,0,0,0,5.8,1.2,1.0,1.4,3.2
621057,2023-06-27,10,1,1,3,6,0,0,0,0,6.0,1.2,0.6,2.2,3.0
621074,2023-05-06,6,1,0,2,5,0,0,0,0,2.0,0.0,0.0,0.0,2.0
621074,2023-05-09,2,1,0,0,2,0,0,0,0,4.0,0.5,0.0,1.0,3.5
621074,2023-05-13,5,2,0,2,3,0,0,0,0,3.3333333333333335,0.6666666666666666,0.0,0.6666666666666666,3.0
621074,2023-05-14,7,1,1,2,4,0,0,0,0,3.75,1.0,0.0,1.0,3.0
621074,2023-05-20,13,2,2,4,7,0,0,0,1,4.4,1.0,0.2,1.2,3.2
621074,2023-05-25,15,3,2,7,6,0,0,1,1,6.6,1.4,0.6,2.0,4.2
621074,2023-05-28,9,1,1,4,4,0,0,0,0,8.4,1.8,1.0,3.0,4.4
621074,2023-06-07,9,3,1,1,6,0,0,0,0,9.8,1.8,1.2,3.8,4.8
621074,2023-06-11,3,1,1,1,1,0,0,0,0,10.6,2.0,1.4,3.6,5.4
621074,2023-06-15,3,1,0,0,3,0,0,0,0,9.8,2.0,1.4,3.4,4.8
621074,2023-06-19,6,2,0,0,6,0,0,0,0,7.8,1.8,1.0,2.6,4.0
621074,2023-06-27,3,1,0,0,3,0,0,0,0,6.0,1.6,0.6,1.2,4.0
621074,2023-06-28,3,0,0,0,3,0,0,0,0,4.8,1.6,0.4,0.4,3.8
621074,2023-06-30,4,2,0,1,3,0,0,0,0,3.6,1.0,0.2,0.2,3.2
621076,2023-05-21,19,5,4,3,12,1,0,0,1,26.0,7.0,1.0,6.0,19.0
621076,2023-05-26,23,4,2,8,13,0,0,1,1,22.5,6.0,2.5,4.5,15.5
621076,2023-05-31,20,4,0,5,14,0,0,1,0,22.666666666666668,5.333333333333333,2.3333333333333335,5.666666666666667,14.666666666666666
621076,2023-06-06,27,1,5,4,18,0,1,0,1,22.0,5.0,1.75,5.5,14.5
621076,2023-06-12,24,4,3,5,16,0,1,1,1,23.0,4.2,2.4,5.2,15.2
621076,2023-06-17,21,6,0,5,16,1,1,1,0,22.6,3.6,2.8,5.0,14.6
621076,2023-06-23,24,8,1,6,17,1,1,1,0,23.0,3.8,2.0,5.4,15.4
621107,2023-05-09,26,4,1,7,18,0,1,1,0,22.0,10.0,0.0,3.0,19.0
621107,2023-05-14,23,9,1,7,16,1,1,1,0,24.0,7.0,0.5,5.0,18.5
621107,2023-05-20,24,8,0,4,20,1,1,0,0,23.666666666666668,7.666666666666667,0.6666666666666666,5.666666666666667,17.666666666666668
621107,2023-05-25,25,0,2,6,17,0,1,1,1,23.75,7.75,0.5,5.25,18.25
621107,2023-05-31,21,5,1,4,16,1,1,0,0,24.0,6.2,0.8,5.4,18.0
621107,2023-06-06,24,9,1,3,20,1,1,0,0,23.8,5.2,1.0,5.6,17.4
621107,2023-06-12,19,6,2,5,12,1,0,1,1,23.4,6.2,1.0,4.8,17.8
621107,2023-06-17,24,5,2,4,18,1,1,0,1,22.6,5.6,1.2,4.4,17.0
621107,2023-06-23,25,7,2,7,17,1,1,1,1,22.6,5.0,1.6,4.4,16.6
621107,2023-06-28,28,7,0,7,21,1,1,1,0,22.6,6.4,1.6,4.6,16.6
621112,2023-06-04,24,3,2,7,15,0,0,1,1,18.0,6.0,2.0,4.0,12.0
621112,2023-06-10,22,5,1,4,17,1,1,0,0,21.0,4.5,2.0,5.5,13.5
621112,2023-06-15,26,9,1,7,17,1,1,1,0,21.333333333333332,4.666666666666667,1.6666666666666667,5.0,14.666666666666666
621112,2023-06-21,26,7,1,9,15,1,0,1,0,22.5,5.75,1.5,5.5,15.25
621112,2023-06-27,21,5,1,4,16,1,1,0,0,23.2,6.0,1.4,6.2,15.2
621139,2023-06-23,8,3,0,1,7,0,0,0,0,4.0,0.0,2.0,1.0,1.0
621139,2023-06-28,6,2,1,1,4,0,0,0,0,6.0,1.5,1.0,1.0,4.0
621139,2023-06-30,7,1,1,0,6,0,0,0,0,6.0,1.6666666666666667,1.0,1.0,4.0
621237,2023-05-07,4,0,0,1,3,0,0,0,0,3.0,0.0,0.0,2.0,1.0
621237,2023-06-09,5,2,1,1,3,0,0,0,0,3.5,0.0,0.0,1.5,2.0
621237,2023-06-11,6,2,2,1,3,0,0,0,1,4.0,0.6666666666666666,0.3333333333333333,1.3333333333333333,2.3333333333333335
621237,2023-06-14,4,1,1,0,3,0,0,0,0,4.5,1.0,0.75,1.25,2.5
621237,2023-06-17,4,1,0,1,3,0,0,0,0,4.4,1.0,0.8,1.0,2.6
621237,2023-06-18,5,3,0,2,3,0,0,0,0,4.6,1.2,0.8,0.8,3.0
621237,2023-06-22,4,0,0,1,3,0,0,0,0,4.8,1.8,0.8,1.0,3.0
621237,2023-06-23,4,1,1,0,3,0,0,0,0,4.6,1.4,0.6,1.0,3.0
621237,2023-06-25,6,2,1,2,3,0,0,0,0,4.2,1.2,0.4,0.8,3.0
621237,2023-06-28,5,1,0,2,3,0,0,0,0,4.6,1.4,0.4,1.2,3.0
621244,2023-05-06,25,7,1,5,19,1,1,1,0,25.0,4.0,2.0,11.0,12.0
621244,2023-05-13,26,3,3,6,17,0,1,1,1,25.0,5.5,1.5,8.0,15.5
621244,2023-05-18,26,8,1,6,18,1,1,1,0,25.333333333333332,4.666666666666667,2.0,7.333333333333333,16.0
621244,2023-05-23,26,5,2,5,18,1,1,1,1,25.5,5.5,1.75,7.0,16.5
621244,2023-05-28,22,5,5,4,13,1,0,0,1,25.6,5.4,1.8,6.6,16.8
621244,2023-06-03,25,6,3,4,18,1,1,0,1,25.0,5.6,2.4,5.2,17.0
621244,2023-06-08,20,2,2,4,14,0,0,0,1,25.0,5.4,2.8,5.0,16.8
621244,2023-06-14,27,5,1,3,22,1,1,0,0,23.8,5.2,2.6,4.6,16.2
621244,2023-06-19,22,4,1,8,12,0,0,1,0,24.0,4.6,2.6,4.0,17.0
621244,2023-06-24,26,8,2,6,17,1,1,1,1,23.2,4.4,2.4,4.6,15.8
621244,2023-06-30,23,8,0,5,18,1,1,1,0,24.0,5.0,1.8,5.0,16.6
621249,2023-05-09,8,0,1,4,3,0,0,0,0,7.0,1.0,2.0,0.0,5.0
621249,2023-05-12,8,1,2,3,3,0,0,0,1,7.5,0.5,1.5,2.0,4.0
621249,2023-05-16,7,0,1,1,6,0,0,0,0,7.666666666666667,0.6666666666666666,1.6666666666666667,2.3333333333333335,3.6666666666666665
621249,2023-05-19,4,0,2,1,1,0,0,0,1,7.5,0.5,1.5,2.0,4.25
621249,2023-05-23,7,2,0,2,6,0,0,0,0,6.8,0.4,1.6,1.8,3.6
621249,2023-05-26,3,1,0,0,3,0,0,0,0,6.8,0.6,1.2,2.2,3.8
621294,2023-06-18,5,3,0,1,3,0,0,0,0,8.0,5.0,1.0,1.0,6.0
621294,2023-06-23,8,1,3,2,3,0,0,0,1,6.5,4.0,0.5,1.0,4.5
621294,2023-06-26,1,0,0,0,1,0,0,0,0,7.0,3.0,1.3333333333333333,1.3333333333333333,4.0
621294,2023-06-27,4,0,0,1,3,0,0,0,0,5.5,2.25,1.0,1.0,3.25
621295,2023-05-26,5,0,0,2,3,0,0,0,0,10.0,0.0,3.0,3.0,4.0
621295,2023-05-30,1,0,0,0,1,0,0,0,0,7.5,0.0,1.5,2.5,3.5
621295,2023-06-02,7,1,0,3,4,0,0,0,0,5.333333333333333,0.0,1.0,1.6666666666666667,2.6666666666666665
621295,2023-06-05,6,0,0,0,6,0,0,0,0,5.75,0.25,0.75,2.0,3.0
621295,2023-06-06,3,1,1,1,1,0,0,0,0,5.8,0.2,0.6,1.6,3.6
621295,2023-06-10,1,0,0,0,1,0,0,0,0,4.4,0.4,0.2,1.2,3.0
621295,2023-06-11,5,1,0,2,3,0,0,0,0,3.6,0.4,0.2,0.8,2.6
621295,2023-06-14,3,2,0,0,3,0,0,0,0,4.4,0.6,0.2,1.2,3.0
621295,2023-06-18,3,1,0,0,3,0,0,0,0,3.6,0.8,0.2,0.6,2.8
621295,2023-06-22,1,0,0,0,1,0,0,0,0,3.0,1.0,0.2,0.6,2.2
621295,2023-06-24,6,2,0,0,6,0,0,0,0,2.6,0.8,0.0,0.4,2.2
621295,2023-06-28,6,2,2,1,3,0,0,0,1,3.6,1.2,0.0,0.4,3.2
621295,2023-06-30,8,1,1,5,2,0,0,1,0,3.8,1.4,0.4,0.2,3.2
621345,2023-05-03,3,1,0,0,3,0,0,0,0,4.0,1.0,0.0,1.0,3.0
621345,2023-05-04,4,2,0,1,3,0,0,0,0,3.5,1.0,0.0,0.5,3.0
621345,2023-05-06,3,2,0,0,3,0,0,0,0,3.6666666666666665,1.3333333333333333,0.0,0.6666666666666666,3.0
621345,2023-05-09,6,1,1,2,3,0,0,0,0,3.5,1.5,0.0,0.5,3.0
621345,2023-05-10,3,1,2,0,1,0,0,0,1,4.0,1.4,0.2,0.8,3.0
621345,2023-05-13,6,1,0,3,3,0,0,0,0,3.8,1.4,0.6,0.6,2.6
621345,2023-05-17,2,0,0,0,2,0,0,0,0,4.4,1.4,0.6,1.2,2.6
621345,2023-05-20,3,2,0,0,3,0,0,0,0,4.0,1.0,0.6,1.0,2.4
621345,2023-05-22,6,2,0,3,3,0,0,0,0,4.0,1.0,0.6,1.0,2.4
621345,2023-05-25,5,1,0,3,2,0,0,0,0,4.0,1.2,0.4,1.2,2.4
621345,2023-05-27,3,1,0,0,3,0,0,0,0,4.4,1.2,0.0,1.8,2.6
621345,2023-05-30,1,1,0,0,1,0,0,0,0,3.8,1.2,0.0,1.2,2.6
621345,2023-05-31,3,1,0,0,3,0,0,0,0,3.6,1.4,0.0,1.2,2.4
621345,2023-06-04,2,1,0,0,2,0,0,0,0,3.6,1.2,0.0,1.2,2.4
621345,2023-06-06,4,1,1,0,3,0,0,0,0,2.8,1.0,0.0,0.6,2.2
621345,2023-06-07,3,1,0,0,3,0,0,0,0,2.6,1.0,0.2,0.0,2.4
621345,2023-06-10,4,0,0,1,3,0,0,0,0,2.6,1.0,0.2,0.0,2.4
621345,2023-06-12,3,2,0,0,3,0,0,0,0,3.2,0.8,0.2,0.2,2.8
621345,2023-06-14,5,1,0,1,4,0,0,0,0,3.2,1.0,0.2,0.2,2.8
621345,2023-06-17,3,1,0,0,3,0,0,0,0,3.8,1.0,0.2,0.4,3.2
621345,2023-06-20,3,1,0,0,3,0,0,0,0,3.6,1.0,0.0,0.4,3.2
621345,2023-06-22,3,3,0,0,3,0,0,0,0,3.6,1.0,0.0,0.4,3.2
621345,2023-06-24,3,2,0,0,3,0,0,0,0,3.4,1.6,0.0,0.2,3.2
621345,2023-06-25,5,2,2,0,3,0,0,0,1,3.4,1.6,0.0,0.2,3.2
621345,2023-06-28,3,0,0,1,3,0,0,0,0,3.4,1.8,0.4,0.0,3.0
621363,2023-05-05,3,1,0,1,2,0,0,0,0,4.0,1.0,0.0,1.0,3.0
621363,2023-05-07,4,1,1,0,3,0,0,0,0,3.5,1.0,0.0,1.0,2.5
621363,2023-05-08,5,1,0,2,3,0,0,0,0,3.6666666666666665,1.0,0.3333333333333333,0.6666666666666666,2.6666666666666665
621363,2023-05-14,3,1,0,1,2,0,0,0,0,4.0,1.0,0.25,1.0,2.75
621363,2023-05-17,3,2,0,0,3,0,0,0,0,3.8,1.0,0.2,1.0,2.6
621363,2023-05-23,4,0,0,1,3,0,0,0,0,3.6,1.2,0.2,0.8,2.6
621363,2023-05-25,3,0,1,0,2,0,0,0,0,3.8,1.0,0.2,0.8,2.8
621363,2023-05-26,1,0,0,0,1,0,0,0,0,3.6,0.8,0.2,0.8,2.6
621363,2023-05-27,6,1,0,3,3,0,0,0,0,2.8,0.6,0.2,0.4,2.2
621363,2023-05-31,3,0,0,1,2,0,0,0,0,3.4,0.6,0.2,0.8,2.4
621363,2023-06-03,4,2,1,0,3,0,0,0,0,3.4,0.2,0.2,1.0,2.2
621363,2023-06-05,3,1,1,0,3,0,0,0,0,3.4,0.6,0.4,0.8,2.2
621363,2023-06-07,3,1,0,0,3,0,0,0,0,3.4,0.8,0.4,0.8,2.4
621363,2023-06-08,4,0,0,1,3,0,0,0,0,3.8,1.0,0.4,0.8,2.8
621363,2023-06-11,3,1,0,0,3,0,0,0,0,3.4,0.8,0.4,0.4,2.8
621363,2023-06-13,4,0,0,1,3,0,0,0,0,3.4,1.0,0.4,0.2,3.0
621363,2023-06-14,3,2,0,0,3,0,0,0,0,3.4,0.6,0.2,0.4,3.0
621363,2023-06-21,3,1,0,0,3,0,0,0,0,3.4,0.8,0.0,0.4,3.0
621363,2023-06-25,4,2,1,0,3,0,0,0,0,3.4,0.8,0.0,0.4,3.0
621363,2023-06-28,4,0,0,1,3,0,0,0,0,3.4,1.2,0.2,0.2,3.0
621363,2023-06-30,5,1,2,0,3,0,0,0,1,3.6,1.0,0.2,0.4,3.0
621366,2023-06-25,3,0,0,2,1,0,0,0,0,3.0,0.0,0.0,2.0,1.0
621366,2023-06-29,4,0,0,0,4,0,0,0,0,3.0,0.0,0.0,2.0,1.0
621366,2023-06-30,4,0,0,1,3,0,0,0,0,3.3333333333333335,0.0,0.0,1.3333333333333333,2.0
621381,2023-05-07,7,3,0,1,6,0,0,0,0,17.0,5.0,1.0,6.0,10.0
621381,2023-05-12,2,1,0,1,1,0,0,0,0,12.0,4.0,0.5,3.5,8.0
621381,2023-05-17,10,4,1,2,7,0,0,0,0,8.666666666666666,3.0,0.3333333333333333,2.6666666666666665,5.666666666666667
621381,2023-05-21,4,2,1,0,3,0,0,0,0,9.0,3.25,0.5,2.5,6.0
621381,2023-05-23,7,3,0,3,4,0,0,0,0,8.0,3.0,0.6,2.0,5.4
621381,2023-05-26,5,1,0,1,4,0,0,0,0,6.0,2.6,0.4,1.4,4.2
621381,2023-05-28,5,0,0,2,3,0,0,0,0,5.6,2.2,0.4,1.4,3.8
621381,2023-06-01,9,1,1,2,6,0,0,0,0,6.2,2.0,0.4,1.6,4.2
621381,2023-06-03,6,1,0,0,6,0,0,0,0,6.0,1.4,0.4,1.6,4.0
621381,2023-06-09,6,2,1,2,3,0,0,0,0,6.4,1.2,0.2,1.6,4.6
621381,2023-06-12,15,1,1,4,8,0,0,0,0,6.2,1.0,0.4,1.4,4.4
621381,2023-06-17,7,2,0,2,5,0,0,0,0,8.2,1.0,0.6,2.0,5.2
621381,2023-06-18,4,2,0,1,3,0,0,0,0,8.6,1.4,0.6,2.0,5.6
621381,2023-06-24,4,1,0,1,3,0,0,0,0,7.6,1.6,0.4,1.8,5.0
621381,2023-06-25,2,1,0,0,2,0,0,0,0,7.2,1.6,0.4,2.0,4.4
621381,2023-06-28,7,4,0,1,6,0,0,0,0,6.4,1.4,0.2,1.6,4.2
621381,2023-06-30,3,2,0,0,3,0,0,0,0,4.8,2.0,0.0,1.0,3.8
621383,2023-06-16,10,4,0,3,7,0,0,0,0,3.0,1.0,0.0,0.0,3.0
621383,2023-06-19,16,3,0,5,11,0,0,1,0,6.5,2.5,0.0,1.5,5.0
621383,2023-06-25,14,4,2,3,8,0,0,0,1,9.666666666666666,2.6666666666666665,0.0,2.6666666666666665,7.0
621383,2023-06-30,18,3,1,5,12,0,0,1,0,10.75,3.0,0.5,2.75,7.25
622065,2023-05-03,5,0,1,2,2,0,0,0,0,5.0,1.0,0.0,3.0,2.0
622065,2023-05-07,5,1,0,0,5,0,0,0,0,5.0,0.5,0.5,2.5,2.0
622065,2023-05-09,3,0,0,1,1,0,0,0,0,5.0,0.6666666666666666,0.3333333333333333,1.6666666666666667,3.0
622065,2023-05-10,2,0,0,1,1,0,0,0,0,4.5,0.5,0.25,1.5,2.5
622065,2023-05-12,4,1,0,1,3,0,0,0,0,4.0,0.4,0.2,1.4,2.2
622065,2023-05-16,3,2,0,0,3,0,0,0,0,3.8,0.4,0.2,1.0,2.4
622065,2023-05-19,3,1,0,0,3,0,0,0,0,3.4,0.8,0.0,0.6,2.6
622065,2023-05-20,3,0,0,2,1,0,0,0,0,3.0,0.8,0.0,0.6,2.2
622065,2023-05-22,3,1,0,2,1,0,0,0,0,3.0,0.8,0.0,0.8,2.2
622065,2023-05-27,3,1,0,0,3,0,0,0,0,3.2,1.0,0.0,1.0,2.2
622065,2023-05-30,1,0,0,0,1,0,0,0,0,3.0,1.0,0.0,0.8,2.2
622065,2023-05-31,3,0,1,1,1,0,0,0,0,2.6,0.6,0.0,0.8,1.8
622065,2023-06-02,4,2,1,1,2,0,0,0,0,2.6,0.4,0.2,1.0,1.4
622065,2023-06-06,9,0,3,1,5,0,0,0,1,2.8,0.8,0.4,0.8,1.6
622065,2023-06-08,4,1,0,1,3,0,0,0,0,4.0,0.6,1.0,0.6,2.4
622065,2023-06-12,5,2,0,1,4,0,0,0,0,4.2,0.6,1.0,0.8,2.4
622065,2023-06-14,5,0,1,1,3,0,0,0,0,5.0,1.0,1.0,1.0,3.0
622065,2023-06-18,4,0,0,1,3,0,0,0,0,5.4,1.0,1.0,1.0,3.4
622065,2023-06-19,2,0,1,0,1,0,0,0,0,5.4,0.6,0.8,1.0,3.6
622065,2023-06-20,2,1,0,1,1,0,0,0,0,4.0,0.6,0.4,0.8,2.8
622065,2023-06-23,3,0,0,1,2,0,0,0,0,3.6,0.6,0.4,0.8,2.4
622065,2023-06-24,4,0,1,1,2,0,0,0,0,3.2,0.2,0.4,0.8,2.0
622065,2023-06-28,3,1,1,0,2,0,0,0,0,3.0,0.2,0.4,0.8,1.8
622065,2023-06-30,3,0,0,1,2,0,0,0,0,2.8,0.4,0.6,0.6,1.6
622072,2023-05-15,19,4,1,4,14,0,0,0,0,7.0,1.0,1.0,3.0,3.0
622072,2023-05-21,19,5,0,6,13,1,0,1,0,13.0,2.5,1.0,3.5,8.5
622072,2023-05-26,23,5,5,3,15,1,0,0,1,15.0,3.3333333333333335,0.6666666666666666,4.333333333333333,10.0
622072,2023-05-31,24,4,3,8,12,0,0,1,1,17.0,3.75,1.75,4.0,11.25
622072,2023-06-17,17,4,0,3,13,0,0,0,0,18.4,3.8,2.0,4.8,11.4
622072,2023-06-22,18,2,4,4,10,0,0,0,1,20.4,4.4,1.8,4.8,13.4
622072,2023-06-27,19,7,0,5,14,1,0,1,0,20.2,4.0,2.4,4.8,12.6
622075,2023-05-07,4,2,0,0,4,0,0,0,0,5.0,2.0,1.0,0.0,4.0
622075,2023-05-09,3,0,0,0,3,0,0,0,0,4.5,2.0,0.5,0.0,4.0
622075,2023-05-14,4,1,1,0,3,0,0,0,0,4.0,1.3333333333333333,0.3333333333333333,0.0,3.6666666666666665
622075,2023-05-15,7,1,0,4,3,0,0,0,0,4.0,1.25,0.5,0.0,3.5
622075,2023-05-18,5,0,1,2,2,0,0,0,0,4.6,1.2,0.4,0.8,3.4
622075,2023-05-20,2,0,0,1,1,0,0,0,0,4.6,0.8,0.4,1.2,3.0
622075,2023-05-22,3,1,0,0,3,0,0,0,0,4.2,0.4,0.4,1.4,2.4
622075,2023-05-23,3,3,0,0,3,0,0,0,0,4.2,0.6,0.4,1.4,2.4
622075,2023-05-27,3,0,0,0,3,0,0,0,0,4.0,1.0,0.2,1.4,2.4
622075,2023-05-28,3,3,0,0,3,0,0,0,0,3.2,0.8,0.2,0.6,2.4
622075,2023-06-02,4,0,1,0,3,0,0,0,0,2.8,1.4,0.0,0.2,2.6
622075,2023-06-06,5,0,1,3,1,0,0,0,0,3.2,1.4,0.2,0.0,3.0
622075,2023-06-07,4,1,0,1,3,0,0,0,0,3.6,1.2,0.4,0.6,2.6
622075,2023-06-11,4,2,1,0,3,0,0,0,0,3.8,0.8,0.4,0.8,2.6
622075,2023-06-14,5,1,0,2,3,0,0,0,0,4.0,1.2,0.6,0.8,2.6
622075,2023-06-15,3,2,0,0,3,0,0,0,0,4.4,0.8,0.6,1.2,2.6
622075,2023-06-18,5,0,0,1,3,0,0,0,0,4.2,1.2,0.4,1.2,2.6
622075,2023-06-21,6,2,1,1,4,0,0,0,0,4.2,1.2,0.2,0.8,3.0
622075,2023-06-24,2,1,1,0,1,0,0,0,0,4.6,1.4,0.4,0.8,3.2
622075,2023-06-25,5,1,0,2,3,0,0,0,0,4.2,1.2,0.4,0.8,2.8
622075,2023-06-29,3,2,0,0,3,0,0,0,0,4.2,1.2,0.4,0.8,2.8
622075,2023-06-30,1,0,0,0,1,0,0,0,0,4.2,1.2,0.4,0.8,2.8
622098,2023-05-04,4,1,0,0,3,0,0,0,0,5.0,2.0,1.0,0.0,4.0
622098,2023-05-05,4,2,0,1,3,0,0,0,0,4.5,1.5,0.5,0.0,3.5
622098,2023-05-09,4,1,0,0,3,0,0,0,0,4.333333333333333,1.6666666666666667,0.3333333333333333,0.3333333333333333,3.3333333333333335
622098,2023-05-12,1,1,0,0,1,0,0,0,0,4.25,1.5,0.25,0.25,3.25
622098,2023-05-16,5,1,1,1,3,0,0,0,0,3.6,1.4,0.2,0.2,2.8
622098,2023-05-19,4,1,0,1,3,0,0,0,0,3.6,1.2,0.2,0.4,2.6
622098,2023-05-24,6,1,1,2,3,0,0,0,0,3.6,1.2,0.2,0.6,2.6
622098,2023-05-27,4,0,1,2,1,0,0,0,0,4.0,1.0,0.4,0.8,2.6
622098,2023-06-01,1,0,0,0,1,0,0,0,0,4.0,0.8,0.6,1.2,2.2
622098,2023-06-02,2,0,0,1,1,0,0,0,0,4.0,0.6,0.6,1.2,2.2
622098,2023-06-04,4,2,0,0,4,0,0,0,0,3.4,0.4,0.4,1.2,1.8
622098,2023-06-06,5,1,0,2,3,0,0,0,0,3.4,0.6,0.4,1.0,2.0
622098,2023-06-08,3,0,0,2,1,0,0,0,0,3.2,0.6,0.2,1.0,2.0
622098,2023-06-11,4,2,0,1,3,0,0,0,0,3.0,0.6,0.0,1.0,2.0
622098,2023-06-26,5,1,0,2,3,0,0,0,0,3.6,1.0,0.0,1.2,2.4
622098,2023-06-27,4,2,2,0,2,0,0,0,1,4.2,1.2,0.0,1.4,2.8
622098,2023-06-29,3,1,0,0,3,0,0,0,0,4.2,1.2,0.4,1.4,2.4
622250,2023-05-07,7,1,1,2,4,0,0,0,0,7.0,1.0,1.0,2.0,4.0
622250,2023-05-10,3,2,0,0,3,0,0,0,0,7.0,1.0,1.0,2.0,4.0
622250,2023-05-12,5,2,1,1,3,0,0,0,0,5.666666666666667,1.3333333333333333,0.6666666666666666,1.3333333333333333,3.6666666666666665
622250,2023-05-16,3,1,0,0,3,0,0,0,0,5.5,1.5,0.75,1.25,3.5
622250,2023-05-17,4,1,1,2,1,0,0,0,0,5.0,1.4,0.6,1.0,3.4
622250,2023-05-22,6,2,1,2,3,0,0,0,0,4.4,1.4,0.6,1.0,2.8
622250,2023-05-28,3,2,0,0,3,0,0,0,0,4.2,1.6,0.6,1.0,2.6
622250,2023-06-03,5,2,0,0,5,0,0,0,0,4.2,1.6,0.6,1.0,2.6
622250,2023-06-06,5,4,0,0,5,0,0,0,0,4.2,1.6,0.4,0.8,3.0
622250,2023-06-10,6,3,1,0,5,0,0,0,0,4.6,2.2,0.4,0.8,3.4
622250,2023-06-12,5,1,0,1,4,0,0,0,0,5.0,2.6,0.4,0.4,4.2
622250,2023-06-14,7,3,1,0,6,0,0,0,0,4.8,2.4,0.2,0.2,4.4
622250,2023-06-17,7,0,0,1,6,0,0,0,0,5.6,2.6,0.4,0.2,5.0
622250,2023-06-19,5,2,0,2,3,0,0,0,0,6.0,2.2,0.4,0.4,5.2
622250,2023-06-21,3,1,0,0,2,0,0,0,0,6.0,1.8,0.4,0.8,4.8
622250,2023-06-25,4,3,0,0,4,0,0,0,0,5.4,1.4,0.2,0.8,4.2
622250,2023-06-27,7,3,0,1,6,0,0,0,0,5.2,1.8,0.2,0.6,4.2
622251,2023-05-04,3,1,1,0,2,0,0,0,0,4.0,0.0,0.0,1.0,3.0
622251,2023-05-06,3,2,0,0,3,0,0,0,0,3.5,0.5,0.5,0.5,2.5
622251,2023-05-10,4,1,0,1,3,0,0,0,0,3.3333333333333335,1.0,0.3333333333333333,0.3333333333333333,2.6666666666666665
622251,2023-05-12,4,0,1,3,0,0,0,0,0,3.5,1.0,0.25,0.5,2.75
622251,2023-05-14,3,2,0,0,3,0,0,0,0,3.6,0.8,0.4,1.0,2.2
622251,2023-05-15,4,0,1,2,1,0,0,0,0,3.4,1.2,0.4,0.8,2.2
622251,2023-05-20,3,2,0,0,3,0,0,0,0,3.6,1.0,0.4,1.2,2.0
622251,2023-05-22,2,0,1,0,1,0,0,0,0,3.6,1.0,0.4,1.2,2.0
622251,2023-05-23,2,0,1,0,1,0,0,0,0,3.2,0.8,0.6,1.0,1.6
622251,2023-05-26,8,1,2,3,3,0,0,0,1,2.8,0.8,0.6,0.4,1.8
622251,2023-05-28,3,1,0,1,2,0,0,0,0,3.8,0.6,1.0,1.0,1.8
622251,2023-05-29,3,2,0,0,3,0,0,0,0,3.6,0.8,0.8,0.8,2.0
622251,2023-06-03,7,0,3,1,3,0,0,0,1,3.6,0.8,0.8,0.8,2.0
622251,2023-06-05,5,1,0,2,3,0,0,0,0,4.6,0.8,1.2,1.0,2.4
622491,2023-05-10,24,9,0,8,15,1,0,1,0,26.0,5.0,1.0,5.0,20.0
622491,2023-05-16,23,6,2,6,15,1,0,1,1,25.0,7.0,0.5,6.5,17.5
622491,2023-05-22,24,8,2,4,18,1,1,0,1,24.333333333333332,6.666666666666667,1.0,6.333333333333333,16.666666666666668
622491,2023-05-27,22,10,2,1,18,1,1,0,1,24.25,7.0,1.25,5.75,17.0
622491,2023-06-02,26,6,1,5,21,1,1,1,0,23.8,7.6,1.4,4.8,17.2
622491,2023-06-09,25,10,1,6,18,1,1,1,0,23.8,7.8,1.4,4.8,17.4
622491,2023-06-14,24,6,6,2,17,1,1,0,1,24.0,8.0,1.6,4.4,18.0
622491,2023-06-21,22,3,4,4,15,0,0,0,1,24.2,8.0,2.4,3.6,18.4
622491,2023-06-26,27,7,1,7,19,1,1,1,0,23.8,7.0,2.8,3.6,17.8
622554,2023-05-03,3,1,1,0,2,0,0,0,0,3.0,1.0,0.0,0.0,3.0
622554,2023-05-06,5,0,0,1,3,0,0,0,0,3.0,1.0,0.5,0.0,2.5
622554,2023-05-09,4,1,0,2,1,0,0,0,0,3.6666666666666665,0.6666666666666666,0.3333333333333333,0.3333333333333333,2.6666666666666665
622554,2023-05-10,4,2,0,1,3,0,0,0,0,3.75,0.75,0.25,0.75,2.25
622554,2023-05-12,2,1,0,1,1,0,0,0,0,3.8,1.0,0.2,0.8,2.4
622554,2023-05-16,4,1,0,1,3,0,0,0,0,3.6,1.0,0.2,1.0,2.0
622554,2023-05-17,3,0,0,0,3,0,0,0,0,3.8,1.0,0.0,1.2,2.2
622554,2023-05-21,3,1,1,0,2,0,0,0,0,3.4,1.0,0.0,1.0,2.2
622554,2023-05-23,3,0,1,2,0,0,0,0,0,3.2,1.0,0.2,0.6,2.4
622554,2023-05-25,3,2,0,0,3,0,0,0,0,3.0,0.6,0.4,0.8,1.8
622554,2023-05-31,4,1,0,1,3,0,0,0,0,3.2,0.8,0.4,0.6,2.2
622554,2023-06-03,3,0,0,1,3,0,0,0,0,3.2,0.8,0.4,0.6,2.2
622554,2023-06-05,5,1,1,1,3,0,0,0,0,3.2,0.8,0.4,0.8,2.2
622554,2023-06-06,4,2,0,1,3,0,0,0,0,3.6,0.8,0.4,1.0,2.4
622554,2023-06-08,1,0,0,1,0,0,0,0,0,3.8,1.2,0.2,0.8,3.0
622554,2023-06-11,4,0,0,1,3,0,0,0,0,3.4,0.8,0.2,1.0,2.4
622554,2023-06-14,6,0,1,3,2,0,0,0,0,3.4,0.6,0.2,1.0,2.4
622554,2023-06-15,2,2,0,0,2,0,0,0,0,4.0,0.6,0.4,1.4,2.2
622608,2023-05-10,12,1,1,4,7,0,0,0,0,18.0,3.0,1.0,3.0,14.0
622663,2023-05-27,24,5,3,1,20,1,1,0,1,18.0,5.0,1.0,4.0,13.0
622663,2023-06-02,21,2,1,9,11,0,0,1,0,21.0,5.0,2.0,2.5,16.5
622663,2023-06-08,24,6,2,6,15,1,0,1,1,21.0,4.0,1.6666666666666667,4.666666666666667,14.666666666666666
622663,2023-06-13,25,4,3,7,14,0,0,1,1,21.75,4.5,1.75,5.0,14.75
622663,2023-06-18,24,6,3,7,14,1,0,1,1,22.4,4.4,2.0,5.4,14.6
622663,2023-06-24,24,4,2,5,17,0,1,1,1,23.6,4.6,2.4,6.0,14.8
622772,2023-05-05,3,0,1,1,1,0,0,0,0,4.0,0.0,0.0,1.0,3.0
622772,2023-05-07,4,1,1,0,3,0,0,0,0,3.5,0.0,0.5,1.0,2.0
622772,2023-05-10,7,1,0,1,5,0,0,0,0,3.6666666666666665,0.3333333333333333,0.6666666666666666,0.6666666666666666,2.3333333333333335
622772,2023-05-13,6,2,0,1,5,0,0,0,0,4.5,0.5,0.5,0.75,3.0
622772,2023-05-15,6,0,0,0,6,0,0,0,0,4.8,0.8,0.4,0.8,3.4
622772,2023-05-17,5,0,1,2,3,0,0,0,0,5.2,0.8,0.4,0.6,4.0
622772,2023-05-19,5,2,1,1,3,0,0,0,0,5.6,0.8,0.4,0.8,4.4
622772,2023-05-21,3,1,0,0,3,0,0,0,0,5.8,1.0,0.4,1.0,4.4
622772,2023-05-24,5,1,1,3,1,0,0,0,0,5.0,1.0,0.4,0.8,4.0
622772,2023-05-25,1,1,0,0,1,0,0,0,0,4.8,0.8,0.6,1.2,3.2
622772,2023-05-28,3,2,0,1,2,0,0,0,0,3.8,1.0,0.6,1.2,2.2
622772,2023-06-06,4,3,1,0,3,0,0,0,0,3.4,1.4,0.4,1.0,2.0
622772,2023-06-08,3,1,1,0,2,0,0,0,0,3.2,1.6,0.4,0.8,2.0
622772,2023-06-09,3,2,0,0,3,0,0,0,0,3.2,1.6,0.6,0.8,1.8
622772,2023-06-13,1,1,0,0,1,0,0,0,0,2.8,1.8,0.4,0.2,2.2
622772,2023-06-14,5,0,1,2,2,0,0,0,0,2.8,1.8,0.4,0.2,2.2
622772,2023-06-21,4,1,0,0,4,0,0,0,0,3.2,1.4,0.6,0.4,2.2
622772,2023-06-23,2,0,0,0,2,0,0,0,0,3.2,1.0,0.4,0.4,2.4
622772,2023-06-25,5,0,1,1,3,0,0,0,0,3.0,0.8,0.2,0.4,2.4
622780,2023-06-05,3,1,0,0,2,0,0,0,0,7.0,3.0,0.0,0.0,7.0
622780,2023-06-07,3,2,0,0,3,0,0,0,0,5.0,2.0,0.0,0.0,4.5
622780,2023-06-10,5,3,0,2,3,0,0,0,0,4.333333333333333,2.0,0.0,0.0,4.0
622780,2023-06-14,3,2,0,0,3,0,0,0,0,4.5,2.25,0.0,0.5,3.75
622780,2023-06-15,2,0,1,0,1,0,0,0,0,4.2,2.2,0.0,0.4,3.6
622780,2023-06-18,4,2,1,0,3,0,0,0,0,3.2,1.6,0.2,0.4,2.4
622780,2023-06-20,5,1,2,0,3,0,0,0,1,3.4,1.8,0.4,0.4,2.6
622780,2023-06-21,5,1,2,1,2,0,0,0,1,3.8,1.6,0.8,0.4,2.6
622780,2023-06-24,2,0,0,1,1,0,0,0,0,3.8,1.2,1.2,0.2,2.4
622780,2023-06-29,3,2,0,1,2,0,0,0,0,3.6,0.8,1.2,0.4,2.0
622780,2023-06-30,3,1,0,1,1,0,0,0,0,3.8,1.2,1.0,0.6,2.2
623149,2023-05-04,3,1,0,0,3,0,0,0,0,3.0,2.0,0.0,0.0,3.0
623149,2023-05-06,6,2,0,3,3,0,0,0,0,3.0,1.5,0.0,0.0,3.0
623149,2023-05-10,3,1,0,0,3,0,0,0,0,4.0,1.6666666666666667,0.0,1.0,3.0
623149,2023-05-16,5,0,1,2,2,0,0,0,0,3.75,1.5,0.0,0.75,3.0
623149,2023-05-20,2,1,0,1,1,0,0,0,0,4.0,1.2,0.2,1.0,2.8
623149,2023-05-23,3,2,0,0,3,0,0,0,0,3.8,1.0,0.2,1.2,2.4
623149,2023-05-25,3,2,0,0,3,0,0,0,0,3.8,1.2,0.2,1.2,2.4
623149,2023-05-28,3,2,1,0,2,0,0,0,0,3.2,1.2,0.2,0.6,2.4
623149,2023-05-31,3,1,0,0,3,0,0,0,0,3.2,1.4,0.4,0.6,2.2
623149,2023-06-06,5,2,1,1,3,0,0,0,0,2.8,1.6,0.2,0.2,2.4
623149,2023-06-10,4,2,0,1,3,0,0,0,0,3.4,1.8,0.4,0.2,2.8
623149,2023-06-14,2,1,1,0,1,0,0,0,0,3.6,1.8,0.4,0.4,2.8
623149,2023-06-16,3,2,0,0,3,0,0,0,0,3.4,1.6,0.6,0.4,2.4
623149,2023-06-17,6,1,1,2,3,0,0,0,0,3.4,1.6,0.4,0.4,2.6
623149,2023-06-24,3,0,1,0,3,0,0,0,0,4.0,1.6,0.6,0.8,2.6
623149,2023-06-26,1,1,0,0,1,0,0,0,0,3.6,1.2,0.6,0.6,2.6
623149,2023-06-27,4,0,0,1,3,0,0,0,0,3.0,1.0,0.6,0.4,2.2
623167,2023-05-15,2,0,0,1,1,0,0,0,0,3.0,2.0,0.0,1.0,2.0
623167,2023-05-17,8,1,0,1,7,0,0,0,0,2.5,1.0,0.0,1.0,1.5
623167,2023-05-22,3,2,0,0,3,0,0,0,0,4.333333333333333,1.0,0.0,1.0,3.3333333333333335
623167,2023-05-26,7,1,0,1,6,0,0,0,0,4.0,1.25,0.0,0.75,3.25
623167,2023-05-29,11,2,2,3,6,0,0,0,1,4.6,1.2,0.0,0.8,3.8
623167,2023-06-03,13,3,1,6,6,0,0,1,0,6.2,1.2,0.4,1.2,4.6
623167,2023-06-07,10,0,1,3,6,0,0,0,0,8.4,1.8,0.6,2.2,5.6
623167,2023-06-11,8,0,1,4,3,0,0,0,0,8.8,1.6,0.8,2.6,5.4
623167,2023-06-13,6,0,1,2,3,0,0,0,0,9.8,1.2,1.0,3.4,5.4
623167,2023-06-22,10,2,1,3,6,0,0,0,0,9.6,1.0,1.2,3.6,4.8
623211,2023-05-06,6,2,2,1,3,0,0,0,1,6.0,4.0,0.0,2.0,4.0
623211,2023-05-07,2,0,0,0,2,0,0,0,0,6.0,3.0,1.0,1.5,3.5
623211,2023-05-09,3,2,0,0,3,0,0,0,0,4.666666666666667,2.0,0.6666666666666666,1.0,3.0
623211,2023-05-10,2,0,0,1,1,0,0,0,0,4.25,2.0,0.5,0.75,3.0
623211,2023-05-12,2,0,0,1,1,0,0,0,0,3.8,1.6,0.4,0.8,2.6
623211,2023-05-14,4,1,1,1,2,0,0,0,0,3.0,0.8,0.4,0.6,2.0
623211,2023-05-16,4,1,1,2,1,0,0,0,0,2.6,0.6,0.2,0.6,1.8
623211,2023-05-18,5,0,0,4,1,0,0,0,0,3.0,0.8,0.4,1.0,1.6
623211,2023-05-23,7,1,0,2,5,0,0,0,0,3.4,0.4,0.4,1.8,1.2
623211,2023-05-25,5,0,3,1,1,0,0,0,1,4.4,0.6,0.4,2.0,2.0
623211,2023-05-27,4,0,2,0,2,0,0,0,1,5.0,0.6,1.0,2.0,2.0
623211,2023-05-31,6,3,0,0,6,0,0,0,0,5.0,0.4,1.2,1.8,2.0
623211,2023-06-05,5,1,3,0,2,0,0,0,1,5.4,0.8,1.0,1.4,3.0
623211,2023-06-11,5,2,1,1,3,0,0,0,0,5.4,1.0,1.6,0.6,3.2
623211,2023-06-12,7,1,1,2,4,0,0,0,0,5.0,1.2,1.8,0.4,2.8
623211,2023-06-19,7,3,0,1,6,0,0,0,0,5.4,1.4,1.4,0.6,3.4
623211,2023-06-21,3,0,0,0,3,0,0,0,0,6.0,2.0,1.0,0.8,4.2
623211,2023-06-22,1,0,0,0,1,0,0,0,0,5.4,1.4,1.0,0.8,3.6
623211,2023-06-24,5,0,1,1,3,0,0,0,0,4.6,1.2,0.4,0.8,3.4
623211,2023-06-28,7,2,0,2,5,0,0,0,0,4.6,0.8,0.4,0.8,3.4
623352,2023-05-05,4,2,1,0,3,0,0,0,0,3.0,1.0,0.0,0.0,3.0
623352,2023-05-07,4,0,0,1,3,0,0,0,0,3.5,1.5,0.5,0.0,3.0
623352,2023-05-10,4,3,0,1,3,0,0,0,0,3.6666666666666665,1.0,0.3333333333333333,0.3333333333333333,3.0
623352,2023-05-16,3,1,0,0,3,0,0,0,0,3.75,1.5,0.25,0.5,3.0
623352,2023-05-21,5,2,2,0,3,0,0,0,1,3.6,1.4,0.2,0.4,3.0
623352,2023-05-23,4,1,0,1,3,0,0,0,0,4.0,1.6,0.6,0.4,3.0
623352,2023-05-25,3,2,0,0,3,0,0,0,0,4.0,1.4,0.4,0.6,3.0
623352,2023-05-26,3,3,0,0,3,0,0,0,0,3.8,1.8,0.4,0.4,3.0
623352,2023-05-31,4,0,1,2,1,0,0,0,0,3.6,1.8,0.4,0.2,3.0
623352,2023-06-07,5,0,1,1,3,0,0,0,0,3.8,1.6,0.6,0.6,2.6
623352,2023-06-09,5,0,1,1,3,0,0,0,0,3.8,1.2,0.4,0.8,2.6
623352,2023-06-10,3,2,0,0,3,0,0,0,0,4.0,1.0,0.6,0.8,2.6
623352,2023-06-13,4,3,0,1,3,0,0,0,0,4.0,1.0,0.6,0.8,2.6
623352,2023-06-17,4,2,0,1,3,0,0,0,0,4.2,1.0,0.6,1.0,2.6
623352,2023-06-18,3,2,0,0,3,0,0,0,0,4.2,1.4,0.4,0.8,3.0
623352,2023-06-20,3,1,2,0,1,0,0,0,1,3.8,1.8,0.2,0.6,3.0
623352,2023-06-30,4,3,1,0,3,0,0,0,0,3.4,2.0,0.4,0.4,2.6
623433,2023-05-04,3,0,0,0,3,0,0,0,0,3.0,2.0,0.0,0.0,3.0
623433,2023-05-06,4,0,0,2,2,0,0,0,0,3.0,1.0,0.0,0.0,3.0
623433,2023-05-10,5,2,1,1,3,0,0,0,0,3.3333333333333335,0.6666666666666666,0.0,0.6666666666666666,2.6666666666666665
623433,2023-05-14,3,0,0,0,3,0,0,0,0,3.75,1.0,0.25,0.75,2.75
623433,2023-05-17,4,1,1,0,3,0,0,0,0,3.6,0.8,0.2,0.6,2.8
623433,2023-05-19,3,1,0,0,3,0,0,0,0,3.8,0.6,0.4,0.6,2.8
623433,2023-05-21,4,2,0,1,3,0,0,0,0,3.8,0.8,0.4,0.6,2.8
623433,2023-05-24,6,1,0,3,3,0,0,0,0,3.8,1.2,0.4,0.4,3.0
623433,2023-05-25,3,2,0,0,3,0,0,0,0,4.0,1.0,0.2,0.8,3.0
623433,2023-05-31,3,1,0,0,3,0,0,0,0,4.0,1.4,0.2,0.8,3.0
623433,2023-06-03,4,0,0,1,3,0,0,0,0,3.8,1.4,0.0,0.8,3.0
623433,2023-06-07,2,0,0,1,1,0,0,0,0,4.0,1.2,0.0,1.0,3.0
623433,2023-06-12,6,1,0,3,3,0,0,0,0,3.6,0.8,0.0,1.0,2.6
623433,2023-06-14,7,1,1,3,3,0,0,0,0,3.6,0.8,0.0,1.0,2.6
623433,2023-06-17,4,2,1,0,3,0,0,0,0,4.4,0.6,0.2,1.6,2.6
623433,2023-06-20,4,1,1,1,2,0,0,0,0,4.6,0.8,0.4,1.6,2.6
623433,2023-06-22,5,0,1,1,3,0,0,0,0,4.6,1.0,0.6,1.6,2.4
623433,2023-06-24,4,1,0,1,3,0,0,0,0,5.2,1.0,0.8,1.6,2.8
623433,2023-06-25,4,1,1,1,2,0,0,0,0,4.8,1.0,0.8,1.2,2.8
623437,2023-05-04,4,1,0,1,3,0,0,0,0,4.0,1.0,1.0,0.0,3.0
623437,2023-05-07,2,1,0,1,1,0,0,0,0,4.0,1.0,0.5,0.5,3.0
623437,2023-05-09,4,0,1,0,3,0,0,0,0,3.3333333333333335,1.0,0.3333333333333333,0.6666666666666666,2.3333333333333335
623437,2023-05-12,2,0,0,1,1,0,0,0,0,3.5,0.75,0.5,0.5,2.5
623437,2023-05-13,3,2,0,0,3,0,0,0,0,3.2,0.6,0.4,0.6,2.2
623437,2023-05-19,4,0,0,3,1,0,0,0,0,3.0,0.8,0.2,0.6,2.2
623437,2023-05-20,5,0,0,2,3,0,0,0,0,3.0,0.6,0.2,1.0,1.8
623437,2023-05-23,3,1,0,0,3,0,0,0,0,3.6,0.4,0.2,1.2,2.2
623437,2023-05-27,4,3,1,0,3,0,0,0,0,3.4,0.6,0.0,1.2,2.2
623437,2023-05-28,3,1,0,2,1,0,0,0,0,3.8,1.2,0.2,1.0,2.6
623437,2023-05-31,4,1,1,0,3,0,0,0,0,3.8,1.0,0.2,1.4,2.2
623437,2023-06-04,5,1,0,2,3,0,0,0,0,3.8,1.2,0.4,0.8,2.6
623437,2023-06-10,7,0,1,1,5,0,0,0,0,3.8,1.4,0.4,0.8,2.6
623437,2023-06-13,5,0,0,2,3,0,0,0,0,4.6,1.2,0.6,1.0,3.0
623437,2023-06-14,6,1,0,3,3,0,0,0,0,4.8,0.6,0.4,1.4,3.0
623437,2023-06-17,3,0,0,2,1,0,0,0,0,5.4,0.6,0.4,1.6,3.4
623437,2023-06-18,3,1,0,0,3,0,0,0,0,5.2,0.4,0.2,2.0,3.0
623437,2023-06-23,2,1,0,1,1,0,0,0,0,4.8,0.4,0.2,1.6,3.0
623437,2023-06-24,2,0,0,1,1,0,0,0,0,3.8,0.6,0.0,1.6,2.2
623437,2023-06-27,4,1,1,0,3,0,0,0,0,3.2,0.6,0.0,1.4,1.8
623465,2023-05-07,3,1,0,0,3,0,0,0,0,4.0,3.0,1.0,0.0,3.0
623465,2023-05-09,1,0,0,0,1,0,0,0,0,3.5,2.0,0.5,0.0,3.0
623465,2023-05-12,4,2,0,1,3,0,0,0,0,2.6666666666666665,1.3333333333333333,0.3333333333333333,0.0,2.3333333333333335
623465,2023-05-13,3,1,0,0,3,0,0,0,0,3.0,1.5,0.25,0.25,2.5
623465,2023-05-15,5,2,1,1,3,0,0,0,0,3.0,1.4,0.2,0.2,2.6
623465,2023-05-17,3,2,0,0,3,0,0,0,0,3.2,1.2,0.2,0.4,2.6
623465,2023-05-22,4,0,0,1,3,0,0,0,0,3.2,1.4,0.2,0.4,2.6
623465,2023-05-23,4,1,1,0,3,0,0,0,0,3.8,1.4,0.2,0.6,3.0
623465,2023-05-27,5,1,0,1,4,0,0,0,0,3.8,1.2,0.4,0.4,3.0
623465,2023-05-30,4,1,0,0,4,0,0,0,0,4.2,1.2,0.4,0.6,3.2
623465,2023-06-04,5,0,1,1,3,0,0,0,0,4.0,1.0,0.2,0.4,3.4
623465,2023-06-06,3,1,0,0,3,0,0,0,0,4.4,0.6,0.4,0.6,3.4
623465,2023-06-07,2,0,0,2,0,0,0,0,0,4.2,0.8,0.4,0.4,3.4
623465,2023-06-13,3,1,0,0,3,0,0,0,0,3.8,0.6,0.2,0.8,2.8
623465,2023-06-15,7,4,1,0,6,0,0,0,0,3.4,0.6,0.2,0.6,2.6
623465,2023-06-18,3,1,0,0,3,0,0,0,0,4.0,1.2,0.4,0.6,3.0
623465,2023-06-20,3,2,0,0,3,0,0,0,0,3.6,1.4,0.2,0.4,3.0
623465,2023-06-21,3,1,0,0,3,0,0,0,0,3.6,1.6,0.2,0.4,3.0
623465,2023-06-24,2,0,0,1,1,0,0,0,0,3.8,1.8,0.2,0.0,3.6
623465,2023-06-25,3,1,0,1,2,0,0,0,0,3.6,1.6,0.2,0.2,3.2
623465,2023-06-27,1,0,0,0,1,0,0,0,0,2.8,1.0,0.0,0.4,2.4
623474,2023-05-16,3,1,0,0,3,0,0,0,0,7.0,2.0,1.0,2.0,4.0
623474,2023-05-19,2,0,0,1,1,0,0,0,0,5.0,1.5,0.5,1.0,3.5
623474,2023-05-20,2,1,0,1,1,0,0,0,0,4.0,1.0,0.3333333333333333,1.0,2.6666666666666665
623474,2023-06-11,2,0,1,0,1,0,0,0,0,3.5,1.0,0.25,1.0,2.25
623474,2023-06-13,6,1,0,1,4,0,0,0,0,3.2,0.8,0.4,0.8,2.0
623474,2023-06-14,6,0,0,3,3,0,0,0,0,3.0,0.6,0.2,0.6,2.0
624133,2023-05-19,14,4,3,5,6,0,0,1,1,19.0,4.0,1.0,7.0,11.0
624133,2023-05-24,21,5,1,5,15,1,0,1,0,16.5,4.0,2.0,6.0,8.5
624133,2023-05-30,25,4,2,5,18,0,1,1,1,18.0,4.333333333333333,1.6666666666666667,5.666666666666667,10.666666666666666
624133,2023-06-04,26,3,1,8,17,0,1,1,0,19.75,4.25,1.75,5.5,12.5
624133,2023-06-09,24,8,2,4,18,1,1,0,1,21.0,4.0,1.6,6.0,13.4
624133,2023-06-14,23,7,2,4,17,1,1,0,1,22.0,4.8,1.8,5.4,14.8
624133,2023-06-20,24,7,2,4,18,1,1,0,1,23.8,5.4,1.6,5.2,17.0
624133,2023-06-27,24,8,1,4,18,1,1,0,0,24.4,5.8,1.8,5.0,17.6
624522,2023-05-06,8,2,0,1,7,0,0,0,0,5.0,0.0,0.0,4.0,1.0
624522,2023-05-10,7,0,1,3,3,0,0,0,0,6.5,1.0,0.0,2.5,4.0
624522,2023-05-14,6,2,0,0,6,0,0,0,0,6.666666666666667,0.6666666666666666,0.3333333333333333,2.6666666666666665,3.6666666666666665
624522,2023-05-17,3,0,1,2,0,0,0,0,0,6.5,1.0,0.25,2.0,4.25
624647,2023-05-03,4,2,0,0,3,0,0,0,0,5.0,2.0,0.0,1.0,4.0
624647,2023-05-07,4,1,0,1,3,0,0,0,0,4.5,2.0,0.0,0.5,3.5
624647,2023-05-09,3,1,0,0,3,0,0,0,0,4.333333333333333,1.6666666666666667,0.0,0.6666666666666666,3.3333333333333335
624647,2023-05-14,6,1,1,0,5,0,0,0,0,4.0,1.5,0.0,0.5,3.25
624647,2023-05-16,5,1,1,1,3,0,0,0,0,4.4,1.4,0.2,0.4,3.6
624647,2023-05-17,3,1,0,0,3,0,0,0,0,4.4,1.2,0.4,0.4,3.4
624647,2023-05-20,3,1,0,2,1,0,0,0,0,4.2,1.0,0.4,0.4,3.4
624647,2023-05-23,3,1,0,0,3,0,0,0,0,4.0,1.0,0.4,0.6,3.0
624647,2023-05-24,2,0,0,1,1,0,0,0,0,4.0,1.0,0.4,0.6,3.0
624647,2023-05-28,4,0,0,1,3,0,0,0,0,3.2,0.8,0.2,0.8,2.2
624647,2023-05-29,3,0,0,0,3,0,0,0,0,3.0,0.6,0.0,0.8,2.2
624647,2023-06-03,2,0,0,1,1,0,0,0,0,3.0,0.4,0.0,0.8,2.2
624647,2023-06-09,3,0,1,0,2,0,0,0,0,2.8,0.2,0.0,0.6,2.2
624647,2023-06-11,4,1,0,1,3,0,0,0,0,2.8,0.0,0.2,0.6,2.0
624647,2023-06-14,3,0,0,2,1,0,0,0,0,3.2,0.2,0.2,0.6,2.4
624647,2023-06-16,4,0,1,2,1,0,0,0,0,3.0,0.2,0.2,0.8,2.0
624647,2023-06-18,5,3,0,1,4,0,0,0,0,3.2,0.2,0.4,1.2,1.6
624647,2023-06-21,4,0,0,1,4,0,0,0,0,3.8,0.8,0.4,1.2,2.2
624647,2023-06-28,4,1,0,2,1,0,0,0,0,4.0,0.8,0.2,1.4,2.6
624647,2023-06-29,3,2,0,0,3,0,0,0,0,4.0,0.8,0.2,1.6,2.2
625643,2023-05-05,3,1,1,0,3,0,0,0,0,4.0,1.0,0.0,1.0,3.0
625643,2023-05-09,3,1,0,0,3,0,0,0,0,3.5,1.0,0.5,0.5,3.0
625643,2023-05-11,4,1,1,2,1,0,0,0,0,3.3333333333333335,1.0,0.3333333333333333,0.3333333333333333,3.0
625643,2023-05-13,4,1,0,2,2,0,0,0,0,3.5,1.0,0.5,0.75,2.5
625643,2023-05-14,4,1,0,0,4,0,0,0,0,3.6,1.0,0.4,1.0,2.4
625643,2023-05-17,4,2,1,0,3,0,0,0,0,3.6,1.0,0.4,0.8,2.6
625643,2023-05-20,2,1,0,0,2,0,0,0,0,3.8,1.2,0.4,0.8,2.6
625643,2023-05-24,4,1,0,2,2,0,0,0,0,3.6,1.2,0.4,0.8,2.4
625643,2023-05-26,4,0,1,0,3,0,0,0,0,3.6,1.2,0.2,0.8,2.6
625643,2023-05-28,2,0,0,0,2,0,0,0,0,3.6,1.0,0.4,0.4,2.8
625643,2023-05-30,6,4,0,0,6,0,0,0,0,3.2,0.8,0.4,0.4,2.4
625643,2023-06-02,5,0,1,1,3,0,0,0,0,3.6,1.2,0.2,0.4,3.0
625643,2023-06-03,4,0,1,0,3,0,0,0,0,4.2,1.0,0.4,0.6,3.2
625643,2023-06-08,3,2,0,0,3,0,0,0,0,4.2,0.8,0.6,0.2,3.4
625643,2023-06-10,5,1,1,0,4,0,0,0,0,4.0,1.2,0.4,0.2,3.4
625643,2023-06-14,3,0,0,0,3,0,0,0,0,4.6,1.4,0.6,0.2,3.8
625643,2023-06-15,5,0,0,3,2,0,0,0,0,4.0,0.6,0.6,0.2,3.2
625643,2023-06-18,6,2,2,1,3,0,0,0,1,4.0,0.6,0.4,0.6,3.0
625643,2023-06-23,4,2,0,1,3,0,0,0,0,4.4,1.0,0.6,0.8,3.0
625643,2023-06-26,4,0,1,0,3,0,0,0,0,4.6,1.0,0.6,1.0,3.0
625643,2023-06-27,3,1,0,0,3,0,0,0,0,4.4,0.8,0.6,1.0,2.8
628317,2023-06-28,20,4,2,5,13,0,0,1,1,18.0,8.0,2.0,3.0,13.0
628452,2023-05-07,3,0,0,0,3,0,0,0,0,3.0,2.0,0.0,0.0,3.0
628452,2023-05-10,5,2,0,3,2,0,0,0,0,3.0,1.0,0.0,0.0,3.0
628452,2023-05-14,6,0,1,3,2,0,0,0,0,3.6666666666666665,1.3333333333333333,0.0,1.0,2.6666666666666665
628452,2023-05-17,3,1,0,0,3,0,0,0,0,4.25,1.0,0.25,1.5,2.5
628452,2023-05-19,3,1,0,0,3,0,0,0,0,4.0,1.0,0.2,1.2,2.6
628452,2023-05-21,3,2,0,0,3,0,0,0,0,4.0,0.8,0.2,1.2,2.6
628452,2023-05-24,5,1,1,1,3,0,0,0,0,4.0,1.2,0.2,1.2,2.6
628452,2023-05-25,3,1,0,0,3,0,0,0,0,4.0,1.0,0.4,0.8,2.8
628452,2023-05-30,4,1,3,0,1,0,0,0,1,3.4,1.2,0.2,0.2,3.0
628452,2023-05-31,3,0,0,0,3,0,0,0,0,3.6,1.2,0.8,0.2,2.6
628452,2023-06-03,4,0,0,1,3,0,0,0,0,3.6,1.0,0.8,0.2,2.6
628452,2023-06-04,2,0,1,0,1,0,0,0,0,3.8,0.6,0.8,0.4,2.6
628452,2023-06-06,3,1,0,0,3,0,0,0,0,3.2,0.4,0.8,0.2,2.2
628452,2023-06-08,3,2,0,0,3,0,0,0,0,3.2,0.4,0.8,0.2,2.2
628452,2023-06-09,3,2,0,0,3,0,0,0,0,3.0,0.6,0.2,0.2,2.6
628452,2023-06-12,8,2,0,5,3,0,0,1,0,3.0,1.0,0.2,0.2,2.6
628452,2023-06-14,6,1,0,3,3,0,0,0,0,3.8,1.4,0.2,1.0,2.6
628452,2023-06-18,4,3,0,1,3,0,0,0,0,4.6,1.6,0.0,1.6,3.0
628452,2023-06-20,5,1,0,2,3,0,0,0,0,4.8,2.0,0.0,1.8,3.0
628452,2023-06-22,3,1,0,0,3,0,0,0,0,5.2,1.8,0.0,2.2,3.0
628452,2023-06-24,5,3,0,2,3,0,0,0,0,5.2,1.6,0.0,2.2,3.0
628452,2023-06-25,3,1,0,2,1,0,0,0,0,4.6,1.8,0.0,1.6,3.0
628452,2023-06-28,3,2,0,0,3,0,0,0,0,4.0,1.8,0.0,1.4,2.6
628708,2023-05-02,7,0,2,2,3,0,0,0,1,4.0,1.0,0.0,1.0,3.0
628708,2023-05-20,3,2,0,0,3,0,0,0,0,5.5,0.5,1.0,1.5,3.0
628708,2023-05-23,3,0,0,0,3,0,0,0,0,4.666666666666667,1.0,0.6666666666666666,1.0,3.0
628708,2023-05-24,3,0,0,0,3,0,0,0,0,4.25,0.75,0.5,0.75,3.0
628708,2023-05-28,6,1,0,2,4,0,0,0,0,4.0,0.6,0.4,0.6,3.0
628708,2023-05-30,4,2,1,0,3,0,0,0,0,4.4,0.6,0.4,0.8,3.2
628708,2023-06-02,4,0,0,1,3,0,0,0,0,3.8,1.0,0.2,0.4,3.2
628708,2023-06-03,4,0,1,0,3,0,0,0,0,4.0,0.6,0.2,0.6,3.2
628708,2023-06-10,1,0,0,0,1,0,0,0,0,4.2,0.6,0.4,0.6,3.2
628708,2023-06-12,7,2,0,3,4,0,0,0,0,3.8,0.6,0.4,0.6,2.8
628708,2023-06-17,4,1,0,2,2,0,0,0,0,4.0,0.8,0.4,0.8,2.8
628708,2023-06-18,3,3,0,0,3,0,0,0,0,4.0,0.6,0.2,1.2,2.6
628708,2023-06-22,6,2,0,3,3,0,0,0,0,3.8,1.2,0.2,1.0,2.6
628708,2023-06-24,4,0,0,3,1,0,0,0,0,4.2,1.6,0.0,1.6,2.6
628708,2023-06-28,3,1,0,0,3,0,0,0,0,4.8,1.6,0.0,2.2,2.6
628708,2023-06-29,4,2,0,1,3,0,0,0,0,4.0,1.4,0.0,1.6,2.4
628711,2023-05-07,24,3,1,8,15,0,0,1,0,23.0,10.0,1.0,1.0,21.0
628711,2023-05-13,22,4,0,3,19,0,1,0,0,23.5,6.5,1.0,4.5,18.0
628711,2023-05-18,17,1,2,6,9,0,0,1,1,23.0,5.666666666666667,0.6666666666666666,4.0,18.333333333333332
630023,2023-05-10,22,1,4,5,13,0,0,1,1,21.0,0.0,4.0,3.0,14.0
630023,2023-05-16,18,2,1,3,14,0,0,0,0,21.5,0.5,4.0,4.0,13.5
630023,2023-06-08,22,4,0,5,17,0,1,1,0,20.333333333333332,1.0,3.0,3.6666666666666665,13.666666666666666
630023,2023-06-13,14,2,1,2,10,0,0,0,0,20.75,1.75,2.25,4.0,14.5
630023,2023-06-18,21,3,2,6,13,0,0,1,1,19.4,1.8,2.0,3.6,13.6
630023,2023-06-24,27,3,2,9,15,0,0,1,1,19.4,2.4,1.6,4.2,13.4
630023,2023-06-29,24,4,3,7,14,0,0,1,1,20.4,2.8,1.2,5.0,13.8
640448,2023-05-03,3,0,0,2,1,0,0,0,0,4.0,1.0,0.0,1.0,3.0
640448,2023-05-04,5,2,1,1,3,0,0,0,0,3.5,0.5,0.0,1.5,2.0
640448,2023-05-06,5,0,2,2,1,0,0,0,1,4.0,1.0,0.3333333333333333,1.3333333333333333,2.3333333333333335
640448,2023-05-13,5,1,0,2,3,0,0,0,0,4.25,0.75,0.75,1.5,2.0
640448,2023-05-16,3,1,0,2,1,0,0,0,0,4.4,0.8,0.6,1.6,2.2
640448,2023-05-20,3,1,0,0,3,0,0,0,0,4.2,0.8,0.6,1.8,1.8
640448,2023-05-21,6,2,1,0,4,0,0,0,0,4.2,1.0,0.6,1.4,2.2
640448,2023-05-24,3,1,0,0,3,0,0,0,0,4.4,1.0,0.6,1.2,2.4
640448,2023-05-25,4,2,0,1,3,0,0,0,0,4.0,1.2,0.2,0.8,2.8
640448,2023-05-27,4,2,0,1,3,0,0,0,0,3.8,1.4,0.2,0.6,2.8
640448,2023-05-31,6,3,1,2,3,0,0,0,0,4.0,1.6,0.2,0.4,3.2
640448,2023-06-02,6,1,0,1,5,0,0,0,0,4.6,2.0,0.4,0.8,3.2
640448,2023-06-09,6,0,0,3,3,0,0,0,0,4.6,1.8,0.2,1.0,3.4
640448,2023-06-11,4,1,0,1,3,0,0,0,0,5.2,1.6,0.2,1.6,3.4
640448,2023-06-15,4,3,0,1,3,0,0,0,0,5.2,1.4,0.2,1.6,3.4
640448,2023-06-19,3,0,0,0,3,0,0,0,0,5.2,1.6,0.2,1.6,3.4
640448,2023-06-21,6,0,1,1,4,0,0,0,0,4.6,1.0,0.0,1.2,3.4
640448,2023-06-24,3,2,0,0,3,0,0,0,0,4.6,0.8,0.2,1.2,3.2
640448,2023-06-27,4,1,0,0,4,0,0,0,0,4.0,1.2,0.2,0.6,3.2
640448,2023-06-30,5,0,0,1,4,0,0,0,0,4.0,1.2,0.2,0.4,3.4
640451,2023-05-03,4,2,0,1,3,0,0,0,0,6.0,1.0,1.0,1.0,4.0
640451,2023-05-04,5,1,0,2,3,0,0,0,0,5.0,1.5,0.5,1.0,3.5
640451,2023-05-07,4,1,1,0,3,0,0,0,0,5.0,1.3333333333333333,0.3333333333333333,1.3333333333333333,3.3333333333333335
640451,2023-05-12,4,1,0,1,3,0,0,0,0,4.75,1.25,0.5,1.0,3.25
640451,2023-05-13,5,1,0,0,5,0,0,0,0,4.6,1.2,0.4,1.0,3.2
640451,2023-05-16,5,1,0,3,2,0,0,0,0,4.4,1.2,0.2,0.8,3.4
640451,2023-05-20,3,1,0,0,3,0,0,0,0,4.6,1.0,0.2,1.2,3.2
640451,2023-05-21,3,2,0,0,3,0,0,0,0,4.2,1.0,0.2,0.8,3.2
640451,2023-05-24,4,2,0,0,4,0,0,0,0,4.0,1.2,0.0,0.8,3.2
640451,2023-05-25,6,2,0,3,3,0,0,0,0,4.0,1.4,0.0,0.6,3.4
640451,2023-05-27,4,2,1,0,3,0,0,0,0,4.2,1.6,0.0,1.2,3.0
640451,2023-05-31,7,2,0,1,6,0,0,0,0,4.0,1.8,0.2,0.6,3.2
640451,2023-06-02,4,1,1,1,2,0,0,0,0,4.8,2.0,0.2,0.8,3.8
640451,2023-06-11,3,0,0,0,3,0,0,0,0,5.0,1.8,0.4,1.0,3.6
640451,2023-06-14,5,1,1,2,2,0,0,0,0,4.8,1.4,0.4,1.0,3.4
640451,2023-06-15,5,1,0,2,3,0,0,0,0,4.6,1.2,0.6,0.8,3.2
640451,2023-06-20,6,0,1,1,3,0,0,0,0,4.8,1.0,0.4,1.2,3.2
640451,2023-06-21,4,0,0,1,3,0,0,0,0,4.6,0.6,0.6,1.2,2.6
640451,2023-06-24,3,1,0,0,3,0,0,0,0,4.6,0.4,0.4,1.2,2.8
640451,2023-06-25,1,0,0,0,1,0,0,0,0,4.6,0.6,0.4,1.2,2.8
640451,2023-06-27,4,1,0,1,3,0,0,0,0,3.8,0.4,0.2,0.8,2.6
640451,2023-06-28,3,2,0,0,3,0,0,0,0,3.6,0.4,0.2,0.6,2.6
640451,2023-06-30,3,2,0,0,3,0,0,0,0,3.0,0.8,0.0,0.4,2.6
640455,2023-05-10,16,4,3,5,8,0,0,1,1,20.0,6.0,2.0,6.0,12.0
640455,2023-05-17,6,2,0,1,5,0,0,0,0,18.0,5.0,2.5,5.5,10.0
640455,2023-05-22,17,8,3,3,11,1,0,0,1,14.0,4.0,1.6666666666666667,4.0,8.333333333333334
640455,2023-05-25,4,3,0,0,4,0,0,0,0,14.75,5.0,2.0,3.75,9.0
640455,2023-05-30,13,3,0,4,9,0,0,0,0,12.6,4.6,1.6,3.0,8.0
640455,2023-06-06,20,5,1,5,14,1,0,1,0,11.2,4.0,1.2,2.6,7.4
640455,2023-06-10,14,5,0,0,13,1,0,0,0,12.0,4.2,0.8,2.6,8.6
640455,2023-06-16,17,6,1,4,11,1,0,0,0,13.6,4.8,0.8,2.4,10.2
640455,2023-06-22,2,1,1,0,1,0,0,0,0,13.6,4.4,0.4,2.6,10.2
640455,2023-06-24,4,2,0,1,3,0,0,0,0,13.2,4.0,0.6,2.6,9.6
640455,2023-06-30,4,1,0,1,3,0,0,0,0,11.4,3.8,0.6,2.0,8.4
640462,2023-05-06,4,1,0,3,1,0,0,0,0,6.0,1.0,1.0,3.0,2.0
640462,2023-05-07,2,2,0,0,2,0,0,0,0,5.0,1.0,0.5,3.0,1.5
640462,2023-05-10,4,2,0,1,3,0,0,0,0,4.0,1.3333333333333333,0.3333333333333333,2.0,1.6666666666666667
640462,2023-06-07,4,3,0,1,3,0,0,0,0,4.0,1.5,0.25,1.75,2.0
640462,2023-06-10,4,2,0,1,3,0,0,0,0,4.0,1.8,0.2,1.6,2.2
640462,2023-06-11,3,0,0,0,3,0,0,0,0,3.6,2.0,0.0,1.2,2.4
640462,2023-06-14,4,0,0,1,3,0,0,0,0,3.4,1.8,0.0,0.6,2.8
640462,2023-06-16,4,1,0,1,3,0,0,0,0,3.8,1.4,0.0,0.8,3.0
640462,2023-06-17,4,0,1,0,3,0,0,0,0,3.8,1.2,0.0,0.8,3.0
640462,2023-06-22,3,1,0,0,3,0,0,0,0,3.8,0.6,0.2,0.6,3.0
640462,2023-06-23,5,0,0,3,2,0,0,0,0,3.6,0.4,0.2,0.4,3.0
640462,2023-06-25,3,0,0,0,3,0,0,0,0,4.0,0.4,0.2,1.0,2.8
640462,2023-06-29,3,2,0,0,3,0,0,0,0,3.8,0.4,0.2,0.8,2.8
640470,2023-05-06,3,0,0,0,3,0,0,0,0,4.0,0.0,0.0,3.0,1.0
640470,2023-05-07,10,0,0,1,9,0,0,0,0,3.5,0.0,0.0,1.5,2.0
640470,2023-05-12,5,1,1,0,4,0,0,0,0,5.666666666666667,0.0,0.0,1.3333333333333333,4.333333333333333
640470,2023-05-15,2,1,0,1,1,0,0,0,0,5.5,0.25,0.25,1.0,4.25
640470,2023-05-17,5,1,0,2,3,0,0,0,0,4.8,0.4,0.2,1.0,3.6
640470,2023-05-21,6,1,0,3,3,0,0,0,0,5.0,0.6,0.2,0.8,4.0
640470,2023-05-26,1,0,0,0,1,0,0,0,0,5.6,0.8,0.2,1.4,4.0
640470,2023-05-30,6,4,0,0,6,0,0,0,0,3.8,0.8,0.2,1.2,2.4
640470,2023-05-31,3,0,0,2,1,0,0,0,0,4.0,1.4,0.0,1.2,2.8
640470,2023-06-02,1,1,0,0,1,0,0,0,0,4.2,1.2,0.0,1.4,2.8
640470,2023-06-08,4,1,0,1,3,0,0,0,0,3.4,1.2,0.0,1.0,2.4
640470,2023-06-09,3,2,0,0,3,0,0,0,0,3.0,1.2,0.0,0.6,2.4
640470,2023-06-14,5,1,1,1,3,0,0,0,0,3.4,1.6,0.0,0.6,2.8
640470,2023-06-17,4,2,1,0,3,0,0,0,0,3.2,1.0,0.2,0.8,2.2
640470,2023-06-20,3,1,0,0,3,0,0,0,0,3.4,1.4,0.4,0.4,2.6
640470,2023-06-25,5,2,0,1,3,0,0,0,0,3.8,1.4,0.4,0.4,3.0
641154,2023-05-10,23,8,4,2,18,1,1,0,1,27.0,8.0,1.0,6.0,20.0
641154,2023-05-15,19,4,0,5,14,0,0,1,0,25.0,8.0,2.5,4.0,19.0
641154,2023-05-21,24,9,2,5,17,1,1,1,1,23.0,6.666666666666667,1.6666666666666667,4.333333333333333,17.333333333333332
641154,2023-05-27,24,6,3,5,16,1,1,1,1,23.25,7.25,1.75,4.5,17.25
641154,2023-06-01,26,5,1,8,17,1,1,1,0,23.4,7.0,2.0,4.6,17.0
641154,2023-06-07,26,6,1,5,20,1,1,1,0,23.2,6.4,2.0,5.0,16.4
641154,2023-06-13,23,9,1,4,18,1,1,0,0,23.8,6.0,1.4,5.6,16.8
641154,2023-06-19,27,9,3,6,17,1,1,1,1,24.6,7.0,1.6,5.4,17.6
641154,2023-06-24,26,10,1,7,18,1,1,1,0,25.2,7.0,1.8,5.6,17.6
641154,2023-06-30,24,6,3,3,18,1,1,0,1,25.6,7.8,1.4,6.0,18.0
641302,2023-05-07,3,0,0,1,1,0,0,0,0,1.0,0.0,0.0,0.0,1.0
641302,2023-05-09,1,0,0,0,1,0,0,0,0,2.0,0.0,0.0,0.5,1.0
641302,2023-05-12,8,3,0,2,6,0,0,0,0,1.6666666666666667,0.0,0.0,0.3333333333333333,1.0
641302,2023-05-17,10,1,0,6,4,0,0,1,0,3.25,0.75,0.0,0.75,2.25
641302,2023-05-21,5,2,0,1,4,0,0,0,0,4.6,0.8,0.0,1.8,2.6
641302,2023-05-26,10,1,0,4,6,0,0,0,0,5.4,1.2,0.0,2.0,3.2
641302,2023-05-29,2,1,0,1,1,0,0,0,0,6.8,1.4,0.0,2.6,4.2
641302,2023-06-06,10,3,0,1,9,0,0,0,0,7.0,1.6,0.0,2.8,4.2
641302,2023-06-10,5,2,0,1,4,0,0,0,0,7.4,1.6,0.0,2.6,4.8
641302,2023-06-12,13,2,0,2,11,0,0,0,0,6.4,1.8,0.0,1.6,4.8
641302,2023-06-17,9,2,2,1,6,0,0,0,1,8.0,1.8,0.0,1.8,6.2
641302,2023-06-19,8,4,1,1,6,0,0,0,0,7.8,2.0,0.4,1.2,6.2
641302,2023-06-23,5,1,0,1,4,0,0,0,0,9.0,2.6,0.6,1.2,7.2
641302,2023-06-26,11,4,0,3,7,0,0,0,0,8.0,2.2,0.6,1.2,6.2
641302,2023-06-29,4,0,0,1,3,0,0,0,0,9.2,2.6,0.6,1.6,6.8
641329,2023-05-04,3,0,1,1,1,0,0,0,0,3.0,3.0,0.0,0.0,3.0
641329,2023-05-06,4,0,1,2,1,0,0,0,0,3.0,1.5,0.5,0.5,2.0
641329,2023-05-08,3,0,2,0,1,0,0,0,1,3.3333333333333335,1.0,0.6666666666666666,1.0,1.6666666666666667
641329,2023-05-12,3,2,0,0,3,0,0,0,0,3.25,0.75,1.0,0.75,1.5
641329,2023-05-15,5,1,0,2,3,0,0,0,0,3.2,1.0,0.8,0.6,1.8
641329,2023-05-16,3,1,0,2,1,0,0,0,0,3.6,0.6,0.8,1.0,1.8
641329,2023-05-18,5,1,2,1,2,0,0,0,1,3.6,0.8,0.6,1.2,1.8
641329,2023-05-20,4,1,0,1,3,0,0,0,0,3.8,1.0,0.8,1.0,2.0
641329,2023-05-23,2,0,0,0,2,0,0,0,0,4.0,1.2,0.4,1.2,2.4
641329,2023-05-27,4,0,0,2,2,0,0,0,0,3.8,0.8,0.4,1.2,2.2
641329,2023-05-30,3,1,1,1,1,0,0,0,0,3.6,0.6,0.4,1.2,2.0
641329,2023-05-31,5,3,0,1,4,0,0,0,0,3.6,0.6,0.6,1.0,2.0
641329,2023-06-03,4,1,2,0,2,0,0,0,1,3.6,1.0,0.2,1.0,2.4
641329,2023-06-08,3,1,0,0,3,0,0,0,0,3.6,1.0,0.6,0.8,2.2
641329,2023-06-10,2,0,1,0,1,0,0,0,0,3.8,1.2,0.6,0.8,2.4
641329,2023-06-13,4,1,0,1,3,0,0,0,0,3.4,1.2,0.8,0.4,2.2
641329,2023-06-17,3,2,0,0,3,0,0,0,0,3.6,1.2,0.6,0.4,2.6
641329,2023-06-20,4,1,1,2,1,0,0,0,0,3.2,1.0,0.6,0.2,2.4
641329,2023-06-23,2,0,0,1,1,0,0,0,0,3.2,1.0,0.4,0.6,2.2
641329,2023-06-26,3,2,0,0,3,0,0,0,0,3.0,0.8,0.4,0.8,1.8
641329,2023-06-27,4,2,0,1,3,0,0,0,0,3.2,1.2,0.2,0.8,2.2
641360,2023-05-02,3,3,0,0,3,0,0,0,0,5.0,1.0,0.0,3.0,2.0
641360,2023-05-05,4,1,0,0,4,0,0,0,0,4.0,2.0,0.0,1.5,2.5
641360,2023-05-08,5,0,0,4,1,0,0,0,0,4.0,1.6666666666666667,0.0,1.0,3.0
641360,2023-05-09,5,1,0,1,4,0,0,0,0,4.25,1.25,0.0,1.75,2.5
641360,2023-05-15,13,4,3,1,9,0,0,0,1,4.4,1.2,0.0,1.6,2.8
641360,2023-05-18,6,1,1,2,3,0,0,0,0,6.0,1.8,0.6,1.2,4.2
641360,2023-05-21,3,1,0,0,3,0,0,0,0,6.6,1.4,0.8,1.6,4.2
641360,2023-05-22,3,2,0,1,2,0,0,0,0,6.4,1.4,0.8,1.6,4.0
641360,2023-05-24,3,0,0,1,2,0,0,0,0,6.0,1.8,0.8,1.0,4.2
641360,2023-05-28,11,4,2,3,6,0,0,0,1,5.6,1.6,0.8,1.0,3.8
641360,2023-05-31,5,1,0,2,3,0,0,0,0,5.2,1.6,0.6,1.4,3.2
641360,2023-06-02,5,2,1,1,3,0,0,0,0,5.0,1.6,0.4,1.4,3.2
641360,2023-06-24,6,4,0,0,6,0,0,0,0,5.4,1.8,0.6,1.6,3.2
641360,2023-06-27,5,2,3,0,2,0,0,0,1,6.0,2.2,0.6,1.4,4.0
641360,2023-06-28,4,2,1,0,3,0,0,0,0,6.4,2.6,1.2,1.2,4.0
641401,2023-05-05,3,0,0,1,2,0,0,0,0,7.0,3.0,0.0,2.0,5.0
641401,2023-05-06,6,0,1,2,3,0,0,0,0,5.0,1.5,0.0,1.5,3.5
641401,2023-05-09,3,0,0,0,3,0,0,0,0,5.333333333333333,1.0,0.3333333333333333,1.6666666666666667,3.3333333333333335
641401,2023-05-13,7,2,1,0,6,0,0,0,0,4.75,0.75,0.25,1.25,3.25
641401,2023-05-15,5,1,1,2,2,0,0,0,0,5.2,1.0,0.4,1.0,3.8
641401,2023-05-17,5,0,2,0,3,0,0,0,1,4.8,0.6,0.6,1.0,3.2
641401,2023-05-20,5,1,0,2,3,0,0,0,0,5.2,0.6,1.0,0.8,3.4
641401,2023-05-21,3,0,0,0,2,0,0,0,0,5.0,0.8,0.8,0.8,3.4
641401,2023-05-24,7,3,3,0,5,0,0,0,1,5.0,0.8,0.8,0.8,3.2
641401,2023-05-28,6,0,0,3,3,0,0,0,0,5.0,1.0,1.2,0.8,3.0
641401,2023-05-30,2,0,0,1,1,0,0,0,0,5.2,0.8,1.0,1.0,3.2
641401,2023-06-02,5,1,1,1,3,0,0,0,0,4.6,0.8,0.6,1.2,2.8
641401,2023-06-04,5,2,0,2,3,0,0,0,0,4.6,0.8,0.8,1.0,2.8
641427,2023-05-19,2,0,0,1,1,0,0,0,0,5.0,1.0,0.0,3.0,2.0
641427,2023-05-23,8,1,0,2,6,0,0,0,0,3.5,0.5,0.0,2.0,1.5
641427,2023-05-25,4,1,0,1,3,0,0,0,0,5.0,0.6666666666666666,0.0,2.0,3.0
641482,2023-05-13,18,3,2,7,9,0,0,1,1,23.0,4.0,2.0,6.0,15.0
641482,2023-05-18,23,6,1,5,17,1,1,1,0,20.5,3.5,2.0,6.5,12.0
641482,2023-05-24,24,5,2,5,17,1,1,1,1,21.333333333333332,4.333333333333333,1.6666666666666667,6.0,13.666666666666666
641482,2023-05-30,23,6,3,5,15,1,0,1,1,22.0,4.5,1.75,5.75,14.5
641540,2023-05-10,22,5,1,6,15,1,0,1,0,16.0,3.0,1.0,2.0,13.0
641540,2023-05-16,23,4,0,6,16,0,1,1,0,19.0,4.0,1.0,4.0,14.0
641540,2023-05-22,25,3,3,6,16,0,1,1,1,20.333333333333332,4.0,0.6666666666666666,4.666666666666667,14.666666666666666
641540,2023-05-31,23,6,1,7,15,1,0,1,0,21.5,3.75,1.25,5.0,15.0
641540,2023-06-06,25,1,2,7,15,0,0,1,1,21.8,4.2,1.2,5.4,15.0
641540,2023-06-12,22,3,5,6,11,0,0,1,1,23.6,3.8,1.4,6.4,15.4
641540,2023-06-17,22,3,1,6,15,0,0,1,0,23.6,3.4,2.2,6.4,14.6
641540,2023-06-23,22,2,2,5,14,0,0,1,1,23.4,3.2,2.4,6.4,14.4
641540,2023-06-28,30,10,0,4,26,1,1,0,0,22.8,3.0,2.2,6.2,14.0
641585,2023-05-12,24,3,1,3,20,0,1,0,0,20.0,5.0,1.0,3.0,15.0
641585,2023-05-17,22,2,2,9,11,0,0,1,1,22.0,4.0,1.0,3.0,17.5
641585,2023-05-23,23,8,1,5,17,1,1,1,0,22.0,3.3333333333333335,1.3333333333333333,5.0,15.333333333333334
641585,2023-05-29,28,8,3,7,18,1,1,1,1,22.25,4.5,1.25,5.0,15.75
641585,2023-06-04,23,3,1,3,19,0,1,0,0,23.4,5.2,1.6,5.4,16.2
641585,2023-06-10,27,6,6,7,14,1,0,1,1,24.0,4.8,1.6,5.4,17.0
641585,2023-06-16,25,3,1,4,20,0,1,0,0,24.6,5.4,2.6,6.2,15.8
641585,2023-06-23,27,4,2,8,17,0,1,1,1,25.2,5.6,2.4,5.2,17.6
641585,2023-06-29,23,2,2,4,17,0,1,0,1,26.0,4.8,2.6,5.8,17.6
641627,2023-05-03,3,2,0,0,3,0,0,0,0,4.0,2.0,1.0,1.0,2.0
641627,2023-05-05,3,1,1,0,2,0,0,0,0,3.5,2.0,0.5,0.5,2.5
641627,2023-05-07,3,2,0,0,3,0,0,0,0,3.3333333333333335,1.6666666666666667,0.6666666666666666,0.3333333333333333,2.3333333333333335
641627,2023-05-08,5,2,0,1,4,0,0,0,0,3.25,1.75,0.5,0.25,2.5
641627,2023-05-12,5,1,1,1,3,0,0,0,0,3.6,1.8,0.4,0.4,2.8
641627,2023-05-14,2,0,0,1,1,0,0,0,0,3.8,1.6,0.4,0.4,3.0
641627,2023-05-17,7,1,0,3,4,0,0,0,0,3.6,1.2,0.4,0.6,2.6
641627,2023-05-19,3,1,0,2,1,0,0,0,0,4.4,1.2,0.2,1.2,3.0
641627,2023-05-23,3,2,0,0,3,0,0,0,0,4.4,1.0,0.2,1.6,2.6
641627,2023-05-27,3,2,0,0,3,0,0,0,0,4.0,1.0,0.2,1.4,2.4
641627,2023-05-28,3,0,1,1,1,0,0,0,0,3.6,1.2,0.0,1.2,2.4
641627,2023-05-30,3,2,0,0,3,0,0,0,0,3.8,1.2,0.2,1.2,2.4
641627,2023-06-04,8,1,1,4,3,0,0,0,0,3.0,1.4,0.2,0.6,2.2
641627,2023-06-27,5,0,1,2,2,0,0,0,0,4.0,1.4,0.4,1.0,2.6
641627,2023-06-30,5,1,0,1,4,0,0,0,0,4.4,1.0,0.6,1.4,2.4
641656,2023-05-05,2,1,0,0,2,0,0,0,0,4.0,2.0,0.0,0.0,4.0
641656,2023-05-06,4,1,0,1,3,0,0,0,0,3.0,1.5,0.0,0.0,3.0
641656,2023-05-08,3,2,0,0,3,0,0,0,0,3.3333333333333335,1.3333333333333333,0.0,0.3333333333333333,3.0
641656,2023-05-12,5,3,0,2,3,0,0,0,0,3.25,1.5,0.0,0.25,3.0
641656,2023-05-15,3,0,0,2,1,0,0,0,0,3.6,1.8,0.0,0.6,3.0
641656,2023-05-16,5,2,2,1,2,0,0,0,1,3.4,1.4,0.0,1.0,2.4
641656,2023-06-29,2,0,0,1,1,0,0,0,0,4.0,1.6,0.4,1.2,2.4
641672,2023-05-22,4,3,1,0,3,0,0,0,0,2.0,0.0,0.0,1.0,1.0
641672,2023-06-11,7,3,1,2,4,0,0,0,0,3.0,1.5,0.5,0.5,2.0
641672,2023-06-13,4,2,1,0,3,0,0,0,0,4.333333333333333,2.0,0.6666666666666666,1.0,2.6666666666666665
641703,2023-05-06,6,1,1,2,3,0,0,0,0,4.0,0.0,0.0,1.0,3.0
641703,2023-05-07,5,2,0,2,3,0,0,0,0,5.0,0.5,0.5,1.5,3.0
641703,2023-05-10,2,0,0,1,1,0,0,0,0,5.0,1.0,0.3333333333333333,1.6666666666666667,3.0
641703,2023-05-11,5,0,1,1,2,0,0,0,0,4.25,0.75,0.25,1.5,2.5
641703,2023-05-14,6,1,0,1,5,0,0,0,0,4.4,0.6,0.4,1.4,2.4
641703,2023-05-19,9,2,1,1,7,0,0,0,0,4.8,0.8,0.4,1.4,2.8
641703,2023-05-25,4,1,0,1,3,0,0,0,0,5.4,1.0,0.4,1.2,3.6
641703,2023-05-28,9,3,0,3,6,0,0,0,0,5.2,0.8,0.4,1.0,3.6
641703,2023-05-30,4,2,0,1,3,0,0,0,0,6.6,1.4,0.4,1.4,4.6
641703,2023-06-03,4,1,1,0,3,0,0,0,0,6.4,1.8,0.2,1.4,4.8
641703,2023-06-06,4,1,0,1,3,0,0,0,0,6.0,1.8,0.4,1.2,4.4
641703,2023-06-11,3,1,0,1,2,0,0,0,0,5.0,1.6,0.2,1.2,3.6
641703,2023-06-15,5,1,1,1,3,0,0,0,0,4.8,1.6,0.2,1.2,3.4
641703,2023-06-16,7,2,1,0,6,0,0,0,0,4.0,1.2,0.4,0.8,2.8
641703,2023-06-21,3,1,1,1,1,0,0,0,0,4.6,1.2,0.6,0.6,3.4
641703,2023-06-25,9,0,1,2,5,0,0,0,0,4.4,1.2,0.6,0.8,3.0
641703,2023-06-27,5,1,0,1,4,0,0,0,0,5.4,1.0,0.8,1.0,3.4
641703,2023-06-30,3,0,1,2,0,0,0,0,0,5.8,1.0,0.8,1.0,3.8
641729,2023-05-02,4,1,0,1,3,0,0,0,0,5.0,2.0,0.0,2.0,3.0
641729,2023-05-05,8,2,0,4,3,0,0,0,0,4.5,1.5,0.0,1.5,3.0
641729,2023-05-10,1,0,0,0,1,0,0,0,0,5.666666666666667,1.6666666666666667,0.0,2.3333333333333335,3.0
641729,2023-05-13,5,2,1,1,3,0,0,0,0,4.5,1.25,0.0,1.75,2.5
641729,2023-05-16,4,1,0,1,3,0,0,0,0,4.6,1.4,0.2,1.6,2.6
641729,2023-05-20,5,3,0,0,5,0,0,0,0,4.4,1.2,0.2,1.4,2.6
641729,2023-05-22,3,1,0,1,2,0,0,0,0,4.6,1.6,0.2,1.2,3.0
641729,2023-05-26,4,0,2,1,1,0,0,0,1,3.6,1.4,0.2,0.6,2.8
641729,2023-05-27,4,1,0,1,3,0,0,0,0,4.2,1.4,0.6,0.8,2.8
641729,2023-05-29,3,1,1,0,2,0,0,0,0,4.0,1.2,0.4,0.8,2.8
641729,2023-06-08,7,3,1,0,6,0,0,0,0,3.8,1.2,0.6,0.6,2.6
641729,2023-06-10,3,1,0,0,3,0,0,0,0,4.2,1.2,0.8,0.6,2.8
641729,2023-06-12,3,0,0,1,2,0,0,0,0,4.2,1.2,0.8,0.4,3.0
641729,2023-06-14,5,1,0,0,5,0,0,0,0,4.0,1.2,0.4,0.4,3.2
641729,2023-06-17,6,2,1,2,3,0,0,0,0,4.2,1.2,0.4,0.2,3.6
641729,2023-06-23,4,0,1,0,3,0,0,0,0,4.8,1.4,0.4,0.6,3.8
641729,2023-06-25,2,0,0,1,1,0,0,0,0,4.2,0.8,0.4,0.6,3.2
641729,2023-06-28,3,1,0,0,3,0,0,0,0,4.0,0.6,0.4,0.8,2.8
641743,2023-06-15,4,1,0,1,3,0,0,0,0,3.0,0.0,0.0,0.0,3.0
641743,2023-06-16,3,2,0,0,3,0,0,0,0,3.5,0.5,0.0,0.5,3.0
641743,2023-06-18,3,0,0,3,0,0,0,0,0,3.3333333333333335,1.0,0.0,0.3333333333333333,3.0
641743,2023-06-24,3,0,0,0,3,0,0,0,0,3.25,0.75,0.0,1.0,2.25
641743,2023-06-30,3,0,2,0,1,0,0,0,1,3.2,0.6,0.0,0.8,2.4
641745,2023-05-10,18,4,4,3,11,0,0,0,1,24.0,1.0,4.0,11.0,9.0
641745,2023-05-15,22,2,8,3,10,0,0,0,1,21.0,2.5,4.0,7.0,10.0
641771,2023-05-26,6,2,0,1,5,0,0,0,0,6.0,2.0,1.0,1.0,4.0
641771,2023-05-28,8,2,0,3,5,0,0,0,0,6.0,2.0,0.5,1.0,4.5
641771,2023-06-03,5,1,1,0,4,0,0,0,0,6.666666666666667,2.0,0.3333333333333333,1.6666666666666667,4.666666666666667
641771,2023-06-06,11,0,3,4,4,0,0,0,1,6.25,1.75,0.5,1.25,4.5
641771,2023-06-10,8,2,1,2,5,0,0,0,0,7.2,1.4,1.0,1.8,4.4
641771,2023-06-13,7,1,1,3,3,0,0,0,0,7.6,1.4,1.0,2.0,4.6
641771,2023-06-16,2,0,0,1,1,0,0,0,0,7.8,1.2,1.2,2.4,4.2
641771,2023-06-17,6,2,2,1,3,0,0,0,1,6.6,0.8,1.2,2.0,3.4
641771,2023-06-19,5,0,1,0,3,0,0,0,0,6.8,1.0,1.4,2.2,3.2
641771,2023-06-23,9,1,1,4,3,0,0,0,0,5.6,1.0,1.0,1.4,3.0
641778,2023-05-09,17,4,2,4,11,0,0,0,1,21.0,6.0,4.0,4.0,13.0
641778,2023-05-14,19,6,2,2,15,1,0,0,1,19.0,5.0,3.0,4.0,12.0
641778,2023-05-20,17,2,2,6,9,0,0,1,1,19.0,5.333333333333333,2.6666666666666665,3.3333333333333335,13.0
641793,2023-05-09,8,2,1,1,6,0,0,0,0,6.0,0.0,1.0,2.0,3.0
641793,2023-05-16,3,3,0,0,3,0,0,0,0,7.0,1.0,1.0,1.5,4.5
641793,2023-05-18,6,1,0,3,3,0,0,0,0,5.666666666666667,1.6666666666666667,0.6666666666666666,1.0,4.0
641793,2023-05-21,3,0,0,1,2,0,0,0,0,5.75,1.5,0.5,1.5,3.75
641793,2023-05-22,4,0,0,3,1,0,0,0,0,5.2,1.2,0.4,1.4,3.4
641793,2023-06-16,6,1,1,3,2,0,0,0,0,4.8,1.2,0.2,1.6,3.0
641793,2023-06-17,4,0,1,0,3,0,0,0,0,4.4,1.0,0.2,2.0,2.2
641793,2023-06-21,4,2,0,1,3,0,0,0,0,4.6,0.4,0.4,2.0,2.2
641793,2023-06-24,10,2,0,2,8,0,0,0,0,4.2,0.6,0.4,1.6,2.2
641793,2023-06-29,7,3,0,1,6,0,0,0,0,5.6,1.0,0.4,1.8,3.4
641835,2023-05-02,2,0,0,2,0,0,0,0,0,2.0,0.0,0.0,0.0,2.0
641835,2023-05-04,8,1,0,3,5,0,0,0,0,2.0,0.0,0.0,1.0,1.0
641835,2023-05-06,3,3,0,0,3,0,0,0,0,4.0,0.3333333333333333,0.0,1.6666666666666667,2.3333333333333335
641835,2023-05-09,3,0,0,1,2,0,0,0,0,3.75,1.0,0.0,1.25,2.5
641835,2023-05-10,3,1,1,0,2,0,0,0,0,3.6,0.8,0.0,1.2,2.4
641835,2023-05-15,6,2,0,1,5,0,0,0,0,3.8,1.0,0.2,1.2,2.4
641835,2023-05-17,3,1,2,0,1,0,0,0,1,4.6,1.4,0.2,1.0,3.4
641835,2023-05-19,3,0,0,0,3,0,0,0,0,3.6,1.4,0.6,0.4,2.6
641835,2023-05-20,1,0,0,0,1,0,0,0,0,3.6,0.8,0.6,0.4,2.6
641835,2023-05-23,3,0,0,0,3,0,0,0,0,3.2,0.8,0.6,0.2,2.4
641835,2023-05-25,3,2,0,0,3,0,0,0,0,3.2,0.6,0.4,0.2,2.6
641835,2023-05-26,3,1,1,0,2,0,0,0,0,2.6,0.6,0.4,0.0,2.2
641835,2023-05-30,1,0,0,0,1,0,0,0,0,2.6,0.6,0.2,0.0,2.4
641835,2023-05-31,5,0,0,3,2,0,0,0,0,2.2,0.6,0.2,0.0,2.0
641835,2023-06-02,1,1,0,0,1,0,0,0,0,3.0,0.6,0.2,0.6,2.2
641835,2023-06-05,8,2,0,4,4,0,0,0,0,2.6,0.8,0.2,0.6,1.8
641835,2023-06-09,1,0,0,0,1,0,0,0,0,3.6,0.8,0.2,1.4,2.0
641835,2023-06-10,5,2,0,1,4,0,0,0,0,3.2,0.6,0.0,1.4,1.8
641835,2023-06-14,1,0,0,0,1,0,0,0,0,4.0,1.0,0.0,1.6,2.4
641835,2023-06-15,1,0,0,0,1,0,0,0,0,3.2,1.0,0.0,1.0,2.2
641835,2023-06-16,3,0,1,1,1,0,0,0,0,3.2,0.8,0.0,1.0,2.2
641835,2023-06-18,1,0,0,1,0,0,0,0,0,2.2,0.4,0.2,0.4,1.6
641835,2023-06-23,1,0,0,0,1,0,0,0,0,2.2,0.4,0.2,0.6,1.4
641835,2023-06-24,3,1,0,0,3,0,0,0,0,1.4,0.0,0.2,0.4,0.8
641835,2023-06-29,3,1,0,0,3,0,0,0,0,1.8,0.2,0.2,0.4,1.2
641871,2023-05-03,4,3,1,0,3,0,0,0,0,4.0,1.0,0.0,0.0,4.0
641871,2023-05-07,5,2,0,1,3,0,0,0,0,4.0,2.0,0.5,0.0,3.5
641871,2023-05-10,4,0,0,1,3,0,0,0,0,4.333333333333333,2.0,0.3333333333333333,0.3333333333333333,3.3333333333333335
641871,2023-05-12,5,0,1,1,3,0,0,0,0,4.25,1.5,0.25,0.5,3.25
641871,2023-05-16,3,1,0,2,1,0,0,0,0,4.4,1.2,0.4,0.6,3.2
641871,2023-05-21,4,0,1,0,3,0,0,0,0,4.2,1.2,0.4,1.0,2.6
641871,2023-05-23,3,1,0,0,3,0,0,0,0,4.2,0.6,0.4,1.0,2.6
641871,2023-05-26,3,2,0,0,3,0,0,0,0,3.8,0.4,0.4,0.8,2.6
641871,2023-05-28,4,1,0,0,4,0,0,0,0,3.6,0.8,0.4,0.6,2.6
641871,2023-05-29,4,3,1,0,3,0,0,0,0,3.4,1.0,0.2,0.4,2.8
641871,2023-06-02,4,0,0,1,3,0,0,0,0,3.6,1.4,0.4,0.0,3.2
641871,2023-06-03,2,1,0,0,2,0,0,0,0,3.6,1.4,0.2,0.2,3.2
641871,2023-06-09,3,0,0,0,3,0,0,0,0,3.4,1.4,0.2,0.2,3.0
641871,2023-06-11,5,1,0,2,3,0,0,0,0,3.4,1.0,0.2,0.2,3.0
641871,2023-06-14,4,1,1,0,3,0,0,0,0,3.6,1.0,0.2,0.6,2.8
641871,2023-06-17,6,2,1,0,5,0,0,0,0,3.6,0.6,0.2,0.6,2.8
641871,2023-06-20,4,0,1,3,0,0,0,0,0,4.0,1.0,0.4,0.4,3.2
641871,2023-06-23,3,3,0,0,3,0,0,0,0,4.4,0.8,0.6,1.0,2.8
641871,2023-06-25,3,1,0,0,3,0,0,0,0,4.4,1.4,0.6,1.0,2.8
641871,2023-06-28,6,3,1,2,3,0,0,0,0,4.0,1.4,0.6,0.6,2.8
641927,2023-05-11,24,6,0,6,18,1,1,1,0,24.0,6.0,1.0,3.0,20.0
641927,2023-05-16,24,6,1,6,17,1,1,1,0,24.0,6.0,0.5,4.5,19.0
641927,2023-05-22,20,2,3,3,15,0,0,0,1,24.0,6.0,0.6666666666666666,5.0,18.333333333333332
641927,2023-05-28,18,7,1,5,12,1,0,1,0,23.0,5.0,1.25,4.5,17.5
641927,2023-06-02,21,3,0,4,16,0,1,0,0,22.0,5.4,1.2,4.6,16.4
641927,2023-06-08,21,7,2,3,16,1,1,0,1,21.4,4.8,1.0,4.8,15.6
641927,2023-06-14,23,7,1,6,16,1,1,1,0,20.8,5.0,1.4,4.2,15.2
641927,2023-06-20,27,4,0,8,18,0,1,1,0,20.6,5.2,1.4,4.2,15.0
641927,2023-06-25,23,8,1,5,18,1,1,1,0,22.0,5.6,0.8,5.2,15.6
641941,2023-05-04,3,2,0,0,3,0,0,0,0,5.0,2.0,0.0,1.0,4.0
641941,2023-05-07,3,0,0,0,3,0,0,0,0,4.0,2.0,0.0,0.5,3.5
641941,2023-05-09,5,2,0,1,4,0,0,0,0,3.6666666666666665,1.3333333333333333,0.0,0.3333333333333333,3.3333333333333335
641941,2023-05-11,3,1,0,0,3,0,0,0,0,4.0,1.5,0.0,0.5,3.5
641941,2023-05-14,4,1,0,2,2,0,0,0,0,3.8,1.4,0.0,0.4,3.4
641941,2023-05-15,5,1,1,1,3,0,0,0,0,3.6,1.2,0.0,0.6,3.0
641941,2023-05-17,4,0,2,1,1,0,0,0,1,4.0,1.0,0.2,0.8,3.0
641941,2023-05-22,5,2,2,0,3,0,0,0,1,4.2,1.0,0.6,1.0,2.6
641941,2023-05-23,3,1,0,0,3,0,0,0,0,4.2,1.0,1.0,0.8,2.4
641941,2023-05-26,6,3,0,0,6,0,0,0,0,4.2,1.0,1.0,0.8,2.4
641941,2023-05-28,1,0,0,0,0,0,0,0,0,4.6,1.4,1.0,0.4,3.2
641941,2023-06-01,8,0,0,1,7,0,0,0,0,3.8,1.2,0.8,0.2,2.6
641941,2023-06-03,1,0,0,0,1,0,0,0,0,4.6,1.2,0.4,0.2,3.8
641941,2023-06-06,7,2,0,1,6,0,0,0,0,3.8,0.8,0.0,0.2,3.4
641941,2023-06-11,6,0,0,3,3,0,0,0,0,4.6,1.0,0.0,0.4,4.0
641941,2023-06-15,6,3,0,1,5,0,0,0,0,4.6,0.4,0.0,1.0,3.4
641941,2023-06-17,5,0,0,0,5,0,0,0,0,5.6,1.0,0.0,1.2,4.4
641941,2023-06-19,2,0,2,0,0,0,0,0,1,5.0,1.0,0.0,1.0,4.0
641941,2023-06-24,5,1,1,0,4,0,0,0,0,5.2,1.0,0.4,1.0,3.8
641941,2023-06-26,2,1,0,1,1,0,0,0,0,4.8,0.8,0.6,0.8,3.4
641941,2023-06-30,4,2,0,1,3,0,0,0,0,4.0,1.0,0.6,0.4,3.0
642048,2023-05-06,3,2,0,0,3,0,0,0,0,1.0,1.0,0.0,0.0,1.0
642048,2023-05-12,3,1,0,0,3,0,0,0,0,2.0,1.5,0.0,0.0,2.0
642048,2023-05-15,3,2,0,0,3,0,0,0,0,2.3333333333333335,1.3333333333333333,0.0,0.0,2.3333333333333335
642048,2023-05-16,3,0,0,0,3,0,0,0,0,2.5,1.5,0.0,0.0,2.5
642048,2023-05-19,5,1,0,2,3,0,0,0,0,2.6,1.2,0.0,0.0,2.6
642048,2023-05-21,3,0,0,1,2,0,0,0,0,3.4,1.2,0.0,0.4,3.0
642048,2023-05-24,3,1,0,2,1,0,0,0,0,3.4,0.8,0.0,0.6,2.8
642048,2023-05-26,5,1,0,2,3,0,0,0,0,3.4,0.8,0.0,1.0,2.4
642048,2023-05-28,4,3,0,1,3,0,0,0,0,3.8,0.6,0.0,1.4,2.4
642048,2023-05-30,4,0,1,0,3,0,0,0,0,4.0,1.2,0.0,1.6,2.4
642048,2023-06-03,11,1,1,4,6,0,0,0,0,3.8,1.0,0.2,1.2,2.4
642048,2023-06-07,4,1,0,2,1,0,0,0,0,5.4,1.2,0.4,1.8,3.2
642048,2023-06-11,5,3,1,0,4,0,0,0,0,5.6,1.2,0.4,1.8,3.2
642048,2023-06-13,3,0,1,0,1,0,0,0,0,5.6,1.6,0.6,1.4,3.4
642048,2023-06-17,3,0,0,2,1,0,0,0,0,5.4,1.0,0.8,1.2,3.0
642048,2023-06-21,4,0,1,0,3,0,0,0,0,5.2,1.0,0.6,1.6,2.6
642048,2023-06-23,3,1,0,0,3,0,0,0,0,3.8,0.8,0.6,0.8,2.0
642048,2023-06-26,6,2,1,3,2,0,0,0,0,3.6,0.8,0.6,0.4,2.4
642048,2023-06-28,3,1,2,0,1,0,0,0,1,3.8,0.6,0.6,1.0,2.0
642048,2023-06-30,4,0,2,0,2,0,0,0,1,3.8,0.8,0.8,1.0,2.0
642100,2023-05-03,3,0,0,1,2,0,0,0,0,1.0,1.0,0.0,0.0,1.0
642100,2023-05-05,1,1,0,0,1,0,0,0,0,2.0,0.5,0.0,0.5,1.5
642100,2023-05-07,3,0,0,2,1,0,0,0,0,1.6666666666666667,0.6666666666666666,0.0,0.3333333333333333,1.3333333333333333
642100,2023-05-08,3,1,0,0,3,0,0,0,0,2.0,0.5,0.0,0.75,1.25
642100,2023-05-10,1,1,0,0,1,0,0,0,0,2.2,0.6,0.0,0.6,1.6
642100,2023-05-14,3,1,1,1,1,0,0,0,0,2.2,0.6,0.0,0.6,1.6
642100,2023-05-15,2,0,0,0,1,0,0,0,0,2.2,0.8,0.2,0.6,1.4
642100,2023-05-17,6,0,0,3,3,0,0,0,0,2.4,0.6,0.2,0.6,1.4
642100,2023-05-22,2,1,0,0,2,0,0,0,0,3.0,0.6,0.2,0.8,1.8
642100,2023-05-24,3,1,0,0,3,0,0,0,0,2.8,0.6,0.2,0.8,1.6
642100,2023-05-27,3,1,0,1,2,0,0,0,0,3.2,0.6,0.2,0.8,2.0
642100,2023-05-28,3,1,0,0,3,0,0,0,0,3.2,0.6,0.0,0.8,2.2
642100,2023-06-02,2,1,0,0,2,0,0,0,0,3.4,0.8,0.0,0.8,2.6
642100,2023-06-04,5,1,0,1,4,0,0,0,0,2.6,1.0,0.0,0.2,2.4
642100,2023-06-09,3,0,0,0,3,0,0,0,0,3.2,1.0,0.0,0.4,2.8
642100,2023-06-10,1,1,0,0,1,0,0,0,0,3.2,0.8,0.0,0.4,2.8
642100,2023-06-12,3,1,0,0,3,0,0,0,0,2.8,0.8,0.0,0.2,2.6
642100,2023-06-17,3,2,0,0,3,0,0,0,0,2.8,0.8,0.0,0.2,2.6
642100,2023-06-21,4,1,0,1,3,0,0,0,0,3.0,1.0,0.0,0.2,2.8
642100,2023-06-24,4,1,1,1,2,0,0,0,0,2.8,1.0,0.0,0.2,2.6
642100,2023-06-25,2,1,0,1,1,0,0,0,0,3.0,1.2,0.2,0.4,2.4
642100,2023-06-27,3,1,1,0,1,0,0,0,0,3.2,1.2,0.2,0.6,2.4
642100,2023-06-30,5,0,0,4,1,0,0,0,0,3.2,1.2,0.4,0.6,2.0
642207,2023-05-10,3,1,0,0,3,0,0,0,0,4.0,1.0,0.0,1.0,3.0
642207,2023-05-13,3,1,0,0,3,0,0,0,0,3.5,1.0,0.0,0.5,3.0
642207,2023-05-16,6,2,0,1,5,0,0,0,0,3.3333333333333335,1.0,0.0,0.3333333333333333,3.0
642207,2023-05-21,6,0,2,0,4,0,0,0,1,4.0,1.25,0.0,0.5,3.5
642207,2023-05-28,5,3,1,0,4,0,0,0,0,4.4,1.0,0.4,0.4,3.6
642207,2023-05-31,4,0,0,1,3,0,0,0,0,4.6,1.4,0.6,0.2,3.8
642207,2023-06-02,3,1,0,0,3,0,0,0,0,4.8,1.2,0.6,0.4,3.8
642207,2023-06-03,5,3,2,0,3,0,0,0,1,4.8,1.2,0.6,0.4,3.8
642207,2023-06-06,3,2,0,0,3,0,0,0,0,4.6,1.4,1.0,0.2,3.4
642207,2023-06-10,4,2,1,0,3,0,0,0,0,4.0,1.8,0.6,0.2,3.2
642207,2023-06-13,4,0,1,3,0,0,0,0,0,3.8,1.6,0.6,0.2,3.0
642207,2023-06-16,6,2,2,1,3,0,0,0,1,3.8,1.6,0.8,0.6,2.4
642207,2023-06-18,3,2,0,0,3,0,0,0,0,4.4,1.8,1.2,0.8,2.4
642207,2023-06-20,2,1,1,0,1,0,0,0,0,4.0,1.6,0.8,0.8,2.4
642207,2023-06-25,3,0,0,0,3,0,0,0,0,3.8,1.4,1.0,0.8,2.0
642207,2023-06-26,3,0,0,0,3,0,0,0,0,3.6,1.0,0.8,0.8,2.0
642207,2023-06-28,3,2,0,0,3,0,0,0,0,3.4,1.0,0.6,0.2,2.6
642207,2023-06-29,6,1,2,1,3,0,0,0,1,2.8,1.0,0.2,0.0,2.6
642231,2023-05-07,6,0,2,3,1,0,0,0,1,9.0,3.0,0.0,0.0,9.0
642232,2023-05-07,20,2,0,3,16,0,1,0,0,18.0,5.0,3.0,5.0,10.0
642239,2023-05-24,3,0,0,1,2,0,0,0,0,5.0,0.0,0.0,1.0,4.0
642239,2023-05-27,3,1,0,1,2,0,0,0,0,4.0,0.0,0.0,1.0,3.0
642239,2023-05-29,4,0,1,1,2,0,0,0,0,3.6666666666666665,0.3333333333333333,0.0,1.0,2.6666666666666665
642239,2023-05-31,3,0,0,1,2,0,0,0,0,3.75,0.25,0.25,1.0,2.5
642239,2023-06-02,6,0,1,2,3,0,0,0,0,3.6,0.2,0.2,1.0,2.4
642239,2023-06-05,4,0,2,1,1,0,0,0,1,3.8,0.2,0.4,1.2,2.2
642239,2023-06-07,8,1,3,0,5,0,0,0,1,4.0,0.2,0.8,1.2,2.0
642239,2023-06-09,7,2,0,2,5,0,0,0,0,5.0,0.2,1.4,1.0,2.6
642239,2023-06-13,9,2,1,3,5,0,0,0,0,5.6,0.6,1.2,1.2,3.2
642239,2023-06-15,2,1,0,1,1,0,0,0,0,6.8,1.0,1.4,1.6,3.8
642397,2023-05-05,3,1,0,0,3,0,0,0,0,7.0,1.0,1.0,4.0,2.0
642397,2023-05-06,3,1,0,0,3,0,0,0,0,5.0,1.0,0.5,2.0,2.5
642397,2023-05-09,3,1,0,0,2,0,0,0,0,4.333333333333333,1.0,0.3333333333333333,1.3333333333333333,2.6666666666666665
642397,2023-05-10,4,1,1,0,3,0,0,0,0,4.0,1.0,0.25,1.0,2.5
642397,2023-05-13,3,0,0,0,3,0,0,0,0,4.0,1.0,0.4,0.8,2.6
642397,2023-05-16,3,2,0,0,3,0,0,0,0,3.2,0.8,0.2,0.0,2.8
642397,2023-05-17,8,1,0,5,3,0,0,1,0,3.2,1.0,0.2,0.0,2.8
642397,2023-05-21,1,0,0,0,1,0,0,0,0,4.2,1.0,0.2,1.0,2.8
642397,2023-05-23,4,2,1,0,3,0,0,0,0,3.8,0.8,0.2,1.0,2.6
642397,2023-05-25,7,1,1,4,2,0,0,0,0,3.8,1.0,0.2,1.0,2.6
642397,2023-06-01,3,0,0,0,3,0,0,0,0,4.6,1.2,0.4,1.8,2.4
642397,2023-06-03,4,0,0,1,3,0,0,0,0,4.6,0.8,0.4,1.8,2.4
642397,2023-06-09,3,1,0,0,3,0,0,0,0,3.8,0.6,0.4,1.0,2.4
642397,2023-06-11,4,0,0,1,3,0,0,0,0,4.2,0.8,0.4,1.0,2.8
642397,2023-06-14,2,0,1,0,1,0,0,0,0,4.2,0.4,0.2,1.2,2.8
642397,2023-06-15,3,1,0,1,2,0,0,0,0,3.2,0.2,0.2,0.4,2.6
642397,2023-06-17,2,0,0,0,2,0,0,0,0,3.2,0.4,0.2,0.6,2.4
642397,2023-06-22,4,1,1,0,3,0,0,0,0,2.8,0.4,0.2,0.4,2.2
642397,2023-06-23,3,3,0,0,3,0,0,0,0,3.0,0.4,0.4,0.4,2.2
642397,2023-06-27,3,2,0,1,2,0,0,0,0,2.8,1.0,0.4,0.2,2.2
642397,2023-06-29,3,0,0,0,3,0,0,0,0,3.0,1.4,0.2,0.4,2.4
642545,2023-05-17,8,1,0,2,6,0,0,0,0,14.0,3.0,0.0,3.0,11.0
642545,2023-05-22,17,6,0,2,15,1,0,0,0,11.0,2.0,0.0,2.5,8.5
642545,2023-05-27,4,1,0,1,3,0,0,0,0,13.0,3.3333333333333335,0.0,2.3333333333333335,10.666666666666666
642545,2023-05-31,22,6,3,4,15,1,0,0,1,10.75,2.75,0.0,2.0,8.75
642545,2023-06-07,17,3,1,3,13,0,0,0,0,13.0,3.4,0.6,2.4,10.0
642545,2023-06-13,22,2,1,7,13,0,0,1,0,13.6,3.4,0.8,2.4,10.4
642545,2023-06-18,8,1,1,2,5,0,0,0,0,16.4,3.6,1.0,3.4,11.8
642545,2023-06-28,18,0,2,7,9,0,0,1,1,14.6,2.6,1.2,3.4,9.8
642546,2023-05-05,5,0,0,2,3,0,0,0,0,5.0,1.0,2.0,0.0,3.0
642546,2023-05-08,4,1,0,0,2,0,0,0,0,5.0,0.5,1.0,1.0,3.0
642546,2023-05-10,2,1,1,0,1,0,0,0,0,4.666666666666667,0.6666666666666666,0.6666666666666666,0.6666666666666666,2.6666666666666665
642546,2023-05-12,6,0,2,1,3,0,0,0,1,4.0,0.75,0.75,0.5,2.25
642546,2023-05-14,5,1,0,2,3,0,0,0,0,4.4,0.6,1.0,0.6,2.4
642546,2023-05-16,3,0,0,2,0,0,0,0,0,4.4,0.6,0.6,1.0,2.4
642546,2023-05-20,5,0,1,2,2,0,0,0,0,4.0,0.6,0.6,1.0,1.8
642546,2023-05-22,4,2,0,2,2,0,0,0,0,4.2,0.4,0.8,1.4,1.8
642546,2023-05-26,3,1,0,0,3,0,0,0,0,4.6,0.6,0.6,1.8,2.0
642546,2023-05-29,8,1,1,1,6,0,0,0,0,4.0,0.8,0.2,1.6,2.0
642546,2023-05-31,3,0,0,2,1,0,0,0,0,4.6,0.8,0.4,1.4,2.6
642546,2023-06-04,6,2,1,3,2,0,0,0,0,4.6,0.8,0.4,1.4,2.8
642547,2023-05-08,23,5,2,3,18,1,1,0,1,25.0,10.0,3.0,7.0,16.0
642547,2023-05-15,26,4,5,6,14,0,0,1,1,24.0,7.5,2.5,5.0,17.0
642547,2023-05-21,25,4,3,5,18,0,1,1,1,24.666666666666668,6.333333333333333,3.3333333333333335,5.333333333333333,16.0
642547,2023-05-26,16,4,1,8,7,0,0,1,0,24.75,5.75,3.25,5.25,16.5
642547,2023-06-01,24,3,2,6,16,0,1,1,1,23.0,5.4,2.8,5.8,14.6
642547,2023-06-06,21,9,0,6,15,1,0,1,0,22.8,4.0,2.6,5.6,14.6
642547,2023-06-11,21,5,2,3,15,1,0,0,1,22.4,4.8,2.2,6.2,14.0
642547,2023-06-18,23,9,3,2,18,1,1,0,1,21.4,5.0,1.6,5.6,14.2
642547,2023-06-24,19,5,3,4,11,1,0,0,1,21.0,6.0,1.6,5.0,14.2
642547,2023-06-30,21,8,2,3,16,1,1,0,1,21.6,6.2,2.0,4.2,15.0
642585,2023-05-07,3,1,1,0,2,0,0,0,0,6.0,3.0,2.0,1.0,3.0
642585,2023-05-09,5,1,3,0,2,0,0,0,1,4.5,2.0,1.5,0.5,2.5
642585,2023-05-12,3,3,0,0,3,0,0,0,0,4.666666666666667,1.6666666666666667,2.0,0.3333333333333333,2.3333333333333335
642585,2023-05-13,4,3,0,1,3,0,0,0,0,4.25,2.0,1.5,0.25,2.5
642585,2023-05-17,4,2,1,0,3,0,0,0,0,4.2,2.2,1.2,0.4,2.6
642585,2023-05-19,5,2,1,1,3,0,0,0,0,3.8,2.0,1.0,0.2,2.6
642585,2023-05-20,8,5,1,1,6,1,0,0,0,4.2,2.2,1.0,0.4,2.8
642585,2023-05-23,4,3,0,1,3,0,0,0,0,4.8,3.0,0.6,0.6,3.6
642585,2023-05-24,4,2,1,0,3,0,0,0,0,5.0,3.0,0.6,0.8,3.6
642585,2023-05-28,3,3,0,0,3,0,0,0,0,5.0,2.8,0.8,0.6,3.6
642585,2023-05-30,3,1,0,0,3,0,0,0,0,4.8,3.0,0.6,0.6,3.6
642585,2023-06-02,4,3,0,1,3,0,0,0,0,4.4,2.8,0.4,0.4,3.6
642585,2023-06-06,3,3,0,0,3,0,0,0,0,3.6,2.4,0.2,0.4,3.0
642585,2023-06-08,4,2,0,1,3,0,0,0,0,3.4,2.4,0.2,0.2,3.0
642585,2023-06-09,3,2,0,0,3,0,0,0,0,3.4,2.4,0.0,0.4,3.0
642585,2023-06-15,4,2,0,0,4,0,0,0,0,3.4,2.2,0.0,0.4,3.0
642585,2023-06-18,3,1,0,0,3,0,0,0,0,3.6,2.4,0.0,0.4,3.2
642585,2023-06-20,5,2,0,0,4,0,0,0,0,3.4,2.0,0.0,0.2,3.2
642585,2023-06-24,4,2,0,1,3,0,0,0,0,3.8,1.8,0.0,0.2,3.4
642585,2023-06-25,4,3,0,1,3,0,0,0,0,3.8,1.8,0.0,0.2,3.4
642585,2023-06-28,5,2,0,2,3,0,0,0,0,4.0,2.0,0.0,0.4,3.4
642770,2023-05-06,4,1,1,0,3,0,0,0,0,4.0,0.0,2.0,0.0,2.0
642770,2023-05-07,5,1,1,1,3,0,0,0,0,4.0,0.5,1.5,0.0,2.5
642770,2023-05-10,4,0,1,0,3,0,0,0,0,4.333333333333333,0.6666666666666666,1.3333333333333333,0.3333333333333333,2.6666666666666665
642770,2023-05-11,7,1,2,2,3,0,0,0,1,4.25,0.5,1.25,0.25,2.75
642770,2023-05-13,3,1,1,1,1,0,0,0,0,4.8,0.6,1.4,0.6,2.8
643256,2023-05-25,6,0,1,2,3,0,0,0,0,3.0,0.0,1.0,1.0,1.0
643256,2023-05-27,6,1,0,3,3,0,0,0,0,4.5,0.0,1.0,1.5,2.0
643256,2023-05-30,4,0,1,0,2,0,0,0,0,5.0,0.3333333333333333,0.6666666666666666,2.0,2.3333333333333335
643256,2023-05-31,4,1,0,0,4,0,0,0,0,4.75,0.25,0.75,1.5,2.25
643256,2023-06-04,2,0,0,1,1,0,0,0,0,4.6,0.4,0.6,1.2,2.6
643256,2023-06-05,7,2,0,1,5,0,0,0,0,4.4,0.4,0.4,1.2,2.6
643256,2023-06-09,3,0,0,1,2,0,0,0,0,4.6,0.8,0.2,1.0,3.0
643256,2023-06-10,7,1,0,5,1,0,0,1,0,4.0,0.6,0.2,0.6,2.8
643256,2023-06-17,2,1,0,0,2,0,0,0,0,4.6,0.8,0.0,1.6,2.6
643256,2023-06-18,4,0,0,3,1,0,0,0,0,4.2,0.8,0.0,1.6,2.2
643361,2023-05-14,4,1,0,1,3,0,0,0,0,10.0,4.0,0.0,2.0,8.0
643361,2023-05-17,4,0,1,0,3,0,0,0,0,7.0,2.5,0.0,1.5,5.5
643361,2023-05-21,8,1,0,2,6,0,0,0,0,6.0,1.6666666666666667,0.3333333333333333,1.0,4.666666666666667
643361,2023-05-24,8,0,1,1,6,0,0,0,0,6.5,1.5,0.25,1.25,5.0
643361,2023-05-28,5,1,0,2,3,0,0,0,0,6.8,1.2,0.4,1.2,5.2
643361,2023-06-01,8,0,1,5,2,0,0,1,0,5.8,0.6,0.4,1.2,4.2
643361,2023-06-03,5,0,0,1,4,0,0,0,0,6.6,0.4,0.6,2.0,4.0
643361,2023-06-10,9,0,0,4,4,0,0,0,0,6.8,0.4,0.4,2.2,4.2
643377,2023-05-03,6,0,1,3,2,0,0,0,0,3.0,1.0,0.0,0.0,3.0
643377,2023-05-09,4,0,2,1,1,0,0,0,1,4.5,0.5,0.5,1.5,2.5
643377,2023-05-10,4,1,1,0,3,0,0,0,0,4.333333333333333,0.3333333333333333,1.0,1.3333333333333333,2.0
643377,2023-05-12,7,2,0,4,3,0,0,0,0,4.25,0.5,1.0,1.0,2.25
643377,2023-05-15,5,0,0,2,3,0,0,0,0,4.8,0.8,0.8,1.6,2.4
643377,2023-05-16,4,1,0,1,3,0,0,0,0,5.2,0.6,0.8,2.0,2.4
643377,2023-05-19,5,1,1,3,1,0,0,0,0,4.8,0.8,0.6,1.6,2.6
643377,2023-05-22,3,2,0,0,3,0,0,0,0,5.0,1.0,0.4,2.0,2.6
643377,2023-05-23,5,3,0,2,3,0,0,0,0,4.8,1.2,0.2,2.0,2.6
643377,2023-05-28,3,1,0,0,3,0,0,0,0,4.4,1.4,0.2,1.6,2.6
643377,2023-05-30,3,0,0,0,3,0,0,0,0,4.0,1.6,0.2,1.2,2.6
643377,2023-06-01,3,1,0,0,3,0,0,0,0,3.8,1.4,0.2,1.0,2.6
643377,2023-06-04,3,1,0,0,3,0,0,0,0,3.4,1.4,0.0,0.4,3.0
643377,2023-06-08,2,2,0,0,2,0,0,0,0,3.4,1.2,0.0,0.4,3.0
643377,2023-06-09,3,0,0,0,3,0,0,0,0,2.8,1.0,0.0,0.0,2.8
643377,2023-06-11,4,1,0,1,3,0,0,0,0,2.8,0.8,0.0,0.0,2.8
643377,2023-06-14,3,1,0,0,3,0,0,0,0,3.0,1.0,0.0,0.2,2.8
643377,2023-06-17,2,0,0,1,1,0,0,0,0,3.0,1.0,0.0,0.2,2.8
643377,2023-06-19,3,0,0,0,3,0,0,0,0,2.8,0.8,0.0,0.4,2.4
643377,2023-06-21,3,0,0,1,2,0,0,0,0,3.0,0.4,0.0,0.4,2.6
643377,2023-06-23,2,1,0,1,1,0,0,0,0,3.0,0.4,0.0,0.6,2.4
643377,2023-06-25,4,1,1,0,3,0,0,0,0,2.6,0.4,0.0,0.6,2.0
643396,2023-06-22,3,1,0,0,3,0,0,0,0,5.0,0.0,0.0,2.0,3.0
643410,2023-05-03,4,2,0,0,4,0,0,0,0,3.0,3.0,0.0,0.0,3.0
643410,2023-05-05,3,1,0,1,1,0,0,0,0,3.5,2.5,0.0,0.0,3.5
643410,2023-05-07,7,2,0,1,6,0,0,0,0,3.3333333333333335,2.0,0.0,0.3333333333333333,2.6666666666666665
643410,2023-05-12,3,0,0,0,3,0,0,0,0,4.25,2.0,0.0,0.5,3.5
643410,2023-05-17,6,3,0,3,3,0,0,0,0,4.0,1.6,0.0,0.4,3.4
643410,2023-05-23,4,2,0,0,4,0,0,0,0,4.6,1.6,0.0,1.0,3.4
643410,2023-05-24,3,1,0,0,3,0,0,0,0,4.6,1.6,0.0,1.0,3.4
643410,2023-05-27,3,1,0,0,3,0,0,0,0,4.6,1.6,0.0,0.8,3.8
643410,2023-05-30,3,0,0,0,3,0,0,0,0,3.8,1.4,0.0,0.6,3.2
643410,2023-05-31,4,1,1,2,1,0,0,0,0,3.8,1.4,0.0,0.6,3.2
643410,2023-06-02,3,3,0,0,3,0,0,0,0,3.4,1.0,0.2,0.4,2.8
643410,2023-06-07,5,2,1,2,2,0,0,0,0,3.2,1.2,0.2,0.4,2.6
643410,2023-06-09,5,2,0,1,4,0,0,0,0,3.6,1.4,0.4,0.8,2.4
643410,2023-06-13,4,2,1,0,3,0,0,0,0,4.0,1.6,0.4,1.0,2.6
643410,2023-06-14,3,1,0,0,3,0,0,0,0,4.2,2.0,0.6,1.0,2.6
643410,2023-06-17,8,2,1,1,6,0,0,0,0,4.0,2.0,0.4,0.6,3.0
643410,2023-06-20,3,1,0,0,3,0,0,0,0,5.0,1.8,0.6,0.8,3.6
643410,2023-06-21,2,1,0,0,2,0,0,0,0,4.6,1.6,0.4,0.4,3.8
643410,2023-06-25,4,1,0,0,4,0,0,0,0,4.0,1.4,0.4,0.2,3.4
643410,2023-06-29,4,0,0,1,3,0,0,0,0,4.0,1.2,0.2,0.2,3.6
643493,2023-05-05,3,0,0,1,2,0,0,0,0,5.0,0.0,2.0,0.0,3.0
643493,2023-05-08,9,2,1,3,5,0,0,0,0,4.0,0.0,1.0,0.5,2.5
643493,2023-05-11,4,2,0,1,3,0,0,0,0,5.666666666666667,0.6666666666666666,1.0,1.3333333333333333,3.3333333333333335
643493,2023-05-12,6,1,0,2,4,0,0,0,0,5.25,1.0,0.75,1.25,3.25
643493,2023-05-14,3,0,0,2,1,0,0,0,0,5.4,1.0,0.6,1.4,3.4
643493,2023-05-16,9,1,0,0,9,0,0,0,0,5.0,1.0,0.2,1.8,3.0
643493,2023-05-19,6,1,1,2,3,0,0,0,0,6.2,1.2,0.2,1.6,4.4
643493,2023-05-23,2,0,0,0,2,0,0,0,0,5.6,1.0,0.2,1.4,4.0
643493,2023-05-24,3,0,0,2,1,0,0,0,0,5.2,0.6,0.2,1.2,3.8
643493,2023-05-27,6,1,0,3,3,0,0,0,0,4.6,0.4,0.2,1.2,3.2
643493,2023-05-30,5,1,0,0,5,0,0,0,0,5.2,0.6,0.2,1.4,3.6
643493,2023-06-02,6,1,0,1,5,0,0,0,0,4.4,0.6,0.2,1.4,2.8
643493,2023-06-04,4,1,0,2,2,0,0,0,0,4.4,0.6,0.0,1.2,3.2
643493,2023-06-10,5,1,1,1,3,0,0,0,0,4.8,0.8,0.0,1.6,3.2
643493,2023-06-15,9,0,0,3,6,0,0,0,0,5.2,1.0,0.2,1.4,3.6
643493,2023-06-18,4,0,0,1,3,0,0,0,0,5.8,0.8,0.2,1.4,4.2
643493,2023-06-21,5,0,0,3,3,0,0,0,0,5.6,0.6,0.2,1.6,3.8
643493,2023-06-24,7,0,0,2,5,0,0,0,0,5.4,0.4,0.2,2.0,3.4
643493,2023-06-28,6,0,1,1,4,0,0,0,0,6.0,0.2,0.2,2.0,4.0
643493,2023-06-29,3,1,0,0,3,0,0,0,0,6.2,0.0,0.2,2.0,4.2
643511,2023-05-09,5,0,1,1,3,0,0,0,0,7.0,2.0,0.0,1.0,6.0
643511,2023-05-14,5,0,1,1,3,0,0,0,0,6.0,1.0,0.5,1.0,4.5
643511,2023-05-16,8,0,1,3,4,0,0,0,0,5.666666666666667,0.6666666666666666,0.6666666666666666,1.0,4.0
643511,2023-05-19,4,2,0,0,4,0,0,0,0,6.25,0.5,0.75,1.5,4.0
643511,2023-05-20,4,0,0,1,3,0,0,0,0,5.8,0.8,0.6,1.2,4.0
643511,2023-05-22,3,2,1,0,2,0,0,0,0,5.2,0.4,0.6,1.2,3.4
643511,2023-05-25,3,1,0,0,3,0,0,0,0,4.8,0.8,0.6,1.0,3.2
643511,2023-05-27,4,1,0,0,3,0,0,0,0,4.4,1.0,0.4,0.8,3.2
643511,2023-05-31,4,2,0,1,3,0,0,0,0,3.6,1.2,0.2,0.2,3.0
643511,2023-06-02,3,0,0,0,3,0,0,0,0,3.6,1.2,0.2,0.4,2.8
643511,2023-06-07,3,0,0,0,3,0,0,0,0,3.4,1.2,0.2,0.2,2.8
643511,2023-06-08,5,0,1,1,3,0,0,0,0,3.4,0.8,0.0,0.2,3.0
643511,2023-06-12,4,0,0,2,2,0,0,0,0,3.8,0.6,0.2,0.4,3.0
643511,2023-06-14,3,1,0,0,3,0,0,0,0,3.8,0.4,0.2,0.8,2.8
643511,2023-06-16,4,0,0,1,3,0,0,0,0,3.6,0.2,0.2,0.6,2.8
643511,2023-06-20,4,1,0,1,3,0,0,0,0,3.8,0.2,0.2,0.8,2.8
643511,2023-06-21,5,0,0,2,3,0,0,0,0,4.0,0.4,0.2,1.0,2.8
643511,2023-06-23,6,2,0,3,3,0,0,0,0,4.0,0.4,0.0,1.2,2.8
643511,2023-06-24,6,3,0,0,6,0,0,0,0,4.4,0.8,0.0,1.4,3.0
643511,2023-06-27,6,4,0,1,5,0,0,0,0,5.0,1.2,0.0,1.4,3.6
643511,2023-06-30,4,1,0,1,3,0,0,0,0,5.4,2.0,0.0,1.4,4.0
645261,2023-05-07,31,9,0,9,22,1,1,1,0,24.0,5.0,3.0,6.0,13.0
645261,2023-05-13,31,9,2,7,21,1,1,1,1,27.5,7.0,1.5,7.5,17.5
645261,2023-05-19,25,5,3,5,17,1,1,1,1,28.666666666666668,7.666666666666667,1.6666666666666667,7.333333333333333,18.666666666666668
645261,2023-05-24,25,3,3,4,18,0,1,0,1,27.75,7.0,2.0,6.75,18.25
645261,2023-05-30,29,3,5,5,19,0,1,1,1,27.2,6.2,2.2,6.2,18.2
645261,2023-06-04,25,7,0,6,19,1,1,1,0,28.2,5.8,2.6,6.0,19.4
645261,2023-06-10,26,4,2,3,20,0,1,0,1,27.0,5.4,2.6,5.4,18.8
645261,2023-06-16,26,1,0,10,16,0,1,1,0,26.0,4.4,2.6,4.6,18.6
645261,2023-06-21,30,6,2,10,19,1,1,1,1,26.2,3.6,2.0,5.6,18.4
645261,2023-06-27,26,5,2,6,18,1,1,1,1,27.2,4.2,1.8,6.8,18.6
645801,2023-06-30,6,0,0,3,3,0,0,0,0,6.0,0.0,1.0,2.0,3.0
647315,2023-05-04,5,1,1,2,2,0,0,0,0,4.0,0.0,0.0,2.0,2.0
647336,2023-06-04,22,2,4,7,11,0,0,1,1,25.0,3.0,2.0,5.0,16.0
647336,2023-06-30,22,7,0,6,16,1,1,1,0,23.5,2.5,3.0,6.0,13.5
650556,2023-05-05,6,2,0,3,3,0,0,0,0,4.0,2.0,0.0,1.0,3.0
650556,2023-05-07,3,3,0,0,3,0,0,0,0,5.0,2.0,0.0,2.0,3.0
650556,2023-05-10,4,2,0,1,3,0,0,0,0,4.333333333333333,2.3333333333333335,0.0,1.3333333333333333,3.0
650556,2023-05-12,3,1,0,0,3,0,0,0,0,4.25,2.25,0.0,1.25,3.0
650556,2023-05-14,4,2,0,0,3,0,0,0,0,4.0,2.0,0.0,1.0,3.0
650556,2023-05-17,5,2,1,1,3,0,0,0,0,4.0,2.0,0.0,0.8,3.0
650556,2023-05-19,3,0,0,0,3,0,0,0,0,3.8,2.0,0.2,0.4,3.0
650556,2023-05-24,4,2,0,0,4,0,0,0,0,3.8,1.4,0.2,0.4,3.0
650556,2023-05-27,5,1,1,1,2,0,0,0,0,3.8,1.4,0.2,0.2,3.2
650556,2023-05-29,6,3,1,2,3,0,0,0,0,4.2,1.4,0.4,0.4,3.0
650556,2023-06-01,5,0,1,1,3,0,0,0,0,4.6,1.6,0.6,0.8,3.0
650556,2023-06-02,5,1,1,1,3,0,0,0,0,4.6,1.2,0.6,0.8,3.0
650556,2023-06-04,2,1,0,1,1,0,0,0,0,5.0,1.4,0.8,1.0,3.0
650556,2023-06-07,3,1,0,1,2,0,0,0,0,4.6,1.2,0.8,1.2,2.4
650556,2023-06-08,3,2,0,0,3,0,0,0,0,4.2,1.2,0.6,1.2,2.4
650556,2023-06-10,6,3,0,2,4,0,0,0,0,3.6,1.0,0.4,0.8,2.4
650556,2023-06-13,5,1,0,2,3,0,0,0,0,3.8,1.6,0.2,1.0,2.6
650556,2023-06-15,4,0,0,1,3,0,0,0,0,3.8,1.6,0.0,1.2,2.6
650556,2023-06-18,4,2,0,1,3,0,0,0,0,4.2,1.4,0.0,1.2,3.0
650556,2023-06-21,4,2,1,0,3,0,0,0,0,4.4,1.6,0.0,1.2,3.2
650556,2023-06-24,5,0,3,1,1,0,0,0,1,4.6,1.6,0.2,1.2,3.2
650556,2023-06-28,3,2,0,0,3,0,0,0,0,4.4,1.0,0.8,1.0,2.6
650556,2023-06-30,4,1,0,1,3,0,0,0,0,4.0,1.2,0.8,0.6,2.6
650633,2023-05-05,5,1,0,0,5,0,0,0,0,6.0,3.0,1.0,0.0,5.0
650633,2023-05-07,4,3,0,1,3,0,0,0,0,5.5,2.0,0.5,0.0,5.0
650633,2023-05-12,7,0,1,4,2,0,0,0,0,5.0,2.3333333333333335,0.3333333333333333,0.3333333333333333,4.333333333333333
650633,2023-05-15,4,0,0,0,4,0,0,0,0,5.5,1.75,0.5,1.25,3.75
650633,2023-05-17,5,0,2,0,3,0,0,0,1,5.2,1.4,0.4,1.0,3.8
650633,2023-05-20,7,3,0,1,6,0,0,0,0,5.0,0.8,0.6,1.0,3.4
650633,2023-05-23,7,3,1,0,6,0,0,0,0,5.4,1.2,0.6,1.2,3.6
650633,2023-05-27,5,2,1,1,3,0,0,0,0,6.0,1.2,0.8,1.0,4.2
650633,2023-05-30,9,3,1,2,6,0,0,0,0,5.6,1.6,0.8,0.4,4.4
650633,2023-06-03,8,3,0,1,7,0,0,0,0,6.6,2.2,1.0,0.8,4.8
650633,2023-06-08,8,2,0,2,6,0,0,0,0,7.2,2.8,0.6,1.0,5.6
650633,2023-06-11,5,0,2,1,2,0,0,0,1,7.4,2.6,0.6,1.2,5.6
650633,2023-06-13,3,1,0,0,3,0,0,0,0,7.0,2.0,0.8,1.4,4.8
650633,2023-06-18,9,0,1,4,4,0,0,0,0,6.6,1.8,0.6,1.2,4.8
650633,2023-06-21,4,1,1,1,2,0,0,0,0,6.6,1.2,0.6,1.6,4.4
650633,2023-06-23,4,2,0,1,3,0,0,0,0,5.8,0.8,0.8,1.6,3.4
650633,2023-06-25,4,2,0,1,3,0,0,0,0,5.0,0.8,0.8,1.4,2.8
650644,2023-06-08,23,3,2,4,17,0,1,0,1,19.0,4.0,2.0,4.0,13.0
650644,2023-06-14,20,7,4,5,11,1,0,1,1,21.0,3.5,2.0,4.0,15.0
650644,2023-06-20,27,6,3,5,20,1,1,1,1,20.666666666666668,4.666666666666667,2.6666666666666665,4.333333333333333,13.666666666666666
650644,2023-06-25,25,5,2,6,17,1,1,1,1,22.25,5.0,2.75,4.5,15.25
650893,2023-05-06,3,0,1,1,1,0,0,0,0,4.0,1.0,1.0,0.0,3.0
650893,2023-05-08,6,1,2,1,4,0,0,0,1,3.5,0.5,1.0,0.5,2.0
650893,2023-05-12,4,1,2,1,1,0,0,0,1,4.333333333333333,0.6666666666666666,1.3333333333333333,0.6666666666666666,2.6666666666666665
650893,2023-05-14,6,2,2,1,3,0,0,0,1,4.25,0.75,1.5,0.75,2.25
650893,2023-05-18,4,0,1,2,1,0,0,0,0,4.6,1.0,1.6,0.8,2.4
650893,2023-05-21,4,2,0,1,3,0,0,0,0,4.6,0.8,1.6,1.2,2.0
650893,2023-05-24,11,2,1,3,7,0,0,0,0,4.8,1.2,1.4,1.2,2.4
650893,2023-06-02,4,1,0,1,3,0,0,0,0,5.8,1.4,1.2,1.6,3.0
650893,2023-06-04,5,0,0,0,5,0,0,0,0,5.8,1.4,0.8,1.6,3.4
650893,2023-06-05,4,0,1,2,1,0,0,0,0,5.6,1.0,0.4,1.4,3.8
650893,2023-06-10,5,1,1,1,3,0,0,0,0,5.6,1.0,0.4,1.4,3.8
650893,2023-06-13,10,2,1,4,5,0,0,0,0,5.8,0.8,0.6,1.4,3.8
650893,2023-06-16,3,0,0,0,3,0,0,0,0,5.6,0.8,0.6,1.6,3.4
650893,2023-06-19,2,0,0,0,2,0,0,0,0,5.4,0.6,0.6,1.4,3.4
650893,2023-06-25,4,2,0,0,4,0,0,0,0,4.8,0.6,0.6,1.4,2.8
650893,2023-06-29,3,1,0,1,2,0,0,0,0,4.8,1.0,0.4,1.0,3.4
650911,2023-06-24,18,4,0,5,13,0,0,1,0,14.0,5.0,1.0,1.0,12.0
650911,2023-06-30,23,6,1,7,15,1,0,1,0,16.0,4.5,0.5,3.0,12.5
650960,2023-06-14,4,0,1,2,1,0,0,0,0,3.0,0.0,0.0,0.0,3.0
650960,2023-06-18,7,1,1,0,6,0,0,0,0,3.5,0.0,0.5,1.0,2.0
650960,2023-06-20,3,1,0,0,3,0,0,0,0,4.666666666666667,0.3333333333333333,0.6666666666666666,0.6666666666666666,3.3333333333333335
650960,2023-06-23,6,1,0,3,3,0,0,0,0,4.25,0.5,0.5,0.5,3.25
650960,2023-06-24,1,0,0,0,1,0,0,0,0,4.6,0.6,0.4,1.0,3.2
650960,2023-06-25,3,0,0,0,3,0,0,0,0,4.2,0.6,0.4,1.0,2.8
650960,2023-06-28,2,0,2,0,0,0,0,0,1,4.0,0.6,0.2,0.6,3.2
650960,2023-06-30,2,0,1,0,1,0,0,0,0,3.0,0.4,0.4,0.6,2.0
656061,2023-05-05,5,1,0,0,4,0,0,0,0,1.0,1.0,0.0,0.0,1.0
656061,2023-05-07,2,0,0,1,1,0,0,0,0,3.0,1.0,0.0,0.0,2.5
656061,2023-05-09,4,1,1,1,2,0,0,0,0,2.6666666666666665,0.6666666666666666,0.0,0.3333333333333333,2.0
656061,2023-05-11,6,0,2,1,3,0,0,0,1,3.0,0.75,0.25,0.5,2.0
656061,2023-05-14,9,3,1,2,5,0,0,0,0,3.6,0.6,0.6,0.6,2.2
656061,2023-05-18,3,2,0,0,3,0,0,0,0,5.2,1.0,0.8,1.0,3.0
656061,2023-05-19,4,1,1,0,3,0,0,0,0,4.8,1.2,0.8,1.0,2.8
656061,2023-05-21,4,1,0,0,4,0,0,0,0,5.2,1.4,1.0,0.8,3.2
656061,2023-05-24,6,1,0,2,4,0,0,0,0,5.2,1.4,0.8,0.6,3.6
656061,2023-05-25,3,0,0,0,3,0,0,0,0,5.2,1.6,0.4,0.8,3.8
656061,2023-05-29,7,3,1,0,6,0,0,0,0,4.0,1.0,0.2,0.4,3.4
656061,2023-06-02,4,0,0,1,3,0,0,0,0,4.8,1.2,0.4,0.4,4.0
656061,2023-06-06,3,0,0,0,3,0,0,0,0,4.8,1.0,0.2,0.6,4.0
656061,2023-06-09,3,1,0,2,1,0,0,0,0,4.6,0.8,0.2,0.6,3.8
656061,2023-06-14,4,2,0,0,4,0,0,0,0,4.0,0.8,0.2,0.6,3.2
656061,2023-06-16,8,2,0,3,5,0,0,0,0,4.2,1.2,0.2,0.6,3.4
656061,2023-06-22,8,4,1,1,6,0,0,0,0,4.4,1.0,0.0,1.2,3.2
656061,2023-06-29,3,2,0,0,3,0,0,0,0,5.2,1.8,0.2,1.2,3.8
656222,2023-05-06,7,2,1,2,4,0,0,0,0,4.0,0.0,1.0,0.0,3.0
656222,2023-05-07,1,1,0,0,1,0,0,0,0,5.5,1.0,1.0,1.0,3.5
656222,2023-05-10,7,2,0,1,6,0,0,0,0,4.0,1.0,0.6666666666666666,0.6666666666666666,2.6666666666666665
656222,2023-05-13,7,3,0,1,6,0,0,0,0,4.75,1.25,0.5,0.75,3.5
656222,2023-05-16,7,2,0,1,6,0,0,0,0,5.2,1.6,0.4,0.8,4.0
656222,2023-05-18,4,1,0,1,3,0,0,0,0,5.8,2.0,0.2,1.0,4.6
656222,2023-05-21,9,3,2,1,6,0,0,0,1,5.2,1.8,0.0,0.8,4.4
656222,2023-05-26,9,2,1,3,5,0,0,0,0,6.8,2.2,0.4,1.0,5.4
656222,2023-05-28,4,2,1,0,3,0,0,0,0,7.2,2.2,0.6,1.4,5.2
656222,2023-05-31,2,1,0,0,2,0,0,0,0,6.6,2.0,0.8,1.2,4.6
656222,2023-06-03,8,2,2,4,2,0,0,0,1,5.6,1.8,0.8,1.0,3.8
656222,2023-06-06,6,2,1,1,4,0,0,0,0,6.4,2.0,1.2,1.6,3.6
656222,2023-06-10,9,2,0,3,6,0,0,0,0,5.8,1.8,1.0,1.6,3.2
656222,2023-06-13,8,3,1,2,5,0,0,0,0,5.8,1.8,0.8,1.6,3.4
656232,2023-05-07,21,0,2,10,10,0,0,1,1,17.0,6.0,3.0,2.0,12.0
656232,2023-05-13,20,4,0,8,12,0,0,1,0,19.0,3.0,2.5,6.0,11.0
656232,2023-05-19,21,9,3,5,13,1,0,1,1,19.333333333333332,3.3333333333333335,1.6666666666666667,6.666666666666667,11.333333333333334
656232,2023-05-24,24,3,1,5,18,0,1,1,0,19.75,4.75,2.0,6.25,11.75
656232,2023-05-30,22,6,3,4,15,1,0,0,1,20.6,4.4,1.8,6.0,13.0
656232,2023-06-05,28,2,1,10,16,0,1,1,0,21.6,4.4,1.8,6.4,13.6
656232,2023-06-11,24,4,2,9,13,0,0,1,1,23.0,4.8,1.6,6.4,14.8
656232,2023-06-17,22,3,3,5,14,0,0,1,1,23.8,4.8,2.0,6.6,15.0
656234,2023-05-03,2,0,0,0,2,0,0,0,0,5.0,1.0,0.0,0.0,5.0
656234,2023-05-06,8,3,1,1,6,0,0,0,0,3.5,0.5,0.0,0.0,3.5
656234,2023-05-09,4,3,0,1,3,0,0,0,0,5.0,1.3333333333333333,0.3333333333333333,0.3333333333333333,4.333333333333333
656234,2023-05-13,5,0,0,2,3,0,0,0,0,4.75,1.75,0.25,0.5,4.0
656234,2023-05-14,3,0,2,0,1,0,0,0,1,4.8,1.4,0.2,0.8,3.8
656234,2023-05-17,9,2,1,2,6,0,0,0,0,4.4,1.2,0.6,0.8,3.0
656234,2023-05-20,5,1,0,1,4,0,0,0,0,5.8,1.6,0.8,1.2,3.8
656234,2023-05-22,5,2,1,0,4,0,0,0,0,5.2,1.2,0.6,1.2,3.4
656234,2023-05-23,3,1,0,2,1,0,0,0,0,5.4,1.0,0.8,1.0,3.6
656234,2023-05-26,3,0,0,0,3,0,0,0,0,5.0,1.2,0.8,1.0,3.2
656234,2023-05-27,7,2,1,3,3,0,0,0,0,5.0,1.2,0.4,1.0,3.6
656234,2023-05-31,4,1,0,0,4,0,0,0,0,4.6,1.2,0.4,1.2,3.0
656234,2023-06-01,5,2,1,2,2,0,0,0,0,4.4,1.2,0.4,1.0,3.0
656234,2023-06-03,5,1,0,1,4,0,0,0,0,4.4,1.2,0.4,1.4,2.6
656234,2023-06-06,8,3,0,3,5,0,0,0,0,4.8,1.2,0.4,1.2,3.2
656234,2023-06-08,3,0,0,1,3,0,0,0,0,5.8,1.8,0.4,1.8,3.6
656234,2023-06-10,6,2,2,2,2,0,0,0,1,5.0,1.4,0.2,1.4,3.6
656234,2023-06-13,6,0,0,2,4,0,0,0,0,5.4,1.6,0.6,1.8,3.2
656234,2023-06-16,6,1,0,2,4,0,0,0,0,5.6,1.2,0.4,1.8,3.6
656234,2023-06-18,5,0,0,2,3,0,0,0,0,5.8,1.2,0.4,2.0,3.6
656234,2023-06-19,4,1,1,1,2,0,0,0,0,5.2,0.6,0.4,1.8,3.2
656234,2023-06-21,8,1,0,2,6,0,0,0,0,5.4,0.8,0.6,1.8,3.0
656234,2023-06-25,1,0,0,0,1,0,0,0,0,5.8,0.6,0.2,1.8,3.8
656234,2023-06-28,5,1,1,2,2,0,0,0,0,4.8,0.6,0.2,1.4,3.2
656234,2023-06-30,5,2,0,2,3,0,0,0,0,4.6,0.6,0.4,1.4,2.8
656257,2023-05-04,4,1,0,0,3,0,0,0,0,8.0,1.0,2.0,2.0,4.0
656257,2023-05-06,2,0,0,1,1,0,0,0,0,6.0,1.0,1.0,1.0,3.5
656257,2023-05-07,3,1,0,0,3,0,0,0,0,4.666666666666667,0.6666666666666666,0.6666666666666666,1.0,2.6666666666666665
656257,2023-05-09,3,2,1,0,3,0,0,0,0,4.25,0.75,0.5,0.75,2.75
656257,2023-05-12,3,0,0,0,3,0,0,0,0,4.0,1.0,0.6,0.6,2.8
656257,2023-05-14,4,2,0,1,3,0,0,0,0,3.0,0.8,0.2,0.2,2.6
656257,2023-05-17,5,2,1,1,3,0,0,0,0,3.0,1.0,0.2,0.4,2.6
656257,2023-05-18,1,0,0,0,1,0,0,0,0,3.6,1.4,0.4,0.4,3.0
656257,2023-05-23,1,0,0,0,1,0,0,0,0,3.2,1.2,0.4,0.4,2.6
656257,2023-05-24,3,1,0,0,3,0,0,0,0,2.8,0.8,0.2,0.4,2.2
656257,2023-05-27,6,2,0,2,3,0,0,0,0,2.8,1.0,0.2,0.4,2.2
656257,2023-05-28,3,1,0,0,3,0,0,0,0,3.2,1.0,0.2,0.6,2.2
656257,2023-06-01,3,1,0,0,3,0,0,0,0,2.8,0.8,0.0,0.4,2.2
656257,2023-06-02,5,1,0,2,3,0,0,0,0,3.2,1.0,0.0,0.4,2.6
656257,2023-06-04,3,2,0,0,3,0,0,0,0,4.0,1.2,0.0,0.8,3.0
656257,2023-06-06,3,1,0,0,3,0,0,0,0,4.0,1.4,0.0,0.8,3.0
656257,2023-06-08,4,0,0,1,3,0,0,0,0,3.4,1.2,0.0,0.4,3.0
656257,2023-06-13,2,0,0,0,2,0,0,0,0,3.6,1.0,0.0,0.6,3.0
656257,2023-06-14,4,1,1,0,2,0,0,0,0,3.4,0.8,0.0,0.6,2.8
656257,2023-06-17,4,0,1,0,3,0,0,0,0,3.2,0.8,0.2,0.2,2.6
656257,2023-06-20,6,1,2,1,3,0,0,0,1,3.4,0.4,0.4,0.2,2.6
656257,2023-06-23,2,0,0,1,1,0,0,0,0,4.0,0.4,0.8,0.4,2.6
656257,2023-06-25,4,1,1,0,1,0,0,0,0,3.6,0.4,0.8,0.4,2.2
656257,2023-06-27,6,1,2,2,2,0,0,0,1,4.0,0.6,1.0,0.4,2.0
656257,2023-06-30,4,1,0,0,4,0,0,0,0,4.4,0.6,1.2,0.8,2.0
656271,2023-05-05,7,0,0,1,6,0,0,0,0,4.0,0.0,0.0,0.0,4.0
656271,2023-05-08,1,1,0,0,1,0,0,0,0,5.5,0.0,0.0,0.5,5.0
656271,2023-05-10,4,1,0,1,2,0,0,0,0,4.0,0.3333333333333333,0.0,0.3333333333333333,3.6666666666666665
656271,2023-05-12,5,1,0,3,2,0,0,0,0,4.0,0.5,0.0,0.5,3.25
656271,2023-05-17,5,2,0,1,4,0,0,0,0,4.2,0.6,0.0,1.0,3.0
656271,2023-05-21,3,1,0,0,3,0,0,0,0,4.4,1.0,0.0,1.2,3.0
656271,2023-05-27,3,0,0,0,3,0,0,0,0,3.6,1.2,0.0,1.0,2.4
656271,2023-05-29,3,0,0,0,3,0,0,0,0,4.0,1.0,0.0,1.0,2.8
656271,2023-05-31,7,2,0,2,5,0,0,0,0,3.8,0.8,0.0,0.8,3.0
656271,2023-06-04,6,2,0,2,4,0,0,0,0,4.2,1.0,0.0,0.6,3.6
656271,2023-06-13,6,2,0,0,6,0,0,0,0,4.4,1.0,0.0,0.8,3.6
656271,2023-06-15,5,2,0,2,3,0,0,0,0,5.0,1.2,0.0,0.8,4.2
656271,2023-06-19,6,0,0,2,4,0,0,0,0,5.4,1.6,0.0,1.2,4.2
656271,2023-06-26,6,1,0,2,4,0,0,0,0,6.0,1.6,0.0,1.6,4.4
656271,2023-06-30,7,0,0,1,6,0,0,0,0,5.8,1.4,0.0,1.6,4.2
656288,2023-05-10,18,3,1,5,11,0,0,1,0,24.0,3.0,3.0,6.0,15.0
656288,2023-05-17,26,4,2,9,15,0,0,1,1,21.0,3.0,2.0,5.5,13.0
656288,2023-05-23,26,5,3,2,21,1,1,0,1,22.666666666666668,3.3333333333333335,2.0,6.666666666666667,13.666666666666666
656288,2023-05-29,22,9,0,6,16,1,1,1,0,23.5,3.75,2.25,5.5,15.5
656288,2023-06-04,24,4,1,4,18,0,1,0,0,23.2,4.8,1.8,5.6,15.6
656288,2023-06-11,21,7,0,7,14,1,0,1,0,23.2,5.0,1.4,5.2,16.2
656288,2023-06-17,23,5,2,3,18,1,1,0,1,23.8,5.8,1.2,5.6,16.8
656288,2023-06-24,21,7,0,4,16,1,1,0,0,23.2,6.0,1.2,4.4,17.4
656288,2023-06-30,25,9,4,3,18,1,1,0,1,22.2,6.4,0.6,4.8,16.4
656290,2023-05-25,3,0,0,0,3,0,0,0,0,11.0,3.0,0.0,2.0,9.0
656290,2023-05-28,9,3,0,2,7,0,0,0,0,7.0,1.5,0.0,1.0,6.0
656290,2023-06-01,5,1,0,1,4,0,0,0,0,7.666666666666667,2.0,0.0,1.3333333333333333,6.333333333333333
656290,2023-06-04,13,4,1,3,9,0,0,0,0,7.0,1.75,0.0,1.25,5.75
656290,2023-06-07,6,0,3,1,1,0,0,0,1,8.2,2.2,0.2,1.6,6.4
656290,2023-06-10,6,1,0,1,5,0,0,0,0,7.2,1.6,0.8,1.4,4.8
656290,2023-06-15,8,3,0,2,6,0,0,0,0,7.8,1.8,0.8,1.6,5.2
656290,2023-06-19,3,0,2,0,1,0,0,0,1,7.6,1.8,0.8,1.6,5.0
656290,2023-06-27,13,3,0,4,9,0,0,0,0,7.2,1.6,1.2,1.4,4.4
656290,2023-06-30,3,0,0,2,1,0,0,0,0,7.2,1.4,1.0,1.6,4.4
656302,2023-05-08,24,6,1,9,13,1,0,1,0,23.0,6.0,4.0,5.0,14.0
656302,2023-05-13,23,5,2,4,17,1,1,0,1,23.5,6.0,2.5,7.0,13.5
656302,2023-05-18,23,3,1,5,17,0,1,1,0,23.333333333333332,5.666666666666667,2.3333333333333335,6.0,14.666666666666666
656302,2023-05-23,24,3,2,5,17,0,1,1,1,23.25,5.0,2.0,5.75,15.25
656302,2023-05-28,20,8,4,4,12,1,0,0,1,23.4,4.6,2.0,5.6,15.6
656302,2023-06-03,20,6,3,2,15,1,0,0,1,22.8,5.0,2.0,5.4,15.2
656302,2023-06-09,21,7,2,4,15,1,0,0,1,22.0,5.0,2.4,4.0,15.6
656302,2023-06-15,23,10,3,4,16,1,1,0,1,21.6,5.4,2.4,4.0,15.2
656302,2023-06-20,25,9,2,5,18,1,1,1,1,21.6,6.8,2.8,3.8,15.0
656302,2023-06-26,23,10,0,5,18,1,1,1,0,21.8,8.0,2.8,3.8,15.2
656353,2023-05-06,10,0,1,7,2,0,0,1,0,5.0,1.0,0.0,2.0,3.0
656353,2023-05-10,2,1,1,0,1,0,0,0,0,7.5,0.5,0.5,4.5,2.5
656353,2023-05-16,8,4,0,2,5,0,0,0,0,5.666666666666667,0.6666666666666666,0.6666666666666666,3.0,2.0
656353,2023-05-19,4,0,0,2,2,0,0,0,0,6.25,1.5,0.5,2.75,2.75
656353,2023-05-31,16,2,0,7,9,0,0,1,0,5.8,1.2,0.4,2.6,2.6
656353,2023-06-10,9,3,1,2,6,0,0,0,0,8.0,1.4,0.4,3.6,3.8
656353,2023-06-14,6,0,0,3,3,0,0,0,0,7.8,2.0,0.4,2.6,4.6
656353,2023-06-24,3,2,0,0,3,0,0,0,0,8.6,1.8,0.2,3.2,5.0
656353,2023-06-28,9,0,1,4,4,0,0,0,0,7.6,1.4,0.2,2.8,4.6
656412,2023-05-13,23,7,1,4,18,1,1,0,0,17.0,1.0,0.0,3.0,14.0
656412,2023-05-20,20,4,0,5,15,0,0,1,0,20.0,4.0,0.5,3.5,16.0
656412,2023-05-25,21,10,0,3,18,1,1,0,0,20.0,4.0,0.3333333333333333,4.0,15.666666666666666
656412,2023-05-30,20,4,1,7,12,0,0,1,0,20.25,5.5,0.25,3.75,16.25
656427,2023-05-09,20,3,5,7,9,0,0,1,1,16.0,3.0,1.0,9.0,5.0
656427,2023-05-15,24,10,2,3,19,1,1,0,1,18.0,3.0,3.0,8.0,7.0
656427,2023-05-21,20,5,4,4,12,1,0,0,1,20.0,5.333333333333333,2.6666666666666665,6.333333333333333,11.0
656427,2023-05-27,29,4,1,7,21,0,1,1,0,20.0,5.25,3.0,5.75,11.25
656427,2023-06-02,25,6,1,6,16,1,1,1,0,21.8,5.0,2.6,6.0,13.2
656427,2023-06-07,26,8,5,3,18,1,1,0,1,23.6,5.6,2.6,5.4,15.4
656427,2023-06-13,25,3,3,10,11,0,0,1,1,24.8,6.6,2.6,4.6,17.2
656427,2023-06-19,28,5,1,10,17,1,1,1,0,25.0,5.2,2.8,6.0,15.6
656464,2023-05-07,5,0,1,3,1,0,0,0,0,4.0,0.0,1.0,0.0,3.0
656464,2023-05-09,9,1,0,1,8,0,0,0,0,4.5,0.0,1.0,1.5,2.0
656464,2023-05-16,8,5,0,2,6,1,0,0,0,6.0,0.3333333333333333,0.6666666666666666,1.3333333333333333,4.0
656464,2023-05-21,7,1,1,0,6,0,0,0,0,6.5,1.5,0.5,1.5,4.5
656464,2023-05-24,6,2,0,3,3,0,0,0,0,6.6,1.4,0.6,1.2,4.8
656464,2023-05-26,8,2,0,2,6,0,0,0,0,7.0,1.8,0.4,1.8,4.8
656464,2023-05-30,5,1,0,2,3,0,0,0,0,7.6,2.2,0.2,1.6,5.8
656464,2023-06-01,3,1,0,0,3,0,0,0,0,6.8,2.2,0.2,1.8,4.8
656464,2023-06-03,3,1,0,0,3,0,0,0,0,5.8,1.4,0.2,1.4,4.2
656464,2023-06-06,2,0,0,1,1,0,0,0,0,5.0,1.4,0.0,1.4,3.6
656464,2023-06-11,5,2,1,0,4,0,0,0,0,4.2,1.0,0.0,1.0,3.2
656464,2023-06-27,3,1,0,0,3,0,0,0,0,3.6,1.0,0.2,0.6,2.8
656464,2023-06-30,3,1,0,0,3,0,0,0,0,3.2,1.0,0.2,0.2,2.8
656529,2023-05-09,3,1,0,1,2,0,0,0,0,2.0,2.0,0.0,0.0,2.0
656529,2023-05-17,2,1,0,0,2,0,0,0,0,2.5,1.5,0.0,0.5,2.0
656529,2023-05-19,4,0,2,1,1,0,0,0,1,2.3333333333333335,1.3333333333333333,0.0,0.3333333333333333,2.0
656529,2023-05-22,4,2,1,1,2,0,0,0,0,2.75,1.0,0.5,0.5,1.75
656529,2023-05-24,3,0,0,0,3,0,0,0,0,3.0,1.2,0.6,0.6,1.8
656529,2023-05-27,6,2,0,0,6,0,0,0,0,3.2,0.8,0.6,0.6,2.0
656529,2023-05-30,4,0,1,2,1,0,0,0,0,3.8,1.0,0.6,0.4,2.8
656529,2023-05-31,5,1,1,1,3,0,0,0,0,4.2,0.8,0.8,0.8,2.6
656529,2023-06-02,3,1,0,0,3,0,0,0,0,4.4,1.0,0.6,0.8,3.0
656529,2023-06-06,3,0,1,0,2,0,0,0,0,4.2,0.8,0.4,0.6,3.2
656529,2023-06-07,4,1,1,0,3,0,0,0,0,4.2,0.8,0.6,0.6,3.0
656529,2023-06-09,9,3,0,3,6,0,0,0,0,3.8,0.6,0.8,0.6,2.4
656529,2023-06-14,5,0,0,2,3,0,0,0,0,4.8,1.2,0.6,0.8,3.4
656529,2023-06-16,3,0,0,0,3,0,0,0,0,4.8,1.0,0.4,1.0,3.4
656529,2023-06-20,4,1,0,1,3,0,0,0,0,4.8,0.8,0.4,1.0,3.4
656529,2023-06-21,4,0,0,2,2,0,0,0,0,5.0,1.0,0.2,1.2,3.6
656529,2023-06-25,4,1,1,0,3,0,0,0,0,5.0,0.8,0.0,1.6,3.4
656529,2023-06-28,3,1,0,0,3,0,0,0,0,4.0,0.4,0.2,1.0,2.8
656529,2023-06-29,3,1,0,0,3,0,0,0,0,3.6,0.6,0.2,0.6,2.8
656546,2023-05-13,4,2,0,1,3,0,0,0,0,4.0,2.0,1.0,0.0,3.0
656546,2023-05-15,6,4,0,0,6,0,0,0,0,4.0,2.0,0.5,0.5,3.0
656546,2023-05-19,7,3,0,1,6,0,0,0,0,4.666666666666667,2.6666666666666665,0.3333333333333333,0.3333333333333333,4.0
656546,2023-05-22,5,1,0,2,3,0,0,0,0,5.25,2.75,0.25,0.5,4.5
656546,2023-05-24,4,1,3,0,1,0,0,0,1,5.2,2.4,0.2,0.8,4.2
656546,2023-05-25,1,0,0,0,1,0,0,0,0,5.2,2.2,0.6,0.8,3.8
656546,2023-05-28,7,1,0,4,3,0,0,0,0,4.6,1.8,0.6,0.6,3.4
656546,2023-06-02,5,0,1,1,3,0,0,0,0,4.8,1.2,0.6,1.4,2.8
656546,2023-06-04,3,2,0,0,3,0,0,0,0,4.4,0.6,0.8,1.4,2.2
656546,2023-06-10,5,0,1,2,1,0,0,0,0,4.0,0.8,0.8,1.0,2.2
656546,2023-06-12,3,2,0,0,3,0,0,0,0,4.2,0.6,0.4,1.4,2.2
656546,2023-06-17,3,1,0,0,3,0,0,0,0,4.6,1.0,0.4,1.4,2.6
656546,2023-06-20,7,1,1,2,4,0,0,0,0,3.8,1.0,0.4,0.6,2.6
656546,2023-06-24,3,2,0,0,3,0,0,0,0,4.2,1.2,0.4,0.8,2.8
656546,2023-06-25,3,2,0,0,3,0,0,0,0,4.2,1.2,0.4,0.8,2.8
656546,2023-06-30,3,2,0,0,3,0,0,0,0,3.8,1.6,0.2,0.4,3.2
656557,2023-05-07,22,4,1,5,16,0,1,1,0,27.0,5.0,3.0,6.0,18.0
656557,2023-05-15,21,5,1,5,15,1,0,1,0,24.5,4.5,2.0,5.5,17.0
656557,2023-05-22,22,8,2,3,16,1,1,0,1,23.333333333333332,4.666666666666667,1.6666666666666667,5.333333333333333,16.333333333333332
656557,2023-05-28,18,4,0,6,12,0,0,1,0,23.0,5.5,1.75,4.75,16.25
656557,2023-06-04,22,6,4,5,13,1,0,1,1,22.0,5.2,1.4,5.0,15.4
656557,2023-06-10,21,6,1,3,16,1,1,0,0,21.0,5.4,1.6,4.8,14.4
656557,2023-06-16,17,2,1,4,12,0,0,0,0,20.8,5.8,1.6,4.4,14.4
656578,2023-06-10,12,3,0,3,9,0,0,0,0,13.0,3.0,1.0,2.0,10.0
656605,2023-05-08,30,8,1,4,25,1,1,0,0,21.0,8.0,1.0,5.0,15.0
656605,2023-05-14,26,13,0,4,21,1,1,0,0,25.5,8.0,1.0,4.5,20.0
656605,2023-05-20,22,8,0,3,18,1,1,0,0,25.666666666666668,9.666666666666666,0.6666666666666666,4.333333333333333,20.333333333333332
656605,2023-05-26,28,8,2,7,18,1,1,1,1,24.75,9.25,0.5,4.0,19.75
656605,2023-05-31,25,8,1,10,14,1,0,1,0,25.4,9.0,0.8,4.6,19.4
656605,2023-06-06,24,1,4,8,12,0,0,1,1,26.2,9.0,0.8,5.6,19.2
656605,2023-06-11,26,7,2,2,21,1,1,0,1,25.0,7.6,1.4,6.4,16.6
656605,2023-06-17,24,7,3,5,15,1,0,1,1,25.0,6.4,1.8,6.0,16.6
656605,2023-06-22,26,5,0,5,21,1,1,1,0,25.4,6.2,2.4,6.4,16.0
656605,2023-06-28,24,5,2,4,18,1,1,0,1,25.0,5.6,2.0,6.0,16.6
656629,2023-05-07,28,2,1,8,18,0,1,1,0,23.0,7.0,5.0,1.0,18.0
656629,2023-05-12,22,5,6,1,14,1,0,0,1,25.5,4.5,3.0,4.5,18.0
656629,2023-05-19,23,10,0,1,22,1,1,0,0,24.333333333333332,4.666666666666667,4.0,3.3333333333333335,16.666666666666668
656629,2023-05-24,22,9,1,2,19,1,1,0,0,24.0,6.0,3.0,2.75,18.0
656629,2023-05-29,22,10,2,5,13,1,0,1,1,23.6,6.6,2.6,2.6,18.2
656629,2023-06-04,25,9,1,3,21,1,1,0,0,23.4,7.2,2.0,3.4,17.2
656629,2023-06-10,21,6,1,5,13,1,0,1,0,22.8,8.6,2.0,2.4,17.8
656629,2023-06-16,23,4,6,6,11,0,0,1,1,22.6,8.8,1.0,3.2,17.6
656629,2023-06-21,19,5,3,4,12,1,0,0,1,22.6,7.6,2.2,4.2,15.4
656629,2023-06-27,21,3,7,4,10,0,0,0,1,22.0,6.8,2.6,4.6,14.0
656638,2023-05-04,3,2,0,1,2,0,0,0,0,4.0,1.0,1.0,0.0,3.0
656638,2023-05-05,4,3,0,1,3,0,0,0,0,3.5,1.5,0.5,0.5,2.5
656638,2023-05-08,2,0,1,0,1,0,0,0,0,3.6666666666666665,2.0,0.3333333333333333,0.6666666666666666,2.6666666666666665
656638,2023-05-14,5,2,2,0,3,0,0,0,1,3.25,1.5,0.5,0.5,2.25
656638,2023-05-19,4,2,0,0,4,0,0,0,0,3.6,1.6,0.8,0.4,2.4
656638,2023-05-22,7,2,1,0,6,0,0,0,0,3.6,1.8,0.6,0.4,2.6
656638,2023-05-24,5,1,0,1,3,0,0,0,0,4.4,1.8,0.8,0.2,3.4
656638,2023-05-28,3,2,0,0,3,0,0,0,0,4.6,1.4,0.8,0.2,3.4
656638,2023-05-31,4,2,1,0,3,0,0,0,0,4.8,1.8,0.6,0.2,3.8
656638,2023-06-03,4,2,0,1,3,0,0,0,0,4.6,1.8,0.4,0.2,3.8
656638,2023-06-04,5,1,2,2,1,0,0,0,1,4.6,1.8,0.4,0.4,3.6
656638,2023-06-08,6,1,1,3,2,0,0,0,0,4.2,1.6,0.6,0.8,2.6
656638,2023-06-11,5,1,0,2,3,0,0,0,0,4.4,1.6,0.8,1.2,2.4
656638,2023-06-12,2,0,0,0,3,0,0,0,0,4.8,1.4,0.8,1.6,2.4
656638,2023-06-15,3,1,0,0,3,0,0,0,0,4.4,1.0,0.6,1.6,2.4
656638,2023-06-18,5,0,2,1,0,0,0,0,1,4.2,0.8,0.6,1.4,2.4
656638,2023-06-19,3,0,0,0,3,0,0,0,0,4.2,0.6,0.6,1.2,2.2
656638,2023-06-24,5,4,1,0,4,0,0,0,0,3.6,0.4,0.4,0.6,2.4
656638,2023-06-25,5,0,2,0,3,0,0,0,1,3.6,1.0,0.6,0.2,2.6
656638,2023-06-29,7,0,2,2,3,0,0,0,1,4.2,1.0,1.0,0.2,2.6
656730,2023-05-20,4,1,0,0,4,0,0,0,0,3.0,2.0,0.0,0.0,3.0
656730,2023-05-22,7,2,0,3,3,0,0,0,0,3.5,1.5,0.0,0.0,3.5
656730,2023-05-25,6,2,1,1,4,0,0,0,0,4.666666666666667,1.6666666666666667,0.0,1.0,3.3333333333333335
656730,2023-05-27,3,3,0,0,3,0,0,0,0,5.0,1.75,0.25,1.0,3.5
656730,2023-06-01,4,1,0,1,3,0,0,0,0,4.6,2.0,0.2,0.8,3.4
656730,2023-06-03,6,0,3,1,2,0,0,0,1,4.8,1.8,0.2,1.0,3.4
656730,2023-06-05,3,2,0,0,3,0,0,0,0,5.2,1.6,0.8,1.2,3.0
656730,2023-06-06,4,1,0,1,3,0,0,0,0,4.4,1.6,0.8,0.6,3.0
656730,2023-06-09,5,1,2,0,3,0,0,0,1,4.0,1.4,0.6,0.6,2.8
656730,2023-06-11,2,0,0,1,1,0,0,0,0,4.4,1.0,1.0,0.6,2.8
656730,2023-06-17,4,3,0,1,3,0,0,0,0,4.0,0.8,1.0,0.6,2.4
656730,2023-06-18,3,0,0,0,3,0,0,0,0,3.6,1.4,0.4,0.6,2.6
656730,2023-06-21,10,2,1,5,4,0,0,1,0,3.6,1.0,0.4,0.6,2.6
656731,2023-05-06,22,4,3,6,12,0,0,1,1,21.0,4.0,3.0,4.0,13.0
656731,2023-05-12,21,4,4,4,13,0,0,0,1,21.5,4.0,3.0,5.0,12.5
656731,2023-05-18,18,4,1,4,13,0,0,0,0,21.333333333333332,4.0,3.3333333333333335,4.666666666666667,12.666666666666666
656731,2023-05-23,19,5,2,6,11,1,0,1,1,20.5,4.0,2.75,4.5,12.75
656731,2023-05-28,23,3,2,10,11,0,0,1,1,20.2,4.2,2.6,4.8,12.4
656731,2023-06-03,23,5,5,5,13,1,0,1,1,20.6,4.0,2.4,6.0,12.0
656731,2023-06-09,20,1,3,8,9,0,0,1,1,20.8,4.2,2.8,5.8,12.2
656731,2023-06-16,22,7,0,4,17,1,1,0,0,20.6,3.6,2.6,6.6,11.4
656731,2023-06-21,13,2,4,4,5,0,0,0,1,21.4,4.2,2.4,6.6,12.2
656756,2023-05-10,23,3,3,7,13,0,0,1,1,25.0,6.0,1.0,6.0,18.0
656756,2023-05-16,26,7,1,8,16,1,1,1,0,24.0,4.5,2.0,6.5,15.5
656756,2023-05-22,20,4,3,7,10,0,0,1,1,24.666666666666668,5.333333333333333,1.6666666666666667,7.0,15.666666666666666
656756,2023-05-28,21,3,1,7,13,0,0,1,0,23.5,5.0,2.0,7.0,14.25
656756,2023-06-03,18,5,1,4,13,1,0,0,0,23.0,4.6,1.8,7.0,14.0
656756,2023-06-09,22,6,1,3,18,1,1,0,0,21.6,4.4,1.8,6.6,13.0
656756,2023-06-14,26,7,2,7,17,1,1,1,1,21.4,5.0,1.4,5.8,14.0
656756,2023-06-20,24,6,1,4,19,1,1,0,0,21.4,5.0,1.6,5.6,14.2
656756,2023-06-27,23,6,1,6,16,1,1,1,0,22.2,5.4,1.2,5.0,16.0
656786,2023-05-28,6,1,1,1,3,0,0,0,0,4.0,1.0,0.0,1.0,3.0
656786,2023-05-31,10,2,1,3,4,0,0,0,0,5.0,1.0,0.5,1.0,3.0
656814,2023-05-06,4,1,1,1,2,0,0,0,0,6.0,0.0,2.0,2.0,2.0
656814,2023-06-13,11,0,0,4,7,0,0,0,0,5.0,0.5,1.5,1.5,2.0
656820,2023-06-19,9,3,1,3,5,0,0,0,0,9.0,2.0,0.0,4.0,5.0
656849,2023-05-15,25,5,2,9,13,1,0,1,1,19.0,4.0,2.0,7.0,10.0
656849,2023-06-27,22,5,3,5,14,1,0,1,1,22.0,4.5,2.0,8.0,11.5
656876,2023-05-11,23,7,0,2,21,1,1,0,0,20.0,6.0,2.0,2.0,16.0
656945,2023-05-06,3,1,0,0,3,0,0,0,0,5.0,2.0,0.0,2.0,3.0
656945,2023-05-07,3,1,0,0,3,0,0,0,0,4.0,1.5,0.0,1.0,3.0
656945,2023-05-10,6,5,1,0,5,1,0,0,0,3.6666666666666665,1.3333333333333333,0.0,0.6666666666666666,3.0
656945,2023-05-12,4,1,1,1,2,0,0,0,0,4.25,2.25,0.25,0.5,3.5
656945,2023-05-14,2,1,0,1,1,0,0,0,0,4.2,2.0,0.4,0.6,3.2
656945,2023-05-16,4,2,1,0,3,0,0,0,0,3.6,1.8,0.4,0.4,2.8
656945,2023-05-17,2,0,1,0,1,0,0,0,0,3.8,2.0,0.6,0.4,2.8
656945,2023-05-20,4,0,0,2,2,0,0,0,0,3.6,1.8,0.8,0.4,2.4
656945,2023-05-24,3,3,0,0,3,0,0,0,0,3.2,0.8,0.6,0.8,1.8
656945,2023-05-25,4,2,2,0,2,0,0,0,1,3.0,1.2,0.4,0.6,2.0
656945,2023-05-26,4,1,0,1,3,0,0,0,0,3.4,1.4,0.8,0.4,2.2
656945,2023-05-28,4,3,0,0,4,0,0,0,0,3.4,1.2,0.6,0.6,2.2
656945,2023-05-30,4,3,0,1,3,0,0,0,0,3.8,1.8,0.4,0.6,2.8
656945,2023-06-02,4,2,0,1,3,0,0,0,0,3.8,2.4,0.4,0.4,3.0
656945,2023-06-04,4,0,1,0,3,0,0,0,0,4.0,2.2,0.4,0.6,3.0
656945,2023-06-06,2,1,0,1,1,0,0,0,0,4.0,1.8,0.2,0.6,3.2
656945,2023-06-07,3,2,0,0,3,0,0,0,0,3.6,1.8,0.2,0.6,2.8
656945,2023-06-09,5,2,0,2,3,0,0,0,0,3.4,1.6,0.2,0.6,2.6
656945,2023-06-14,4,1,0,1,3,0,0,0,0,3.6,1.4,0.2,0.8,2.6
656945,2023-06-16,3,2,0,0,3,0,0,0,0,3.6,1.2,0.2,0.8,2.6
656945,2023-06-17,3,1,0,2,1,0,0,0,0,3.4,1.6,0.0,0.8,2.6
656945,2023-06-20,5,2,0,3,2,0,0,0,0,3.6,1.6,0.0,1.0,2.6
656945,2023-06-23,3,1,0,0,3,0,0,0,0,4.0,1.6,0.0,1.6,2.4
656945,2023-06-24,6,2,1,1,4,0,0,0,0,3.6,1.4,0.0,1.2,2.4
656945,2023-06-28,3,1,0,0,3,0,0,0,0,4.0,1.6,0.2,1.2,2.6
656945,2023-06-29,4,2,0,1,3,0,0,0,0,4.0,1.4,0.2,1.2,2.6
656986,2023-06-07,5,0,1,3,1,0,0,0,0,8.0,2.0,1.0,2.0,5.0
657006,2023-05-10,26,3,3,7,16,0,1,1,1,26.0,4.0,0.0,6.0,21.0
657006,2023-05-16,25,8,1,5,18,1,1,1,0,26.0,3.5,1.5,6.5,18.5
657006,2023-05-21,23,6,1,4,18,1,1,0,0,25.666666666666668,5.0,1.3333333333333333,6.0,18.333333333333332
657006,2023-05-26,22,4,0,10,12,0,0,1,0,25.0,5.25,1.25,5.5,18.25
657006,2023-05-31,9,1,0,0,9,0,0,0,0,24.4,5.0,1.0,6.4,17.0
657006,2023-06-17,21,4,1,5,15,0,0,1,0,21.0,4.4,1.0,5.2,14.6
657006,2023-06-24,24,8,1,5,18,1,1,1,0,20.0,4.6,0.6,4.8,14.4
657006,2023-06-30,24,6,1,3,19,1,1,0,0,19.8,4.6,0.6,4.8,14.4
657024,2023-05-04,4,0,0,1,3,0,0,0,0,4.0,1.0,0.0,1.0,3.0
657024,2023-05-05,3,1,0,0,3,0,0,0,0,4.0,0.5,0.0,1.0,3.0
657024,2023-05-09,4,2,0,1,3,0,0,0,0,3.6666666666666665,0.6666666666666666,0.0,0.6666666666666666,3.0
657024,2023-05-10,4,1,1,0,3,0,0,0,0,3.75,1.0,0.0,0.75,3.0
657024,2023-05-13,4,1,1,0,3,0,0,0,0,3.8,1.0,0.2,0.6,3.0
657024,2023-05-16,8,0,2,3,3,0,0,0,1,3.8,1.0,0.4,0.4,3.0
657024,2023-05-19,4,2,0,2,2,0,0,0,0,4.6,1.0,0.8,0.8,3.0
657024,2023-05-20,5,1,1,1,3,0,0,0,0,4.8,1.2,0.8,1.2,2.8
657024,2023-05-26,5,2,2,0,3,0,0,0,1,5.0,1.0,1.0,1.2,2.8
657024,2023-05-28,4,3,0,0,4,0,0,0,0,5.2,1.2,1.2,1.2,2.8
657024,2023-06-01,4,0,0,0,4,0,0,0,0,5.2,1.6,1.0,1.2,3.0
657024,2023-06-03,4,1,0,1,3,0,0,0,0,4.4,1.6,0.6,0.6,3.2
657024,2023-06-04,3,1,0,0,3,0,0,0,0,4.4,1.4,0.6,0.4,3.4
657024,2023-06-06,3,2,0,0,3,0,0,0,0,4.0,1.4,0.4,0.2,3.4
657024,2023-06-08,3,1,0,0,3,0,0,0,0,3.6,1.4,0.0,0.2,3.4
657024,2023-06-09,3,2,0,0,3,0,0,0,0,3.4,1.0,0.0,0.2,3.2
657024,2023-06-15,4,0,0,1,3,0,0,0,0,3.2,1.4,0.0,0.2,3.0
657024,2023-06-16,4,1,0,1,3,0,0,0,0,3.2,1.2,0.0,0.2,3.0
657024,2023-06-20,3,1,0,2,1,0,0,0,0,3.4,1.2,0.0,0.4,3.0
657024,2023-06-21,1,0,0,0,1,0,0,0,0,3.4,1.0,0.0,0.8,2.6
657024,2023-06-23,3,3,0,0,3,0,0,0,0,3.0,0.8,0.0,0.8,2.2
657024,2023-06-27,5,0,1,2,2,0,0,0,0,3.0,1.0,0.0,0.8,2.2
657024,2023-06-29,3,0,0,0,3,0,0,0,0,3.2,1.0,0.2,1.0,2.0
657031,2023-05-05,6,1,2,1,3,0,0,0,1,7.0,0.0,1.0,3.0,3.0
657031,2023-05-06,4,1,0,1,3,0,0,0,0,6.5,0.5,1.5,2.0,3.0
657031,2023-05-12,5,2,1,1,3,0,0,0,0,5.666666666666667,0.6666666666666666,1.0,1.6666666666666667,3.0
657031,2023-05-13,5,1,1,2,2,0,0,0,0,5.5,1.0,1.0,1.5,3.0
657031,2023-05-15,3,1,0,0,3,0,0,0,0,5.4,1.0,1.0,1.6,2.8
657031,2023-05-17,5,2,1,2,2,0,0,0,0,4.6,1.2,0.8,1.0,2.8
657031,2023-05-20,2,0,0,1,1,0,0,0,0,4.4,1.4,0.6,1.2,2.6
657031,2023-05-22,4,3,0,0,4,0,0,0,0,4.0,1.2,0.6,1.2,2.2
657031,2023-05-24,6,1,0,3,3,0,0,0,0,3.8,1.4,0.4,1.0,2.4
657031,2023-05-27,4,0,1,3,0,0,0,0,0,4.0,1.4,0.2,1.2,2.6
657044,2023-05-04,3,0,0,0,3,0,0,0,0,5.0,2.0,0.0,1.0,3.0
657044,2023-05-06,1,0,0,0,1,0,0,0,0,4.0,1.0,0.0,0.5,3.0
657044,2023-05-07,6,2,1,2,3,0,0,0,0,3.0,0.6666666666666666,0.0,0.3333333333333333,2.3333333333333335
657044,2023-05-13,10,0,2,3,5,0,0,0,1,3.75,1.0,0.25,0.75,2.5
657044,2023-05-16,1,0,0,0,1,0,0,0,0,5.0,0.8,0.6,1.2,3.0
657044,2023-05-17,5,1,0,1,3,0,0,0,0,4.2,0.4,0.6,1.0,2.6
657044,2023-05-20,5,1,0,2,3,0,0,0,0,4.6,0.6,0.6,1.2,2.6
657044,2023-06-14,3,2,0,0,3,0,0,0,0,5.4,0.8,0.6,1.6,3.0
657053,2023-06-21,12,4,2,0,10,0,0,0,1,19.0,2.0,5.0,3.0,11.0
657053,2023-06-27,8,2,2,1,5,0,0,0,1,15.5,3.0,3.5,1.5,10.5
657097,2023-05-26,8,3,0,2,6,0,0,0,0,3.0,2.0,0.0,0.0,3.0
657097,2023-05-28,7,4,0,0,6,0,0,0,0,5.5,2.5,0.0,1.0,4.5
657097,2023-05-31,4,1,0,1,3,0,0,0,0,6.0,3.0,0.0,0.6666666666666666,5.0
657097,2023-06-01,3,1,0,0,3,0,0,0,0,5.5,2.5,0.0,0.75,4.5
657097,2023-06-03,3,0,0,1,2,0,0,0,0,5.0,2.2,0.0,0.6,4.2
657097,2023-06-06,4,0,2,1,1,0,0,0,1,5.0,1.8,0.0,0.8,4.0
657097,2023-06-09,7,0,1,0,6,0,0,0,0,4.2,1.2,0.4,0.6,3.0
657097,2023-06-12,4,1,0,1,3,0,0,0,0,4.2,0.4,0.6,0.6,3.0
657097,2023-06-13,6,1,1,1,4,0,0,0,0,4.2,0.4,0.6,0.6,3.0
657097,2023-06-15,4,1,1,0,3,0,0,0,0,4.8,0.4,0.8,0.8,3.2
657097,2023-06-17,4,1,1,1,2,0,0,0,0,5.0,0.6,1.0,0.6,3.4
657097,2023-06-21,4,0,1,0,3,0,0,0,0,5.0,0.8,0.8,0.6,3.6
657097,2023-06-23,5,2,1,1,3,0,0,0,0,4.4,0.8,0.8,0.6,3.0
657097,2023-06-26,3,2,0,0,3,0,0,0,0,4.6,1.0,1.0,0.6,3.0
657097,2023-06-27,3,0,0,1,2,0,0,0,0,4.0,1.2,0.8,0.4,2.8
657097,2023-06-29,5,1,0,1,3,0,0,0,0,3.8,1.0,0.6,0.6,2.6
657240,2023-05-08,3,2,0,0,3,0,0,0,0,3.0,0.0,0.0,0.0,3.0
657240,2023-05-09,2,0,1,0,1,0,0,0,0,3.0,1.0,0.0,0.0,3.0
657240,2023-05-14,6,1,2,2,2,0,0,0,1,2.6666666666666665,0.6666666666666666,0.3333333333333333,0.0,2.3333333333333335
657240,2023-05-16,5,1,0,2,3,0,0,0,0,3.5,0.75,0.75,0.5,2.25
657240,2023-05-19,6,2,0,0,6,0,0,0,0,3.8,0.8,0.6,0.8,2.4
657240,2023-05-23,4,2,0,2,2,0,0,0,0,4.4,1.2,0.6,0.8,3.0
657240,2023-05-26,6,3,0,2,4,0,0,0,0,4.6,1.2,0.6,1.2,2.8
657240,2023-05-27,3,2,0,1,2,0,0,0,0,5.4,1.8,0.4,1.6,3.4
657240,2023-05-30,4,0,0,1,3,0,0,0,0,4.8,2.0,0.0,1.4,3.4
657240,2023-05-31,5,1,3,0,2,0,0,0,1,4.6,1.8,0.0,1.2,3.4
657240,2023-06-02,4,2,1,1,2,0,0,0,0,4.4,1.6,0.6,1.2,2.6
657240,2023-06-04,4,1,0,1,3,0,0,0,0,4.4,1.6,0.8,1.0,2.6
657240,2023-06-06,4,3,0,0,4,0,0,0,0,4.0,1.2,0.8,0.8,2.4
657240,2023-06-08,5,2,2,0,3,0,0,0,1,4.2,1.4,0.8,0.6,2.8
657240,2023-06-10,3,1,0,0,3,0,0,0,0,4.4,1.8,1.2,0.4,2.8
657240,2023-06-13,4,2,0,1,3,0,0,0,0,4.0,1.8,0.6,0.4,3.0
657240,2023-06-15,4,3,0,1,3,0,0,0,0,4.0,1.8,0.4,0.4,3.2
657240,2023-06-17,5,1,1,1,3,0,0,0,0,4.0,2.2,0.4,0.4,3.2
657240,2023-06-19,5,1,0,2,3,0,0,0,0,4.2,1.8,0.6,0.6,3.0
657240,2023-06-21,5,2,2,0,3,0,0,0,1,4.2,1.6,0.2,1.0,3.0
657240,2023-06-24,3,0,1,1,1,0,0,0,0,4.6,1.8,0.6,1.0,3.0
657240,2023-06-29,3,1,0,0,3,0,0,0,0,4.4,1.4,0.8,1.0,2.6
657265,2023-05-04,6,1,1,3,1,0,0,0,0,3.0,0.0,0.0,2.0,1.0
657265,2023-05-07,5,3,0,2,3,0,0,0,0,4.5,0.5,0.5,2.5,1.0
657265,2023-05-12,3,0,0,0,3,0,0,0,0,4.666666666666667,1.3333333333333333,0.3333333333333333,2.3333333333333335,1.6666666666666667
657265,2023-05-13,3,3,0,0,3,0,0,0,0,4.25,1.0,0.25,1.75,2.0
657265,2023-05-16,7,0,2,1,4,0,0,0,1,4.0,1.4,0.2,1.4,2.2
657265,2023-05-19,5,1,0,1,3,0,0,0,0,4.8,1.4,0.6,1.2,2.8
657265,2023-05-21,5,1,0,1,2,0,0,0,0,4.6,1.4,0.4,0.8,3.2
657265,2023-05-23,4,2,1,0,3,0,0,0,0,4.6,1.0,0.4,0.6,3.0
657265,2023-05-27,5,1,0,2,3,0,0,0,0,4.8,1.4,0.6,0.6,3.0
657265,2023-05-28,3,1,0,1,2,0,0,0,0,5.2,1.0,0.6,1.0,3.0
657265,2023-05-31,3,0,0,0,3,0,0,0,0,4.4,1.2,0.2,1.0,2.6
657265,2023-06-02,4,2,0,0,3,0,0,0,0,4.0,1.0,0.2,0.8,2.6
657265,2023-06-04,3,0,0,0,3,0,0,0,0,3.8,1.2,0.2,0.6,2.8
657265,2023-06-06,3,2,0,0,3,0,0,0,0,3.6,0.8,0.0,0.6,2.8
657265,2023-06-08,6,3,0,3,3,0,0,0,0,3.2,1.0,0.0,0.2,2.8
657265,2023-06-11,6,2,1,1,3,0,0,0,0,3.8,1.4,0.0,0.6,3.0
657265,2023-06-17,6,1,0,1,5,0,0,0,0,4.4,1.8,0.2,0.8,3.0
657265,2023-06-21,6,1,3,0,3,0,0,0,1,4.8,1.6,0.2,1.0,3.4
657265,2023-06-23,4,1,0,1,3,0,0,0,0,5.4,1.8,0.8,1.0,3.4
657265,2023-06-24,5,2,0,1,3,0,0,0,0,5.6,1.6,0.8,1.2,3.4
657265,2023-06-27,6,1,0,2,4,0,0,0,0,5.4,1.4,0.8,0.8,3.4
657277,2023-05-09,29,7,1,9,19,1,1,1,0,25.0,5.0,2.0,5.0,19.0
657277,2023-05-14,26,3,3,3,19,0,1,0,1,27.0,6.0,1.5,7.0,19.0
657277,2023-05-20,20,7,2,4,14,1,0,0,1,26.666666666666668,5.0,2.0,5.666666666666667,19.0
657277,2023-05-27,26,11,1,4,21,1,1,0,0,25.0,5.5,2.0,5.25,17.75
657277,2023-06-02,25,6,1,4,20,1,1,0,0,25.2,6.6,1.8,5.0,18.4
657277,2023-06-07,24,3,2,8,14,0,0,1,1,25.2,6.8,1.6,4.8,18.6
657277,2023-06-12,25,6,0,7,18,1,1,1,0,24.2,6.0,1.8,4.6,17.6
657277,2023-06-18,29,5,2,8,18,1,1,1,1,24.0,6.6,1.2,5.4,17.4
657277,2023-06-23,26,5,2,5,19,1,1,1,1,25.8,6.2,1.2,6.2,18.2
657277,2023-06-28,21,5,0,8,13,1,0,1,0,25.8,5.0,1.4,6.4,17.8
657376,2023-05-09,23,7,2,5,16,1,1,1,1,19.0,4.0,2.0,6.0,11.0
657376,2023-05-14,22,5,3,6,13,1,0,1,1,21.0,5.5,2.0,5.5,13.5
657376,2023-05-19,19,6,2,5,12,1,0,1,1,21.333333333333332,5.333333333333333,2.3333333333333335,5.666666666666667,13.333333333333334
657376,2023-05-25,22,4,2,5,15,0,0,1,1,20.75,5.5,2.25,5.5,13.0
657376,2023-05-31,21,7,1,3,17,1,1,0,0,21.0,5.2,2.2,5.4,13.4
657376,2023-06-06,19,1,0,6,12,0,0,1,0,21.4,5.8,2.0,4.8,14.6
657376,2023-06-11,19,4,0,4,15,0,0,0,0,20.6,4.6,1.6,5.0,13.8
657376,2023-06-18,22,3,3,5,14,0,0,1,1,20.0,4.4,1.0,4.6,14.2
657376,2023-06-23,25,3,1,6,17,0,1,1,0,20.6,3.8,1.2,4.6,14.6
657376,2023-06-29,24,3,3,5,16,0,1,1,1,21.2,3.6,1.0,4.8,15.0
657424,2023-05-07,3,1,2,0,1,0,0,0,1,7.0,1.0,0.0,2.0,5.0
657424,2023-05-16,9,3,0,3,6,0,0,0,0,5.0,1.0,1.0,1.0,3.0
657424,2023-06-11,4,1,1,1,2,0,0,0,0,6.333333333333333,1.6666666666666667,0.6666666666666666,1.6666666666666667,4.0
657424,2023-06-15,2,2,0,0,2,0,0,0,0,5.75,1.5,0.75,1.5,3.5
657508,2023-05-05,7,1,1,2,4,0,0,0,0,5.0,2.0,0.0,3.0,2.0
657508,2023-05-07,3,2,0,0,3,0,0,0,0,6.0,1.5,0.5,2.5,3.0
657508,2023-05-09,3,0,2,0,1,0,0,0,1,5.0,1.6666666666666667,0.3333333333333333,1.6666666666666667,3.0
657508,2023-05-14,7,3,1,0,6,0,0,0,0,4.5,1.25,0.75,1.25,2.5
657508,2023-05-15,5,2,1,1,3,0,0,0,0,5.0,1.6,0.8,1.0,3.2
657508,2023-05-18,3,0,1,2,0,0,0,0,0,5.0,1.6,1.0,0.6,3.4
657508,2023-05-20,5,2,1,2,2,0,0,0,0,4.2,1.4,1.0,0.6,2.6
657508,2023-05-21,4,1,0,0,4,0,0,0,0,4.6,1.4,1.2,1.0,2.4
657508,2023-05-24,3,0,0,0,3,0,0,0,0,4.8,1.6,0.8,1.0,3.0
657508,2023-05-25,3,2,0,0,3,0,0,0,0,4.0,1.0,0.6,1.0,2.4
657508,2023-05-29,2,1,0,0,2,0,0,0,0,3.6,1.0,0.4,0.8,2.4
657508,2023-05-31,11,3,0,4,7,0,0,0,0,3.4,1.2,0.2,0.4,2.8
657508,2023-06-04,6,1,1,0,5,0,0,0,0,4.6,1.4,0.0,0.8,3.8
657508,2023-06-06,4,1,1,0,3,0,0,0,0,5.0,1.4,0.2,0.8,4.0
657508,2023-06-09,1,1,0,0,1,0,0,0,0,5.2,1.6,0.4,0.8,4.0
657508,2023-06-10,4,1,0,1,3,0,0,0,0,4.8,1.4,0.4,0.8,3.6
657508,2023-06-13,2,1,0,1,1,0,0,0,0,5.2,1.4,0.4,1.0,3.8
657508,2023-06-14,4,0,1,1,3,0,0,0,0,3.4,1.0,0.4,0.4,2.6
657508,2023-06-16,6,0,2,1,3,0,0,0,1,3.0,0.8,0.4,0.6,2.2
657508,2023-06-18,4,2,0,0,2,0,0,0,0,3.4,0.6,0.6,0.8,2.2
657508,2023-06-20,3,0,1,1,1,0,0,0,0,4.0,0.8,0.6,0.8,2.4
657508,2023-06-24,3,2,0,0,3,0,0,0,0,3.8,0.6,0.8,0.8,2.0
657508,2023-06-26,5,1,2,0,3,0,0,0,1,4.0,0.8,0.8,0.6,2.4
657508,2023-06-28,5,0,2,0,3,0,0,0,1,4.2,1.0,1.0,0.4,2.4
657514,2023-05-04,5,0,1,0,4,0,0,0,0,2.0,1.0,0.0,0.0,2.0
657514,2023-05-06,5,1,0,1,4,0,0,0,0,3.5,0.5,0.5,0.0,3.0
657514,2023-05-09,7,1,1,2,3,0,0,0,0,4.0,0.6666666666666666,0.3333333333333333,0.3333333333333333,3.3333333333333335
657514,2023-05-12,3,0,0,0,3,0,0,0,0,4.75,0.75,0.5,0.75,3.25
657514,2023-05-14,5,1,1,2,2,0,0,0,0,4.4,0.6,0.4,0.6,3.2
657514,2023-05-15,7,2,0,3,4,0,0,0,0,5.0,0.6,0.6,1.0,3.2
657514,2023-05-26,4,1,1,0,3,0,0,0,0,5.4,1.0,0.4,1.6,3.2
657514,2023-06-03,8,4,0,2,6,0,0,0,0,5.2,1.0,0.6,1.4,3.0
657514,2023-06-05,5,1,0,1,4,0,0,0,0,5.4,1.6,0.4,1.4,3.6
657514,2023-06-07,1,0,0,0,1,0,0,0,0,5.8,1.8,0.4,1.6,3.8
657514,2023-06-08,1,0,0,0,2,0,0,0,0,5.0,1.6,0.2,1.2,3.6
657514,2023-06-10,3,1,0,1,2,0,0,0,0,3.8,1.2,0.2,0.6,3.2
657514,2023-06-12,1,1,0,0,1,0,0,0,0,3.6,1.2,0.0,0.8,3.0
657514,2023-06-16,2,0,1,0,1,0,0,0,0,2.2,0.6,0.0,0.4,2.0
657514,2023-06-20,4,2,1,0,3,0,0,0,0,1.6,0.4,0.2,0.2,1.4
657514,2023-06-25,4,2,0,1,3,0,0,0,0,2.2,0.8,0.4,0.2,1.8
657514,2023-06-28,4,1,1,1,2,0,0,0,0,2.8,1.2,0.4,0.4,2.0
657571,2023-05-06,4,1,1,0,3,0,0,0,0,4.0,1.0,0.0,0.0,4.0
657571,2023-05-07,3,2,0,0,3,0,0,0,0,4.0,1.0,0.5,0.0,3.5
657571,2023-05-12,4,2,0,2,2,0,0,0,0,3.6666666666666665,1.3333333333333333,0.3333333333333333,0.0,3.3333333333333335
657571,2023-05-13,1,1,0,0,1,0,0,0,0,3.75,1.5,0.25,0.5,3.0
657571,2023-05-15,3,0,1,1,1,0,0,0,0,3.2,1.4,0.2,0.4,2.6
657571,2023-05-17,4,2,0,2,2,0,0,0,0,3.0,1.2,0.4,0.6,2.0
657571,2023-05-19,4,2,1,0,3,0,0,0,0,3.0,1.4,0.2,1.0,1.8
657571,2023-05-22,2,1,0,1,1,0,0,0,0,3.2,1.4,0.4,1.0,1.8
657571,2023-05-27,5,1,1,2,2,0,0,0,0,2.8,1.2,0.4,0.8,1.6
657571,2023-05-31,4,1,0,1,3,0,0,0,0,3.6,1.2,0.6,1.2,1.8
657571,2023-06-04,5,1,1,1,3,0,0,0,0,3.8,1.4,0.4,1.2,2.2
657571,2023-06-06,6,0,3,1,1,0,0,0,1,4.0,1.2,0.6,1.0,2.4
657571,2023-06-09,3,0,0,1,2,0,0,0,0,4.4,0.8,1.0,1.2,2.0
657571,2023-06-11,6,2,0,3,3,0,0,0,0,4.6,0.6,1.0,1.2,2.2
657571,2023-06-13,3,2,0,0,3,0,0,0,0,4.8,0.8,0.8,1.4,2.4
657571,2023-06-15,3,1,0,0,3,0,0,0,0,4.6,1.0,0.8,1.2,2.4
657571,2023-06-16,4,0,0,0,3,0,0,0,0,4.2,1.0,0.6,1.0,2.4
657571,2023-06-20,3,2,0,0,3,0,0,0,0,3.8,1.0,0.0,0.8,2.8
657571,2023-06-21,2,0,1,0,1,0,0,0,0,3.8,1.4,0.0,0.6,3.0
657571,2023-06-25,3,0,0,0,3,0,0,0,0,3.0,1.0,0.2,0.0,2.6
657571,2023-06-30,5,1,0,2,3,0,0,0,0,3.0,0.6,0.2,0.0,2.6
657585,2023-06-16,10,0,1,5,4,0,0,1,0,5.0,0.0,0.0,2.0,3.0
657612,2023-05-06,3,0,0,0,3,0,0,0,0,3.0,0.0,0.0,0.0,3.0
657612,2023-05-07,3,1,0,0,2,0,0,0,0,3.0,0.0,0.0,0.0,3.0
657612,2023-05-09,5,0,1,1,3,0,0,0,0,3.0,0.3333333333333333,0.0,0.0,2.6666666666666665
657612,2023-05-10,2,0,0,1,1,0,0,0,0,3.5,0.25,0.25,0.25,2.75
657612,2023-05-12,3,0,0,2,1,0,0,0,0,3.2,0.2,0.2,0.4,2.4
657612,2023-05-17,4,0,0,1,3,0,0,0,0,3.2,0.2,0.2,0.8,2.0
657612,2023-05-20,6,1,1,0,5,0,0,0,0,3.4,0.2,0.2,1.0,2.0
657612,2023-05-23,3,1,0,0,3,0,0,0,0,4.0,0.2,0.4,1.0,2.6
657612,2023-05-25,3,0,0,3,0,0,0,0,0,3.6,0.4,0.2,0.8,2.6
657612,2023-05-30,2,1,0,1,1,0,0,0,0,3.8,0.4,0.2,1.2,2.4
657612,2023-06-02,4,1,0,0,4,0,0,0,0,3.6,0.6,0.2,1.0,2.4
657612,2023-06-05,4,2,0,1,3,0,0,0,0,3.6,0.8,0.2,0.8,2.6
657612,2023-06-07,3,1,0,0,3,0,0,0,0,3.2,1.0,0.0,1.0,2.2
657612,2023-06-10,1,0,0,0,1,0,0,0,0,3.2,1.0,0.0,1.0,2.2
657612,2023-06-14,5,0,1,1,3,0,0,0,0,2.8,1.0,0.0,0.4,2.4
657612,2023-06-19,6,3,0,0,6,0,0,0,0,3.4,0.8,0.2,0.4,2.8
657612,2023-06-20,5,0,1,3,2,0,0,0,0,3.8,1.2,0.2,0.4,3.2
657612,2023-06-24,4,1,0,1,3,0,0,0,0,4.0,0.8,0.4,0.8,3.0
657612,2023-06-25,5,0,0,2,2,0,0,0,0,4.2,0.8,0.4,1.0,3.0
657612,2023-06-29,4,0,1,2,1,0,0,0,0,5.0,0.8,0.4,1.4,3.2
657697,2023-06-25,2,1,0,0,2,0,0,0,0,3.0,0.0,0.0,1.0,2.0
657746,2023-05-07,26,4,0,8,18,0,1,1,0,19.0,7.0,2.0,1.0,16.0
657746,2023-05-13,23,10,1,4,18,1,1,0,0,22.5,5.5,1.0,4.5,17.0
657746,2023-05-19,24,9,1,7,16,1,1,1,0,22.666666666666668,7.0,1.0,4.333333333333333,17.333333333333332
657746,2023-05-24,22,4,2,6,14,0,0,1,1,23.0,7.5,1.0,5.0,17.0
657746,2023-05-30,19,6,3,4,12,1,0,0,1,22.8,6.8,1.2,5.2,16.4
657746,2023-06-04,22,4,1,2,20,0,1,0,0,22.8,6.6,1.4,5.8,15.6
657746,2023-06-10,24,4,1,6,16,0,1,1,0,22.0,6.6,1.6,4.6,16.0
657746,2023-06-16,28,7,0,7,21,1,1,1,0,22.2,5.4,1.6,5.0,15.6
657746,2023-06-22,30,9,0,3,27,1,1,0,0,23.0,5.0,1.4,5.0,16.6
657746,2023-06-27,18,5,0,9,9,1,0,1,0,24.6,6.0,1.0,4.4,19.2
657756,2023-05-09,22,3,3,3,15,0,0,0,1,19.0,1.0,0.0,7.0,12.0
657756,2023-05-15,23,3,3,8,12,0,0,1,1,20.5,2.0,1.5,5.0,13.5
657756,2023-05-21,18,5,2,5,11,1,0,1,1,21.333333333333332,2.3333333333333335,2.0,6.0,13.0
657756,2023-05-26,21,2,2,4,14,0,0,0,1,20.5,3.0,2.0,5.75,12.5
657756,2023-06-01,21,5,2,3,16,1,1,0,1,20.6,2.8,2.0,5.4,12.8
657756,2023-06-07,23,4,2,2,18,0,1,0,1,21.0,3.6,2.4,4.6,13.6
657756,2023-06-12,22,6,1,6,15,1,0,1,0,21.2,3.8,2.2,4.4,14.2
657756,2023-06-17,19,1,1,9,9,0,0,1,0,21.0,4.4,1.8,4.0,14.8
657756,2023-06-27,22,3,1,5,15,0,0,1,0,21.2,3.6,1.6,4.8,14.4
659275,2023-05-31,16,4,0,7,9,0,0,1,0,4.0,0.0,3.0,0.0,1.0
659275,2023-06-06,18,4,2,6,9,0,0,1,1,10.0,2.0,1.5,3.5,5.0
659275,2023-06-11,23,5,3,6,15,1,0,1,1,12.666666666666666,2.6666666666666665,1.6666666666666667,4.333333333333333,6.333333333333333
659275,2023-06-16,18,5,5,5,8,1,0,1,1,15.25,3.25,2.0,4.75,8.5
660261,2023-05-05,4,0,3,0,1,0,0,0,1,3.0,2.0,0.0,0.0,3.0
660261,2023-05-07,8,0,0,4,4,0,0,0,0,3.5,1.0,1.5,0.0,2.0
660261,2023-05-10,8,2,1,0,7,0,0,0,0,5.0,0.6666666666666666,1.0,1.3333333333333333,2.6666666666666665
660261,2023-05-12,3,1,1,0,2,0,0,0,0,5.75,1.0,1.0,1.0,3.75
660261,2023-05-16,8,3,0,4,4,0,0,0,0,5.2,1.0,1.0,0.8,3.4
660261,2023-05-17,4,1,1,1,2,0,0,0,0,6.2,1.2,1.0,1.6,3.6
660261,2023-05-22,10,4,1,2,6,0,0,0,0,6.2,1.4,0.6,1.8,3.8
660261,2023-05-27,3,1,0,0,3,0,0,0,0,6.6,2.2,0.8,1.4,4.2
660261,2023-05-29,4,1,0,1,3,0,0,0,0,5.6,2.0,0.6,1.4,3.4
660261,2023-05-30,1,0,0,0,1,0,0,0,0,5.8,2.0,0.4,1.6,3.6
660261,2023-06-02,5,1,0,2,3,0,0,0,0,4.4,1.4,0.4,0.8,3.0
660261,2023-06-05,4,1,2,1,1,0,0,0,1,4.6,1.4,0.2,1.0,3.2
660261,2023-06-10,4,1,1,0,3,0,0,0,0,3.4,0.8,0.4,0.8,2.2
660261,2023-06-11,3,0,2,0,1,0,0,0,1,3.6,0.8,0.6,0.8,2.2
660261,2023-06-13,4,1,0,1,3,0,0,0,0,3.4,0.6,1.0,0.6,1.8
660261,2023-06-18,7,3,1,2,4,0,0,0,0,4.0,0.8,1.0,0.8,2.2
660261,2023-06-20,4,1,0,0,4,0,0,0,0,4.4,1.2,1.2,0.8,2.4
660261,2023-06-24,6,0,0,4,2,0,0,0,0,4.4,1.2,0.8,0.6,3.0
660261,2023-06-28,9,2,0,3,6,0,0,0,0,4.8,1.0,0.6,1.4,2.8
660261,2023-06-30,3,0,0,0,3,0,0,0,0,6.0,1.4,0.2,2.0,3.8
660271,2023-05-09,27,7,2,6,19,1,1,1,1,21.0,13.0,1.0,5.0,14.0
660271,2023-05-15,26,5,2,4,20,1,1,0,1,24.0,10.0,1.5,5.5,16.5
660271,2023-05-21,20,9,3,2,14,1,0,0,1,24.666666666666668,8.333333333333334,1.6666666666666667,5.0,17.666666666666668
660271,2023-05-27,23,10,3,6,14,1,0,1,1,23.5,8.5,2.0,4.25,16.75
660271,2023-06-02,26,6,1,8,17,1,1,1,0,23.4,8.8,2.2,4.6,16.2
660271,2023-06-09,21,6,5,3,13,1,0,0,1,24.4,7.4,2.2,5.2,16.8
660271,2023-06-15,25,3,1,6,18,0,1,1,0,23.2,7.2,2.8,4.6,15.6
660271,2023-06-21,28,12,2,5,21,1,1,1,1,23.0,6.8,2.6,5.0,15.2
660271,2023-06-27,24,10,2,4,19,1,1,0,1,24.6,7.4,2.4,5.6,16.6
660787,2023-06-15,5,2,0,1,4,0,0,0,0,3.0,1.0,1.0,0.0,2.0
660787,2023-06-19,6,2,1,1,4,0,0,0,0,4.0,1.5,0.5,0.5,3.0
660787,2023-06-21,2,0,0,1,1,0,0,0,0,4.666666666666667,1.6666666666666667,0.6666666666666666,0.6666666666666666,3.3333333333333335
660787,2023-06-24,3,0,1,0,2,0,0,0,0,4.0,1.25,0.5,0.75,2.75
660787,2023-06-28,3,0,0,0,3,0,0,0,0,3.8,1.0,0.6,0.6,2.6
660787,2023-06-30,4,0,1,0,3,0,0,0,0,3.8,0.8,0.4,0.6,2.8
660813,2023-05-06,5,0,0,2,3,0,0,0,0,5.0,1.0,1.0,2.0,2.0
660813,2023-05-09,5,2,1,1,3,0,0,0,0,5.0,0.5,0.5,2.0,2.5
660813,2023-05-13,4,0,0,2,2,0,0,0,0,5.0,1.0,0.6666666666666666,1.6666666666666667,2.6666666666666665
660813,2023-05-14,1,0,0,0,1,0,0,0,0,4.75,0.75,0.5,1.75,2.5
660813,2023-05-17,4,1,0,0,4,0,0,0,0,4.0,0.6,0.4,1.4,2.2
660813,2023-05-19,2,0,0,1,1,0,0,0,0,3.8,0.6,0.2,1.0,2.6
660813,2023-05-22,5,1,0,1,4,0,0,0,0,3.2,0.6,0.2,0.8,2.2
660813,2023-05-23,4,1,0,1,3,0,0,0,0,3.2,0.4,0.0,0.8,2.4
660813,2023-05-27,3,1,0,0,3,0,0,0,0,3.2,0.6,0.0,0.6,2.6
660813,2023-05-28,5,1,0,2,3,0,0,0,0,3.6,0.8,0.0,0.6,3.0
660813,2023-05-31,4,1,0,1,2,0,0,0,0,3.8,0.8,0.0,1.0,2.8
660813,2023-06-04,5,2,0,2,3,0,0,0,0,4.2,1.0,0.0,1.0,3.0
660813,2023-06-06,5,0,0,4,1,0,0,0,0,4.2,1.2,0.0,1.2,2.8
660813,2023-06-07,3,1,0,2,1,0,0,0,0,4.4,1.0,0.0,1.8,2.4
660813,2023-06-11,3,0,0,0,3,0,0,0,0,4.4,1.0,0.0,2.2,2.0
660813,2023-06-13,2,0,0,0,2,0,0,0,0,4.0,0.8,0.0,1.8,2.0
660813,2023-06-14,1,0,0,0,1,0,0,0,0,3.6,0.6,0.0,1.6,2.0
660813,2023-06-16,5,2,0,2,3,0,0,0,0,2.8,0.2,0.0,1.2,1.6
660813,2023-06-21,7,3,1,0,6,0,0,0,0,2.8,0.6,0.0,0.8,2.0
660813,2023-06-23,3,0,0,0,3,0,0,0,0,3.6,1.0,0.2,0.4,3.0
660813,2023-06-25,4,0,1,1,3,0,0,0,0,3.6,1.0,0.2,0.4,3.0
660813,2023-06-27,3,0,0,2,1,0,0,0,0,4.0,1.0,0.4,0.6,3.2
660853,2023-05-05,3,0,1,0,2,0,0,0,0,1.0,0.0,0.0,0.0,1.0
660853,2023-05-08,2,0,1,0,1,0,0,0,0,2.0,0.0,0.5,0.0,1.5
660853,2023-05-10,5,1,0,1,3,0,0,0,0,2.0,0.0,0.6666666666666666,0.0,1.3333333333333333
660853,2023-05-13,5,2,0,2,3,0,0,0,0,2.75,0.25,0.5,0.25,1.75
660853,2023-05-16,6,2,1,1,3,0,0,0,0,3.2,0.6,0.4,0.6,2.0
660853,2023-05-19,3,0,0,0,3,0,0,0,0,4.2,1.0,0.6,0.8,2.4
660853,2023-05-23,3,3,0,0,3,0,0,0,0,4.2,1.0,0.4,0.8,2.6
660853,2023-05-27,3,0,0,0,3,0,0,0,0,4.4,1.6,0.2,0.8,3.0
660853,2023-05-29,3,1,0,0,3,0,0,0,0,4.0,1.4,0.2,0.6,3.0
660853,2023-05-31,4,0,0,1,3,0,0,0,0,3.6,1.2,0.2,0.2,3.0
660853,2023-06-03,4,0,0,1,3,0,0,0,0,3.2,0.8,0.0,0.2,3.0
660853,2023-06-04,5,0,0,2,3,0,0,0,0,3.4,0.8,0.0,0.4,3.0
660853,2023-06-06,4,0,2,2,0,0,0,0,1,3.8,0.2,0.0,0.8,3.0
660853,2023-06-08,5,2,1,1,3,0,0,0,0,4.0,0.2,0.4,1.2,2.4
660853,2023-06-10,4,2,1,0,3,0,0,0,0,4.4,0.4,0.6,1.4,2.4
660853,2023-06-14,4,1,0,0,4,0,0,0,0,4.4,0.8,0.8,1.2,2.4
660853,2023-06-16,8,3,1,2,5,0,0,0,0,4.4,1.0,0.8,1.0,2.6
660853,2023-06-20,3,1,0,0,3,0,0,0,0,5.0,1.6,1.0,1.0,3.0
660853,2023-06-22,6,1,0,1,6,0,0,0,0,4.8,1.8,0.6,0.6,3.6
660853,2023-06-25,3,0,0,1,2,0,0,0,0,5.0,1.6,0.4,0.6,4.2
660853,2023-06-29,3,1,0,0,3,0,0,0,0,4.8,1.2,0.2,0.8,4.0
660896,2023-05-09,7,1,1,3,3,0,0,0,0,7.0,3.0,0.0,1.0,6.0
660896,2023-05-12,8,1,2,2,4,0,0,0,1,7.0,2.0,0.5,2.0,4.5
660896,2023-05-14,3,0,0,0,3,0,0,0,0,7.333333333333333,1.6666666666666667,1.0,2.0,4.333333333333333
661309,2023-05-17,3,1,0,1,2,0,0,0,0,7.0,2.0,0.0,1.0,6.0
661309,2023-05-20,5,0,1,1,3,0,0,0,0,5.0,1.5,0.0,1.0,4.0
661309,2023-05-22,8,1,2,3,3,0,0,0,1,5.0,1.0,0.3333333333333333,1.0,3.6666666666666665
661309,2023-05-26,5,2,0,0,5,0,0,0,0,5.75,1.0,0.75,1.5,3.5
661383,2023-06-27,10,2,1,0,9,0,0,0,0,5.0,1.0,1.0,1.0,3.0
661395,2023-05-05,4,2,1,0,3,0,0,0,0,4.0,0.0,1.0,0.0,3.0
661395,2023-05-10,6,1,0,0,6,0,0,0,0,4.0,1.0,1.0,0.0,3.0
661395,2023-05-15,6,2,0,1,5,0,0,0,0,4.666666666666667,1.0,0.6666666666666666,0.0,4.0
661395,2023-05-20,4,3,0,1,3,0,0,0,0,5.0,1.25,0.5,0.25,4.25
661395,2023-05-24,3,2,0,1,2,0,0,0,0,4.8,1.6,0.4,0.4,4.0
661395,2023-05-27,4,2,0,1,3,0,0,0,0,4.6,2.0,0.2,0.6,3.8
661395,2023-05-29,7,3,0,1,6,0,0,0,0,4.6,2.0,0.0,0.8,3.8
661395,2023-06-02,6,3,0,1,5,0,0,0,0,4.8,2.4,0.0,1.0,3.8
661395,2023-06-07,1,0,0,1,0,0,0,0,0,4.8,2.6,0.0,1.0,3.8
661395,2023-06-09,9,2,1,1,6,0,0,0,0,4.2,2.0,0.0,1.0,3.2
661395,2023-06-14,3,1,0,0,3,0,0,0,0,5.4,2.0,0.2,1.0,4.0
661395,2023-06-17,2,1,0,1,1,0,0,0,0,5.2,1.8,0.2,0.8,4.0
661395,2023-06-21,8,2,1,1,6,0,0,0,0,4.2,1.4,0.2,0.8,3.0
661395,2023-06-23,4,3,1,0,3,0,0,0,0,4.6,1.2,0.4,0.8,3.2
661395,2023-06-25,3,1,0,0,3,0,0,0,0,5.2,1.8,0.6,0.6,3.8
661403,2023-05-03,3,0,0,2,1,0,0,0,0,3.0,1.0,0.0,0.0,3.0
661403,2023-05-06,3,1,0,0,3,0,0,0,0,3.0,0.5,0.0,1.0,2.0
661403,2023-05-07,4,1,1,0,3,0,0,0,0,3.0,0.6666666666666666,0.0,0.6666666666666666,2.3333333333333335
661403,2023-05-09,4,0,0,1,3,0,0,0,0,3.25,0.75,0.25,0.5,2.5
661403,2023-05-12,5,1,0,2,3,0,0,0,0,3.4,0.6,0.2,0.6,2.6
661403,2023-05-14,5,1,0,3,2,0,0,0,0,3.8,0.6,0.2,1.0,2.6
661403,2023-05-18,4,1,0,1,3,0,0,0,0,4.2,0.8,0.2,1.2,2.8
661403,2023-05-19,6,1,0,4,2,0,0,0,0,4.4,0.8,0.2,1.4,2.8
661403,2023-05-22,3,1,0,0,3,0,0,0,0,4.8,0.8,0.0,2.2,2.6
661403,2023-05-26,5,2,0,2,3,0,0,0,0,4.6,1.0,0.0,2.0,2.6
661403,2023-05-30,4,1,0,1,3,0,0,0,0,4.6,1.2,0.0,2.0,2.6
661403,2023-05-31,3,1,0,0,3,0,0,0,0,4.4,1.2,0.0,1.6,2.8
661403,2023-06-03,3,2,0,0,3,0,0,0,0,4.2,1.2,0.0,1.4,2.8
661403,2023-06-04,5,2,1,1,3,0,0,0,0,3.6,1.4,0.0,0.6,3.0
661403,2023-06-07,4,2,1,0,3,0,0,0,0,4.0,1.6,0.2,0.8,3.0
661403,2023-06-09,3,1,0,0,3,0,0,0,0,3.8,1.6,0.4,0.4,3.0
661403,2023-06-11,3,2,0,0,3,0,0,0,0,3.6,1.6,0.4,0.2,3.0
661403,2023-06-15,5,1,1,0,4,0,0,0,0,3.6,1.8,0.4,0.2,3.0
661403,2023-06-20,3,0,0,0,3,0,0,0,0,4.0,1.6,0.6,0.2,3.2
661403,2023-06-21,5,2,1,1,3,0,0,0,0,3.6,1.2,0.4,0.0,3.2
661403,2023-06-24,4,2,0,1,3,0,0,0,0,3.8,1.2,0.4,0.2,3.2
661403,2023-06-25,4,1,1,0,3,0,0,0,0,4.0,1.4,0.4,0.4,3.2
661403,2023-06-27,3,0,0,0,3,0,0,0,0,4.2,1.2,0.6,0.4,3.2
661403,2023-06-29,3,1,0,2,1,0,0,0,0,3.8,1.0,0.4,0.4,3.0
661527,2023-05-07,4,2,0,0,3,0,0,0,0,3.0,1.0,0.0,0.0,3.0
661527,2023-05-08,4,1,0,1,3,0,0,0,0,3.5,1.5,0.0,0.0,3.0
661527,2023-05-14,1,0,0,0,1,0,0,0,0,3.6666666666666665,1.3333333333333333,0.0,0.3333333333333333,3.0
661527,2023-05-15,3,2,0,0,3,0,0,0,0,3.0,1.0,0.0,0.25,2.5
661527,2023-05-17,6,1,1,1,4,0,0,0,0,3.0,1.2,0.0,0.2,2.6
661527,2023-05-22,5,2,1,1,3,0,0,0,0,3.6,1.2,0.2,0.4,2.8
661527,2023-05-29,3,0,0,2,1,0,0,0,0,3.8,1.2,0.4,0.6,2.8
661527,2023-05-31,11,3,2,2,6,0,0,0,1,3.6,1.0,0.4,0.8,2.4
661527,2023-06-05,6,1,0,1,4,0,0,0,0,5.6,1.6,0.8,1.2,3.4
661527,2023-06-09,14,4,1,4,9,0,0,0,0,6.2,1.4,0.8,1.4,3.6
661527,2023-06-16,4,1,0,0,4,0,0,0,0,7.8,2.0,0.8,2.0,4.6
661527,2023-06-18,6,0,0,2,3,0,0,0,0,7.6,1.8,0.6,1.8,4.8
661527,2023-06-21,7,3,2,1,4,0,0,0,1,8.2,1.8,0.6,1.8,5.2
661527,2023-06-25,3,1,0,0,3,0,0,0,0,7.4,1.8,0.6,1.6,4.8
661527,2023-06-28,4,1,0,1,2,0,0,0,0,6.8,1.8,0.6,1.4,4.6
662253,2023-06-10,4,3,0,0,4,0,0,0,0,3.0,2.0,0.0,0.0,3.0
662253,2023-06-14,3,1,1,0,2,0,0,0,0,3.5,2.5,0.0,0.0,3.5
662253,2023-06-16,3,2,0,0,3,0,0,0,0,3.3333333333333335,2.0,0.3333333333333333,0.0,3.0
662253,2023-06-17,4,2,1,0,3,0,0,0,0,3.25,2.0,0.25,0.0,3.0
662253,2023-06-24,3,1,0,1,2,0,0,0,0,3.4,2.0,0.4,0.0,3.0
662253,2023-06-26,4,2,1,0,3,0,0,0,0,3.4,1.8,0.4,0.2,2.8
662253,2023-06-27,3,2,0,0,3,0,0,0,0,3.4,1.6,0.6,0.2,2.6
662253,2023-06-30,5,0,0,4,1,0,0,0,0,3.4,1.8,0.4,0.2,2.8
663372,2023-05-07,20,3,6,4,9,0,0,0,1,21.0,3.0,1.0,6.0,14.0
663372,2023-05-13,13,0,4,4,5,0,0,0,1,20.5,3.0,3.5,5.0,11.5
663423,2023-06-25,2,0,0,1,1,0,0,0,0,6.0,2.0,0.0,2.0,4.0
663423,2023-06-28,4,1,0,1,3,0,0,0,0,4.0,1.0,0.0,1.5,2.5
663423,2023-06-30,8,2,1,3,4,0,0,0,0,4.0,1.0,0.0,1.3333333333333333,2.6666666666666665
663474,2023-06-10,24,5,3,7,14,1,0,1,1,17.0,10.0,1.0,1.0,15.0
663485,2023-05-17,3,0,0,0,3,0,0,0,0,11.0,2.0,5.0,0.0,6.0
663485,2023-05-22,8,4,0,2,6,0,0,0,0,7.0,1.0,2.5,0.0,4.5
663485,2023-05-28,4,0,0,1,3,0,0,0,0,7.333333333333333,2.0,1.6666666666666667,0.6666666666666666,5.0
663485,2023-05-30,10,4,2,1,7,0,0,0,1,6.5,1.5,1.25,0.75,4.5
663546,2023-06-21,14,5,2,3,10,1,0,0,1,8.0,0.0,2.0,3.0,3.0
663556,2023-05-08,23,7,4,4,16,1,1,0,1,25.0,9.0,2.0,5.0,18.0
663556,2023-05-13,21,3,4,5,12,0,0,1,1,24.0,8.0,3.0,4.5,17.0
663556,2023-05-19,27,7,1,6,21,1,1,1,0,23.0,6.333333333333333,3.3333333333333335,4.666666666666667,15.333333333333334
663556,2023-05-24,25,7,0,4,21,1,1,0,0,24.0,6.5,2.75,5.0,16.75
663556,2023-05-30,24,7,2,6,16,1,1,1,1,24.2,6.6,2.2,4.8,17.6
663556,2023-06-05,21,5,2,5,14,1,0,1,1,24.0,6.2,2.2,5.0,17.2
663556,2023-06-11,26,5,1,4,21,1,1,0,0,23.6,5.8,1.8,5.2,16.8
663556,2023-06-16,24,5,3,3,18,1,1,0,1,24.6,6.2,1.2,5.0,18.6
663556,2023-06-22,17,3,2,4,11,0,0,0,1,24.0,5.8,1.6,4.4,18.0
663556,2023-06-30,13,1,3,5,5,0,0,1,1,22.4,5.0,2.0,4.4,16.0
663558,2023-05-04,2,1,0,1,1,0,0,0,0,4.0,0.0,0.0,1.0,3.0
663558,2023-05-06,3,2,0,0,3,0,0,0,0,3.0,0.5,0.0,1.0,2.0
663558,2023-05-12,2,0,0,0,2,0,0,0,0,3.0,1.0,0.0,0.6666666666666666,2.3333333333333335
663558,2023-05-13,6,2,1,2,3,0,0,0,0,2.75,0.75,0.0,0.5,2.25
663558,2023-05-16,5,1,1,0,4,0,0,0,0,3.4,1.0,0.2,0.8,2.4
663558,2023-05-17,3,1,0,1,2,0,0,0,0,3.6,1.2,0.4,0.6,2.6
663558,2023-05-20,3,1,0,0,3,0,0,0,0,3.8,1.2,0.4,0.6,2.8
663558,2023-05-23,3,1,1,0,2,0,0,0,0,3.8,1.0,0.4,0.6,2.8
663558,2023-05-24,5,3,1,0,4,0,0,0,0,4.0,1.2,0.6,0.6,2.8
663558,2023-05-27,4,1,0,0,4,0,0,0,0,3.8,1.4,0.6,0.2,3.0
663558,2023-06-02,3,0,0,2,1,0,0,0,0,3.6,1.4,0.4,0.2,3.0
663558,2023-06-03,5,1,1,1,3,0,0,0,0,3.6,1.2,0.4,0.4,2.8
663558,2023-06-09,3,1,0,1,2,0,0,0,0,4.0,1.2,0.6,0.6,2.8
663558,2023-06-11,6,1,0,2,4,0,0,0,0,4.0,1.2,0.4,0.8,2.8
663558,2023-06-15,6,1,0,3,3,0,0,0,0,4.2,0.8,0.2,1.2,2.8
663558,2023-06-18,3,1,0,0,3,0,0,0,0,4.6,0.8,0.2,1.8,2.6
663558,2023-06-19,3,0,1,1,1,0,0,0,0,4.6,1.0,0.2,1.4,3.0
663558,2023-06-21,3,2,0,0,3,0,0,0,0,4.2,0.8,0.2,1.4,2.6
663558,2023-06-23,3,1,1,1,1,0,0,0,0,4.2,1.0,0.2,1.2,2.8
663558,2023-06-28,7,3,1,0,6,0,0,0,0,3.6,1.0,0.4,1.0,2.2
663558,2023-06-30,3,1,0,0,3,0,0,0,0,3.8,1.4,0.6,0.4,2.8
663559,2023-05-15,20,2,0,8,12,0,0,1,0,18.0,4.0,1.0,6.0,11.0
663562,2023-06-24,21,2,1,11,9,0,0,1,0,20.0,2.0,4.0,5.0,11.0
663567,2023-05-13,11,5,0,2,10,1,0,0,0,7.0,4.0,1.0,0.0,6.0
663567,2023-05-16,8,2,1,2,6,0,0,0,0,9.0,4.5,0.5,1.0,8.0
663567,2023-05-19,12,2,0,3,8,0,0,0,0,8.666666666666666,3.6666666666666665,0.6666666666666666,1.3333333333333333,7.333333333333333
663567,2023-05-24,13,3,0,6,7,0,0,1,0,9.5,3.25,0.5,1.75,7.5
663567,2023-05-28,12,1,2,3,7,0,0,0,1,10.2,3.2,0.4,2.6,7.4
663567,2023-05-31,13,3,2,3,8,0,0,0,1,11.2,2.6,0.6,3.2,7.6
663567,2023-06-06,10,3,4,3,3,0,0,0,1,11.6,2.2,1.0,3.4,7.2
663567,2023-06-09,10,4,0,3,7,0,0,0,0,12.0,2.4,1.6,3.6,6.6
663567,2023-06-14,8,2,1,3,4,0,0,0,0,11.6,2.8,1.6,3.6,6.4
663567,2023-06-16,7,0,1,0,6,0,0,0,0,10.6,2.6,1.8,3.0,5.8
663567,2023-06-20,13,4,0,5,8,0,0,1,0,9.6,2.4,1.6,2.4,5.6
663567,2023-06-23,4,1,1,1,3,0,0,0,0,9.6,2.6,1.2,2.8,5.6
663567,2023-06-29,9,0,1,5,3,0,0,1,0,8.4,2.2,0.6,2.4,5.6
663623,2023-05-08,20,5,3,4,13,1,0,0,1,18.0,3.0,4.0,2.0,11.0
663623,2023-05-14,22,6,1,6,14,1,0,1,0,19.0,4.0,3.5,3.0,12.0
663623,2023-05-19,17,1,4,5,8,0,0,1,1,20.0,4.666666666666667,2.6666666666666665,4.0,12.666666666666666
663623,2023-05-25,17,4,4,2,10,0,0,0,1,19.25,3.75,3.0,4.25,11.5
663623,2023-05-30,24,3,1,8,15,0,0,1,0,18.8,3.8,3.2,3.8,11.2
663623,2023-06-06,21,1,3,5,12,0,0,1,1,20.0,3.8,2.6,5.0,12.0
663623,2023-06-17,19,4,2,4,13,0,0,0,1,20.2,3.0,2.6,5.2,11.8
663623,2023-06-22,23,6,1,5,16,1,1,1,0,19.6,2.6,2.8,4.8,11.6
663623,2023-06-27,22,4,2,5,15,0,0,1,1,20.8,3.6,2.2,4.8,13.2
663658,2023-05-06,2,0,0,0,2,0,0,0,0,6.0,1.0,0.0,1.0,5.0
663658,2023-05-07,6,0,4,0,2,0,0,0,1,4.0,0.5,0.0,0.5,3.5
663658,2023-05-10,5,1,1,1,3,0,0,0,0,4.666666666666667,0.3333333333333333,1.3333333333333333,0.3333333333333333,3.0
663658,2023-05-14,2,1,1,0,1,0,0,0,0,4.75,0.5,1.25,0.5,3.0
663658,2023-05-19,8,1,1,1,6,0,0,0,0,4.2,0.6,1.2,0.4,2.6
663658,2023-05-25,4,0,1,0,3,0,0,0,0,4.6,0.6,1.4,0.4,2.8
663658,2023-05-29,6,2,0,0,6,0,0,0,0,5.0,0.6,1.6,0.4,3.0
663658,2023-06-04,6,2,1,2,3,0,0,0,0,5.0,1.0,0.8,0.4,3.8
663658,2023-06-06,6,3,1,1,4,0,0,0,0,5.2,1.2,0.8,0.6,3.8
663658,2023-06-13,6,0,1,2,3,0,0,0,0,6.0,1.6,0.8,0.8,4.4
663658,2023-06-17,8,1,2,2,4,0,0,0,1,5.6,1.4,0.8,1.0,3.8
663658,2023-06-20,11,1,1,4,6,0,0,0,0,6.4,1.6,1.0,1.4,4.0
663658,2023-06-23,8,1,1,3,4,0,0,0,0,7.4,1.4,1.2,2.2,4.0
663658,2023-06-26,3,0,0,1,2,0,0,0,0,7.8,1.2,1.2,2.4,4.2
663687,2023-06-02,19,5,0,5,14,1,0,1,0,15.0,5.0,1.0,1.0,13.0
663687,2023-06-07,20,2,3,4,13,0,0,0,1,17.0,5.0,0.5,3.0,13.5
663687,2023-06-13,25,2,0,4,21,0,1,0,0,18.0,4.0,1.3333333333333333,3.3333333333333335,13.333333333333334
663687,2023-06-18,22,7,0,4,18,1,1,0,0,19.75,3.5,1.0,3.5,15.25
663687,2023-06-24,24,6,4,5,14,1,0,1,1,20.2,4.2,0.8,3.6,15.8
663687,2023-06-29,25,2,2,9,14,0,0,1,1,22.0,4.4,1.4,4.4,16.0
663738,2023-06-03,23,7,1,6,15,1,0,1,0,24.0,6.0,3.0,5.0,16.0
663738,2023-06-09,26,4,1,8,17,0,1,1,0,23.5,6.5,2.0,5.5,15.5
663738,2023-06-14,29,3,2,7,21,0,1,1,1,24.333333333333332,5.666666666666667,1.6666666666666667,6.333333333333333,16.0
663738,2023-06-20,22,2,2,1,19,0,1,0,1,25.5,5.0,1.75,6.5,17.25
663738,2023-06-25,25,2,1,6,18,0,1,1,0,24.8,4.4,1.8,5.4,17.6
663752,2023-06-15,4,2,0,2,2,0,0,0,0,3.0,1.0,0.0,0.0,3.0
663765,2023-06-13,13,3,3,3,7,0,0,0,1,8.0,0.0,1.0,4.0,3.0
663765,2023-06-20,5,1,0,2,3,0,0,0,0,10.5,1.5,2.0,3.5,5.0
663765,2023-06-24,5,1,0,0,5,0,0,0,0,8.666666666666666,1.3333333333333333,1.3333333333333333,3.0,4.333333333333333
663765,2023-06-25,8,1,1,1,7,0,0,0,0,7.75,1.25,1.0,2.25,4.5
663765,2023-06-29,13,1,2,4,7,0,0,0,1,7.8,1.2,1.0,2.0,5.0
663773,2023-05-10,1,0,0,0,1,0,0,0,0,13.0,4.0,1.0,3.0,9.0
663773,2023-05-12,4,2,1,1,2,0,0,0,0,7.0,2.0,0.5,1.5,5.0
663773,2023-05-14,2,0,1,0,1,0,0,0,0,6.0,2.0,0.6666666666666666,1.3333333333333333,4.0
663773,2023-05-19,5,1,1,0,4,0,0,0,0,5.0,1.5,0.75,1.0,3.25
663773,2023-05-24,3,0,0,0,3,0,0,0,0,5.0,1.4,0.8,0.8,3.4
663773,2023-05-25,1,0,0,1,0,0,0,0,0,3.0,0.6,0.6,0.2,2.2
663773,2023-05-26,4,0,0,2,2,0,0,0,0,3.0,0.6,0.6,0.4,2.0
663773,2023-05-27,4,0,0,1,3,0,0,0,0,3.0,0.2,0.4,0.6,2.0
663773,2023-05-30,4,1,0,1,3,0,0,0,0,3.4,0.2,0.2,0.8,2.4
663773,2023-06-01,9,3,0,2,7,0,0,0,0,3.2,0.2,0.0,1.0,2.2
663773,2023-06-06,5,2,0,2,3,0,0,0,0,4.4,0.8,0.0,1.4,3.0
663773,2023-06-11,3,1,0,0,3,0,0,0,0,5.2,1.2,0.0,1.6,3.6
663773,2023-06-12,9,2,1,2,6,0,0,0,0,5.0,1.4,0.0,1.2,3.8
663773,2023-06-19,13,5,0,3,10,1,0,0,0,6.0,1.8,0.2,1.4,4.4
663773,2023-06-24,18,2,3,0,15,0,0,0,1,7.8,2.6,0.2,1.8,5.8
663773,2023-06-30,19,1,2,6,11,0,0,1,1,9.6,2.4,0.8,1.4,7.4
663776,2023-05-08,25,2,0,7,18,0,1,1,0,21.0,4.0,3.0,3.0,15.0
663776,2023-05-14,28,5,0,5,22,1,1,1,0,23.0,3.0,1.5,5.0,16.5
663776,2023-05-20,23,3,4,5,14,0,0,1,1,24.666666666666668,3.6666666666666665,1.0,5.0,18.333333333333332
663776,2023-05-28,23,2,1,8,14,0,0,1,0,24.25,3.5,1.75,5.0,17.25
663776,2023-06-03,20,4,3,7,10,0,0,1,1,24.0,3.2,1.6,5.6,16.6
663776,2023-06-10,24,8,0,10,14,1,0,1,0,23.8,3.2,1.6,6.4,15.6
663776,2023-06-16,26,6,4,4,17,1,1,0,1,23.6,4.4,1.6,7.0,14.8
663776,2023-06-23,26,3,1,10,15,0,0,1,0,23.2,4.6,2.4,6.8,13.8
663776,2023-06-29,26,8,2,8,15,1,0,1,1,23.8,4.6,1.8,7.8,14.0
663804,2023-06-03,7,2,0,1,6,0,0,0,0,9.0,3.0,2.0,0.0,7.0
663804,2023-06-06,11,3,2,2,7,0,0,0,1,8.0,2.5,1.0,0.5,6.5
663804,2023-06-11,6,1,1,2,3,0,0,0,0,9.0,2.6666666666666665,1.3333333333333333,1.0,6.666666666666667
663804,2023-06-13,4,1,1,0,3,0,0,0,0,8.25,2.25,1.25,1.25,5.75
663804,2023-06-17,5,1,1,1,3,0,0,0,0,7.4,2.0,1.2,1.0,5.2
663804,2023-06-21,8,1,0,4,3,0,0,0,0,6.6,1.6,1.0,1.2,4.4
663804,2023-06-23,8,2,0,5,3,0,0,1,0,6.8,1.4,1.0,1.8,3.8
663855,2023-05-05,6,1,2,1,2,0,0,0,1,6.0,1.0,2.0,1.0,3.0
663855,2023-05-08,7,2,1,0,6,0,0,0,0,6.0,1.0,2.0,1.0,2.5
663855,2023-05-14,4,3,1,0,3,0,0,0,0,6.333333333333333,1.3333333333333333,1.6666666666666667,0.6666666666666666,3.6666666666666665
663855,2023-05-16,4,2,0,0,4,0,0,0,0,5.75,1.75,1.5,0.5,3.5
663855,2023-05-18,3,1,0,0,3,0,0,0,0,5.4,1.8,1.2,0.4,3.6
663855,2023-05-19,5,2,1,0,3,0,0,0,0,4.8,1.8,0.8,0.2,3.6
663855,2023-05-22,3,1,0,0,3,0,0,0,0,4.6,2.0,0.6,0.0,3.8
663855,2023-05-28,7,2,0,1,6,0,0,0,0,3.8,1.8,0.4,0.0,3.2
663855,2023-06-03,3,1,0,2,1,0,0,0,0,4.4,1.6,0.2,0.2,3.8
663855,2023-06-04,5,3,1,0,4,0,0,0,0,4.2,1.4,0.2,0.6,3.2
663855,2023-06-07,4,1,0,1,3,0,0,0,0,4.6,1.8,0.4,0.6,3.4
663855,2023-06-09,5,1,2,2,1,0,0,0,1,4.4,1.6,0.2,0.8,3.4
663855,2023-06-11,5,1,1,1,3,0,0,0,0,4.8,1.6,0.6,1.2,3.0
663855,2023-06-14,5,3,0,0,5,0,0,0,0,4.4,1.4,0.8,1.2,2.4
663855,2023-06-17,4,3,0,0,3,0,0,0,0,4.8,1.8,0.8,0.8,3.2
663855,2023-06-18,2,0,0,1,1,0,0,0,0,4.6,1.8,0.6,0.8,3.0
663855,2023-06-19,4,1,0,1,3,0,0,0,0,4.2,1.6,0.6,0.8,2.6
663855,2023-06-25,4,2,0,1,3,0,0,0,0,4.0,1.6,0.2,0.6,3.0
663855,2023-06-27,3,1,0,0,3,0,0,0,0,3.8,1.8,0.0,0.6,3.0
663878,2023-05-03,6,1,0,2,4,0,0,0,0,7.0,3.0,0.0,1.0,6.0
663878,2023-05-07,4,1,0,1,3,0,0,0,0,6.5,2.0,0.0,1.5,5.0
663878,2023-05-09,3,0,0,2,1,0,0,0,0,5.666666666666667,1.6666666666666667,0.0,1.3333333333333333,4.333333333333333
663878,2023-05-14,4,1,1,0,3,0,0,0,0,5.0,1.25,0.0,1.5,3.5
663878,2023-05-15,5,1,1,0,4,0,0,0,0,4.8,1.2,0.2,1.2,3.4
663878,2023-05-18,8,1,0,2,6,0,0,0,0,4.4,0.8,0.4,1.0,3.0
663878,2023-05-21,7,3,0,2,6,0,0,0,0,4.8,0.8,0.4,1.0,3.4
663878,2023-05-24,4,1,0,1,3,0,0,0,0,5.4,1.2,0.4,1.2,4.0
663878,2023-05-26,4,1,1,0,3,0,0,0,0,5.6,1.4,0.4,1.0,4.4
663878,2023-05-30,6,4,0,0,6,0,0,0,0,5.6,1.4,0.4,1.0,4.4
663878,2023-06-03,3,2,0,0,3,0,0,0,0,5.8,2.0,0.2,1.0,4.8
663878,2023-06-04,5,1,0,2,3,0,0,0,0,4.8,2.2,0.2,0.6,4.2
663878,2023-06-09,6,1,0,2,4,0,0,0,0,4.4,1.8,0.2,0.6,3.6
663878,2023-06-11,7,3,0,1,6,0,0,0,0,4.8,1.8,0.2,0.8,3.8
663878,2023-06-15,3,1,0,0,3,0,0,0,0,5.4,2.2,0.0,1.0,4.4
663878,2023-06-18,6,0,1,3,2,0,0,0,0,4.8,1.6,0.0,1.0,3.8
663878,2023-06-19,6,1,1,4,1,0,0,0,0,5.4,1.2,0.2,1.6,3.6
663878,2023-06-24,3,0,0,0,3,0,0,0,0,5.6,1.2,0.4,2.0,3.2
663878,2023-06-27,5,1,0,1,4,0,0,0,0,5.0,1.0,0.4,1.6,3.0
663903,2023-05-11,23,4,2,5,16,0,1,1,1,23.0,4.0,3.0,6.0,12.0
663903,2023-05-16,23,3,2,7,14,0,0,1,1,23.0,4.0,2.5,5.5,14.0
663903,2023-05-22,22,3,4,7,11,0,0,1,1,23.0,3.6666666666666665,2.3333333333333335,6.0,14.0
663903,2023-05-27,23,6,3,4,15,1,0,0,1,22.75,3.5,2.75,6.25,13.25
663903,2023-06-04,22,7,0,5,17,1,1,1,0,22.8,4.0,2.8,5.8,13.6
663903,2023-06-10,22,4,3,6,13,0,0,1,1,22.6,4.6,2.2,5.6,14.6
663903,2023-06-16,24,5,2,8,15,1,0,1,1,22.4,4.6,2.4,5.8,14.0
663903,2023-06-21,27,2,1,7,19,0,1,1,0,22.6,5.0,2.4,6.0,14.2
663903,2023-06-27,20,3,2,4,14,0,0,0,1,23.6,4.8,1.8,6.0,15.8
663941,2023-05-08,6,1,0,1,4,0,0,0,0,5.0,2.0,0.0,1.0,4.0
663941,2023-05-10,23,3,1,6,16,0,1,1,0,5.5,1.5,0.0,1.0,4.0
663941,2023-05-13,6,1,0,3,3,0,0,0,0,11.333333333333334,2.0,0.3333333333333333,2.6666666666666665,8.0
663941,2023-05-22,10,4,0,1,8,0,0,0,0,10.0,1.75,0.25,2.75,6.75
663941,2023-05-26,9,2,0,1,8,0,0,0,0,10.0,2.2,0.2,2.4,7.0
663941,2023-05-28,9,4,0,0,9,0,0,0,0,10.8,2.2,0.2,2.4,7.8
663941,2023-06-07,2,0,0,0,2,0,0,0,0,11.4,2.8,0.2,2.2,8.8
663941,2023-06-09,7,2,0,2,5,0,0,0,0,7.2,2.2,0.0,1.0,6.0
663941,2023-06-11,10,2,1,3,6,0,0,0,0,7.4,2.4,0.0,0.8,6.4
663941,2023-06-17,14,2,1,3,10,0,0,0,0,7.4,2.0,0.2,1.2,6.0
663941,2023-06-20,11,2,1,1,9,0,0,0,0,8.4,2.0,0.4,1.6,6.4
663941,2023-06-25,14,1,3,4,7,0,0,0,1,8.8,1.6,0.6,1.8,6.4
663941,2023-06-29,7,1,1,0,6,0,0,0,0,11.2,1.8,1.2,2.6,7.4
663947,2023-05-06,4,0,1,1,2,0,0,0,0,4.0,0.0,0.0,1.0,3.0
663947,2023-05-07,13,1,1,3,8,0,0,0,0,4.0,0.0,0.5,1.0,2.5
663947,2023-05-12,7,0,0,2,5,0,0,0,0,7.0,0.3333333333333333,0.6666666666666666,1.6666666666666667,4.333333333333333
663947,2023-05-13,5,4,0,0,5,0,0,0,0,7.0,0.25,0.5,1.75,4.5
663947,2023-05-17,7,3,0,1,6,0,0,0,0,6.6,1.0,0.4,1.4,4.6
663947,2023-05-20,7,1,0,2,5,0,0,0,0,7.2,1.6,0.4,1.4,5.2
663947,2023-05-23,12,1,0,3,9,0,0,0,0,7.8,1.8,0.2,1.6,5.8
663947,2023-05-28,7,1,1,0,6,0,0,0,0,7.6,1.8,0.0,1.6,6.0
663947,2023-05-30,10,1,2,2,6,0,0,0,1,7.6,2.0,0.2,1.2,6.2
663947,2023-06-04,4,2,1,1,2,0,0,0,0,8.6,1.4,0.6,1.6,6.4
663947,2023-06-06,7,2,0,2,6,0,0,0,0,8.0,1.2,0.8,1.6,5.6
663947,2023-06-08,2,1,1,0,1,0,0,0,0,8.0,1.4,0.8,1.6,5.8
663947,2023-06-11,3,1,2,0,1,0,0,0,1,6.0,1.4,1.0,1.0,4.2
663947,2023-06-14,4,0,0,1,3,0,0,0,0,5.2,1.4,1.2,1.0,3.2
663947,2023-06-16,9,1,1,2,6,0,0,0,0,4.0,1.2,0.8,0.8,2.6
663947,2023-06-18,8,4,0,2,6,0,0,0,0,5.0,1.0,0.8,1.0,3.4
663947,2023-06-25,4,3,0,0,4,0,0,0,0,5.2,1.4,0.8,1.0,3.4
663947,2023-06-26,6,1,2,1,3,0,0,0,1,5.6,1.8,0.6,1.0,4.0
663947,2023-06-29,7,2,0,4,3,0,0,0,0,6.2,1.8,0.6,1.2,4.4
663986,2023-05-06,5,2,0,1,4,0,0,0,0,3.0,0.0,1.0,1.0,1.0
663986,2023-05-09,2,0,0,0,2,0,0,0,0,4.0,1.0,0.5,1.0,2.5
663986,2023-05-12,4,1,0,2,2,0,0,0,0,3.3333333333333335,0.6666666666666666,0.3333333333333333,0.6666666666666666,2.3333333333333335
663986,2023-05-13,5,1,1,1,3,0,0,0,0,3.5,0.75,0.25,1.0,2.25
663986,2023-05-18,3,1,0,0,3,0,0,0,0,3.8,0.8,0.4,1.0,2.4
663986,2023-05-19,3,2,0,0,3,0,0,0,0,3.8,1.0,0.2,0.8,2.8
663986,2023-05-21,6,2,1,2,3,0,0,0,0,3.4,1.0,0.2,0.6,2.6
663986,2023-05-22,3,2,0,0,3,0,0,0,0,4.2,1.4,0.4,1.0,2.8
663986,2023-05-26,5,0,2,1,2,0,0,0,1,4.0,1.6,0.4,0.6,3.0
663986,2023-05-29,5,1,0,2,3,0,0,0,0,4.0,1.4,0.6,0.6,2.8
663986,2023-05-31,4,1,0,1,3,0,0,0,0,4.4,1.4,0.6,1.0,2.8
663986,2023-06-01,6,1,0,3,3,0,0,0,0,4.6,1.2,0.6,1.2,2.8
663986,2023-06-04,3,2,0,0,3,0,0,0,0,4.6,1.0,0.4,1.4,2.8
663986,2023-06-07,4,0,0,1,3,0,0,0,0,4.6,1.0,0.4,1.4,2.8
663986,2023-06-09,3,0,0,0,3,0,0,0,0,4.4,1.0,0.0,1.4,3.0
663986,2023-06-11,4,2,0,1,3,0,0,0,0,4.0,0.8,0.0,1.0,3.0
663986,2023-06-15,6,1,1,0,5,0,0,0,0,4.0,1.0,0.0,1.0,3.0
663986,2023-06-20,1,0,0,0,1,0,0,0,0,4.0,1.0,0.2,0.4,3.4
663986,2023-06-21,4,1,0,2,2,0,0,0,0,3.6,0.6,0.2,0.4,3.0
663986,2023-06-24,3,2,0,0,3,0,0,0,0,3.6,0.8,0.2,0.6,2.8
663986,2023-06-25,5,2,1,1,3,0,0,0,0,3.6,1.2,0.2,0.6,2.8
663986,2023-06-27,3,1,0,1,2,0,0,0,0,3.8,1.2,0.4,0.6,2.8
663986,2023-06-29,7,0,1,2,3,0,0,0,0,3.2,1.2,0.2,0.8,2.2
663992,2023-05-04,3,0,0,0,3,0,0,0,0,4.0,0.0,0.0,2.0,2.0
663992,2023-05-06,4,1,1,0,2,0,0,0,0,3.5,0.0,0.0,1.0,2.5
663992,2023-05-10,4,2,0,1,3,0,0,0,0,3.6666666666666665,0.3333333333333333,0.3333333333333333,0.6666666666666666,2.3333333333333335
663992,2023-05-12,1,1,0,0,1,0,0,0,0,3.75,0.75,0.25,0.75,2.5
663992,2023-05-15,3,2,0,0,3,0,0,0,0,3.2,0.8,0.2,0.6,2.2
663992,2023-05-16,4,2,1,0,3,0,0,0,0,3.0,1.2,0.2,0.2,2.4
663992,2023-05-20,4,1,0,1,3,0,0,0,0,3.2,1.6,0.4,0.2,2.4
663992,2023-05-23,3,0,0,0,3,0,0,0,0,3.2,1.6,0.2,0.4,2.6
663992,2023-05-25,3,1,1,0,2,0,0,0,0,3.0,1.2,0.2,0.2,2.6
663992,2023-05-27,3,1,0,0,3,0,0,0,0,3.4,1.2,0.4,0.2,2.8
663992,2023-05-31,4,1,0,0,4,0,0,0,0,3.4,1.0,0.4,0.2,2.8
663992,2023-06-03,7,0,1,2,3,0,0,0,0,3.4,0.8,0.2,0.2,3.0
663992,2023-06-05,3,1,2,0,1,0,0,0,1,4.0,0.6,0.4,0.4,3.0
663992,2023-06-07,1,1,0,0,1,0,0,0,0,4.0,0.8,0.8,0.4,2.6
663992,2023-06-10,4,1,0,1,3,0,0,0,0,3.6,0.8,0.6,0.4,2.4
663992,2023-06-11,2,0,0,0,2,0,0,0,0,3.8,0.8,0.6,0.6,2.4
663992,2023-06-15,2,0,0,0,2,0,0,0,0,3.4,0.6,0.6,0.6,2.0
664062,2023-05-08,22,6,0,3,18,1,1,0,0,21.0,3.0,2.0,5.0,14.0
664062,2023-05-14,18,6,1,2,15,1,0,0,0,21.5,4.5,1.0,4.0,16.0
664062,2023-05-19,19,3,3,1,15,0,0,0,1,20.333333333333332,5.0,1.0,3.3333333333333335,15.666666666666666
664062,2023-05-24,22,4,2,3,17,0,1,0,1,20.0,4.5,1.5,2.75,15.5
664062,2023-05-30,24,2,2,3,18,0,1,0,1,20.4,4.4,1.6,2.8,15.8
664062,2023-06-06,24,5,3,5,15,1,0,1,1,21.0,4.2,1.6,2.4,16.6
664062,2023-06-13,23,6,2,2,18,1,1,0,1,21.4,4.0,2.2,2.8,16.0
664062,2023-06-18,25,7,2,6,16,1,1,1,1,22.4,4.0,2.4,2.8,16.6
664062,2023-06-25,19,3,1,5,13,0,0,1,0,23.6,4.8,2.2,3.8,16.8
664076,2023-05-07,1,0,0,0,1,0,0,0,0,3.0,2.0,0.0,1.0,2.0
664126,2023-05-19,4,1,0,1,3,0,0,0,0,3.0,1.0,0.0,2.0,1.0
664126,2023-05-22,4,0,1,1,2,0,0,0,0,3.5,1.0,0.0,1.5,2.0
664126,2023-05-24,4,1,0,1,3,0,0,0,0,3.6666666666666665,0.6666666666666666,0.3333333333333333,1.3333333333333333,2.0
664126,2023-05-26,3,1,0,0,3,0,0,0,0,3.75,0.75,0.25,1.25,2.25
664126,2023-06-15,3,1,0,0,3,0,0,0,0,3.6,0.8,0.2,1.0,2.4
664126,2023-06-22,5,2,1,1,3,0,0,0,0,3.6,0.8,0.2,0.6,2.8
664126,2023-06-25,4,1,1,0,3,0,0,0,0,3.8,1.0,0.4,0.6,2.8
664126,2023-06-28,4,1,1,0,3,0,0,0,0,3.8,1.2,0.4,0.4,3.0
664139,2023-05-03,3,1,0,0,3,0,0,0,0,3.0,0.0,0.0,0.0,3.0
664139,2023-05-06,7,2,0,1,6,0,0,0,0,3.0,0.5,0.0,0.0,3.0
664139,2023-05-10,5,1,0,1,4,0,0,0,0,4.333333333333333,1.0,0.0,0.3333333333333333,4.0
664139,2023-05-12,4,2,1,0,3,0,0,0,0,4.5,1.0,0.0,0.5,4.0
664139,2023-05-13,6,0,1,3,2,0,0,0,0,4.4,1.2,0.2,0.4,3.8
664139,2023-05-16,4,1,0,1,3,0,0,0,0,5.0,1.2,0.4,1.0,3.6
664139,2023-05-19,7,1,0,3,4,0,0,0,0,5.2,1.2,0.4,1.2,3.6
664139,2023-05-20,6,0,0,3,3,0,0,0,0,5.2,1.0,0.4,1.6,3.2
664139,2023-05-22,4,2,1,0,3,0,0,0,0,5.4,0.8,0.4,2.0,3.0
664139,2023-05-27,5,0,1,1,3,0,0,0,0,5.4,0.8,0.4,2.0,3.0
664139,2023-05-28,3,0,0,0,3,0,0,0,0,5.2,0.8,0.4,1.6,3.2
664139,2023-05-31,3,0,0,0,3,0,0,0,0,5.0,0.6,0.4,1.4,3.2
664139,2023-06-01,4,0,0,1,3,0,0,0,0,4.2,0.4,0.4,0.8,3.0
664139,2023-06-04,3,1,0,0,3,0,0,0,0,3.8,0.4,0.4,0.4,3.0
664139,2023-06-06,4,2,0,1,3,0,0,0,0,3.6,0.2,0.2,0.4,3.0
664139,2023-06-08,9,1,0,2,6,0,0,0,0,3.4,0.6,0.0,0.4,3.0
664139,2023-06-11,5,0,0,1,4,0,0,0,0,4.6,0.8,0.0,0.8,3.6
664139,2023-06-13,4,0,2,0,1,0,0,0,1,5.0,0.8,0.0,1.0,3.8
664139,2023-06-17,4,0,0,1,3,0,0,0,0,5.0,0.8,0.4,0.8,3.4
664139,2023-06-18,4,1,1,2,1,0,0,0,0,5.2,0.6,0.4,1.0,3.4
664139,2023-06-21,4,2,0,1,3,0,0,0,0,5.2,0.4,0.6,1.2,3.0
664139,2023-06-23,3,0,1,0,2,0,0,0,0,4.2,0.6,0.6,1.0,2.4
664139,2023-06-25,8,2,2,2,4,0,0,0,1,3.8,0.6,0.8,0.8,2.0
664139,2023-06-28,3,1,0,0,3,0,0,0,0,4.6,1.0,0.8,1.2,2.6
664139,2023-06-30,5,0,0,2,3,0,0,0,0,4.4,1.2,0.8,1.0,2.6
664192,2023-05-07,19,4,3,4,12,0,0,0,1,17.0,1.0,0.0,5.0,12.0
664192,2023-05-13,9,0,1,4,4,0,0,0,0,18.0,2.5,1.5,4.5,12.0
664199,2023-05-03,4,2,0,1,3,0,0,0,0,6.0,3.0,0.0,3.0,3.0
664199,2023-05-06,8,3,1,2,5,0,0,0,0,5.0,2.5,0.0,2.0,3.0
664199,2023-05-10,3,1,0,0,3,0,0,0,0,6.0,2.6666666666666665,0.3333333333333333,2.0,3.6666666666666665
664199,2023-05-13,5,3,1,0,4,0,0,0,0,5.25,2.25,0.25,1.5,3.5
664199,2023-05-16,4,2,1,1,2,0,0,0,0,5.2,2.4,0.4,1.2,3.6
664199,2023-05-17,4,0,0,1,3,0,0,0,0,4.8,2.2,0.6,0.8,3.4
664199,2023-05-21,1,0,0,0,1,0,0,0,0,4.8,1.8,0.6,0.8,3.4
664199,2023-05-22,4,0,0,1,3,0,0,0,0,3.4,1.2,0.4,0.4,2.6
664199,2023-05-23,3,0,0,0,3,0,0,0,0,3.6,1.0,0.4,0.6,2.6
664199,2023-05-27,4,0,1,0,3,0,0,0,0,3.2,0.4,0.2,0.6,2.4
664199,2023-05-29,3,0,0,0,3,0,0,0,0,3.2,0.0,0.2,0.4,2.6
664199,2023-06-02,3,1,0,0,3,0,0,0,0,3.0,0.0,0.2,0.2,2.6
664199,2023-06-04,5,2,0,1,4,0,0,0,0,3.4,0.2,0.2,0.2,3.0
664199,2023-06-10,5,1,1,2,2,0,0,0,0,3.6,0.6,0.2,0.2,3.2
664199,2023-06-12,5,1,1,2,2,0,0,0,0,4.0,0.8,0.4,0.6,3.0
664199,2023-06-17,4,1,0,1,3,0,0,0,0,4.2,1.0,0.4,1.0,2.8
664199,2023-06-19,6,1,1,2,3,0,0,0,0,4.4,1.2,0.4,1.2,2.8
664199,2023-06-22,7,1,0,5,2,0,0,1,0,5.0,1.2,0.6,1.6,2.8
664199,2023-06-25,5,1,1,1,3,0,0,0,0,5.4,1.0,0.6,2.4,2.4
664199,2023-06-29,4,0,0,1,3,0,0,0,0,5.4,1.0,0.6,2.2,2.6
664202,2023-05-20,3,1,0,1,2,0,0,0,0,3.0,1.0,0.0,0.0,3.0
664208,2023-05-03,5,1,0,1,3,0,0,0,0,6.0,0.0,0.0,0.0,6.0
664208,2023-05-06,4,2,0,1,3,0,0,0,0,5.5,0.5,0.0,0.5,4.5
664208,2023-05-07,3,0,0,1,3,0,0,0,0,5.0,1.0,0.0,0.6666666666666666,4.0
664208,2023-05-13,5,0,0,2,3,0,0,0,0,4.5,0.75,0.0,0.75,3.75
664208,2023-05-15,4,1,1,0,3,0,0,0,0,4.6,0.6,0.0,1.0,3.6
664208,2023-05-16,4,2,0,1,3,0,0,0,0,4.2,0.8,0.2,1.0,3.0
664208,2023-05-19,4,0,0,1,3,0,0,0,0,4.0,1.0,0.2,1.0,3.0
664208,2023-05-23,4,3,0,0,4,0,0,0,0,4.0,0.6,0.2,1.0,3.0
664208,2023-05-27,3,0,0,0,3,0,0,0,0,4.2,1.2,0.2,0.8,3.2
664208,2023-05-28,2,1,0,1,1,0,0,0,0,3.8,1.2,0.2,0.4,3.2
664208,2023-05-30,5,4,1,0,4,0,0,0,0,3.4,1.2,0.0,0.6,2.8
664208,2023-06-02,5,0,1,3,1,0,0,0,0,3.6,1.6,0.2,0.4,3.0
664208,2023-06-04,5,1,0,2,3,0,0,0,0,3.8,1.6,0.4,0.8,2.6
664208,2023-06-06,4,0,1,0,3,0,0,0,0,4.0,1.2,0.4,1.2,2.4
664208,2023-06-08,5,2,1,1,3,0,0,0,0,4.2,1.2,0.6,1.2,2.4
664208,2023-06-09,1,0,0,0,1,0,0,0,0,4.8,1.4,0.8,1.2,2.8
664208,2023-06-13,3,1,0,0,3,0,0,0,0,4.0,0.6,0.6,1.2,2.2
664208,2023-06-15,6,0,1,3,1,0,0,0,0,3.6,0.8,0.4,0.6,2.6
664208,2023-06-17,6,3,1,1,4,0,0,0,0,3.8,0.6,0.6,0.8,2.2
664208,2023-06-18,4,2,0,0,4,0,0,0,0,4.2,1.2,0.6,1.0,2.4
664208,2023-06-21,6,3,0,1,4,0,0,0,0,4.0,1.2,0.4,0.8,2.6
664208,2023-06-24,5,0,0,2,2,0,0,0,0,5.0,1.8,0.4,1.0,3.2
664208,2023-06-25,3,1,0,0,3,0,0,0,0,5.4,1.6,0.4,1.4,3.0
664208,2023-06-27,3,2,0,0,3,0,0,0,0,4.8,1.8,0.2,0.8,3.4
664208,2023-06-30,3,2,0,0,3,0,0,0,0,4.2,1.6,0.0,0.6,3.2
664285,2023-05-09,27,12,0,3,24,1,1,0,0,19.0,8.0,2.0,5.0,12.0
664285,2023-05-15,21,8,2,7,12,1,0,1,1,23.0,10.0,1.0,4.0,18.0
664285,2023-05-21,29,7,0,4,25,1,1,0,0,22.333333333333332,9.333333333333334,1.3333333333333333,5.0,16.0
664285,2023-05-27,25,5,3,4,18,1,1,0,1,24.0,8.75,1.0,4.75,18.25
664285,2023-06-02,24,7,1,5,17,1,1,1,0,24.2,8.0,1.4,4.6,18.2
664285,2023-06-08,23,5,4,4,14,1,0,0,1,25.2,7.8,1.2,4.6,19.2
664285,2023-06-14,26,6,0,5,21,1,1,1,0,24.4,6.4,2.0,4.8,17.2
664285,2023-06-20,27,9,1,4,22,1,1,0,0,25.4,6.0,1.6,4.4,19.0
664285,2023-06-27,28,6,3,8,17,1,1,1,1,25.0,6.4,1.8,4.4,18.4
664294,2023-05-05,5,3,0,0,5,0,0,0,0,5.0,2.0,2.0,0.0,3.0
664294,2023-05-07,3,1,0,0,3,0,0,0,0,5.0,2.5,1.0,0.0,4.0
664294,2023-05-10,6,3,0,0,6,0,0,0,0,4.333333333333333,2.0,0.6666666666666666,0.0,3.6666666666666665
664294,2023-05-12,3,1,0,0,3,0,0,0,0,4.75,2.25,0.5,0.0,4.25
664294,2023-05-17,3,3,0,0,3,0,0,0,0,4.4,2.0,0.4,0.0,4.0
664294,2023-05-20,2,1,0,0,2,0,0,0,0,4.0,2.2,0.0,0.0,4.0
664294,2023-05-21,2,1,0,1,1,0,0,0,0,3.4,1.8,0.0,0.0,3.4
664294,2023-05-24,4,2,0,0,4,0,0,0,0,3.2,1.8,0.0,0.2,3.0
664294,2023-05-27,5,2,0,1,4,0,0,0,0,2.8,1.6,0.0,0.2,2.6
664294,2023-05-30,5,1,1,1,3,0,0,0,0,3.2,1.8,0.0,0.4,2.8
664294,2023-05-31,1,0,0,0,1,0,0,0,0,3.6,1.4,0.2,0.6,2.8
664294,2023-06-03,6,1,0,1,5,0,0,0,0,3.4,1.2,0.2,0.6,2.6
664294,2023-06-04,1,1,0,0,1,0,0,0,0,4.2,1.2,0.2,0.6,3.4
664294,2023-06-07,5,1,1,1,3,0,0,0,0,3.6,1.0,0.2,0.6,2.8
664294,2023-06-10,2,1,0,1,1,0,0,0,0,3.6,0.8,0.4,0.6,2.6
664294,2023-06-11,4,1,0,0,3,0,0,0,0,3.0,0.8,0.2,0.6,2.2
664294,2023-06-13,3,0,0,2,1,0,0,0,0,3.6,1.0,0.2,0.6,2.6
664294,2023-06-16,6,2,0,1,5,0,0,0,0,3.0,0.8,0.2,0.8,1.8
664294,2023-06-18,4,0,2,1,1,0,0,0,1,4.0,1.0,0.2,1.0,2.6
664294,2023-06-20,5,1,0,2,3,0,0,0,0,3.8,0.8,0.4,1.0,2.2
664294,2023-06-22,3,0,1,2,0,0,0,0,0,4.4,0.8,0.4,1.2,2.6
664294,2023-06-29,4,1,1,0,3,0,0,0,0,4.2,0.6,0.6,1.6,2.0
664294,2023-06-30,5,1,0,2,3,0,0,0,0,4.4,0.8,0.8,1.2,2.4
664299,2023-05-10,20,11,1,3,16,1,1,0,0,26.0,8.0,2.0,3.0,21.0
664299,2023-05-16,20,5,2,2,16,1,1,0,1,23.0,9.5,1.5,3.0,18.5
664299,2023-05-22,23,5,1,4,18,1,1,0,0,22.0,8.0,1.6666666666666667,2.6666666666666665,17.666666666666668
664299,2023-05-28,19,3,3,4,12,0,0,0,1,22.25,7.25,1.5,3.0,17.75
664299,2023-06-03,22,5,0,6,16,1,1,1,0,21.6,6.4,1.8,3.2,16.6
664299,2023-06-09,25,2,3,7,15,0,0,1,1,20.8,5.8,1.4,3.8,15.6
664299,2023-06-15,22,2,0,5,17,0,1,1,0,21.8,4.0,1.8,4.6,15.4
664299,2023-06-21,15,1,5,4,5,0,0,0,1,22.2,3.4,1.4,5.2,15.6
664299,2023-06-28,22,1,1,8,12,0,0,1,0,20.6,2.6,2.2,5.2,13.0
664747,2023-05-06,2,0,0,1,1,0,0,0,0,4.0,2.0,1.0,0.0,3.0
664747,2023-05-09,5,3,1,0,4,0,0,0,0,3.0,1.0,0.5,0.5,2.0
664747,2023-05-12,3,2,0,0,3,0,0,0,0,3.6666666666666665,1.6666666666666667,0.6666666666666666,0.3333333333333333,2.6666666666666665
664747,2023-05-13,9,3,3,1,5,0,0,0,1,3.5,1.75,0.5,0.25,2.75
664747,2023-05-16,3,1,0,0,3,0,0,0,0,4.6,2.0,1.0,0.4,3.2
664747,2023-05-20,3,1,0,0,3,0,0,0,0,4.4,1.8,0.8,0.4,3.2
664747,2023-05-22,8,4,3,0,5,0,0,0,1,4.6,2.0,0.8,0.2,3.6
664747,2023-05-27,5,2,0,1,3,0,0,0,0,5.2,2.2,1.2,0.2,3.8
664747,2023-05-28,4,3,0,1,3,0,0,0,0,5.6,2.2,1.2,0.4,3.8
664747,2023-05-30,3,1,0,1,2,0,0,0,0,4.6,2.2,0.6,0.4,3.4
664747,2023-06-02,4,0,1,0,3,0,0,0,0,4.6,2.2,0.6,0.6,3.2
664747,2023-06-05,3,3,0,0,3,0,0,0,0,4.8,2.0,0.8,0.6,3.2
664747,2023-06-07,3,2,0,0,3,0,0,0,0,3.8,1.8,0.2,0.6,2.8
664747,2023-06-10,5,2,1,1,3,0,0,0,0,3.4,1.8,0.2,0.4,2.8
664747,2023-06-11,3,0,0,0,3,0,0,0,0,3.6,1.6,0.4,0.4,2.8
664747,2023-06-13,3,1,0,0,3,0,0,0,0,3.6,1.4,0.4,0.2,3.0
664747,2023-06-14,3,1,0,0,2,0,0,0,0,3.4,1.6,0.2,0.2,3.0
664747,2023-06-16,5,0,1,1,3,0,0,0,0,3.4,1.2,0.2,0.2,2.8
664747,2023-06-19,5,2,0,2,3,0,0,0,0,3.8,0.8,0.4,0.4,2.8
664747,2023-06-20,7,3,2,2,3,0,0,0,1,3.8,0.8,0.2,0.6,2.8
664747,2023-06-23,2,0,1,0,1,0,0,0,0,4.6,1.4,0.6,1.0,2.8
664747,2023-06-25,5,1,2,0,3,0,0,0,1,4.4,1.2,0.8,1.0,2.4
664747,2023-06-27,5,1,1,0,3,0,0,0,0,4.8,1.2,1.2,1.0,2.6
664747,2023-06-28,3,0,0,0,3,0,0,0,0,4.8,1.4,1.2,0.8,2.6
664747,2023-06-30,5,0,0,2,3,0,0,0,0,4.4,1.0,1.2,0.4,2.6
664776,2023-05-17,3,0,0,0,3,0,0,0,0,8.0,1.0,1.0,3.0,5.0
664776,2023-05-20,7,2,3,2,2,0,0,0,1,5.5,0.5,0.5,1.5,4.0
664776,2023-05-22,5,0,1,1,3,0,0,0,0,6.0,1.0,1.3333333333333333,1.6666666666666667,3.3333333333333335
664776,2023-05-24,4,1,0,1,3,0,0,0,0,5.75,0.75,1.25,1.5,3.25
664776,2023-05-30,3,0,1,1,1,0,0,0,0,5.4,0.8,1.0,1.4,3.2
664776,2023-06-03,3,0,1,2,0,0,0,0,0,4.4,0.6,1.0,1.0,2.4
664849,2023-05-10,3,1,0,0,2,0,0,0,0,4.0,2.0,0.0,1.0,3.0
664849,2023-05-12,3,0,2,0,1,0,0,0,1,3.5,1.5,0.0,0.5,2.5
664849,2023-05-15,10,2,0,3,7,0,0,0,0,3.3333333333333335,1.0,0.6666666666666666,0.3333333333333333,2.0
664854,2023-05-05,3,1,0,1,2,0,0,0,0,4.0,2.0,0.0,0.0,4.0
664854,2023-05-07,3,1,0,0,3,0,0,0,0,3.5,1.5,0.0,0.5,3.0
664854,2023-05-08,4,0,0,0,4,0,0,0,0,3.3333333333333335,1.3333333333333333,0.0,0.3333333333333333,3.0
664854,2023-05-12,6,4,0,0,6,0,0,0,0,3.5,1.0,0.0,0.25,3.25
664854,2023-05-17,6,1,1,1,4,0,0,0,0,4.0,1.6,0.0,0.2,3.8
664854,2023-05-20,7,2,0,3,3,0,0,0,0,4.4,1.4,0.2,0.4,3.8
664854,2023-05-22,5,3,1,0,4,0,0,0,0,5.2,1.6,0.2,0.8,4.0
664854,2023-05-23,6,1,2,1,3,0,0,0,1,5.6,2.0,0.4,0.8,4.2
664854,2023-05-27,4,1,0,0,4,0,0,0,0,6.0,2.2,0.8,1.0,4.0
664854,2023-05-28,5,0,2,1,2,0,0,0,1,5.6,1.6,0.8,1.0,3.6
664854,2023-06-05,3,2,0,0,3,0,0,0,0,5.4,1.4,1.0,1.0,3.2
664854,2023-06-07,3,2,0,0,3,0,0,0,0,4.6,1.4,1.0,0.4,3.2
664875,2023-05-03,5,0,1,0,4,0,0,0,0,2.0,0.0,0.0,1.0,1.0
664875,2023-05-05,4,3,1,0,3,0,0,0,0,3.5,0.0,0.5,0.5,2.5
664875,2023-05-07,3,1,0,0,3,0,0,0,0,3.6666666666666665,1.0,0.6666666666666666,0.3333333333333333,2.6666666666666665
664875,2023-05-10,4,3,1,0,3,0,0,0,0,3.5,1.0,0.5,0.25,2.75
664875,2023-05-12,7,2,1,2,4,0,0,0,0,3.6,1.4,0.6,0.2,2.8
664875,2023-05-14,9,3,0,3,6,0,0,0,0,4.6,1.8,0.8,0.4,3.4
664875,2023-05-16,6,1,1,2,3,0,0,0,0,5.4,2.4,0.6,1.0,3.8
664875,2023-05-21,4,0,0,0,4,0,0,0,0,5.8,2.0,0.6,1.4,3.8
664875,2023-05-22,5,0,0,2,3,0,0,0,0,6.0,1.8,0.6,1.4,4.0
664875,2023-05-25,4,2,1,0,3,0,0,0,0,6.2,1.2,0.4,1.8,4.0
664875,2023-05-27,5,2,0,1,4,0,0,0,0,5.6,1.2,0.4,1.4,3.8
664875,2023-05-28,6,0,1,2,3,0,0,0,0,4.8,1.0,0.4,1.0,3.4
664875,2023-06-01,4,1,0,0,4,0,0,0,0,4.8,0.8,0.4,1.0,3.4
664875,2023-06-02,1,1,0,0,1,0,0,0,0,4.8,1.0,0.4,1.0,3.4
664875,2023-06-03,6,1,0,2,4,0,0,0,0,4.0,1.2,0.4,0.6,3.0
664875,2023-06-07,8,2,1,1,5,0,0,0,0,4.4,1.0,0.2,1.0,3.2
664875,2023-06-10,3,1,0,0,3,0,0,0,0,5.0,1.0,0.4,1.0,3.4
664875,2023-06-11,6,0,2,1,3,0,0,0,1,4.4,1.2,0.2,0.6,3.4
664875,2023-06-13,5,0,1,0,4,0,0,0,0,4.8,1.0,0.6,0.8,3.2
664875,2023-06-17,5,0,1,1,3,0,0,0,0,5.6,0.8,0.8,0.8,3.8
664875,2023-06-19,2,1,0,0,2,0,0,0,0,5.4,0.6,1.0,0.6,3.6
664875,2023-06-23,3,2,0,0,3,0,0,0,0,4.2,0.4,0.8,0.4,3.0
664875,2023-06-25,4,0,0,3,1,0,0,0,0,4.2,0.6,0.8,0.4,3.0
664875,2023-06-28,6,3,1,1,4,0,0,0,0,3.8,0.6,0.4,0.8,2.6
664942,2023-05-10,9,0,2,3,4,0,0,0,1,3.0,0.0,0.0,2.0,1.0
664942,2023-05-15,10,1,1,3,6,0,0,0,0,6.0,0.0,1.0,2.5,2.5
664948,2023-05-13,4,0,0,2,2,0,0,0,0,5.0,1.0,1.0,0.0,4.0
664948,2023-05-19,8,2,0,4,4,0,0,0,0,4.5,0.5,0.5,1.0,3.0
664948,2023-06-27,5,0,0,4,1,0,0,0,0,5.666666666666667,1.0,0.3333333333333333,2.0,3.3333333333333335
665001,2023-05-14,5,0,0,2,3,0,0,0,0,7.0,2.0,0.0,1.0,6.0
665001,2023-05-18,4,0,0,1,3,0,0,0,0,6.0,1.0,0.0,1.5,4.5
665001,2023-05-22,7,0,0,2,5,0,0,0,0,5.333333333333333,0.6666666666666666,0.0,1.3333333333333333,4.0
665001,2023-05-27,8,3,1,1,6,0,0,0,0,5.75,0.5,0.0,1.5,4.25
665001,2023-05-29,1,1,0,0,1,0,0,0,0,6.2,1.0,0.2,1.4,4.6
665001,2023-05-30,3,0,1,2,0,0,0,0,0,5.0,0.8,0.2,1.2,3.6
665001,2023-06-03,9,2,0,1,7,0,0,0,0,4.6,0.8,0.4,1.2,3.0
665019,2023-05-02,5,0,1,3,1,0,0,0,0,3.0,1.0,1.0,0.0,2.0
665019,2023-05-19,4,0,1,1,2,0,0,0,0,4.0,0.5,1.0,1.5,1.5
665019,2023-06-10,3,0,0,0,3,0,0,0,0,4.0,0.3333333333333333,1.0,1.3333333333333333,1.6666666666666667
665048,2023-05-07,6,1,3,0,3,0,0,0,1,3.0,1.0,0.0,0.0,3.0
665048,2023-05-09,5,1,1,1,3,0,0,0,0,4.5,1.0,1.5,0.0,3.0
665048,2023-05-14,4,1,0,1,3,0,0,0,0,4.666666666666667,1.0,1.3333333333333333,0.3333333333333333,3.0
665048,2023-05-15,6,0,1,2,3,0,0,0,0,4.5,1.0,1.0,0.5,3.0
665048,2023-05-19,11,1,0,3,7,0,0,0,0,4.8,0.8,1.0,0.8,3.0
665152,2023-05-10,22,4,2,4,16,0,1,0,1,23.0,3.0,2.0,6.0,16.0
665152,2023-05-16,23,4,0,6,17,0,1,1,0,22.5,3.5,2.0,5.0,16.0
665152,2023-05-21,23,7,2,9,13,1,0,1,1,22.666666666666668,3.6666666666666665,1.3333333333333333,5.333333333333333,16.333333333333332
665152,2023-05-27,26,5,2,5,19,1,1,1,1,22.75,4.5,1.5,6.25,15.5
665152,2023-06-02,22,6,2,5,15,1,0,1,1,23.4,4.6,1.6,6.0,16.2
665152,2023-06-07,25,5,0,9,15,1,0,1,0,23.2,5.2,1.6,5.8,16.0
665152,2023-06-13,24,6,0,8,16,1,1,1,0,23.8,5.4,1.2,6.8,15.8
665152,2023-06-18,20,7,2,3,15,1,0,0,1,24.0,5.8,1.2,7.2,15.6
665152,2023-06-24,27,5,1,5,21,1,1,1,0,23.4,5.8,1.2,6.0,16.0
665152,2023-06-30,19,5,2,7,9,1,0,1,1,23.6,5.8,1.0,6.0,16.4
665622,2023-05-17,23,6,2,3,18,1,1,0,1,23.0,3.0,0.0,5.0,18.0
665622,2023-05-23,23,4,2,5,16,0,1,1,1,23.0,4.5,1.0,4.0,18.0
665622,2023-05-28,22,5,3,7,12,1,0,1,1,23.0,4.333333333333333,1.3333333333333333,4.333333333333333,17.333333333333332
665622,2023-06-03,16,2,4,6,6,0,0,1,1,22.75,4.5,1.75,5.0,16.0
665622,2023-06-09,20,6,3,3,14,1,0,0,1,21.4,4.0,2.2,5.2,14.0
665622,2023-06-14,20,5,1,8,11,1,0,1,0,20.8,4.6,2.8,4.8,13.2
665622,2023-06-20,19,4,1,4,13,0,0,0,0,20.2,4.4,2.6,5.8,11.8
665622,2023-06-25,24,4,7,4,13,0,0,0,1,19.4,4.4,2.4,5.6,11.2
665622,2023-06-30,24,4,5,4,15,0,0,0,1,19.8,4.2,3.2,5.0,11.4
665625,2023-05-05,2,2,0,0,2,0,0,0,0,5.0,1.0,0.0,1.0,4.0
665625,2023-05-08,5,0,0,1,4,0,0,0,0,3.5,1.5,0.0,0.5,3.0
665625,2023-05-09,5,0,1,1,3,0,0,0,0,4.0,1.0,0.0,0.6666666666666666,3.3333333333333335
665625,2023-05-12,3,2,0,0,3,0,0,0,0,4.25,0.75,0.25,0.75,3.25
665625,2023-05-16,6,0,2,0,4,0,0,0,1,4.0,1.0,0.2,0.6,3.2
665625,2023-05-22,5,0,1,2,1,0,0,0,0,4.2,0.8,0.6,0.4,3.2
665625,2023-05-23,3,1,0,0,3,0,0,0,0,4.8,0.4,0.8,0.8,3.0
665625,2023-05-26,10,4,0,2,8,0,0,0,0,4.4,0.6,0.8,0.6,2.8
665625,2023-06-01,5,1,2,2,1,0,0,0,1,5.4,1.4,0.6,0.8,3.8
665625,2023-06-02,4,1,0,0,3,0,0,0,0,5.8,1.2,1.0,1.2,3.4
665625,2023-06-04,3,1,0,0,3,0,0,0,0,5.4,1.4,0.6,1.2,3.2
665625,2023-06-06,3,1,0,0,3,0,0,0,0,5.0,1.6,0.4,0.8,3.6
665625,2023-06-08,4,0,0,1,3,0,0,0,0,5.0,1.6,0.4,0.8,3.6
665625,2023-06-10,4,2,1,0,3,0,0,0,0,3.8,0.8,0.4,0.6,2.6
665625,2023-06-11,4,0,1,0,3,0,0,0,0,3.6,1.0,0.2,0.2,3.0
665625,2023-06-13,1,1,0,0,1,0,0,0,0,3.6,0.8,0.4,0.2,3.0
665625,2023-06-16,6,1,1,2,2,0,0,0,0,3.2,0.8,0.4,0.2,2.6
665625,2023-06-17,2,0,0,1,1,0,0,0,0,3.8,0.8,0.6,0.6,2.4
665625,2023-06-21,5,1,1,2,2,0,0,0,0,3.4,0.8,0.6,0.6,2.0
665625,2023-06-24,2,0,0,1,1,0,0,0,0,3.6,0.6,0.6,1.0,1.8
665625,2023-06-25,4,2,0,0,3,0,0,0,0,3.2,0.6,0.4,1.2,1.4
665625,2023-06-26,1,1,0,0,1,0,0,0,0,3.8,0.8,0.4,1.2,1.8
665625,2023-06-28,4,0,0,1,3,0,0,0,0,2.8,0.8,0.2,0.8,1.6
665665,2023-05-03,3,0,0,2,1,0,0,0,0,8.0,2.0,2.0,3.0,3.0
665665,2023-05-07,8,1,1,3,4,0,0,0,0,5.5,1.0,1.0,2.5,2.0
665795,2023-05-10,16,5,4,2,10,1,0,0,1,22.0,8.0,1.0,5.0,15.0
665795,2023-05-17,18,6,0,5,13,1,0,1,0,19.0,6.5,2.5,3.5,12.5
665795,2023-05-22,24,6,1,5,18,1,1,1,0,18.666666666666668,6.333333333333333,1.6666666666666667,4.0,12.666666666666666
665795,2023-05-27,24,5,4,4,15,1,0,0,1,20.0,6.25,1.5,4.25,14.0
665795,2023-06-02,22,10,1,4,17,1,1,0,0,20.8,6.0,2.0,4.2,14.2
665795,2023-06-07,17,4,2,2,12,0,0,0,1,20.8,6.4,2.0,4.0,14.6
665795,2023-06-13,19,4,3,4,12,0,0,0,1,21.0,6.2,1.6,4.0,15.0
665871,2023-05-09,18,1,2,4,12,0,0,0,1,14.0,1.0,0.0,2.0,12.0
665871,2023-05-25,1,1,0,0,1,0,0,0,0,16.0,1.0,1.0,3.0,12.0
665871,2023-05-26,18,4,3,7,9,0,0,1,1,11.0,1.0,0.6666666666666666,2.0,8.333333333333334
665871,2023-06-05,12,0,3,3,6,0,0,0,1,12.75,1.75,1.25,3.25,8.5
665871,2023-06-11,10,1,1,5,4,0,0,1,0,12.6,1.4,1.6,3.2,8.0
665871,2023-06-16,9,2,0,3,6,0,0,0,0,11.8,1.4,1.8,3.8,6.4
665871,2023-06-27,13,2,2,2,9,0,0,0,1,10.0,1.6,1.4,3.6,5.2
666129,2023-05-08,24,6,1,7,16,1,1,1,0,27.0,3.0,2.0,14.0,11.0
666129,2023-05-14,20,8,1,3,15,1,0,0,0,25.5,4.5,1.5,10.5,13.5
666129,2023-05-20,21,8,1,1,19,1,1,0,0,23.666666666666668,5.666666666666667,1.3333333333333333,8.0,14.0
666129,2023-05-25,20,3,3,6,11,0,0,1,1,23.0,6.25,1.25,6.25,15.25
666129,2023-05-31,18,7,1,2,15,1,0,0,0,22.4,5.6,1.6,6.2,14.4
666129,2023-06-05,21,6,0,6,15,1,0,1,0,20.6,6.4,1.4,3.8,15.2
666129,2023-06-11,20,9,1,3,16,1,1,0,0,20.0,6.4,1.2,3.6,15.0
666129,2023-06-17,21,8,1,4,16,1,1,0,0,20.0,6.6,1.2,3.6,15.2
666129,2023-06-22,23,13,0,3,19,1,1,0,0,20.0,6.6,1.2,4.2,14.6
666129,2023-06-28,18,2,1,3,14,0,0,0,0,20.6,8.6,0.6,3.6,16.2
666142,2023-05-12,6,1,1,1,4,0,0,0,0,10.0,2.0,2.0,1.0,7.0
666142,2023-05-15,15,4,2,4,9,0,0,0,1,8.0,1.5,1.5,1.0,5.5
666142,2023-05-20,5,1,0,1,4,0,0,0,0,10.333333333333334,2.3333333333333335,1.6666666666666667,2.0,6.666666666666667
666142,2023-05-28,6,1,2,1,3,0,0,0,1,9.0,2.0,1.25,1.75,6.0
666142,2023-05-30,2,1,0,0,2,0,0,0,0,8.4,1.8,1.4,1.6,5.4
666142,2023-06-03,3,2,0,0,3,0,0,0,0,6.8,1.6,1.0,1.4,4.4
666142,2023-06-06,3,0,1,0,2,0,0,0,0,6.2,1.8,0.8,1.2,4.2
666142,2023-06-12,8,1,1,2,5,0,0,0,0,3.8,1.0,0.6,0.4,2.8
666154,2023-05-24,19,2,3,6,9,0,0,1,1,19.0,4.0,2.0,7.0,10.0
666154,2023-05-29,21,1,2,9,10,0,0,1,1,19.0,3.0,2.5,6.5,9.5
666154,2023-06-21,8,1,2,1,4,0,0,0,1,19.666666666666668,2.3333333333333335,2.3333333333333335,7.333333333333333,9.666666666666666
666154,2023-06-24,9,0,1,3,5,0,0,0,0,16.75,2.0,2.25,5.75,8.25
666168,2023-05-02,4,1,1,1,2,0,0,0,0,3.0,2.0,0.0,0.0,3.0
666168,2023-05-06,5,0,0,4,1,0,0,0,0,3.5,1.5,0.5,0.5,2.5
666168,2023-05-09,6,1,2,1,3,0,0,0,1,4.0,1.0,0.3333333333333333,1.6666666666666667,2.0
666168,2023-05-14,4,0,1,2,1,0,0,0,0,4.5,1.0,0.75,1.5,2.25
666168,2023-05-18,5,0,0,2,3,0,0,0,0,4.4,0.8,0.8,1.6,2.0
666168,2023-05-23,5,2,2,0,3,0,0,0,1,4.8,0.4,0.8,2.0,2.0
666168,2023-05-25,4,0,1,0,3,0,0,0,0,5.0,0.6,1.0,1.8,2.2
666168,2023-05-27,5,1,0,1,4,0,0,0,0,4.8,0.6,1.2,1.0,2.6
666168,2023-05-30,5,0,0,3,1,0,0,0,0,4.6,0.6,0.8,1.0,2.8
666168,2023-06-02,3,0,1,1,1,0,0,0,0,4.8,0.6,0.6,1.2,2.8
666168,2023-06-04,5,0,1,1,2,0,0,0,0,4.4,0.6,0.8,1.0,2.4
666168,2023-06-07,3,0,0,0,3,0,0,0,0,4.4,0.2,0.6,1.2,2.2
666168,2023-06-09,5,2,0,2,3,0,0,0,0,4.2,0.2,0.4,1.2,2.2
666168,2023-06-13,3,2,0,0,3,0,0,0,0,4.2,0.4,0.4,1.4,2.0
666168,2023-06-15,4,1,0,0,4,0,0,0,0,3.8,0.8,0.4,0.8,2.4
666168,2023-06-16,2,1,0,1,1,0,0,0,0,4.0,1.0,0.2,0.6,3.0
666168,2023-06-21,3,1,1,0,2,0,0,0,0,3.4,1.2,0.0,0.6,2.8
666168,2023-06-24,4,3,0,0,5,0,0,0,0,3.4,1.4,0.2,0.6,2.6
666168,2023-06-25,5,0,3,0,2,0,0,0,1,3.2,1.6,0.2,0.2,3.0
666168,2023-06-27,3,0,1,1,1,0,0,0,0,3.6,1.2,0.8,0.2,2.8
666168,2023-06-30,3,2,0,1,2,0,0,0,0,3.4,1.0,1.0,0.4,2.2
666200,2023-05-09,27,5,2,7,18,1,1,1,1,22.0,5.0,2.0,7.0,13.0
666200,2023-05-16,22,7,1,5,16,1,1,1,0,24.5,5.0,2.0,7.0,15.5
666200,2023-05-21,22,8,1,6,15,1,0,1,0,23.666666666666668,5.666666666666667,1.6666666666666667,6.333333333333333,15.666666666666666
666200,2023-05-26,19,7,1,7,11,1,0,1,0,23.25,6.25,1.5,6.25,15.5
666200,2023-06-01,22,8,1,4,16,1,1,0,0,22.4,6.4,1.4,6.4,14.6
666200,2023-06-06,21,8,0,2,19,1,1,0,0,22.4,7.0,1.2,5.8,15.2
666200,2023-06-12,20,3,1,6,12,0,0,1,0,21.2,7.6,0.8,4.8,15.4
666200,2023-06-18,23,5,1,5,17,1,1,1,0,20.8,6.8,0.8,5.0,14.6
666200,2023-06-23,22,9,1,2,19,1,1,0,0,21.0,6.2,0.8,4.8,15.0
666200,2023-06-29,23,9,1,3,19,1,1,0,0,21.6,6.6,0.8,3.8,16.6
666201,2023-05-09,18,1,4,4,10,0,0,0,1,25.0,3.0,1.0,8.0,15.0
666201,2023-05-15,22,3,7,6,9,0,0,1,1,21.5,2.0,2.5,6.0,12.5
666201,2023-05-20,21,5,1,6,13,1,0,1,0,21.666666666666668,2.3333333333333335,4.0,6.0,11.333333333333334
666201,2023-05-25,18,6,5,3,10,1,0,0,1,21.5,3.0,3.25,6.0,11.75
666201,2023-05-31,18,2,3,3,12,0,0,0,1,20.8,3.6,3.6,5.4,11.4
666201,2023-06-05,9,0,1,7,1,0,0,1,0,19.4,3.4,4.0,4.4,10.8
666205,2023-05-10,21,6,3,5,12,1,0,1,1,25.0,1.0,3.0,8.0,14.0
666205,2023-05-16,19,3,0,8,10,0,0,1,0,23.0,3.5,3.0,6.5,13.0
666205,2023-05-22,25,3,2,8,15,0,0,1,1,21.666666666666668,3.3333333333333335,2.0,7.0,12.0
666214,2023-05-08,21,5,3,3,15,1,0,0,1,25.0,2.0,1.0,9.0,15.0
666214,2023-05-14,16,3,1,6,9,0,0,1,0,23.0,3.5,2.0,6.0,15.0
666214,2023-05-21,16,1,0,10,6,0,0,1,0,20.666666666666668,3.3333333333333335,1.6666666666666667,6.0,13.0
666214,2023-05-26,20,4,2,6,12,0,0,1,1,19.5,2.75,1.25,7.0,11.25
666214,2023-05-31,21,5,1,7,13,1,0,1,0,19.6,3.0,1.4,6.8,11.4
666214,2023-06-05,24,4,5,7,12,0,0,1,1,18.8,3.6,1.4,6.4,11.0
666214,2023-06-11,16,4,2,1,13,0,0,0,1,19.4,3.4,1.8,7.2,10.4
666214,2023-06-17,21,9,1,2,18,1,1,0,0,19.4,3.6,2.0,6.2,11.2
666214,2023-06-23,24,4,4,5,15,0,0,1,1,20.4,5.2,2.2,4.6,13.6
666214,2023-06-28,25,5,2,9,14,1,0,1,1,21.2,5.2,2.6,4.4,14.2
666364,2023-06-24,3,0,0,1,2,0,0,0,0,12.0,2.0,1.0,2.0,9.0
666364,2023-06-25,4,1,1,1,2,0,0,0,0,7.5,1.0,0.5,1.5,5.5
666364,2023-06-28,4,1,0,1,3,0,0,0,0,6.333333333333333,1.0,0.6666666666666666,1.3333333333333333,4.333333333333333
666364,2023-06-30,3,0,0,0,3,0,0,0,0,5.75,1.0,0.5,1.25,4.0
666374,2023-05-05,5,2,1,2,2,0,0,0,0,4.0,2.0,0.0,1.0,3.0
666374,2023-05-07,3,2,0,1,2,0,0,0,0,4.5,2.0,0.5,1.5,2.5
666374,2023-05-10,5,1,0,3,2,0,0,0,0,4.0,2.0,0.3333333333333333,1.3333333333333333,2.3333333333333335
666374,2023-05-13,3,1,0,0,3,0,0,0,0,4.25,1.75,0.25,1.75,2.25
666374,2023-05-14,4,0,2,0,1,0,0,0,1,4.0,1.6,0.2,1.4,2.4
666374,2023-05-17,6,2,1,1,3,0,0,0,0,4.0,1.2,0.6,1.2,2.0
666374,2023-05-20,4,3,0,1,3,0,0,0,0,4.2,1.2,0.6,1.0,2.2
666374,2023-05-24,5,1,0,3,2,0,0,0,0,4.4,1.4,0.6,1.0,2.4
666374,2023-05-27,1,1,0,0,1,0,0,0,0,4.4,1.4,0.6,1.0,2.4
666374,2023-05-28,1,1,0,0,1,0,0,0,0,4.0,1.4,0.6,1.0,2.0
666374,2023-06-02,3,0,0,2,1,0,0,0,0,3.4,1.6,0.2,1.0,2.0
666374,2023-06-04,4,2,0,0,4,0,0,0,0,2.8,1.2,0.0,1.2,1.6
666374,2023-06-07,4,2,1,1,2,0,0,0,0,2.8,1.0,0.0,1.0,1.8
666374,2023-06-09,4,2,1,0,3,0,0,0,0,2.6,1.2,0.2,0.6,1.8
666374,2023-06-11,4,2,0,1,3,0,0,0,0,3.2,1.4,0.4,0.6,2.2
666374,2023-06-14,4,2,0,1,2,0,0,0,0,3.8,1.6,0.4,0.8,2.6
666374,2023-06-16,6,3,0,2,4,0,0,0,0,4.0,2.0,0.4,0.6,2.8
666374,2023-06-17,2,1,0,0,2,0,0,0,0,4.4,2.2,0.4,1.0,2.8
666374,2023-06-21,3,0,0,0,3,0,0,0,0,4.0,2.0,0.2,0.8,2.8
666374,2023-06-24,3,0,0,1,2,0,0,0,0,3.8,1.6,0.0,0.8,2.8
666374,2023-06-25,2,1,0,0,2,0,0,0,0,3.6,1.2,0.0,0.8,2.6
666374,2023-06-27,5,1,2,0,3,0,0,0,1,3.2,1.0,0.0,0.6,2.6
666374,2023-06-30,8,1,1,3,4,0,0,0,0,3.0,0.6,0.4,0.2,2.4
666619,2023-05-03,6,1,0,3,3,0,0,0,0,3.0,0.0,0.0,0.0,3.0
666619,2023-05-06,5,1,0,2,3,0,0,0,0,4.5,0.5,0.0,1.5,3.0
666619,2023-05-08,4,1,0,1,3,0,0,0,0,4.666666666666667,0.6666666666666666,0.0,1.6666666666666667,3.0
666619,2023-05-11,5,1,0,1,3,0,0,0,0,4.5,0.75,0.0,1.5,3.0
666619,2023-05-12,7,1,0,3,4,0,0,0,0,4.6,0.8,0.0,1.4,3.0
666619,2023-05-14,4,1,0,1,3,0,0,0,0,5.4,1.0,0.0,2.0,3.2
666619,2023-05-18,4,0,0,1,3,0,0,0,0,5.0,1.0,0.0,1.6,3.2
666619,2023-05-22,5,1,0,1,4,0,0,0,0,4.8,0.8,0.0,1.4,3.2
666619,2023-05-25,4,3,0,0,4,0,0,0,0,5.0,0.8,0.0,1.4,3.4
666619,2023-05-27,6,0,2,0,4,0,0,0,1,4.8,1.2,0.0,1.2,3.6
666619,2023-05-29,5,0,0,0,5,0,0,0,0,4.6,1.0,0.4,0.6,3.6
666619,2023-06-03,4,2,0,1,3,0,0,0,0,4.8,0.8,0.4,0.4,4.0
666619,2023-06-08,3,0,0,0,3,0,0,0,0,4.8,1.2,0.4,0.4,4.0
666619,2023-06-10,8,1,1,2,5,0,0,0,0,4.4,1.0,0.4,0.2,3.8
666619,2023-06-14,4,1,0,3,1,0,0,0,0,5.2,0.6,0.6,0.6,4.0
666619,2023-06-15,3,2,0,0,3,0,0,0,0,4.8,0.8,0.2,1.2,3.4
666619,2023-06-17,6,2,0,0,6,0,0,0,0,4.4,1.2,0.2,1.2,3.0
666619,2023-06-20,7,1,0,2,5,0,0,0,0,4.8,1.2,0.2,1.0,3.6
666619,2023-06-23,3,2,0,0,3,0,0,0,0,5.6,1.4,0.2,1.4,4.0
666619,2023-06-24,4,1,0,1,3,0,0,0,0,4.6,1.6,0.0,1.0,3.6
666619,2023-06-27,4,1,1,1,2,0,0,0,0,4.6,1.6,0.0,0.6,4.0
666619,2023-06-29,3,1,0,0,3,0,0,0,0,4.8,1.4,0.2,0.8,3.8
666720,2023-05-06,4,0,0,1,3,0,0,0,0,4.0,0.0,0.0,1.0,3.0
666720,2023-05-14,3,0,0,0,3,0,0,0,0,4.0,0.0,0.0,1.0,3.0
666720,2023-06-11,4,2,0,1,3,0,0,0,0,3.6666666666666665,0.0,0.0,0.6666666666666666,3.0
666720,2023-06-12,1,0,0,0,1,0,0,0,0,3.75,0.5,0.0,0.75,3.0
666720,2023-06-25,3,0,0,2,2,0,0,0,0,3.2,0.4,0.0,0.6,2.6
666720,2023-06-26,6,1,0,2,4,0,0,0,0,3.0,0.4,0.0,0.8,2.4
666720,2023-06-28,2,0,0,1,1,0,0,0,0,3.4,0.6,0.0,1.0,2.6
666720,2023-06-29,3,2,0,0,3,0,0,0,0,3.2,0.6,0.0,1.2,2.2
666721,2023-05-12,17,4,2,6,9,0,0,1,1,13.0,1.0,2.0,2.0,8.0
666721,2023-05-15,8,3,1,0,7,0,0,0,0,15.0,2.5,2.0,4.0,8.5
666721,2023-05-21,22,1,0,8,14,0,0,1,0,12.666666666666666,2.6666666666666665,1.6666666666666667,2.6666666666666665,8.0
666745,2023-05-10,21,3,2,5,13,0,0,1,1,18.0,2.0,1.0,6.0,10.0
666745,2023-05-15,18,2,0,6,12,0,0,1,0,19.5,2.5,1.5,5.5,11.5
666745,2023-05-20,19,6,4,4,11,1,0,0,1,19.0,2.3333333333333335,1.0,5.666666666666667,11.666666666666666
666745,2023-06-21,20,3,1,2,17,0,1,0,0,19.0,3.25,1.75,5.25,11.5
666745,2023-06-27,21,2,2,4,15,0,0,0,1,19.2,3.2,1.6,4.6,12.6
666808,2023-05-03,4,1,1,0,3,0,0,0,0,3.0,1.0,0.0,0.0,3.0
666808,2023-05-05,4,2,1,0,3,0,0,0,0,3.5,1.0,0.5,0.0,3.0
666808,2023-05-06,2,0,0,0,2,0,0,0,0,3.6666666666666665,1.3333333333333333,0.6666666666666666,0.0,3.0
666808,2023-05-09,3,2,0,0,3,0,0,0,0,3.25,1.0,0.5,0.0,2.75
666808,2023-05-11,2,2,0,0,2,0,0,0,0,3.2,1.2,0.4,0.0,2.8
666808,2023-05-15,5,2,1,0,4,0,0,0,0,3.0,1.4,0.4,0.0,2.6
666808,2023-05-16,4,2,0,1,3,0,0,0,0,3.2,1.6,0.4,0.0,2.8
666808,2023-05-17,6,1,1,1,3,0,0,0,0,3.2,1.6,0.2,0.2,2.8
666808,2023-05-20,3,2,0,0,3,0,0,0,0,4.0,1.8,0.4,0.4,3.0
666808,2023-05-21,5,1,0,2,3,0,0,0,0,4.0,1.8,0.4,0.4,3.0
666808,2023-05-23,4,3,0,0,3,0,0,0,0,4.6,1.6,0.4,0.8,3.2
666808,2023-05-27,4,1,0,1,3,0,0,0,0,4.4,1.8,0.2,0.8,3.0
666808,2023-05-31,5,3,0,2,3,0,0,0,0,4.4,1.6,0.2,0.8,3.0
666808,2023-06-03,3,1,0,0,3,0,0,0,0,4.2,2.0,0.0,1.0,3.0
666808,2023-06-07,3,1,0,0,3,0,0,0,0,4.2,1.8,0.0,1.0,3.0
666808,2023-06-08,4,1,0,0,3,0,0,0,0,3.8,1.8,0.0,0.6,3.0
666808,2023-06-12,6,0,2,1,2,0,0,0,1,3.8,1.4,0.0,0.6,3.0
666808,2023-06-14,4,2,1,0,3,0,0,0,0,4.2,1.2,0.4,0.6,2.8
666808,2023-06-16,6,1,1,3,2,0,0,0,0,4.0,1.0,0.6,0.2,2.8
666808,2023-06-18,3,1,0,0,2,0,0,0,0,4.6,1.0,0.8,0.8,2.6
666808,2023-06-19,3,1,0,0,3,0,0,0,0,4.6,1.0,0.8,0.8,2.4
666808,2023-06-21,4,2,0,1,3,0,0,0,0,4.4,1.0,0.8,0.8,2.4
666808,2023-06-23,3,0,0,0,3,0,0,0,0,4.0,1.4,0.4,0.8,2.6
666808,2023-06-24,6,1,1,2,3,0,0,0,0,3.8,1.0,0.2,0.8,2.6
666808,2023-06-27,4,3,0,0,4,0,0,0,0,3.8,1.0,0.2,0.6,2.8
666808,2023-06-30,3,1,1,0,2,0,0,0,0,4.0,1.4,0.2,0.6,3.2
666818,2023-05-19,9,1,2,1,6,0,0,0,1,5.0,0.0,2.0,1.0,2.0
666818,2023-05-26,12,5,2,3,7,1,0,0,1,7.0,0.5,2.0,1.0,4.0
666974,2023-05-04,6,3,0,1,5,0,0,0,0,4.0,1.0,0.0,1.0,3.0
666974,2023-05-07,6,3,0,0,6,0,0,0,0,5.0,2.0,0.0,1.0,4.0
666974,2023-05-09,4,2,0,1,3,0,0,0,0,5.333333333333333,2.3333333333333335,0.0,0.6666666666666666,4.666666666666667
666974,2023-05-10,3,1,0,0,3,0,0,0,0,5.0,2.25,0.0,0.75,4.25
666974,2023-05-13,4,0,0,1,3,0,0,0,0,4.6,2.0,0.0,0.6,4.0
666974,2023-05-16,3,1,0,0,3,0,0,0,0,4.6,1.8,0.0,0.6,4.0
666974,2023-05-17,3,2,0,0,3,0,0,0,0,4.0,1.4,0.0,0.4,3.6
666974,2023-05-19,5,1,0,2,3,0,0,0,0,3.4,1.2,0.0,0.4,3.0
666974,2023-05-20,3,0,0,1,2,0,0,0,0,3.6,1.0,0.0,0.6,3.0
666974,2023-05-23,8,2,0,3,5,0,0,0,0,3.6,0.8,0.0,0.8,2.8
666974,2023-05-25,5,1,1,1,3,0,0,0,0,4.4,1.2,0.0,1.2,3.2
666974,2023-05-28,6,1,0,3,3,0,0,0,0,4.8,1.2,0.2,1.4,3.2
666974,2023-05-30,4,0,0,2,2,0,0,0,0,5.4,1.0,0.2,2.0,3.2
666974,2023-06-02,3,0,1,0,1,0,0,0,0,5.2,0.8,0.2,2.0,3.0
666974,2023-06-04,1,0,0,1,0,0,0,0,0,5.2,0.8,0.4,1.8,2.8
666974,2023-06-06,6,3,1,1,4,0,0,0,0,3.8,0.4,0.4,1.4,1.8
666974,2023-06-08,2,0,0,0,2,0,0,0,0,4.0,0.8,0.4,1.4,2.0
666974,2023-06-09,3,0,0,2,1,0,0,0,0,3.2,0.6,0.4,0.8,1.8
666974,2023-06-15,7,1,1,3,3,0,0,0,0,3.0,0.6,0.4,0.8,1.6
666974,2023-06-18,4,0,0,0,4,0,0,0,0,3.8,0.8,0.4,1.4,2.0
666974,2023-06-20,5,0,1,1,3,0,0,0,0,4.4,0.8,0.4,1.2,2.8
666974,2023-06-24,3,0,0,2,1,0,0,0,0,4.2,0.2,0.4,1.2,2.6
666974,2023-06-28,5,1,0,2,3,0,0,0,0,4.4,0.2,0.4,1.6,2.4
667427,2023-05-05,4,1,0,1,3,0,0,0,0,5.0,1.0,0.0,1.0,4.0
667427,2023-05-06,5,2,1,1,3,0,0,0,0,4.5,1.0,0.0,1.0,3.5
667427,2023-05-12,7,2,1,2,4,0,0,0,0,4.666666666666667,1.3333333333333333,0.3333333333333333,1.0,3.3333333333333335
667427,2023-05-16,3,1,0,1,2,0,0,0,0,5.25,1.5,0.5,1.25,3.5
667463,2023-05-16,3,0,0,0,3,0,0,0,0,3.0,0.0,0.0,2.0,1.0
667463,2023-05-20,9,1,0,5,4,0,0,1,0,3.0,0.0,0.0,1.0,2.0
667463,2023-05-26,7,2,0,4,3,0,0,0,0,5.0,0.3333333333333333,0.0,2.3333333333333335,2.6666666666666665
667463,2023-05-28,1,0,0,0,1,0,0,0,0,5.5,0.75,0.0,2.75,2.75
667463,2023-06-03,8,1,1,4,3,0,0,0,0,4.6,0.6,0.0,2.2,2.4
667463,2023-06-04,4,0,0,2,3,0,0,0,0,5.6,0.8,0.2,2.6,2.8
667463,2023-06-09,7,1,0,0,7,0,0,0,0,5.8,0.8,0.2,3.0,2.8
667463,2023-06-13,1,0,0,0,1,0,0,0,0,5.4,0.8,0.2,2.0,3.4
667463,2023-06-18,10,2,2,0,8,0,0,0,1,4.2,0.4,0.2,1.2,3.0
667463,2023-06-23,3,1,0,0,3,0,0,0,0,6.0,0.8,0.6,1.2,4.4
667463,2023-06-25,3,0,0,2,1,0,0,0,0,5.0,0.8,0.4,0.4,4.4
667463,2023-06-29,8,1,1,3,4,0,0,0,0,4.8,0.8,0.4,0.4,4.0
667755,2023-06-06,4,1,0,0,3,0,0,0,0,4.0,1.0,1.0,0.0,3.0
667755,2023-06-08,3,2,0,0,3,0,0,0,0,4.0,1.0,0.5,0.0,3.0
667755,2023-06-11,7,2,1,1,4,0,0,0,0,3.6666666666666665,1.3333333333333333,0.3333333333333333,0.0,3.0
667755,2023-06-13,3,2,0,0,3,0,0,0,0,4.5,1.5,0.5,0.25,3.25
667755,2023-06-15,3,2,0,0,3,0,0,0,0,4.2,1.6,0.4,0.2,3.2
667755,2023-06-17,5,0,2,1,1,0,0,0,1,4.0,1.8,0.2,0.2,3.2
667755,2023-06-25,7,4,1,1,5,0,0,0,0,4.2,1.6,0.6,0.4,2.8
667755,2023-06-29,7,5,1,0,6,1,0,0,0,5.0,2.0,0.8,0.6,3.2
668338,2023-05-06,8,1,0,2,6,0,0,0,0,3.0,0.0,0.0,1.0,2.0
668338,2023-05-25,12,3,0,5,6,0,0,1,0,5.5,0.5,0.0,1.5,4.0
668338,2023-06-09,3,1,0,0,3,0,0,0,0,7.666666666666667,1.3333333333333333,0.0,2.6666666666666665,4.666666666666667
668338,2023-06-14,4,1,1,0,3,0,0,0,0,6.5,1.25,0.0,2.0,4.25
668665,2023-05-06,9,4,1,1,7,0,0,0,0,9.0,0.0,0.0,1.0,8.0
668665,2023-05-09,10,2,1,3,5,0,0,0,0,9.0,2.0,0.5,1.0,7.5
668665,2023-05-13,12,2,1,2,8,0,0,0,0,9.333333333333334,2.0,0.6666666666666666,1.6666666666666667,6.666666666666667
668665,2023-05-17,6,1,1,2,3,0,0,0,0,10.0,2.0,0.75,1.75,7.0
668665,2023-05-19,4,0,2,1,2,0,0,0,1,9.2,1.8,0.8,1.8,6.2
668665,2023-05-23,12,4,3,1,8,0,0,0,1,8.2,1.8,1.2,1.8,5.0
668665,2023-05-28,8,0,1,4,3,0,0,0,0,8.8,1.8,1.6,1.8,5.2
668665,2023-06-04,11,4,1,1,9,0,0,0,0,8.4,1.4,1.6,2.0,4.8
668665,2023-06-08,6,0,0,4,2,0,0,0,0,8.2,1.8,1.6,1.8,5.0
668674,2023-05-21,4,2,1,1,2,0,0,0,0,6.0,1.0,1.0,2.0,3.0
668674,2023-05-24,6,2,2,0,4,0,0,0,1,5.0,1.5,1.0,1.5,2.5
668674,2023-05-26,2,1,0,1,1,0,0,0,0,5.333333333333333,1.6666666666666667,1.3333333333333333,1.0,3.0
668674,2023-05-29,9,4,0,0,9,0,0,0,0,4.5,1.5,1.0,1.0,2.5
668674,2023-06-03,12,1,2,3,6,0,0,0,1,5.4,2.0,0.8,0.8,3.8
668674,2023-06-05,3,1,1,1,1,0,0,0,0,6.6,2.0,1.0,1.0,4.4
668674,2023-06-07,3,1,0,1,2,0,0,0,0,6.4,1.8,1.0,1.0,4.2
668674,2023-06-09,7,1,1,0,6,0,0,0,0,5.8,1.6,0.6,1.2,3.8
668674,2023-06-11,5,1,1,0,4,0,0,0,0,6.8,1.6,0.8,1.0,4.8
668674,2023-06-14,8,1,2,2,4,0,0,0,1,6.0,1.0,1.0,1.0,3.8
668674,2023-06-17,4,1,0,1,3,0,0,0,0,5.2,1.0,1.0,0.8,3.4
668674,2023-06-18,2,0,0,0,2,0,0,0,0,5.4,1.0,0.8,0.8,3.8
668674,2023-06-21,3,2,0,0,3,0,0,0,0,5.2,0.8,0.8,0.6,3.8
668674,2023-06-23,3,3,0,0,3,0,0,0,0,4.4,1.0,0.6,0.6,3.2
668674,2023-06-27,5,3,0,1,4,0,0,0,0,4.0,1.4,0.4,0.6,3.0
668674,2023-06-29,6,0,1,3,0,0,0,0,0,3.4,1.8,0.0,0.4,3.0
668678,2023-05-08,27,7,1,5,21,1,1,1,0,20.0,6.0,0.0,7.0,13.0
668678,2023-05-13,28,6,2,5,22,1,1,1,1,23.5,6.5,0.5,6.0,17.0
668678,2023-05-19,21,2,4,8,9,0,0,1,1,25.0,6.333333333333333,1.0,5.666666666666667,18.666666666666668
668678,2023-05-24,24,3,2,5,17,0,1,1,1,24.0,5.25,1.75,6.25,16.25
668678,2023-05-30,23,7,2,5,16,1,1,1,1,24.0,4.8,1.8,6.0,16.4
668678,2023-06-04,24,6,1,9,14,1,0,1,0,24.6,5.0,2.2,5.6,17.0
668678,2023-06-11,29,5,2,10,17,1,1,1,1,24.0,4.8,2.2,6.4,15.6
668678,2023-06-16,25,7,0,6,19,1,1,1,0,24.2,4.6,2.2,7.4,14.6
668678,2023-06-21,23,4,1,3,19,0,1,0,0,25.0,5.6,1.4,7.0,16.6
668678,2023-06-27,25,4,2,5,18,0,1,1,1,24.8,5.8,1.2,6.6,17.0
668754,2023-06-14,10,1,2,3,5,0,0,0,1,8.0,0.0,0.0,2.0,6.0
668881,2023-05-10,26,4,4,6,16,0,1,1,1,25.0,7.0,1.0,7.0,17.0
668881,2023-05-15,22,8,1,9,12,1,0,1,0,25.5,5.5,2.5,6.5,16.5
668881,2023-05-21,25,10,3,4,18,1,1,0,1,24.333333333333332,6.333333333333333,2.0,7.333333333333333,15.0
668881,2023-05-26,20,11,2,0,18,1,1,0,1,24.5,7.25,2.25,6.5,15.75
668881,2023-06-01,23,8,3,2,18,1,1,0,1,23.6,8.0,2.2,5.2,16.2
668881,2023-06-11,25,9,2,6,16,1,1,1,1,23.2,8.2,2.6,4.2,16.4
668881,2023-06-17,26,3,4,5,17,0,1,1,1,23.0,9.2,2.2,4.2,16.4
668909,2023-06-27,23,6,1,1,20,1,1,0,0,23.0,4.0,3.0,4.0,16.0
668933,2023-05-07,13,3,2,6,5,0,0,1,1,25.0,3.0,1.0,6.0,18.0
668933,2023-05-12,25,3,2,6,17,0,1,1,1,19.0,3.0,1.5,6.0,11.5
668933,2023-05-17,22,3,1,10,11,0,0,1,0,21.0,3.0,1.6666666666666667,6.0,13.333333333333334
668933,2023-05-23,23,5,0,10,12,1,0,1,0,21.25,3.0,1.5,7.0,12.75
668933,2023-05-28,21,6,3,5,13,1,0,1,1,21.6,3.4,1.2,7.6,12.6
668933,2023-06-03,25,2,4,9,12,0,0,1,1,20.8,4.0,1.6,7.4,11.6
668933,2023-06-08,13,1,2,3,6,0,0,0,1,23.2,3.8,2.0,8.0,13.0
668933,2023-06-24,23,2,0,10,12,0,0,1,0,20.8,3.4,2.0,7.4,10.8
668933,2023-06-30,25,7,2,3,20,1,1,0,1,21.0,3.2,1.8,7.4,11.0
668941,2023-05-07,3,0,1,1,1,0,0,0,0,5.0,1.0,0.0,1.0,4.0
668942,2023-06-18,5,1,1,1,3,0,0,0,0,8.0,0.0,0.0,5.0,3.0
668970,2023-06-29,10,2,0,3,6,0,0,0,0,9.0,2.0,2.0,1.0,6.0
668984,2023-05-03,6,1,2,2,2,0,0,0,1,7.0,3.0,0.0,1.0,6.0
668984,2023-05-07,10,0,1,5,4,0,0,1,0,6.5,2.0,1.0,1.5,4.0
668984,2023-05-13,2,0,0,1,1,0,0,0,0,7.666666666666667,1.3333333333333333,1.0,2.6666666666666665,4.0
668984,2023-06-12,3,1,1,1,1,0,0,0,0,6.25,1.0,0.75,2.25,3.25
668984,2023-06-20,7,1,2,2,3,0,0,0,1,5.6,1.0,0.8,2.0,2.8
669022,2023-05-06,25,9,1,8,16,1,1,1,0,21.0,4.0,2.0,7.0,12.0
669022,2023-05-12,19,3,2,5,12,0,0,1,1,23.0,6.5,1.5,7.5,14.0
669022,2023-05-17,23,7,2,5,16,1,1,1,1,21.666666666666668,5.333333333333333,1.6666666666666667,6.666666666666667,13.333333333333334
669022,2023-05-23,22,5,4,7,11,1,0,1,1,22.0,5.75,1.75,6.25,14.0
669022,2023-05-28,24,11,1,3,20,1,1,0,0,22.0,5.6,2.2,6.4,13.4
669022,2023-06-03,25,6,0,9,16,1,1,1,0,22.6,7.0,2.0,5.6,15.0
669022,2023-06-10,20,3,1,4,15,0,0,0,0,22.6,6.4,1.8,5.8,15.0
669022,2023-06-15,21,4,3,4,14,0,0,0,1,22.8,6.4,1.6,5.6,15.6
669022,2023-06-20,27,8,2,9,16,1,1,1,1,22.4,5.8,1.8,5.4,15.2
669022,2023-06-25,20,9,2,5,13,1,0,1,1,23.4,6.4,1.4,5.8,16.2
669060,2023-05-09,9,2,0,2,7,0,0,0,0,5.0,1.0,2.0,0.0,3.0
669060,2023-05-15,8,2,0,3,5,0,0,0,0,7.0,1.5,1.0,1.0,5.0
669060,2023-05-20,9,1,0,2,7,0,0,0,0,7.333333333333333,1.6666666666666667,0.6666666666666666,1.6666666666666667,5.0
669060,2023-05-23,4,0,0,1,3,0,0,0,0,7.75,1.5,0.5,1.75,5.5
669060,2023-05-24,3,0,0,0,3,0,0,0,0,7.0,1.2,0.4,1.6,5.0
669060,2023-05-30,6,0,0,1,5,0,0,0,0,6.6,1.0,0.0,1.6,5.0
669060,2023-06-02,4,0,0,1,3,0,0,0,0,6.0,0.6,0.0,1.4,4.6
669060,2023-06-03,7,0,1,2,4,0,0,0,0,5.2,0.2,0.0,1.0,4.2
669060,2023-06-08,6,0,1,2,3,0,0,0,0,4.8,0.0,0.2,1.0,3.6
669060,2023-06-09,3,2,0,0,3,0,0,0,0,5.2,0.0,0.4,1.2,3.6
669060,2023-06-11,3,1,0,1,2,0,0,0,0,5.2,0.4,0.4,1.2,3.6
669060,2023-06-14,5,1,2,0,3,0,0,0,1,4.6,0.6,0.4,1.2,3.0
669060,2023-06-20,1,0,0,0,1,0,0,0,0,4.8,0.8,0.8,1.0,3.0
669060,2023-06-21,2,0,0,0,2,0,0,0,0,3.6,0.8,0.6,0.6,2.4
669060,2023-06-27,3,1,0,0,3,0,0,0,0,2.8,0.8,0.4,0.2,2.2
669060,2023-06-28,7,1,0,2,5,0,0,0,0,2.8,0.6,0.4,0.2,2.2
669093,2023-05-15,6,3,1,1,4,0,0,0,0,3.0,1.0,0.0,0.0,3.0
669093,2023-05-20,5,3,1,0,4,0,0,0,0,4.5,2.0,0.5,0.5,3.5
669093,2023-05-21,1,0,0,0,1,0,0,0,0,4.666666666666667,2.3333333333333335,0.6666666666666666,0.3333333333333333,3.6666666666666665
669093,2023-05-23,3,0,0,0,3,0,0,0,0,3.75,1.75,0.5,0.25,3.0
669093,2023-05-27,5,0,0,3,2,0,0,0,0,3.6,1.4,0.4,0.2,3.0
669093,2023-05-28,3,0,2,1,0,0,0,0,1,4.0,1.2,0.4,0.8,2.8
669093,2023-06-03,6,1,0,3,3,0,0,0,0,3.4,0.6,0.6,0.8,2.0
669093,2023-06-06,4,0,3,1,0,0,0,0,1,3.6,0.2,0.4,1.4,1.8
669093,2023-06-11,6,0,2,1,3,0,0,0,1,4.2,0.2,1.0,1.6,1.6
669105,2023-05-14,12,2,1,4,6,0,0,0,0,4.0,0.0,0.0,1.0,3.0
669105,2023-06-09,14,1,1,6,7,0,0,1,0,8.0,1.0,0.5,2.5,4.5
669145,2023-06-07,17,4,0,7,9,0,0,1,0,7.0,2.0,0.0,1.0,6.0
669145,2023-06-26,14,2,0,4,9,0,0,0,0,12.0,3.0,0.0,4.0,7.5
669145,2023-06-28,1,1,0,0,1,0,0,0,0,12.666666666666666,2.6666666666666665,0.0,4.0,8.0
669145,2023-06-30,8,2,0,2,6,0,0,0,0,9.75,2.25,0.0,3.0,6.25
669160,2023-05-12,24,3,1,5,18,0,1,1,0,22.0,6.0,1.0,3.0,18.0
669160,2023-05-17,4,2,0,1,3,0,0,0,0,23.0,4.5,1.0,4.0,18.0
669194,2023-05-12,21,4,1,7,13,0,0,1,0,20.0,3.0,1.0,7.0,13.0
669194,2023-05-17,20,6,4,1,15,1,0,0,1,20.5,3.5,1.0,7.0,13.0
669194,2023-05-23,20,4,0,3,17,0,1,0,0,20.333333333333332,4.333333333333333,2.0,5.0,13.666666666666666
669194,2023-05-29,23,1,3,8,12,0,0,1,1,20.25,4.25,1.5,4.5,14.5
669194,2023-06-03,22,0,4,6,12,0,0,1,1,20.8,3.6,1.8,5.2,14.0
669194,2023-06-10,23,4,2,4,17,0,1,0,1,21.2,3.0,2.4,5.0,13.8
669194,2023-06-15,24,5,2,10,12,1,0,1,1,21.6,3.0,2.6,4.4,14.6
669194,2023-06-20,21,6,0,6,15,1,0,1,0,22.4,2.8,2.2,6.2,14.0
669194,2023-06-25,27,6,2,3,22,1,1,0,1,22.6,3.2,2.2,6.8,13.6
669203,2023-05-12,24,7,4,2,18,1,1,0,1,24.0,5.0,3.0,4.0,17.0
669203,2023-05-17,27,7,1,8,18,1,1,1,0,24.0,6.0,3.5,3.0,17.5
669203,2023-05-22,24,5,2,7,15,1,0,1,1,25.0,6.333333333333333,2.6666666666666665,4.666666666666667,17.666666666666668
669203,2023-05-27,28,8,3,4,21,1,1,0,1,24.75,6.0,2.5,5.25,17.0
669203,2023-06-02,24,7,4,2,18,1,1,0,1,25.4,6.4,2.6,5.0,17.8
669203,2023-06-07,26,9,0,2,25,1,1,0,0,25.4,6.8,2.8,4.6,18.0
669203,2023-06-13,25,8,1,7,17,1,1,1,0,25.8,7.2,2.0,4.6,19.4
669203,2023-06-19,24,3,2,8,14,0,0,1,1,25.4,7.4,2.0,4.4,19.2
669203,2023-06-25,26,3,2,8,16,0,1,1,1,25.4,7.0,2.0,4.6,19.0
669211,2023-05-05,2,0,0,2,0,0,0,0,0,7.0,0.0,0.0,3.0,4.0
669211,2023-05-08,7,3,0,1,6,0,0,0,0,4.5,0.0,0.0,2.5,2.0
669211,2023-05-27,5,0,0,2,3,0,0,0,0,5.333333333333333,1.0,0.0,2.0,3.3333333333333335
669211,2023-05-29,3,1,0,1,3,0,0,0,0,5.25,0.75,0.0,2.0,3.25
669211,2023-05-31,5,1,0,2,3,0,0,0,0,4.8,0.8,0.0,1.8,3.2
669211,2023-06-03,4,2,1,1,2,0,0,0,0,4.4,1.0,0.0,1.6,3.0
669211,2023-06-08,5,1,0,1,4,0,0,0,0,4.8,1.4,0.2,1.4,3.4
669211,2023-06-11,9,6,0,1,8,1,0,0,0,4.4,1.0,0.2,1.4,3.0
669211,2023-06-16,3,0,0,0,3,0,0,0,0,5.2,2.2,0.2,1.2,4.0
669211,2023-06-21,8,2,0,3,5,0,0,0,0,5.2,2.0,0.2,1.0,4.0
669211,2023-06-23,9,0,1,6,2,0,0,1,0,5.8,2.2,0.2,1.2,4.4
669211,2023-06-27,3,2,0,0,3,0,0,0,0,6.8,1.8,0.2,2.2,4.4
669211,2023-06-28,6,2,1,3,2,0,0,0,0,6.4,2.0,0.2,2.0,4.2
669212,2023-05-08,5,2,1,1,3,0,0,0,0,7.0,0.0,0.0,3.0,4.0
669212,2023-05-10,3,0,0,0,3,0,0,0,0,6.0,1.0,0.5,2.0,3.5
669212,2023-05-13,4,1,0,1,3,0,0,0,0,5.0,0.6666666666666666,0.3333333333333333,1.3333333333333333,3.3333333333333335
669212,2023-05-17,5,0,0,2,3,0,0,0,0,4.75,0.75,0.25,1.25,3.25
669212,2023-05-21,4,2,0,2,2,0,0,0,0,4.8,0.6,0.2,1.4,3.2
669212,2023-05-24,6,3,0,0,6,0,0,0,0,4.2,1.0,0.2,1.2,2.8
669212,2023-05-28,5,0,0,1,4,0,0,0,0,4.4,1.2,0.0,1.0,3.4
669212,2023-05-30,2,2,0,0,2,0,0,0,0,4.8,1.2,0.0,1.2,3.6
669212,2023-06-01,3,0,1,1,1,0,0,0,0,4.4,1.4,0.0,1.0,3.4
669212,2023-06-06,4,1,0,1,3,0,0,0,0,4.0,1.4,0.2,0.8,3.0
669212,2023-06-07,3,3,0,0,3,0,0,0,0,4.0,1.2,0.2,0.6,3.2
669212,2023-06-09,4,1,1,0,3,0,0,0,0,3.4,1.2,0.2,0.6,2.6
669212,2023-06-13,4,0,1,0,3,0,0,0,0,3.2,1.4,0.4,0.4,2.4
669212,2023-06-15,4,0,0,2,2,0,0,0,0,3.6,1.0,0.6,0.4,2.6
669212,2023-06-18,5,1,1,1,3,0,0,0,0,3.8,1.0,0.4,0.6,2.8
669212,2023-06-21,3,0,0,0,3,0,0,0,0,4.0,1.0,0.6,0.6,2.8
669212,2023-06-22,3,0,0,0,3,0,0,0,0,4.0,0.4,0.6,0.6,2.8
669212,2023-06-24,3,0,0,0,3,0,0,0,0,3.8,0.2,0.4,0.6,2.8
669212,2023-06-28,6,1,1,2,3,0,0,0,0,3.6,0.2,0.2,0.6,2.8
669276,2023-05-03,5,2,0,2,3,0,0,0,0,4.0,0.0,1.0,1.0,2.0
669276,2023-05-06,6,2,1,2,3,0,0,0,0,4.5,1.0,0.5,1.5,2.5
669276,2023-05-07,2,0,0,0,2,0,0,0,0,5.0,1.3333333333333333,0.6666666666666666,1.6666666666666667,2.6666666666666665
669276,2023-05-10,9,3,1,0,8,0,0,0,0,4.25,1.0,0.5,1.25,2.5
669276,2023-05-13,1,0,0,0,1,0,0,0,0,5.2,1.4,0.6,1.0,3.6
669276,2023-05-16,11,1,1,6,4,0,0,1,0,4.6,1.4,0.4,0.8,3.4
669302,2023-05-08,24,10,1,3,20,1,1,0,0,21.0,6.0,2.0,3.0,16.0
669302,2023-05-14,24,4,1,6,17,0,1,1,0,22.5,8.0,1.5,3.0,18.0
669302,2023-05-20,23,9,1,4,18,1,1,0,0,23.0,6.666666666666667,1.3333333333333333,4.0,17.666666666666668
669302,2023-05-25,27,6,0,3,24,1,1,0,0,23.0,7.25,1.25,4.0,17.75
669302,2023-05-30,20,4,1,7,12,0,0,1,0,23.8,7.0,1.0,3.8,19.0
669302,2023-06-06,26,6,2,3,21,1,1,0,1,23.6,6.6,0.8,4.6,18.2
669302,2023-06-11,18,2,0,8,9,0,0,1,0,24.0,5.8,1.0,4.6,18.4
669302,2023-06-17,20,3,3,6,12,0,0,1,1,22.8,5.4,0.8,5.0,16.8
669302,2023-06-23,22,5,1,2,19,1,1,0,0,22.2,4.2,1.2,5.4,15.6
669302,2023-06-28,25,4,2,8,15,0,0,1,1,21.2,4.0,1.4,5.2,14.6
669330,2023-05-07,19,4,1,3,15,0,0,0,0,25.0,4.0,3.0,3.0,18.0
669330,2023-05-13,24,8,2,1,21,1,1,0,1,22.0,4.0,2.0,3.0,16.5
669330,2023-05-18,22,7,1,6,15,1,0,1,0,22.666666666666668,5.333333333333333,2.0,2.3333333333333335,18.0
669330,2023-05-24,22,8,2,5,15,1,0,1,1,22.5,5.75,1.75,3.25,17.25
669330,2023-05-29,22,7,0,4,18,1,1,0,0,22.4,6.2,1.8,3.6,16.8
669330,2023-06-04,22,9,2,4,16,1,1,0,1,21.8,6.8,1.2,3.8,16.8
669330,2023-06-09,26,4,1,5,20,0,1,1,0,22.4,7.8,1.4,4.0,17.0
669330,2023-06-15,25,8,1,5,19,1,1,1,0,22.8,7.0,1.2,4.8,16.8
669330,2023-06-21,19,6,3,4,12,1,0,0,1,23.4,7.2,1.2,4.6,17.6
669330,2023-06-27,23,7,1,4,18,1,1,0,0,22.8,6.8,1.4,4.4,17.0
669387,2023-06-18,4,0,0,0,4,0,0,0,0,6.0,2.0,1.0,1.0,4.0
669387,2023-06-20,4,1,0,0,3,0,0,0,0,5.0,1.0,0.5,0.5,4.0
669387,2023-06-22,6,0,0,3,3,0,0,0,0,4.666666666666667,1.0,0.3333333333333333,0.3333333333333333,3.6666666666666665
669387,2023-06-25,1,0,0,1,0,0,0,0,0,5.0,0.75,0.25,1.0,3.5
669387,2023-06-28,4,2,0,1,3,0,0,0,0,4.2,0.6,0.2,1.0,2.8
669387,2023-06-30,8,2,1,1,6,0,0,0,0,3.8,0.6,0.0,1.0,2.6
669424,2023-05-04,2,0,1,0,1,0,0,0,0,3.0,2.0,0.0,0.0,3.0
669424,2023-05-07,4,0,0,1,3,0,0,0,0,2.5,1.0,0.5,0.0,2.0
669424,2023-05-08,3,1,1,1,1,0,0,0,0,3.0,0.6666666666666666,0.3333333333333333,0.3333333333333333,2.3333333333333335
669424,2023-05-12,6,0,1,2,3,0,0,0,0,3.0,0.75,0.5,0.5,2.0
669424,2023-05-22,5,0,1,1,3,0,0,0,0,3.6,0.6,0.6,0.8,2.2
669424,2023-05-24,3,2,0,0,3,0,0,0,0,4.0,0.2,0.8,1.0,2.2
669424,2023-05-26,4,0,1,0,3,0,0,0,0,4.2,0.6,0.6,1.0,2.6
669424,2023-05-27,6,0,0,3,3,0,0,0,0,4.2,0.6,0.8,0.8,2.6
669424,2023-06-21,7,1,1,3,3,0,0,0,0,4.8,0.4,0.6,1.2,3.0
669438,2023-05-07,4,1,0,3,1,0,0,0,0,2.0,1.0,1.0,0.0,1.0
669438,2023-05-12,8,0,1,1,6,0,0,0,0,3.0,1.0,0.5,1.5,1.0
669438,2023-05-14,9,0,1,2,6,0,0,0,0,4.666666666666667,0.6666666666666666,0.6666666666666666,1.3333333333333333,2.6666666666666665
669438,2023-05-19,5,0,1,3,1,0,0,0,0,5.75,0.5,0.75,1.5,3.5
669438,2023-05-21,11,2,0,3,8,0,0,0,0,5.6,0.4,0.8,1.8,3.0
669438,2023-05-25,2,1,0,1,1,0,0,0,0,7.4,0.6,0.6,2.4,4.4
669438,2023-05-26,10,0,1,4,6,0,0,0,0,7.0,0.6,0.6,2.0,4.4
669438,2023-05-29,9,1,0,4,5,0,0,0,0,7.4,0.6,0.6,2.6,4.4
669438,2023-06-02,7,0,1,2,4,0,0,0,0,7.4,0.8,0.4,3.0,4.2
669438,2023-06-05,12,2,2,4,6,0,0,0,1,7.8,0.8,0.4,2.8,4.8
669438,2023-06-10,3,1,0,0,3,0,0,0,0,8.0,0.8,0.8,3.0,4.4
669438,2023-06-12,12,1,1,3,8,0,0,0,0,8.2,0.8,0.8,2.8,4.8
669438,2023-06-16,9,2,0,4,5,0,0,0,0,8.6,1.0,0.8,2.6,5.2
669438,2023-06-23,5,3,0,0,5,0,0,0,0,8.6,1.2,0.8,2.6,5.2
669438,2023-06-26,10,4,1,2,7,0,0,0,0,8.2,1.8,0.6,2.2,5.4
669438,2023-06-29,4,0,0,1,3,0,0,0,0,7.8,2.2,0.4,1.8,5.6
669438,2023-06-30,8,3,0,1,7,0,0,0,0,8.0,2.0,0.4,2.0,5.6
669456,2023-05-09,23,9,1,7,15,1,0,1,0,27.0,4.0,1.0,5.0,21.0
669456,2023-05-16,24,4,0,12,12,0,0,1,0,25.0,6.5,1.0,6.0,18.0
669456,2023-05-21,30,4,2,7,22,0,1,1,1,24.666666666666668,5.666666666666667,0.6666666666666666,8.0,16.0
669456,2023-05-26,28,2,4,5,19,0,1,1,1,26.0,5.25,1.0,7.75,17.5
669456,2023-05-31,22,4,2,8,12,0,0,1,1,26.4,4.6,1.6,7.2,17.8
669456,2023-06-06,23,2,1,5,17,0,1,1,0,25.4,4.6,1.8,7.8,16.0
669456,2023-06-11,24,9,1,3,20,1,1,0,0,25.4,3.2,1.8,7.4,16.4
669456,2023-06-17,27,5,2,7,18,1,1,1,1,25.4,4.2,2.0,5.6,18.0
669456,2023-06-23,22,8,2,5,15,1,0,1,1,24.8,4.4,2.0,5.6,17.2
669456,2023-06-29,20,8,1,2,17,1,1,0,0,23.6,5.6,1.6,5.6,16.4
669459,2023-05-06,2,1,0,0,2,0,0,0,0,4.0,1.0,1.0,1.0,2.0
669459,2023-05-07,5,0,1,2,2,0,0,0,0,3.0,1.0,0.5,0.5,2.0
669459,2023-05-10,4,1,0,1,3,0,0,0,0,3.6666666666666665,0.6666666666666666,0.6666666666666666,1.0,2.0
669459,2023-05-12,3,0,0,1,2,0,0,0,0,3.75,0.75,0.5,1.0,2.25
669459,2023-05-13,1,1,0,0,1,0,0,0,0,3.6,0.6,0.4,1.0,2.2
669459,2023-05-16,2,1,0,1,1,0,0,0,0,3.0,0.6,0.2,0.8,2.0
669459,2023-05-17,4,0,0,2,2,0,0,0,0,3.0,0.6,0.2,1.0,1.8
669459,2023-05-20,3,1,0,0,3,0,0,0,0,2.8,0.6,0.0,1.0,1.8
669459,2023-05-22,3,1,0,0,3,0,0,0,0,2.6,0.6,0.0,0.8,1.8
669459,2023-05-23,3,0,1,1,1,0,0,0,0,2.6,0.8,0.0,0.6,2.0
669459,2023-05-27,3,1,1,0,2,0,0,0,0,3.0,0.6,0.2,0.8,2.0
669459,2023-05-28,4,2,0,2,2,0,0,0,0,3.2,0.6,0.4,0.6,2.2
669459,2023-06-01,6,3,0,2,4,0,0,0,0,3.2,1.0,0.4,0.6,2.2
669459,2023-06-06,3,1,0,0,3,0,0,0,0,3.8,1.4,0.4,1.0,2.4
669459,2023-06-10,3,0,0,1,2,0,0,0,0,3.8,1.4,0.4,1.0,2.4
669459,2023-06-11,1,1,0,0,1,0,0,0,0,3.8,1.4,0.2,1.0,2.6
669459,2023-06-14,3,1,0,0,3,0,0,0,0,3.4,1.4,0.0,1.0,2.4
669459,2023-06-15,4,0,1,1,2,0,0,0,0,3.2,1.2,0.0,0.6,2.6
669459,2023-06-17,3,1,1,1,1,0,0,0,0,2.8,0.6,0.2,0.4,2.2
669459,2023-06-20,4,0,0,2,2,0,0,0,0,2.8,0.6,0.4,0.6,1.8
669459,2023-06-24,6,4,0,0,6,0,0,0,0,3.0,0.6,0.4,0.8,1.8
669459,2023-06-29,7,3,0,1,6,0,0,0,0,4.0,1.2,0.4,0.8,2.8
669461,2023-05-21,6,1,1,1,3,0,0,0,0,21.0,6.0,3.0,3.0,15.0
669461,2023-05-26,23,2,2,5,15,0,0,1,1,13.5,3.5,2.0,2.0,9.0
669461,2023-06-06,21,2,2,7,12,0,0,1,1,16.666666666666668,3.0,2.0,3.0,11.0
669461,2023-06-12,27,5,2,7,17,1,1,1,1,17.75,2.75,2.0,4.0,11.25
669461,2023-06-18,19,2,2,4,11,0,0,0,1,19.6,3.2,2.0,4.6,12.4
669461,2023-06-25,13,3,2,4,7,0,0,0,1,19.2,2.4,1.8,4.8,11.6
669467,2023-05-12,4,1,0,1,3,0,0,0,0,8.0,1.0,1.0,1.0,5.0
669467,2023-05-13,4,1,0,1,3,0,0,0,0,6.0,1.0,0.5,1.0,4.0
669467,2023-05-16,3,1,0,0,3,0,0,0,0,5.333333333333333,1.0,0.3333333333333333,1.0,3.6666666666666665
669467,2023-05-17,3,1,1,1,1,0,0,0,0,4.75,1.0,0.25,0.75,3.5
669467,2023-05-19,4,1,0,0,4,0,0,0,0,4.4,1.0,0.4,0.8,3.0
669467,2023-05-22,8,3,1,1,6,0,0,0,0,3.6,1.0,0.2,0.6,2.8
669467,2023-05-26,3,0,0,2,1,0,0,0,0,4.4,1.4,0.4,0.6,3.4
669467,2023-05-27,4,1,1,1,2,0,0,0,0,4.2,1.2,0.4,0.8,3.0
669467,2023-06-02,5,1,1,1,3,0,0,0,0,4.4,1.2,0.6,1.0,2.8
669467,2023-06-05,5,3,0,1,4,0,0,0,0,4.8,1.2,0.6,1.0,3.2
669467,2023-06-09,1,0,0,0,1,0,0,0,0,5.0,1.6,0.6,1.2,3.2
669467,2023-06-11,4,1,1,0,3,0,0,0,0,3.6,1.0,0.4,1.0,2.2
669467,2023-06-12,6,1,1,2,3,0,0,0,0,3.8,1.2,0.6,0.6,2.6
669467,2023-06-17,4,0,1,1,2,0,0,0,0,4.2,1.2,0.6,0.8,2.8
669467,2023-06-18,5,1,1,0,4,0,0,0,0,4.0,1.0,0.6,0.8,2.6
669467,2023-06-21,5,1,0,2,3,0,0,0,0,4.0,0.6,0.8,0.6,2.6
669467,2023-06-25,5,1,1,1,3,0,0,0,0,4.8,0.8,0.8,1.0,3.0
669467,2023-06-28,3,1,2,0,1,0,0,0,1,5.0,0.8,0.8,1.2,3.0
669618,2023-05-19,4,0,0,1,3,0,0,0,0,1.0,0.0,0.0,0.0,1.0
669618,2023-05-21,4,1,0,1,3,0,0,0,0,2.5,0.0,0.0,0.5,2.0
669618,2023-05-22,3,1,1,1,1,0,0,0,0,3.0,0.3333333333333333,0.0,0.6666666666666666,2.3333333333333335
669618,2023-05-28,3,0,0,1,2,0,0,0,0,3.0,0.5,0.25,0.75,2.0
669618,2023-06-15,4,0,0,1,3,0,0,0,0,3.0,0.4,0.2,0.8,2.0
669618,2023-06-16,3,3,0,0,3,0,0,0,0,3.6,0.4,0.2,1.0,2.4
669618,2023-06-18,4,1,0,1,3,0,0,0,0,3.4,1.0,0.2,0.8,2.4
669618,2023-06-20,3,0,0,1,2,0,0,0,0,3.4,1.0,0.2,0.8,2.4
669618,2023-06-23,4,0,0,1,3,0,0,0,0,3.4,0.8,0.0,0.8,2.6
669618,2023-06-24,3,0,0,0,3,0,0,0,0,3.6,0.8,0.0,0.8,2.8
669618,2023-06-29,4,0,1,3,0,0,0,0,0,3.4,0.8,0.0,0.6,2.8
669674,2023-05-04,6,2,0,2,4,0,0,0,0,1.0,0.0,0.0,0.0,1.0
669674,2023-05-07,2,0,0,0,2,0,0,0,0,3.5,1.0,0.0,1.0,2.5
669674,2023-05-08,2,1,1,0,1,0,0,0,0,3.0,0.6666666666666666,0.0,0.6666666666666666,2.3333333333333335
669674,2023-05-11,8,2,1,1,6,0,0,0,0,2.75,0.75,0.25,0.5,2.0
669674,2023-05-15,9,2,1,3,5,0,0,0,0,3.8,1.0,0.4,0.6,2.8
669674,2023-05-19,4,0,0,1,3,0,0,0,0,5.4,1.4,0.6,1.2,3.6
669674,2023-05-21,2,0,1,0,1,0,0,0,0,5.0,1.0,0.6,1.0,3.4
669674,2023-05-24,7,2,0,1,6,0,0,0,0,5.0,1.0,0.8,1.0,3.2
669674,2023-05-28,7,1,0,2,5,0,0,0,0,6.0,1.2,0.6,1.2,4.2
669674,2023-05-31,7,2,1,0,6,0,0,0,0,5.8,1.0,0.4,1.4,4.0
669674,2023-06-03,9,1,0,3,6,0,0,0,0,5.4,1.0,0.4,0.8,4.2
669674,2023-06-06,6,2,0,2,4,0,0,0,0,6.4,1.2,0.4,1.2,4.8
669674,2023-06-10,3,0,0,0,3,0,0,0,0,7.2,1.6,0.2,1.6,5.4
669674,2023-06-11,2,0,0,1,1,0,0,0,0,6.4,1.2,0.2,1.4,4.8
669674,2023-06-14,7,3,1,2,4,0,0,0,0,5.4,1.0,0.2,1.2,4.0
669674,2023-06-17,3,0,0,0,3,0,0,0,0,5.4,1.2,0.2,1.6,3.6
669674,2023-06-20,4,0,1,1,2,0,0,0,0,4.2,1.0,0.2,1.0,3.0
669674,2023-06-21,4,1,0,1,3,0,0,0,0,3.8,0.6,0.4,0.8,2.6
669674,2023-06-24,4,0,0,1,3,0,0,0,0,4.0,0.8,0.4,1.0,2.6
669674,2023-06-28,6,1,1,2,3,0,0,0,0,4.4,0.8,0.4,1.0,3.0
669684,2023-06-18,9,3,0,1,8,0,0,0,0,12.0,5.0,1.0,2.0,9.0
669684,2023-06-24,7,3,0,1,6,0,0,0,0,10.5,4.0,0.5,1.5,8.5
669684,2023-06-28,10,1,2,2,6,0,0,0,1,9.333333333333334,3.6666666666666665,0.3333333333333333,1.3333333333333333,7.666666666666667
669711,2023-06-18,4,2,0,0,4,0,0,0,0,7.0,2.0,1.0,3.0,3.0
669713,2023-05-07,19,6,0,5,14,1,0,1,0,21.0,2.0,0.0,5.0,16.0
669713,2023-05-13,23,5,1,7,14,1,0,1,0,20.0,4.0,0.0,5.0,15.0
669713,2023-05-31,14,4,2,1,11,0,0,0,1,21.0,4.333333333333333,0.3333333333333333,5.666666666666667,14.666666666666666
669713,2023-06-06,18,4,1,2,14,0,0,0,0,19.25,4.25,0.75,4.5,13.75
669713,2023-06-11,15,4,1,4,9,0,0,0,0,19.0,4.2,0.8,4.0,13.8
669713,2023-06-18,11,2,0,3,8,0,0,0,0,17.8,4.6,1.0,3.8,12.4
669713,2023-06-25,4,2,1,1,2,0,0,0,0,16.2,3.8,1.0,3.4,11.2
669713,2023-06-28,16,4,1,2,13,0,0,0,0,12.4,3.2,1.0,2.2,8.8
669796,2023-05-04,5,1,0,2,3,0,0,0,0,5.0,2.0,1.0,1.0,3.0
669796,2023-05-07,3,2,0,0,3,0,0,0,0,5.0,1.5,0.5,1.5,3.0
669796,2023-05-09,4,1,1,0,3,0,0,0,0,4.333333333333333,1.6666666666666667,0.3333333333333333,1.0,3.0
669796,2023-05-10,1,0,0,0,1,0,0,0,0,4.25,1.5,0.5,0.75,3.0
669796,2023-05-12,3,0,0,2,1,0,0,0,0,3.6,1.2,0.4,0.6,2.6
669796,2023-05-17,3,2,0,0,3,0,0,0,0,3.2,0.8,0.2,0.8,2.2
669796,2023-05-20,3,1,0,1,2,0,0,0,0,2.8,1.0,0.2,0.4,2.2
669796,2023-05-23,5,1,0,0,5,0,0,0,0,2.8,0.8,0.2,0.6,2.0
669796,2023-05-27,10,2,0,2,8,0,0,0,0,3.0,0.8,0.0,0.6,2.4
669796,2023-05-30,4,0,1,0,4,0,0,0,0,4.8,1.2,0.0,1.0,3.8
669796,2023-06-03,3,0,0,1,1,0,0,0,0,5.0,1.2,0.2,0.6,4.4
669796,2023-06-06,3,1,0,0,3,0,0,0,0,5.0,0.8,0.2,0.8,4.0
669796,2023-06-10,1,1,0,0,1,0,0,0,0,5.0,0.8,0.2,0.6,4.2
669796,2023-06-14,1,0,0,0,1,0,0,0,0,4.2,0.8,0.2,0.6,3.4
669796,2023-06-15,5,0,2,2,1,0,0,0,1,2.4,0.4,0.2,0.2,2.0
669796,2023-06-17,4,3,0,1,3,0,0,0,0,2.6,0.4,0.4,0.6,1.4
669854,2023-06-01,26,5,3,7,16,1,1,1,1,4.0,0.0,2.0,1.0,1.0
669854,2023-06-07,21,5,4,3,14,1,0,0,1,15.0,2.5,2.5,4.0,8.5
669854,2023-06-18,23,5,2,7,14,1,0,1,1,17.0,3.3333333333333335,3.0,3.6666666666666665,10.333333333333334
669854,2023-06-24,22,6,2,2,18,1,1,0,1,18.5,3.75,2.75,4.5,11.25
669854,2023-06-30,21,2,4,4,13,0,0,0,1,19.2,4.2,2.6,4.0,12.6
669923,2023-05-09,27,9,0,6,21,1,1,1,0,27.0,2.0,1.0,7.0,19.0
669923,2023-05-15,26,6,1,8,17,1,1,1,0,27.0,5.5,0.5,6.5,20.0
669923,2023-05-21,28,6,1,6,21,1,1,1,0,26.666666666666668,5.666666666666667,0.6666666666666666,7.0,19.0
669923,2023-05-26,24,4,1,9,14,0,0,1,0,27.0,5.75,0.75,6.75,19.5
669923,2023-05-31,26,7,0,3,23,1,1,0,0,26.4,5.4,0.8,7.2,18.4
669923,2023-06-07,20,3,0,11,9,0,0,1,0,26.2,6.4,0.6,6.4,19.2
669923,2023-06-13,21,10,0,3,18,1,1,0,0,24.8,5.2,0.6,7.4,16.8
669923,2023-06-20,25,4,0,8,17,0,1,1,0,23.8,6.0,0.4,6.4,17.0
669923,2023-06-25,24,4,1,6,17,0,1,1,0,23.2,5.6,0.2,6.8,16.2
669947,2023-05-27,20,3,2,4,14,0,0,0,1,17.0,1.0,2.0,2.0,14.0
669947,2023-05-31,14,1,2,2,10,0,0,0,1,18.5,2.0,2.0,3.0,14.0
669947,2023-06-16,3,0,0,0,3,0,0,0,0,17.0,1.6666666666666667,2.0,2.6666666666666665,12.666666666666666
669947,2023-06-17,3,1,0,0,3,0,0,0,0,13.5,1.25,1.5,2.0,10.25
669947,2023-06-19,2,0,0,0,2,0,0,0,0,11.4,1.2,1.2,1.6,8.8
669947,2023-06-25,15,3,1,2,12,0,0,0,0,8.4,1.0,0.8,1.2,6.4
669947,2023-06-30,18,3,1,5,12,0,0,1,0,7.4,1.0,0.6,0.8,6.0
669952,2023-06-13,8,2,0,2,6,0,0,0,0,8.0,4.0,0.0,3.0,5.0
669952,2023-06-18,8,2,2,1,5,0,0,0,1,8.0,3.0,0.0,2.5,5.5
669952,2023-06-19,4,1,0,2,2,0,0,0,0,8.0,2.6666666666666665,0.6666666666666666,2.0,5.333333333333333
669952,2023-06-27,1,0,0,0,1,0,0,0,0,7.0,2.25,0.5,2.0,4.5
669952,2023-06-30,6,1,0,1,5,0,0,0,0,5.8,1.8,0.4,1.6,3.8
670036,2023-06-04,5,1,2,0,3,0,0,0,1,4.0,2.0,1.0,0.0,3.0
670036,2023-06-07,4,2,0,0,4,0,0,0,0,4.5,1.5,1.5,0.0,3.0
670059,2023-05-10,4,2,0,1,3,0,0,0,0,3.0,3.0,0.0,0.0,3.0
670059,2023-05-14,5,2,0,2,3,0,0,0,0,3.5,2.5,0.0,0.5,3.0
670059,2023-05-19,3,2,0,0,3,0,0,0,0,4.0,2.3333333333333335,0.0,1.0,3.0
670059,2023-05-22,1,1,0,0,1,0,0,0,0,3.75,2.25,0.0,0.75,3.0
670059,2023-05-24,4,1,0,1,3,0,0,0,0,3.2,2.0,0.0,0.6,2.6
670059,2023-05-28,3,2,0,0,3,0,0,0,0,3.4,1.6,0.0,0.8,2.6
670059,2023-05-30,5,1,0,1,4,0,0,0,0,3.2,1.6,0.0,0.6,2.6
670059,2023-06-02,4,0,0,1,3,0,0,0,0,3.2,1.4,0.0,0.4,2.8
670059,2023-06-03,4,0,1,2,1,0,0,0,0,3.4,1.0,0.0,0.6,2.8
670059,2023-06-05,5,1,0,3,2,0,0,0,0,4.0,0.8,0.2,1.0,2.8
670059,2023-06-10,4,0,0,1,3,0,0,0,0,4.2,0.8,0.2,1.4,2.6
670059,2023-06-14,7,1,1,4,2,0,0,0,0,4.4,0.4,0.2,1.6,2.6
670102,2023-06-13,10,2,0,4,6,0,0,0,0,10.0,3.0,0.0,2.0,8.0
670102,2023-06-17,12,2,3,1,8,0,0,0,1,10.0,2.5,0.0,3.0,7.0
670102,2023-06-25,4,1,1,0,3,0,0,0,0,10.666666666666666,2.3333333333333335,1.0,2.3333333333333335,7.333333333333333
670102,2023-06-28,14,2,0,4,10,0,0,0,0,9.0,2.0,1.0,1.75,6.25
670167,2023-05-04,4,3,0,1,3,0,0,0,0,4.0,1.0,0.0,1.0,3.0
670167,2023-05-06,4,0,1,0,3,0,0,0,0,4.0,2.0,0.0,1.0,3.0
670167,2023-05-15,1,1,0,0,1,0,0,0,0,4.0,1.3333333333333333,0.3333333333333333,0.6666666666666666,3.0
670174,2023-05-02,2,0,0,1,1,0,0,0,0,9.0,1.0,1.0,2.0,6.0
670174,2023-05-06,3,1,0,1,2,0,0,0,0,5.5,0.5,0.5,1.5,3.5
670174,2023-05-10,3,1,0,0,3,0,0,0,0,4.666666666666667,0.6666666666666666,0.3333333333333333,1.3333333333333333,3.0
670174,2023-05-12,4,0,0,4,0,0,0,0,0,4.25,0.75,0.25,1.0,3.0
670174,2023-05-16,7,1,0,2,5,0,0,0,0,4.2,0.6,0.2,1.6,2.4
670174,2023-05-19,8,2,1,0,7,0,0,0,0,3.8,0.6,0.0,1.6,2.2
670174,2023-05-26,12,1,0,3,9,0,0,0,0,5.0,1.0,0.2,1.4,3.4
670174,2023-05-31,5,2,0,3,2,0,0,0,0,6.8,1.0,0.2,1.8,4.8
670174,2023-06-01,4,1,1,0,3,0,0,0,0,7.2,1.2,0.2,2.4,4.6
670174,2023-06-03,6,1,0,3,3,0,0,0,0,7.2,1.4,0.4,1.6,5.2
670174,2023-06-10,4,0,0,2,2,0,0,0,0,7.0,1.4,0.4,1.8,4.8
670174,2023-06-12,7,1,2,2,3,0,0,0,1,6.2,1.0,0.2,2.2,3.8
670174,2023-06-14,6,1,1,1,4,0,0,0,0,5.2,1.0,0.6,2.0,2.6
670174,2023-06-18,4,1,0,0,3,0,0,0,0,5.4,0.8,0.8,1.6,3.0
670174,2023-06-19,4,1,0,2,2,0,0,0,0,5.4,0.8,0.6,1.6,3.0
670174,2023-06-24,11,0,1,5,5,0,0,1,0,5.0,0.8,0.6,1.4,2.8
670174,2023-06-28,3,1,1,1,1,0,0,0,0,6.4,0.8,0.8,2.0,3.4
670183,2023-05-16,10,3,2,2,6,0,0,0,1,5.0,2.0,0.0,0.0,5.0
670183,2023-05-21,2,0,0,0,2,0,0,0,0,7.5,2.5,1.0,1.0,5.5
670183,2023-05-25,3,0,1,1,1,0,0,0,0,5.666666666666667,1.6666666666666667,0.6666666666666666,0.6666666666666666,4.333333333333333
670183,2023-05-27,3,0,0,3,0,0,0,0,0,5.0,1.25,0.75,0.75,3.5
670183,2023-05-28,7,0,0,3,3,0,0,0,0,4.6,1.0,0.6,1.2,2.8
670280,2023-05-10,2,0,0,1,1,0,0,0,0,3.0,2.0,0.0,0.0,3.0
670280,2023-05-14,5,2,0,2,3,0,0,0,0,2.5,1.0,0.0,0.5,2.0
670280,2023-05-20,4,1,0,1,3,0,0,0,0,3.3333333333333335,1.3333333333333333,0.0,1.0,2.3333333333333335
670280,2023-05-22,5,2,0,2,3,0,0,0,0,3.5,1.25,0.0,1.0,2.5
670280,2023-05-27,3,1,0,0,3,0,0,0,0,3.8,1.4,0.0,1.2,2.6
670280,2023-05-28,3,1,0,0,3,0,0,0,0,3.8,1.2,0.0,1.2,2.6
670280,2023-05-30,3,2,0,0,3,0,0,0,0,4.0,1.4,0.0,1.0,3.0
670280,2023-06-02,4,1,0,1,3,0,0,0,0,3.6,1.4,0.0,0.6,3.0
670280,2023-06-03,4,0,0,1,3,0,0,0,0,3.6,1.4,0.0,0.6,3.0
670280,2023-06-04,4,1,0,1,3,0,0,0,0,3.4,1.0,0.0,0.4,3.0
670280,2023-06-09,4,0,0,3,1,0,0,0,0,3.6,1.0,0.0,0.6,3.0
670280,2023-06-11,4,1,0,1,3,0,0,0,0,3.8,0.8,0.0,1.2,2.6
670280,2023-06-18,2,0,0,1,1,0,0,0,0,4.0,0.6,0.0,1.4,2.6
670280,2023-06-21,4,1,0,1,3,0,0,0,0,3.6,0.4,0.0,1.4,2.2
670280,2023-06-23,3,2,0,0,3,0,0,0,0,3.6,0.6,0.0,1.4,2.2
670280,2023-06-24,8,0,1,1,6,0,0,0,0,3.4,0.8,0.0,1.2,2.2
670280,2023-06-29,5,3,1,0,4,0,0,0,0,4.2,0.8,0.2,0.8,3.2
670329,2023-05-06,5,1,1,0,4,0,0,0,0,4.0,0.0,0.0,1.0,3.0
670329,2023-05-10,8,0,2,4,2,0,0,0,1,4.5,0.5,0.5,0.5,3.5
670329,2023-06-30,4,0,0,1,3,0,0,0,0,5.666666666666667,0.3333333333333333,1.0,1.6666666666666667,3.0
670712,2023-05-22,4,0,1,0,3,0,0,0,0,2.0,0.0,0.0,1.0,1.0
670712,2023-05-26,3,0,0,0,3,0,0,0,0,3.0,0.0,0.5,0.5,2.0
670810,2023-06-21,3,0,1,1,1,0,0,0,0,10.0,1.0,1.0,4.0,5.0
670810,2023-06-23,7,2,0,1,6,0,0,0,0,6.5,0.5,1.0,2.5,3.0
670912,2023-05-12,23,3,5,4,15,0,0,0,1,26.0,3.0,3.0,10.0,13.0
670912,2023-05-19,23,7,3,2,18,1,1,0,1,24.5,3.0,4.0,7.0,14.0
670912,2023-05-24,25,5,2,6,17,1,1,1,1,24.0,4.333333333333333,3.6666666666666665,5.333333333333333,15.333333333333334
670912,2023-05-30,19,5,5,3,11,1,0,0,1,24.25,4.5,3.25,5.5,15.75
670912,2023-06-05,28,5,2,4,21,1,1,0,1,23.2,4.6,3.6,5.0,14.8
670912,2023-06-10,22,5,2,4,15,1,0,0,1,23.6,5.0,3.4,3.8,16.4
670912,2023-06-15,23,8,1,8,13,1,0,1,0,23.4,5.4,2.8,3.8,16.4
670912,2023-06-20,22,3,0,5,16,0,1,1,0,23.4,5.6,2.4,5.0,15.4
670912,2023-06-25,27,6,0,6,21,1,1,1,0,22.8,5.2,2.0,4.8,15.2
670950,2023-05-09,7,3,2,1,4,0,0,0,1,9.0,2.0,3.0,2.0,4.0
670950,2023-05-14,8,3,1,1,6,0,0,0,0,8.0,2.5,2.5,1.5,4.0
670950,2023-05-19,5,2,0,1,4,0,0,0,0,8.0,2.6666666666666665,2.0,1.3333333333333333,4.666666666666667
670950,2023-05-20,4,0,1,1,2,0,0,0,0,7.25,2.5,1.5,1.25,4.5
670950,2023-05-25,9,3,0,0,9,0,0,0,0,6.6,2.0,1.4,1.2,4.0
670950,2023-05-28,4,3,1,0,3,0,0,0,0,6.6,2.2,0.8,0.8,5.0
670950,2023-05-31,7,3,0,1,6,0,0,0,0,6.0,2.2,0.6,0.6,4.8
670950,2023-06-03,4,2,0,1,3,0,0,0,0,5.8,2.2,0.4,0.6,4.8
670950,2023-06-05,5,2,0,2,3,0,0,0,0,5.6,2.2,0.4,0.6,4.6
670950,2023-06-06,2,1,1,0,1,0,0,0,0,5.8,2.6,0.2,0.8,4.8
670950,2023-06-10,11,7,1,1,9,1,0,0,0,4.4,2.2,0.4,0.8,3.2
670950,2023-06-17,13,2,1,3,9,0,0,0,0,5.8,3.0,0.4,1.0,4.4
670950,2023-06-21,3,1,0,0,3,0,0,0,0,7.0,2.8,0.6,1.4,5.0
670950,2023-06-23,5,1,1,1,3,0,0,0,0,6.8,2.6,0.6,1.2,5.0
670950,2023-06-28,11,5,1,1,9,1,0,0,0,6.8,2.4,0.8,1.0,5.0
670970,2023-06-23,4,0,0,1,3,0,0,0,0,3.0,1.0,0.0,0.0,3.0
670970,2023-06-24,3,0,2,0,1,0,0,0,1,3.5,0.5,0.0,0.5,3.0
670970,2023-06-27,10,4,0,5,5,0,0,1,0,3.3333333333333335,0.3333333333333333,0.6666666666666666,0.3333333333333333,2.3333333333333335
670990,2023-05-06,7,2,1,2,4,0,0,0,0,4.0,0.0,1.0,0.0,3.0
670990,2023-05-09,3,2,0,0,3,0,0,0,0,5.5,1.0,1.0,1.0,3.5
670990,2023-05-16,7,4,0,2,5,0,0,0,0,4.666666666666667,1.3333333333333333,0.6666666666666666,0.6666666666666666,3.3333333333333335
670990,2023-05-19,7,2,0,1,5,0,0,0,0,5.25,2.0,0.5,1.0,3.75
670990,2023-05-21,8,1,1,2,4,0,0,0,0,5.6,2.0,0.4,1.0,4.0
670990,2023-05-26,7,2,1,0,6,0,0,0,0,6.4,2.2,0.4,1.4,4.2
670990,2023-05-31,2,1,0,1,1,0,0,0,0,6.4,2.2,0.4,1.0,4.6
670990,2023-06-02,1,0,0,0,1,0,0,0,0,6.2,2.0,0.4,1.2,4.2
670990,2023-06-03,2,0,0,0,2,0,0,0,0,5.0,1.2,0.4,0.8,3.4
670990,2023-06-04,3,0,0,0,3,0,0,0,0,4.0,0.8,0.4,0.6,2.8
670990,2023-06-06,2,0,0,2,0,0,0,0,0,3.0,0.6,0.2,0.2,2.6
670990,2023-06-13,6,0,1,3,1,0,0,0,0,2.0,0.2,0.0,0.6,1.4
670990,2023-06-14,5,1,1,2,2,0,0,0,0,2.8,0.0,0.2,1.0,1.4
670990,2023-06-19,8,1,1,2,4,0,0,0,0,3.6,0.2,0.4,1.4,1.6
671096,2023-06-10,23,4,3,5,15,0,0,1,1,23.0,6.0,4.0,1.0,18.0
671096,2023-06-16,24,2,2,4,18,0,1,0,1,23.0,5.0,3.5,3.0,16.5
671096,2023-06-21,20,10,0,4,16,1,1,0,0,23.333333333333332,4.0,3.0,3.3333333333333335,17.0
671096,2023-06-27,23,8,3,2,18,1,1,0,1,22.5,5.5,2.25,3.5,16.75
671106,2023-05-12,23,5,2,8,13,1,0,1,1,26.0,3.0,2.0,7.0,17.0
671106,2023-05-18,23,5,1,7,15,1,0,1,0,24.5,4.0,2.0,7.5,15.0
671106,2023-05-23,26,4,1,7,18,0,1,1,0,24.0,4.333333333333333,1.6666666666666667,7.333333333333333,15.0
671106,2023-05-29,25,10,2,3,20,1,1,0,1,24.5,4.25,1.5,7.25,15.75
671106,2023-06-03,24,4,2,7,16,0,1,1,1,24.6,5.4,1.6,6.4,16.6
671106,2023-06-09,26,4,2,9,16,0,1,1,1,24.2,5.6,1.6,6.4,16.4
671106,2023-06-15,17,2,4,4,9,0,0,0,1,24.8,5.4,1.6,6.6,17.0
671106,2023-06-22,17,5,3,2,12,1,0,0,1,23.6,4.8,2.2,6.0,15.8
671106,2023-06-28,17,5,2,3,11,1,0,0,1,21.8,5.0,2.6,5.0,14.6
671345,2023-05-05,5,0,0,4,1,0,0,0,0,3.0,1.0,0.0,0.0,3.0
671345,2023-05-08,2,0,0,0,2,0,0,0,0,4.0,0.5,0.0,2.0,2.0
671345,2023-05-10,3,1,0,0,3,0,0,0,0,3.3333333333333335,0.3333333333333333,0.0,1.3333333333333333,2.0
671345,2023-05-14,4,1,0,1,3,0,0,0,0,3.25,0.5,0.0,1.0,2.25
671345,2023-05-19,3,1,1,0,2,0,0,0,0,3.4,0.6,0.0,1.0,2.4
671345,2023-05-21,3,0,0,2,1,0,0,0,0,3.4,0.6,0.2,1.0,2.2
671345,2023-05-24,6,1,0,2,4,0,0,0,0,3.0,0.6,0.2,0.6,2.2
671345,2023-05-25,3,1,0,0,3,0,0,0,0,3.8,0.8,0.2,1.0,2.6
671345,2023-05-27,2,1,0,1,1,0,0,0,0,3.8,0.8,0.2,1.0,2.6
671345,2023-05-31,4,1,0,2,2,0,0,0,0,3.4,0.8,0.2,1.0,2.2
671345,2023-06-03,4,2,0,1,3,0,0,0,0,3.6,0.8,0.0,1.4,2.2
671345,2023-06-04,4,1,0,0,4,0,0,0,0,3.8,1.2,0.0,1.2,2.6
671345,2023-06-08,3,1,0,0,3,0,0,0,0,3.4,1.2,0.0,0.8,2.6
671345,2023-06-11,8,0,1,4,3,0,0,0,0,3.4,1.2,0.0,0.8,2.6
671345,2023-06-14,3,1,1,0,3,0,0,0,0,4.6,1.0,0.2,1.4,3.0
671345,2023-06-15,3,1,0,0,3,0,0,0,0,4.4,1.0,0.4,1.0,3.2
671345,2023-06-18,7,4,0,1,6,0,0,0,0,4.2,0.8,0.4,0.8,3.2
671345,2023-06-21,5,0,0,2,3,0,0,0,0,4.8,1.4,0.4,1.0,3.6
671345,2023-06-24,6,0,0,3,3,0,0,0,0,5.2,1.2,0.4,1.4,3.6
671345,2023-06-26,3,2,0,0,3,0,0,0,0,4.8,1.2,0.2,1.2,3.6
671345,2023-06-29,3,0,0,0,3,0,0,0,0,4.8,1.4,0.0,1.2,3.6
671737,2023-05-23,21,7,0,9,12,1,0,1,0,20.0,4.0,2.0,3.0,15.0
671737,2023-05-29,21,8,1,3,17,1,1,0,0,20.5,5.5,1.0,6.0,13.5
671737,2023-06-04,22,6,3,6,13,1,0,1,1,20.666666666666668,6.333333333333333,1.0,5.0,14.666666666666666
671737,2023-06-10,18,4,4,4,10,0,0,0,1,21.0,6.25,1.5,5.25,14.25
671737,2023-06-15,20,11,3,4,13,1,0,0,1,20.4,5.8,2.0,5.0,13.4
671737,2023-06-21,21,8,0,3,18,1,1,0,0,20.4,7.2,2.2,5.2,13.0
671737,2023-06-27,21,2,1,8,12,0,0,1,0,20.4,7.4,2.2,4.0,14.2
672282,2023-05-13,19,3,2,6,12,0,0,1,1,21.0,7.0,2.0,7.0,12.0
672282,2023-05-19,22,12,3,2,17,1,1,0,1,20.0,5.0,2.0,6.5,12.0
672282,2023-05-26,26,5,2,10,14,1,0,1,1,20.666666666666668,7.333333333333333,2.3333333333333335,5.0,13.666666666666666
672282,2023-06-01,23,2,2,6,15,0,0,1,1,22.0,6.75,2.25,6.25,13.75
672282,2023-06-08,22,8,2,5,15,1,0,1,1,22.2,5.8,2.2,6.2,14.0
672282,2023-06-14,24,8,3,3,18,1,1,0,1,22.4,6.0,2.2,5.8,14.6
672282,2023-06-20,24,8,1,2,21,1,1,0,0,23.4,7.0,2.4,5.2,15.8
672282,2023-06-26,25,10,2,2,21,1,1,0,1,23.8,6.2,2.0,5.2,16.6
672335,2023-05-04,7,0,0,3,4,0,0,0,0,1.0,0.0,0.0,0.0,1.0
672335,2023-05-06,4,1,0,0,4,0,0,0,0,4.0,0.0,0.0,1.5,2.5
672335,2023-05-07,2,1,0,1,1,0,0,0,0,4.0,0.3333333333333333,0.0,1.0,3.0
672335,2023-05-14,1,0,0,0,1,0,0,0,0,3.5,0.5,0.0,1.0,2.5
672335,2023-05-16,6,2,0,0,6,0,0,0,0,3.0,0.4,0.0,0.8,2.2
672335,2023-05-18,4,0,0,1,3,0,0,0,0,4.0,0.8,0.0,0.8,3.2
672335,2023-05-21,1,0,1,0,0,0,0,0,0,3.4,0.8,0.0,0.4,3.0
672335,2023-05-26,4,0,0,1,3,0,0,0,0,2.8,0.6,0.2,0.4,2.2
672335,2023-05-29,5,0,0,4,1,0,0,0,0,3.2,0.4,0.2,0.4,2.6
672335,2023-05-31,6,0,1,3,2,0,0,0,0,4.0,0.4,0.2,1.2,2.6
672335,2023-06-03,3,1,0,1,2,0,0,0,0,4.0,0.0,0.4,1.8,1.8
672335,2023-06-10,6,1,0,1,5,0,0,0,0,3.8,0.2,0.4,1.8,1.6
672335,2023-06-13,8,0,2,2,4,0,0,0,1,4.8,0.4,0.2,2.0,2.6
672335,2023-06-16,3,0,1,1,1,0,0,0,0,5.6,0.4,0.6,2.2,2.8
672335,2023-06-23,5,3,0,1,4,0,0,0,0,5.2,0.4,0.8,1.6,2.8
672335,2023-06-26,5,0,1,0,3,0,0,0,0,5.0,1.0,0.6,1.2,3.2
672335,2023-06-27,4,1,1,0,3,0,0,0,0,5.4,0.8,0.8,1.0,3.4
672335,2023-06-30,4,1,0,1,3,0,0,0,0,5.0,0.8,1.0,0.8,3.0
672391,2023-06-05,4,1,1,0,3,0,0,0,0,6.0,3.0,0.0,0.0,6.0
672391,2023-06-18,8,4,1,2,5,0,0,0,0,5.0,2.0,0.5,0.0,4.5
672391,2023-06-21,2,0,0,1,1,0,0,0,0,6.0,2.6666666666666665,0.6666666666666666,0.6666666666666666,4.666666666666667
672391,2023-06-25,3,1,0,1,2,0,0,0,0,5.0,2.0,0.5,0.75,3.75
672391,2023-06-28,8,1,0,2,6,0,0,0,0,4.6,1.8,0.4,0.8,3.4
672391,2023-06-30,3,1,0,0,3,0,0,0,0,5.0,1.4,0.4,1.2,3.4
672578,2023-05-05,4,2,0,1,3,0,0,0,0,6.0,2.0,2.0,1.0,3.0
672578,2023-05-07,5,1,1,0,4,0,0,0,0,5.0,2.0,1.0,1.0,3.0
672578,2023-05-11,3,0,0,0,3,0,0,0,0,5.0,1.6666666666666667,1.0,0.6666666666666666,3.3333333333333335
672578,2023-05-13,4,0,0,2,2,0,0,0,0,4.5,1.25,0.75,0.5,3.25
672578,2023-05-14,3,2,0,0,3,0,0,0,0,4.4,1.0,0.6,0.8,3.0
672578,2023-05-17,8,4,0,2,6,0,0,0,0,3.8,1.0,0.2,0.6,3.0
672578,2023-05-21,6,3,0,0,6,0,0,0,0,4.6,1.4,0.2,0.8,3.6
672578,2023-05-24,3,3,0,0,3,0,0,0,0,4.8,1.8,0.0,0.8,4.0
672578,2023-05-27,7,2,0,1,6,0,0,0,0,4.8,2.4,0.0,0.8,4.0
672578,2023-05-30,5,2,0,2,3,0,0,0,0,5.4,2.8,0.0,0.6,4.8
672578,2023-06-02,4,0,0,3,1,0,0,0,0,5.8,2.8,0.0,1.0,4.8
672578,2023-06-05,6,3,0,0,6,0,0,0,0,5.0,2.0,0.0,1.2,3.8
672578,2023-06-09,3,1,0,0,3,0,0,0,0,5.0,2.0,0.0,1.2,3.8
672578,2023-06-11,7,0,1,3,3,0,0,0,0,5.0,1.6,0.0,1.2,3.8
672578,2023-06-12,1,0,0,0,1,0,0,0,0,5.0,1.2,0.2,1.6,3.2
672578,2023-06-16,6,2,1,1,4,0,0,0,0,4.2,0.8,0.2,1.2,2.8
672578,2023-06-18,3,0,0,0,3,0,0,0,0,4.6,1.2,0.4,0.8,3.4
672578,2023-06-22,4,2,1,0,3,0,0,0,0,4.0,0.6,0.4,0.8,2.8
672578,2023-06-24,3,1,0,0,3,0,0,0,0,4.2,0.8,0.6,0.8,2.8
672578,2023-06-27,4,1,0,1,3,0,0,0,0,3.4,1.0,0.4,0.2,2.8
672578,2023-06-29,3,0,0,0,3,0,0,0,0,4.0,1.2,0.4,0.4,3.2
672710,2023-05-07,26,4,3,9,14,0,0,1,1,22.0,3.0,4.0,6.0,12.0
672710,2023-05-13,27,1,1,5,21,0,1,1,0,24.0,3.5,3.5,7.5,13.0
672710,2023-05-21,19,3,3,3,13,0,0,0,1,25.0,2.6666666666666665,2.6666666666666665,6.666666666666667,15.666666666666666
672710,2023-05-28,7,1,0,1,6,0,0,0,0,23.5,2.75,2.75,5.75,15.0
672710,2023-06-02,18,6,0,7,11,1,0,1,0,20.2,2.4,2.2,4.8,13.2
672710,2023-06-07,9,1,2,6,1,0,0,1,1,19.4,3.0,1.4,5.0,13.0
672710,2023-06-14,9,1,2,3,4,0,0,0,1,16.0,2.4,1.2,4.4,10.4
672710,2023-06-17,6,1,0,0,6,0,0,0,0,12.4,2.4,1.4,4.0,7.0
672710,2023-06-21,6,3,1,1,4,0,0,0,0,9.8,2.0,0.8,3.4,5.6
672710,2023-06-24,4,0,0,1,3,0,0,0,0,9.6,2.4,1.0,3.4,5.2
672710,2023-06-27,10,3,1,2,7,0,0,0,0,6.8,1.2,1.0,2.2,3.6
672730,2023-05-09,4,2,0,1,3,0,0,0,0,3.0,0.0,0.0,0.0,3.0
672730,2023-05-10,4,0,0,1,3,0,0,0,0,3.5,1.0,0.0,0.5,3.0
672730,2023-05-14,6,0,1,1,4,0,0,0,0,3.6666666666666665,0.6666666666666666,0.0,0.6666666666666666,3.0
672730,2023-05-16,7,1,0,3,4,0,0,0,0,4.25,0.5,0.25,0.75,3.25
672730,2023-05-21,1,1,0,0,1,0,0,0,0,4.8,0.6,0.2,1.2,3.4
672730,2023-05-22,6,0,1,1,4,0,0,0,0,4.4,0.8,0.2,1.2,3.0
672730,2023-05-26,7,0,0,3,4,0,0,0,0,4.8,0.4,0.4,1.2,3.2
672730,2023-05-29,9,1,0,4,5,0,0,0,0,5.4,0.4,0.4,1.6,3.4
673540,2023-05-11,21,7,1,8,12,1,0,1,0,24.0,4.0,4.0,2.0,18.0
673540,2023-05-17,24,12,3,3,18,1,1,0,1,22.5,5.5,2.5,5.0,15.0
673540,2023-05-24,26,6,5,6,15,1,0,1,1,23.0,7.666666666666667,2.6666666666666665,4.333333333333333,16.0
673540,2023-05-30,22,9,0,1,21,1,1,0,0,23.75,7.25,3.25,4.75,15.75
673540,2023-06-04,16,3,5,4,7,0,0,0,1,23.4,7.6,2.6,4.0,16.8
673540,2023-06-10,24,6,4,2,18,1,1,0,1,21.8,7.4,2.8,4.4,14.6
673540,2023-06-17,27,8,1,5,20,1,1,1,0,22.4,7.2,3.4,3.2,15.8
673540,2023-06-23,24,6,3,5,16,1,1,1,1,23.0,6.4,3.0,3.6,16.2
673540,2023-06-28,23,8,2,5,15,1,0,1,1,22.6,6.4,2.6,3.4,16.4
674003,2023-05-28,19,5,1,5,13,1,0,1,0,22.0,3.0,2.0,7.0,13.0
674003,2023-06-13,16,3,1,2,13,0,0,0,0,20.5,4.0,1.5,6.0,13.0
674003,2023-06-26,2,1,0,0,2,0,0,0,0,19.0,3.6666666666666665,1.3333333333333333,4.666666666666667,13.0
674003,2023-06-29,20,8,3,4,13,1,0,0,1,14.75,3.0,1.0,3.5,10.25
674072,2023-05-11,25,2,2,5,17,0,1,1,1,24.0,3.0,2.0,6.0,16.0
674072,2023-05-16,21,4,3,6,12,0,0,1,1,24.5,2.5,2.0,5.5,16.5
674072,2023-05-22,23,5,2,4,17,1,1,0,1,23.333333333333332,3.0,2.3333333333333335,5.666666666666667,15.0
674072,2023-05-27,5,0,0,1,4,0,0,0,0,23.25,3.5,2.25,5.25,15.5
674072,2023-05-31,21,7,2,2,17,1,1,0,1,19.6,2.8,1.8,4.4,13.2
674072,2023-06-06,22,2,3,5,13,0,0,1,1,19.0,3.6,1.8,3.6,13.4
674072,2023-06-12,23,6,1,9,13,1,0,1,0,18.4,3.6,2.0,3.6,12.6
674072,2023-06-17,27,3,2,7,18,0,1,1,1,18.8,4.0,1.6,4.2,12.8
674072,2023-06-22,26,5,1,7,18,1,1,1,0,19.6,3.6,1.6,4.8,13.0
674072,2023-06-30,23,8,2,4,17,1,1,0,1,23.8,4.6,1.8,6.0,15.8
674285,2023-05-26,8,0,0,2,6,0,0,0,0,6.0,1.0,1.0,2.0,3.0
674285,2023-05-30,6,0,1,4,1,0,0,0,0,7.0,0.5,0.5,2.0,4.5
674285,2023-06-03,10,1,0,1,8,0,0,0,0,6.666666666666667,0.3333333333333333,0.6666666666666666,2.6666666666666665,3.3333333333333335
674285,2023-06-06,3,2,0,0,3,0,0,0,0,7.5,0.5,0.5,2.25,4.5
674285,2023-06-08,10,1,1,3,6,0,0,0,0,6.6,0.8,0.4,1.8,4.2
674285,2023-06-26,8,0,1,3,3,0,0,0,0,7.4,0.8,0.4,2.0,4.8
674370,2023-06-19,26,7,2,5,18,1,1,1,1,19.0,6.0,3.0,4.0,12.0
674370,2023-06-24,26,5,0,9,17,1,1,1,0,22.5,6.5,2.5,4.5,15.0
674370,2023-06-30,17,0,1,4,10,0,0,0,0,23.666666666666668,6.0,1.6666666666666667,6.0,15.666666666666666
675540,2023-05-08,9,1,0,4,6,0,0,0,0,5.0,1.0,1.0,1.0,3.0
675540,2023-05-16,7,0,0,3,4,0,0,0,0,7.0,1.0,0.5,2.5,4.5
675540,2023-05-17,7,3,0,1,6,0,0,0,0,7.0,0.6666666666666666,0.3333333333333333,2.6666666666666665,4.333333333333333
675540,2023-05-23,5,2,1,1,3,0,0,0,0,7.0,1.25,0.25,2.25,4.75
675540,2023-05-28,11,0,0,2,9,0,0,0,0,6.6,1.4,0.4,2.0,4.4
675540,2023-05-31,5,0,1,1,3,0,0,0,0,7.8,1.2,0.2,2.2,5.6
675540,2023-06-08,7,2,0,3,4,0,0,0,0,7.0,1.0,0.4,1.6,5.0
675540,2023-06-09,4,0,0,1,3,0,0,0,0,7.0,1.4,0.4,1.6,5.0
675540,2023-06-13,6,2,0,0,6,0,0,0,0,6.4,0.8,0.4,1.6,4.4
675540,2023-06-14,5,0,1,1,3,0,0,0,0,6.6,0.8,0.2,1.4,5.0
675540,2023-06-16,11,1,0,6,5,0,0,1,0,5.4,0.8,0.4,1.2,3.8
675540,2023-06-23,12,2,1,2,9,0,0,0,0,6.6,1.0,0.2,2.2,4.2
675540,2023-06-30,12,1,0,3,8,0,0,0,0,7.6,1.0,0.4,2.0,5.2
675627,2023-06-09,20,2,1,7,12,0,0,1,0,19.0,7.0,0.0,4.0,15.0
675627,2023-06-15,23,7,1,7,15,1,0,1,0,19.5,4.5,0.5,5.5,13.5
675627,2023-06-23,5,1,1,0,4,0,0,0,0,20.666666666666668,5.333333333333333,0.6666666666666666,6.0,14.0
675627,2023-06-28,23,3,2,8,14,0,0,1,1,16.75,4.25,0.75,4.5,11.5
675911,2023-05-06,19,10,0,4,15,1,0,0,0,24.0,8.0,3.0,5.0,15.0
675911,2023-05-12,26,12,1,5,19,1,1,1,0,21.5,9.0,1.5,4.5,15.0
675911,2023-05-17,23,7,3,6,14,1,0,1,1,23.0,10.0,1.3333333333333333,4.666666666666667,16.333333333333332
675911,2023-05-23,25,11,2,5,18,1,1,1,1,23.0,9.25,1.75,5.0,15.75
675911,2023-05-28,21,9,1,2,18,1,1,0,0,23.4,9.6,1.8,5.0,16.2
675911,2023-06-03,22,7,4,3,15,1,0,0,1,22.8,9.8,1.4,4.4,16.8
675911,2023-06-08,22,8,2,8,12,1,0,1,1,23.4,9.2,2.2,4.2,16.8
675911,2023-06-14,24,6,2,7,14,1,0,1,1,22.6,8.4,2.4,4.8,15.4
675911,2023-06-20,25,9,0,8,18,1,1,1,0,22.8,8.2,2.2,5.0,15.4
675911,2023-06-26,26,10,2,3,21,1,1,0,1,22.8,7.8,1.8,5.6,15.4
675916,2023-05-06,1,1,0,0,1,0,0,0,0,6.0,1.0,1.0,2.0,3.0
675916,2023-05-07,4,1,1,0,3,0,0,0,0,3.5,1.0,0.5,1.0,2.0
675916,2023-05-09,4,2,2,0,2,0,0,0,1,3.6666666666666665,1.0,0.6666666666666666,0.6666666666666666,2.3333333333333335
675916,2023-05-12,5,2,2,0,3,0,0,0,1,3.75,1.25,1.0,0.5,2.25
675916,2023-05-14,1,0,0,0,1,0,0,0,0,4.0,1.4,1.2,0.4,2.4
675916,2023-05-19,5,3,1,1,3,0,0,0,0,3.0,1.2,1.0,0.0,2.0
675916,2023-05-23,3,1,0,0,3,0,0,0,0,3.8,1.6,1.2,0.2,2.4
675916,2023-05-24,3,2,0,0,3,0,0,0,0,3.6,1.6,1.0,0.2,2.4
675916,2023-05-27,3,0,3,0,0,0,0,0,1,3.4,1.6,0.6,0.2,2.6
675916,2023-05-30,3,1,0,0,3,0,0,0,0,3.0,1.2,0.8,0.2,2.0
675916,2023-06-01,3,0,0,0,3,0,0,0,0,3.4,1.4,0.8,0.2,2.4
675916,2023-06-03,3,2,0,0,3,0,0,0,0,3.0,0.8,0.6,0.0,2.4
675916,2023-06-04,4,2,0,1,3,0,0,0,0,3.0,1.0,0.6,0.0,2.4
675916,2023-06-06,2,1,0,0,2,0,0,0,0,3.2,1.0,0.6,0.2,2.4
675916,2023-06-08,2,0,1,0,1,0,0,0,0,3.0,1.2,0.0,0.2,2.8
675916,2023-06-09,6,1,2,1,3,0,0,0,1,2.8,1.0,0.2,0.2,2.4
675989,2023-05-06,10,1,3,2,4,0,0,0,1,10.0,3.0,0.0,4.0,6.0
675989,2023-05-29,9,0,2,6,1,0,0,1,1,10.0,2.0,1.5,3.0,5.0
675989,2023-06-02,11,2,4,2,5,0,0,0,1,9.666666666666666,1.3333333333333333,1.6666666666666667,4.0,3.6666666666666665
675989,2023-06-28,6,1,1,2,3,0,0,0,0,10.0,1.5,2.25,3.5,4.0
676254,2023-05-24,6,4,0,0,6,0,0,0,0,6.0,0.0,0.0,3.0,3.0
676254,2023-05-28,3,1,0,0,3,0,0,0,0,6.0,2.0,0.0,1.5,4.5
676254,2023-05-30,3,0,1,0,2,0,0,0,0,5.0,1.6666666666666667,0.0,1.0,4.0
676254,2023-05-31,7,1,0,3,4,0,0,0,0,4.5,1.25,0.25,0.75,3.5
676254,2023-06-04,3,2,0,0,3,0,0,0,0,5.0,1.2,0.2,1.2,3.6
676254,2023-06-06,3,2,0,0,3,0,0,0,0,4.4,1.6,0.2,0.6,3.6
676254,2023-06-09,6,1,1,2,2,0,0,0,0,3.8,1.2,0.2,0.6,3.0
676254,2023-06-11,11,2,0,2,9,0,0,0,0,4.4,1.2,0.4,1.0,2.8
676254,2023-06-14,4,2,0,1,3,0,0,0,0,6.0,1.6,0.2,1.4,4.2
676254,2023-06-16,6,0,0,2,4,0,0,0,0,5.4,1.8,0.2,1.0,4.0
676254,2023-06-19,8,0,1,3,4,0,0,0,0,6.0,1.4,0.2,1.4,4.2
676254,2023-06-21,3,1,2,0,1,0,0,0,1,7.0,1.0,0.4,2.0,4.4
676254,2023-06-24,6,2,1,2,3,0,0,0,0,6.4,1.0,0.6,1.6,4.2
676254,2023-06-25,4,2,1,1,2,0,0,0,0,5.4,1.0,0.8,1.6,3.0
676254,2023-06-27,5,3,0,2,3,0,0,0,0,5.4,1.0,1.0,1.6,2.8
676265,2023-05-14,8,1,1,1,6,0,0,0,0,9.0,1.0,1.0,2.0,6.0
676265,2023-06-18,10,2,0,1,9,0,0,0,0,8.5,1.0,1.0,1.5,6.0
676265,2023-06-22,7,2,0,3,4,0,0,0,0,9.0,1.3333333333333333,0.6666666666666666,1.3333333333333333,7.0
676265,2023-06-26,17,5,4,3,10,1,0,0,1,8.5,1.5,0.5,1.75,6.25
676272,2023-05-29,22,4,1,4,17,0,1,0,0,20.0,5.0,1.0,4.0,15.0
676272,2023-06-04,21,7,2,1,18,1,1,0,1,21.0,4.5,1.0,4.0,16.0
676272,2023-06-10,22,7,3,3,16,1,1,0,1,21.0,5.333333333333333,1.3333333333333333,3.0,16.666666666666668
676272,2023-06-17,26,5,3,7,15,1,0,1,1,21.25,5.75,1.75,3.0,16.5
676272,2023-06-24,22,3,3,10,9,0,0,1,1,22.2,5.6,2.0,3.8,16.2
676272,2023-06-30,24,4,1,5,17,0,1,1,0,22.6,5.2,2.4,5.0,15.0
676440,2023-05-08,20,2,4,7,9,0,0,1,1,20.0,5.0,0.0,4.0,16.0
676440,2023-05-14,25,7,0,2,22,1,1,0,0,20.0,3.5,2.0,5.5,12.5
676440,2023-05-21,27,3,4,7,16,0,1,1,1,21.666666666666668,4.666666666666667,1.3333333333333333,4.333333333333333,15.666666666666666
676440,2023-05-27,21,9,1,2,18,1,1,0,0,23.0,4.25,2.0,5.0,15.75
676440,2023-06-01,23,6,1,6,15,1,0,1,0,22.6,5.2,1.8,4.4,16.2
676440,2023-06-07,21,2,2,4,15,0,0,0,1,23.2,5.4,2.0,4.8,16.0
676440,2023-06-13,22,3,2,8,12,0,0,1,1,23.4,5.4,1.6,4.2,17.2
676440,2023-06-18,25,6,3,7,15,1,0,1,1,22.8,4.6,2.0,5.4,15.2
676440,2023-06-24,24,7,4,3,17,1,1,0,1,22.4,5.2,1.8,5.4,15.0
676477,2023-06-03,21,5,2,6,13,1,0,1,1,18.0,4.0,0.0,3.0,15.0
676477,2023-06-09,26,6,1,7,18,1,1,1,0,19.5,4.5,1.0,4.5,14.0
676477,2023-06-14,24,7,1,6,17,1,1,1,0,21.666666666666668,5.0,1.0,5.333333333333333,15.333333333333334
676477,2023-06-21,28,6,0,8,20,1,1,1,0,22.25,5.5,1.0,5.5,15.75
676477,2023-06-27,26,7,0,11,14,1,0,1,0,23.4,5.6,0.8,6.0,16.6
676534,2023-05-26,5,1,2,1,2,0,0,0,1,4.0,0.0,1.0,0.0,3.0
676534,2023-05-30,4,2,0,0,4,0,0,0,0,4.5,0.5,1.5,0.5,2.5
676534,2023-06-03,5,1,1,1,3,0,0,0,0,4.333333333333333,1.0,1.0,0.3333333333333333,3.0
676534,2023-06-05,5,1,1,1,3,0,0,0,0,4.5,1.0,1.0,0.5,3.0
676596,2023-05-07,26,1,4,7,15,0,0,1,1,15.0,1.0,3.0,2.0,10.0
676596,2023-05-12,12,2,1,3,8,0,0,0,0,20.5,1.0,3.5,4.5,12.5
676596,2023-05-17,18,2,2,3,13,0,0,0,1,17.666666666666668,1.3333333333333333,2.6666666666666665,4.0,11.0
676596,2023-05-22,20,2,1,5,14,0,0,1,0,17.75,1.5,2.5,3.75,11.5
676596,2023-05-28,29,3,1,12,16,0,1,1,0,18.2,1.6,2.2,4.0,12.0
676664,2023-05-08,22,4,0,6,16,0,1,1,0,21.0,7.0,2.0,4.0,15.0
676664,2023-05-14,21,6,1,5,14,1,0,1,0,21.5,5.5,1.0,5.0,15.5
676664,2023-05-20,24,7,1,5,18,1,1,1,0,21.333333333333332,5.666666666666667,1.0,5.0,15.0
676664,2023-05-25,18,1,0,3,14,0,0,0,0,22.0,6.0,1.0,5.0,15.75
676664,2023-05-30,20,2,1,4,15,0,0,0,0,21.2,5.0,0.8,4.6,15.4
676664,2023-06-05,21,6,5,2,14,1,0,0,1,21.0,4.0,0.6,4.6,15.4
676664,2023-06-11,21,5,0,6,14,1,0,1,0,20.8,4.4,1.6,3.8,15.0
676664,2023-06-16,26,7,0,4,21,1,1,0,0,20.8,4.2,1.4,4.0,15.0
676664,2023-06-22,24,8,1,4,20,1,1,0,0,21.2,4.2,1.2,3.8,15.6
676664,2023-06-28,20,5,3,5,12,1,0,1,1,22.4,5.6,1.4,4.0,16.8
676680,2023-05-11,3,1,0,0,3,0,0,0,0,3.0,0.0,0.0,0.0,3.0
676680,2023-05-13,5,1,1,0,4,0,0,0,0,3.0,0.5,0.0,0.0,3.0
676680,2023-05-14,2,0,0,0,2,0,0,0,0,3.6666666666666665,0.6666666666666666,0.3333333333333333,0.0,3.3333333333333335
676680,2023-05-17,2,1,0,1,1,0,0,0,0,3.25,0.5,0.25,0.0,3.0
676680,2023-05-19,8,1,0,2,6,0,0,0,0,3.0,0.6,0.2,0.2,2.6
676680,2023-05-21,3,2,0,0,3,0,0,0,0,4.0,0.8,0.2,0.6,3.2
676680,2023-05-24,5,2,0,1,4,0,0,0,0,4.0,1.0,0.2,0.6,3.2
676680,2023-06-01,3,1,0,0,3,0,0,0,0,4.0,1.2,0.0,0.8,3.2
676680,2023-06-02,3,2,0,0,3,0,0,0,0,4.2,1.4,0.0,0.8,3.4
676680,2023-06-04,2,1,0,0,1,0,0,0,0,4.4,1.6,0.0,0.6,3.8
676680,2023-06-06,4,1,1,0,3,0,0,0,0,3.2,1.6,0.0,0.2,2.8
676680,2023-06-09,5,2,0,1,4,0,0,0,0,3.4,1.4,0.2,0.2,2.8
676680,2023-06-11,3,0,0,1,2,0,0,0,0,3.4,1.4,0.2,0.2,2.8
676680,2023-06-15,5,0,0,1,4,0,0,0,0,3.4,1.2,0.2,0.4,2.6
676684,2023-05-06,5,0,2,0,3,0,0,0,1,6.0,2.0,0.0,1.0,5.0
676684,2023-05-08,4,1,0,2,2,0,0,0,0,5.5,1.0,1.0,0.5,4.0
676684,2023-05-12,3,0,0,0,3,0,0,0,0,5.0,1.0,0.6666666666666666,1.0,3.3333333333333335
676684,2023-05-13,4,1,2,1,1,0,0,0,1,4.5,0.75,0.5,0.75,3.25
676684,2023-05-16,6,3,0,0,6,0,0,0,0,4.4,0.8,0.8,0.8,2.8
676684,2023-05-20,5,0,0,2,3,0,0,0,0,4.4,1.0,0.8,0.6,3.0
676684,2023-05-22,4,0,1,0,3,0,0,0,0,4.4,1.0,0.4,1.0,3.0
676684,2023-05-24,4,2,0,0,4,0,0,0,0,4.4,0.8,0.6,0.6,3.2
676684,2023-05-27,2,1,0,1,1,0,0,0,0,4.6,1.2,0.6,0.6,3.4
676684,2023-05-28,4,1,1,2,1,0,0,0,0,4.2,1.2,0.2,0.6,3.4
676684,2023-05-31,5,1,0,0,5,0,0,0,0,3.8,0.8,0.4,1.0,2.4
676684,2023-06-02,4,1,0,2,2,0,0,0,0,3.8,1.0,0.4,0.6,2.8
676684,2023-06-04,7,1,1,3,3,0,0,0,0,3.8,1.2,0.2,1.0,2.6
676684,2023-06-06,6,3,0,0,6,0,0,0,0,4.4,1.0,0.4,1.6,2.4
676684,2023-06-09,3,0,1,1,1,0,0,0,0,5.2,1.4,0.4,1.4,3.4
676684,2023-06-11,4,0,0,1,3,0,0,0,0,5.0,1.2,0.4,1.2,3.4
676684,2023-06-15,3,1,0,0,3,0,0,0,0,4.8,1.0,0.4,1.4,3.0
676684,2023-06-16,3,2,0,0,3,0,0,0,0,4.6,1.0,0.4,1.0,3.2
676684,2023-06-18,4,0,0,2,2,0,0,0,0,3.8,1.2,0.2,0.4,3.2
676684,2023-06-21,4,1,0,1,3,0,0,0,0,3.4,0.6,0.2,0.8,2.4
676684,2023-06-25,3,0,0,1,2,0,0,0,0,3.6,0.8,0.0,0.8,2.8
676684,2023-06-26,4,3,0,1,3,0,0,0,0,3.4,0.8,0.0,0.8,2.6
676710,2023-05-22,9,3,1,2,6,0,0,0,0,6.0,0.0,1.0,1.0,4.0
676710,2023-05-27,7,3,0,0,7,0,0,0,0,7.5,1.5,1.0,1.5,5.0
676710,2023-05-31,5,0,2,1,2,0,0,0,1,7.333333333333333,2.0,0.6666666666666666,1.0,5.666666666666667
676710,2023-06-03,11,3,0,2,9,0,0,0,0,6.75,1.5,1.0,1.0,4.75
676710,2023-06-07,13,3,0,6,8,0,0,1,0,7.6,1.8,0.8,1.2,5.6
676710,2023-06-13,19,5,3,5,11,1,0,1,1,9.0,2.4,0.6,2.2,6.4
676710,2023-06-20,19,5,0,6,13,1,0,1,0,11.0,2.8,1.0,2.8,7.4
676710,2023-06-25,23,4,1,5,16,0,1,1,0,13.4,3.2,1.0,4.0,8.6
676714,2023-05-14,1,0,0,0,1,0,0,0,0,4.0,0.0,0.0,1.0,3.0
676714,2023-05-15,1,0,0,0,1,0,0,0,0,2.5,0.0,0.0,0.5,2.0
676714,2023-05-17,3,0,0,2,1,0,0,0,0,2.0,0.0,0.0,0.3333333333333333,1.6666666666666667
676714,2023-05-21,3,2,1,0,2,0,0,0,0,2.25,0.0,0.0,0.75,1.5
676714,2023-05-25,2,1,0,0,2,0,0,0,0,2.4,0.4,0.2,0.6,1.6
676714,2023-05-27,5,1,0,1,3,0,0,0,0,2.0,0.6,0.2,0.4,1.4
676714,2023-05-28,6,2,1,1,4,0,0,0,0,2.8,0.8,0.2,0.6,1.8
676714,2023-06-02,3,1,1,0,2,0,0,0,0,3.8,1.2,0.4,0.8,2.4
676714,2023-06-04,3,1,0,0,3,0,0,0,0,3.8,1.4,0.6,0.4,2.6
676714,2023-06-06,4,0,2,2,0,0,0,0,1,3.8,1.2,0.4,0.4,2.8
676714,2023-06-11,5,0,0,3,2,0,0,0,0,4.2,1.0,0.8,0.8,2.4
676760,2023-05-03,5,2,0,0,5,0,0,0,0,3.0,0.0,1.0,0.0,2.0
676760,2023-05-06,5,1,0,1,4,0,0,0,0,4.0,1.0,0.5,0.0,3.5
676760,2023-05-08,5,1,2,2,1,0,0,0,1,4.333333333333333,1.0,0.3333333333333333,0.3333333333333333,3.6666666666666665
676760,2023-05-11,4,0,0,2,1,0,0,0,0,4.5,1.0,0.75,0.75,3.0
676760,2023-05-13,3,0,0,1,1,0,0,0,0,4.4,0.8,0.6,1.0,2.6
676760,2023-05-14,3,2,0,0,3,0,0,0,0,4.4,0.8,0.4,1.2,2.4
676760,2023-05-16,7,1,0,4,3,0,0,0,0,4.0,0.8,0.4,1.2,2.0
676760,2023-05-18,3,0,0,0,3,0,0,0,0,4.4,0.8,0.4,1.8,1.8
676760,2023-05-20,7,3,1,0,6,0,0,0,0,4.0,0.6,0.0,1.4,2.2
676760,2023-05-23,8,2,1,1,6,0,0,0,0,4.6,1.2,0.2,1.0,3.2
676760,2023-05-26,6,1,1,1,3,0,0,0,0,5.6,1.6,0.4,1.0,4.2
676760,2023-05-28,4,1,0,0,3,0,0,0,0,6.2,1.4,0.6,1.2,4.2
676760,2023-05-29,2,2,0,0,2,0,0,0,0,5.6,1.4,0.6,0.4,4.2
676760,2023-05-31,1,0,0,1,0,0,0,0,0,5.4,1.8,0.6,0.4,4.0
676760,2023-06-08,8,4,1,0,7,0,0,0,0,4.2,1.2,0.4,0.6,2.8
676760,2023-06-11,4,0,0,1,3,0,0,0,0,4.2,1.6,0.4,0.4,3.0
676760,2023-06-13,5,0,1,1,3,0,0,0,0,3.8,1.4,0.2,0.4,3.0
676760,2023-06-14,2,0,0,1,0,0,0,0,0,4.0,1.2,0.4,0.6,3.0
676760,2023-06-18,3,2,0,1,2,0,0,0,0,4.0,0.8,0.4,0.8,2.6
676760,2023-06-24,5,2,1,1,3,0,0,0,0,4.4,1.2,0.4,0.8,3.0
676760,2023-06-25,4,0,0,1,3,0,0,0,0,3.8,0.8,0.4,1.0,2.2
676760,2023-06-29,2,1,0,0,2,0,0,0,0,3.8,0.8,0.4,1.0,2.2
676775,2023-06-19,18,4,0,3,15,0,0,0,0,15.0,2.0,3.0,1.0,10.0
676775,2023-06-24,14,3,0,5,9,0,0,1,0,16.5,3.0,1.5,2.0,12.5
676775,2023-06-29,23,3,1,3,17,0,1,0,0,15.666666666666666,3.0,1.0,3.0,11.333333333333334
676979,2023-05-20,3,0,1,1,1,0,0,0,0,3.0,0.0,0.0,0.0,3.0
676979,2023-05-22,3,0,1,0,2,0,0,0,0,3.0,0.0,0.5,0.5,2.0
676979,2023-05-25,11,3,4,1,5,0,0,0,1,3.0,0.0,0.6666666666666666,0.3333333333333333,2.0
676979,2023-05-28,9,0,3,1,5,0,0,0,1,5.0,0.75,1.5,0.5,2.75
676979,2023-05-31,6,1,0,3,3,0,0,0,0,5.8,0.6,1.8,0.6,3.2
676979,2023-06-08,3,0,0,0,3,0,0,0,0,6.4,0.8,1.8,1.2,3.2
676979,2023-06-10,3,2,0,1,2,0,0,0,0,6.4,0.8,1.6,1.0,3.6
676979,2023-06-13,7,3,0,2,5,0,0,0,0,6.4,1.2,1.4,1.2,3.6
676979,2023-06-15,3,0,2,1,0,0,0,0,1,5.6,1.2,0.6,1.4,3.6
677020,2023-06-11,3,1,0,1,2,0,0,0,0,5.0,0.0,2.0,0.0,3.0
677020,2023-06-13,3,1,0,2,1,0,0,0,0,4.0,0.5,1.0,0.5,2.5
677020,2023-06-16,6,3,0,0,6,0,0,0,0,3.6666666666666665,0.6666666666666666,0.6666666666666666,1.0,2.0
677020,2023-06-21,5,0,1,1,3,0,0,0,0,4.25,1.25,0.5,0.75,3.0
677020,2023-06-23,3,0,1,1,1,0,0,0,0,4.4,1.0,0.6,0.8,3.0
677020,2023-06-25,3,0,2,1,0,0,0,0,1,4.0,1.0,0.4,1.0,2.6
677053,2023-05-06,4,2,0,1,3,0,0,0,0,4.0,2.0,0.0,1.0,4.0
677053,2023-05-07,3,1,0,0,3,0,0,0,0,4.0,2.0,0.0,1.0,3.5
677053,2023-05-08,5,0,1,2,2,0,0,0,0,3.6666666666666665,1.6666666666666667,0.0,0.6666666666666666,3.3333333333333335
677053,2023-05-13,3,2,0,0,3,0,0,0,0,4.0,1.25,0.25,1.0,3.0
677053,2023-05-16,3,1,0,0,3,0,0,0,0,3.8,1.4,0.2,0.8,3.0
677053,2023-05-17,5,1,0,2,3,0,0,0,0,3.6,1.2,0.2,0.6,2.8
677053,2023-05-19,3,2,0,0,3,0,0,0,0,3.8,1.0,0.2,0.8,2.8
677053,2023-05-21,5,0,1,1,3,0,0,0,0,3.8,1.2,0.2,0.8,2.8
677053,2023-05-23,4,1,0,1,3,0,0,0,0,3.8,1.2,0.2,0.6,3.0
677053,2023-05-25,2,1,0,0,2,0,0,0,0,4.0,1.0,0.2,0.8,3.0
677053,2023-05-26,2,0,1,0,1,0,0,0,0,3.8,1.0,0.2,0.8,2.8
677053,2023-05-28,3,1,0,1,2,0,0,0,0,3.2,0.8,0.4,0.4,2.4
677053,2023-05-30,1,1,0,0,1,0,0,0,0,3.2,0.6,0.4,0.6,2.2
677053,2023-06-02,3,1,0,0,3,0,0,0,0,2.4,0.8,0.2,0.4,1.8
677053,2023-06-05,4,2,0,0,4,0,0,0,0,2.2,0.8,0.2,0.2,1.8
677053,2023-06-07,3,1,0,0,3,0,0,0,0,2.6,1.0,0.2,0.2,2.2
677053,2023-06-09,4,2,0,1,3,0,0,0,0,2.8,1.2,0.0,0.2,2.6
677053,2023-06-16,6,3,0,1,5,0,0,0,0,3.0,1.4,0.0,0.2,2.8
677053,2023-06-18,4,2,0,1,3,0,0,0,0,4.0,1.8,0.0,0.4,3.6
677053,2023-06-22,5,1,1,2,2,0,0,0,0,4.2,2.0,0.0,0.6,3.6
677053,2023-06-24,3,3,0,0,3,0,0,0,0,4.4,1.8,0.2,1.0,3.2
677053,2023-06-25,4,1,0,1,3,0,0,0,0,4.4,2.2,0.2,1.0,3.2
677053,2023-06-28,1,1,0,0,1,0,0,0,0,4.4,2.0,0.2,1.0,3.2
677053,2023-06-29,2,1,0,0,2,0,0,0,0,3.4,1.6,0.2,0.8,2.4
677865,2023-05-14,4,2,0,1,3,0,0,0,0,5.0,2.0,0.0,0.0,5.0
677865,2023-05-15,4,2,0,1,3,0,0,0,0,4.5,2.0,0.0,0.5,4.0
677865,2023-05-16,9,2,0,3,6,0,0,0,0,4.333333333333333,2.0,0.0,0.6666666666666666,3.6666666666666665
677865,2023-05-20,3,1,0,0,3,0,0,0,0,5.5,2.0,0.0,1.25,4.25
677865,2023-05-21,5,0,1,3,1,0,0,0,0,5.0,1.8,0.0,1.0,4.0
677865,2023-05-26,11,0,1,5,5,0,0,1,0,5.0,1.4,0.2,1.6,3.2
677865,2023-05-29,4,0,0,1,3,0,0,0,0,6.4,1.0,0.4,2.4,3.6
677865,2023-05-30,4,0,0,0,3,0,0,0,0,6.4,0.6,0.4,2.4,3.6
677865,2023-06-29,5,0,0,2,4,0,0,0,0,5.4,0.2,0.4,1.8,3.0
677865,2023-06-30,5,2,0,1,4,0,0,0,0,5.8,0.0,0.4,2.2,3.2
677960,2023-05-24,26,4,2,7,17,0,1,1,1,20.0,3.0,4.0,3.0,13.0
677960,2023-05-30,20,4,3,7,10,0,0,1,1,23.0,3.5,3.0,5.0,15.0
677960,2023-06-04,12,1,1,7,4,0,0,1,0,22.0,3.6666666666666665,3.0,5.666666666666667,13.333333333333334
677960,2023-06-10,11,2,0,3,8,0,0,0,0,19.5,3.0,2.5,6.0,11.0
677960,2023-06-15,12,2,0,7,5,0,0,1,0,17.8,2.8,2.0,5.4,10.4
678061,2023-06-19,3,1,0,1,2,0,0,0,0,4.0,2.0,0.0,1.0,3.0
678061,2023-06-22,6,1,0,0,6,0,0,0,0,3.5,1.5,0.0,1.0,2.5
678061,2023-06-23,6,1,0,3,3,0,0,0,0,4.333333333333333,1.3333333333333333,0.0,0.6666666666666666,3.6666666666666665
678061,2023-06-28,4,0,0,1,3,0,0,0,0,4.75,1.25,0.0,1.25,3.5
678061,2023-06-30,4,0,0,1,3,0,0,0,0,4.6,1.0,0.0,1.2,3.4
678394,2023-05-10,22,5,1,6,15,1,0,1,0,22.0,5.0,1.0,6.0,15.0
678394,2023-05-17,24,7,5,3,15,1,0,0,1,22.0,5.0,1.0,6.0,15.0
678394,2023-05-23,27,6,0,6,21,1,1,1,0,22.666666666666668,5.666666666666667,2.3333333333333335,5.0,15.0
678394,2023-05-30,19,4,2,5,12,0,0,1,1,23.75,5.75,1.75,5.25,16.5
678394,2023-06-05,25,5,1,6,18,1,1,1,0,22.8,5.4,1.8,5.2,15.6
678394,2023-06-11,25,3,2,3,20,0,1,0,1,23.4,5.4,1.8,5.2,16.2
678394,2023-06-18,27,8,3,4,20,1,1,0,1,24.0,5.0,2.0,4.6,17.2
678394,2023-06-23,24,5,1,6,16,1,1,1,0,24.6,5.2,1.6,4.8,18.2
678394,2023-06-29,22,5,1,2,19,1,1,0,0,24.0,5.0,1.8,4.8,17.2
680570,2023-05-09,21,4,2,7,12,0,0,1,1,18.0,3.0,1.0,8.0,9.0
680570,2023-05-15,22,3,3,9,10,0,0,1,1,19.5,3.5,1.5,7.5,10.5
680570,2023-05-20,20,6,1,5,14,1,0,1,0,20.333333333333332,3.3333333333333335,2.0,8.0,10.333333333333334
680570,2023-05-26,19,6,3,6,10,1,0,1,1,20.25,4.0,1.75,7.25,11.25
680686,2023-05-10,29,3,4,5,20,0,1,1,1,23.0,6.0,2.0,7.0,14.0
680686,2023-05-16,30,5,2,7,21,1,1,1,1,26.0,4.5,3.0,6.0,17.0
680686,2023-05-21,22,2,6,3,13,0,0,0,1,27.333333333333332,4.666666666666667,2.6666666666666665,6.333333333333333,18.333333333333332
680686,2023-05-27,19,4,3,4,12,0,0,0,1,26.0,4.0,3.5,5.5,17.0
680686,2023-06-02,23,4,2,6,15,0,0,1,1,24.6,4.0,3.4,5.2,16.0
680686,2023-06-09,21,6,4,2,15,1,0,0,1,24.6,3.6,3.4,5.0,16.2
680686,2023-06-14,26,5,0,6,19,1,1,1,0,23.0,4.2,3.4,4.4,15.2
680686,2023-06-19,22,6,1,9,13,1,0,1,0,22.2,4.2,3.0,4.2,14.8
680686,2023-06-24,24,6,4,4,16,1,1,0,1,22.2,5.0,2.0,5.4,14.8
680686,2023-06-30,24,8,1,6,17,1,1,1,0,23.2,5.4,2.2,5.4,15.6
680694,2023-05-12,20,6,1,3,16,1,1,0,0,22.0,4.0,2.0,5.0,15.0
680694,2023-05-17,22,5,0,4,18,1,1,0,0,21.0,5.0,1.5,4.0,15.5
680694,2023-05-23,23,3,3,7,13,0,0,1,1,21.333333333333332,5.0,1.0,4.0,16.333333333333332
680694,2023-05-28,22,4,1,4,18,0,1,0,0,21.75,4.5,1.5,4.75,15.5
680694,2023-06-03,20,5,1,7,12,1,0,1,0,21.8,4.4,1.4,4.6,16.0
680694,2023-06-08,22,10,1,6,15,1,0,1,0,21.4,4.6,1.2,5.0,15.4
680694,2023-06-14,23,1,0,4,18,0,1,0,0,21.8,5.4,1.2,5.6,15.2
680694,2023-06-20,22,8,2,4,15,1,0,0,1,22.0,4.6,1.2,5.6,15.2
680694,2023-06-25,23,7,2,2,19,1,1,0,1,21.8,5.6,1.0,5.0,15.6
680704,2023-05-10,3,1,0,0,3,0,0,0,0,5.0,2.0,0.0,1.0,4.0
680704,2023-05-12,3,0,0,0,3,0,0,0,0,4.0,1.5,0.0,0.5,3.5
680704,2023-05-16,3,2,0,0,3,0,0,0,0,3.6666666666666665,1.0,0.0,0.3333333333333333,3.3333333333333335
680704,2023-05-18,4,1,0,0,4,0,0,0,0,3.5,1.25,0.0,0.25,3.25
680704,2023-05-22,1,0,0,0,1,0,0,0,0,3.6,1.2,0.0,0.2,3.4
680704,2023-05-24,3,1,0,0,3,0,0,0,0,2.8,0.8,0.0,0.0,2.8
680704,2023-05-27,4,1,1,0,3,0,0,0,0,2.8,0.8,0.0,0.0,2.8
680704,2023-06-01,3,1,0,0,3,0,0,0,0,3.0,1.0,0.2,0.0,2.8
680704,2023-06-02,6,1,1,2,3,0,0,0,0,3.0,0.8,0.2,0.0,2.8
680704,2023-06-06,3,1,0,2,1,0,0,0,0,3.4,0.8,0.4,0.4,2.6
680704,2023-06-09,4,2,0,1,3,0,0,0,0,3.8,1.0,0.4,0.8,2.6
680704,2023-06-14,4,0,0,1,3,0,0,0,0,4.0,1.2,0.4,1.0,2.6
680704,2023-06-15,4,1,2,1,1,0,0,0,1,4.0,1.0,0.2,1.2,2.6
680704,2023-06-17,3,0,0,1,2,0,0,0,0,4.2,1.0,0.6,1.4,2.2
680704,2023-06-22,7,1,1,0,6,0,0,0,0,3.6,0.8,0.4,1.2,2.0
680704,2023-06-28,4,2,0,0,4,0,0,0,0,4.4,0.8,0.6,0.8,3.0
680735,2023-06-10,5,3,0,0,5,0,0,0,0,7.0,1.0,1.0,0.0,6.0
680735,2023-06-13,5,0,1,0,4,0,0,0,0,6.0,2.0,0.5,0.0,5.5
680735,2023-06-16,7,3,1,0,6,0,0,0,0,5.666666666666667,1.3333333333333333,0.6666666666666666,0.0,5.0
680735,2023-06-18,3,2,0,0,3,0,0,0,0,6.0,1.75,0.75,0.0,5.25
680735,2023-06-22,13,4,1,2,10,0,0,0,0,5.4,1.8,0.6,0.0,4.8
680735,2023-06-28,19,2,4,4,11,0,0,0,1,6.6,2.4,0.6,0.4,5.6
680739,2023-06-16,8,1,1,2,6,0,0,0,0,9.0,4.0,0.0,3.0,6.0
680739,2023-06-26,4,1,1,0,3,0,0,0,0,8.5,2.5,0.5,2.5,6.0
681190,2023-06-08,21,3,1,2,17,0,1,0,0,23.0,6.0,3.0,4.0,14.0
681217,2023-05-07,17,3,2,5,10,0,0,1,1,6.0,0.0,0.0,0.0,6.0
681217,2023-05-16,17,5,1,6,10,1,0,1,0,11.5,1.5,1.0,2.5,8.0
681217,2023-05-22,6,2,0,0,6,0,0,0,0,13.333333333333334,2.6666666666666665,1.0,3.6666666666666665,8.666666666666666
681217,2023-05-27,6,0,4,1,1,0,0,0,1,11.5,2.5,0.75,2.75,8.0
681217,2023-05-30,8,1,1,3,4,0,0,0,0,10.4,2.0,1.4,2.4,6.6
681217,2023-06-02,10,2,2,2,6,0,0,0,1,10.8,2.2,1.6,3.0,6.2
681402,2023-05-15,11,1,3,6,2,0,0,1,1,9.0,1.0,3.0,1.0,4.0
681806,2023-05-09,7,1,0,1,6,0,0,0,0,7.0,1.0,1.0,0.0,6.0
681806,2023-05-13,8,1,1,4,4,0,0,0,0,7.0,1.0,0.5,0.5,6.0
681806,2023-05-16,7,2,0,1,6,0,0,0,0,7.333333333333333,1.0,0.6666666666666666,1.6666666666666667,5.333333333333333
681806,2023-05-18,2,1,1,0,1,0,0,0,0,7.25,1.25,0.5,1.5,5.5
681806,2023-05-20,10,2,1,3,6,0,0,0,0,6.2,1.2,0.6,1.2,4.6
681806,2023-06-28,10,2,1,3,6,0,0,0,0,6.8,1.4,0.6,1.8,4.6
681857,2023-06-08,19,3,1,3,15,0,0,0,0,18.0,6.0,1.0,2.0,15.0
681857,2023-06-14,17,2,2,5,10,0,0,1,1,18.5,4.5,1.0,2.5,15.0
681857,2023-06-19,23,8,1,6,16,1,1,1,0,18.0,3.6666666666666665,1.3333333333333333,3.3333333333333335,13.333333333333334
681857,2023-06-24,21,9,1,4,16,1,1,0,0,19.25,4.75,1.25,4.0,14.0
681857,2023-06-29,9,2,1,3,5,0,0,0,0,19.6,5.6,1.2,4.0,14.4
681867,2023-05-26,15,4,3,4,8,0,0,0,1,21.0,3.0,0.0,8.0,12.0
681867,2023-06-03,9,1,0,4,5,0,0,0,0,18.0,3.5,1.5,6.0,10.0
681867,2023-06-07,14,4,2,1,10,0,0,0,1,15.0,2.6666666666666665,1.0,5.333333333333333,8.333333333333334
681869,2023-06-28,8,4,0,2,6,0,0,0,0,17.0,4.0,1.0,7.0,9.0
681911,2023-05-30,6,1,1,3,2,0,0,0,0,5.0,1.0,1.0,1.0,3.0
681911,2023-05-31,4,2,0,1,3,0,0,0,0,5.5,1.0,1.0,2.0,2.5
681911,2023-06-03,3,1,0,0,3,0,0,0,0,5.0,1.3333333333333333,0.6666666666666666,1.6666666666666667,2.6666666666666665
681911,2023-06-07,4,2,0,1,3,0,0,0,0,4.5,1.25,0.5,1.25,2.75
681911,2023-06-09,4,3,0,0,4,0,0,0,0,4.4,1.4,0.4,1.2,2.8
681911,2023-06-11,5,2,1,2,2,0,0,0,0,4.2,1.8,0.2,1.0,3.0
681911,2023-06-14,3,1,0,1,1,0,0,0,0,4.0,2.0,0.2,0.8,3.0
681911,2023-06-16,6,2,1,2,3,0,0,0,0,3.8,1.8,0.2,0.8,2.6
681911,2023-06-17,3,0,1,1,1,0,0,0,0,4.4,2.0,0.4,1.2,2.6
681911,2023-06-21,4,1,1,0,3,0,0,0,0,4.2,1.6,0.6,1.2,2.2
681982,2023-06-02,4,1,0,1,3,0,0,0,0,9.0,7.0,0.0,1.0,8.0
681982,2023-06-05,6,0,1,3,2,0,0,0,0,6.5,4.0,0.0,1.0,5.5
681982,2023-06-11,3,1,0,0,3,0,0,0,0,6.333333333333333,2.6666666666666665,0.3333333333333333,1.6666666666666667,4.333333333333333
681982,2023-06-12,8,0,2,1,5,0,0,0,1,5.5,2.25,0.25,1.25,4.0
681982,2023-06-14,7,1,0,0,7,0,0,0,0,6.0,1.8,0.6,1.2,4.2
681982,2023-06-16,3,0,0,0,3,0,0,0,0,5.6,0.6,0.6,1.0,4.0
681982,2023-06-18,5,1,0,1,4,0,0,0,0,5.4,0.4,0.6,0.8,4.0
681982,2023-06-20,8,2,2,3,3,0,0,0,1,5.2,0.6,0.4,0.4,4.4
681982,2023-06-24,7,4,0,1,6,0,0,0,0,6.2,0.8,0.8,1.0,4.4
681982,2023-06-27,3,0,0,0,3,0,0,0,0,6.0,1.6,0.4,1.0,4.6
681982,2023-06-29,7,1,1,1,5,0,0,0,0,5.2,1.4,0.4,1.0,3.8
682051,2023-06-12,13,2,3,3,6,0,0,0,1,9.0,2.0,2.0,3.0,4.0
682051,2023-06-28,13,3,3,4,6,0,0,0,1,11.0,2.0,2.5,3.0,5.0
682120,2023-06-18,4,1,0,1,3,0,0,0,0,14.0,1.0,1.0,3.0,9.0
682120,2023-06-23,7,1,0,3,3,0,0,0,0,9.0,1.0,0.5,2.0,6.0
682120,2023-06-28,6,3,0,0,6,0,0,0,0,8.333333333333334,1.0,0.3333333333333333,2.3333333333333335,5.0
682120,2023-06-30,5,1,0,2,3,0,0,0,0,7.75,1.5,0.25,1.75,5.25
682171,2023-06-11,4,1,1,0,3,0,0,0,0,3.0,1.0,0.0,1.0,2.0
682175,2023-06-16,7,2,0,3,4,0,0,0,0,5.0,0.0,0.0,3.0,2.0
682175,2023-06-22,1,1,0,0,1,0,0,0,0,6.0,1.0,0.0,3.0,3.0
682175,2023-06-27,11,2,0,5,6,0,0,1,0,4.333333333333333,1.0,0.0,2.0,2.3333333333333335
682227,2023-05-22,21,3,4,4,13,0,0,0,1,19.0,6.0,2.0,2.0,15.0
682227,2023-05-27,22,3,3,6,13,0,0,1,1,20.0,4.5,3.0,3.0,14.0
682227,2023-06-02,26,6,2,5,18,1,1,1,1,20.666666666666668,4.0,3.0,4.0,13.666666666666666
682227,2023-06-07,27,3,2,8,17,0,1,1,1,22.0,4.5,2.75,4.25,14.75
682227,2023-06-13,17,1,0,7,10,0,0,1,0,23.0,4.2,2.6,5.0,15.2
682227,2023-06-19,21,5,0,6,15,1,0,1,0,22.6,3.2,2.2,6.0,14.2
682227,2023-06-26,12,2,4,2,6,0,0,0,1,22.6,3.6,1.4,6.4,14.6
682243,2023-05-07,20,5,1,2,17,1,1,0,0,20.0,10.0,0.0,2.0,18.0
682243,2023-05-13,24,3,0,3,21,0,1,0,0,20.0,7.5,0.5,2.0,17.5
682243,2023-05-19,24,4,1,4,19,0,1,0,0,21.333333333333332,6.0,0.3333333333333333,2.3333333333333335,18.666666666666668
682243,2023-05-24,22,6,1,2,18,1,1,0,0,22.0,5.5,0.5,2.75,18.75
682243,2023-05-29,25,3,0,11,13,0,0,1,0,22.0,5.6,0.6,2.6,18.6
682243,2023-06-04,17,2,2,8,7,0,0,1,1,23.0,4.2,0.6,4.4,17.6
682243,2023-06-12,20,6,3,1,16,1,1,0,1,22.4,3.6,0.8,5.6,15.6
682243,2023-06-18,25,6,0,4,21,1,1,0,0,21.6,4.2,1.4,5.2,14.6
682243,2023-06-24,19,4,3,6,10,0,0,1,1,21.8,4.6,1.2,5.2,15.0
682243,2023-06-30,12,6,1,1,10,1,0,0,0,21.2,4.2,1.6,6.0,13.4
682847,2023-05-16,20,3,4,7,9,0,0,1,1,23.0,1.0,1.0,7.0,15.0
682847,2023-05-22,26,4,2,5,19,0,1,1,1,21.5,2.0,2.5,7.0,12.0
682847,2023-05-28,24,6,4,5,15,1,0,1,1,23.0,2.6666666666666665,2.3333333333333335,6.333333333333333,14.333333333333334
682847,2023-06-03,7,1,2,1,4,0,0,0,1,23.25,3.5,2.75,6.0,14.5
682847,2023-06-07,23,1,2,10,12,0,0,1,1,20.0,3.0,2.6,5.0,12.4
682847,2023-06-13,22,4,2,6,14,0,0,1,1,20.0,3.0,2.8,5.6,11.8
682847,2023-06-18,21,6,3,4,14,1,0,0,1,20.4,3.2,2.4,5.4,12.8
682847,2023-06-23,28,5,2,7,18,1,1,1,1,19.4,3.6,2.6,5.2,11.8
682847,2023-06-29,23,0,3,6,14,0,0,1,1,20.2,3.4,2.2,5.6,12.4
683232,2023-05-07,4,0,1,0,3,0,0,0,0,9.0,4.0,0.0,3.0,6.0
683232,2023-05-09,8,3,2,0,6,0,0,0,1,6.5,2.0,0.5,1.5,4.5
683232,2023-06-27,1,0,0,0,1,0,0,0,0,7.0,2.3333333333333335,1.0,1.0,5.0
683769,2023-05-28,20,3,2,5,12,0,0,1,1,21.0,4.0,1.0,2.0,17.0
683769,2023-06-02,3,1,0,0,3,0,0,0,0,20.5,3.5,1.5,3.5,14.5
685410,2023-05-10,25,4,0,7,18,0,1,1,0,23.0,7.0,0.0,2.0,21.0
685410,2023-05-17,21,2,1,9,11,0,0,1,0,24.0,5.5,0.0,4.5,19.5
686218,2023-06-23,21,4,2,3,16,0,1,0,1,20.0,3.0,2.0,0.0,18.0
686218,2023-06-29,21,5,0,7,15,1,0,1,0,20.5,3.5,2.0,1.5,17.0
686610,2023-05-12,24,5,5,7,12,1,0,1,1,26.0,6.0,6.0,6.0,14.0
686610,2023-05-19,22,3,5,5,12,0,0,1,1,25.0,5.5,5.5,6.5,13.0
686610,2023-05-24,19,7,3,8,8,1,0,1,1,24.0,4.666666666666667,5.333333333333333,6.0,12.666666666666666
686610,2023-05-28,4,2,0,1,3,0,0,0,0,22.75,5.25,4.75,6.5,11.5
686610,2023-05-31,6,1,1,2,3,0,0,0,0,19.0,4.6,3.8,5.4,9.8
686610,2023-06-04,8,0,1,2,5,0,0,0,0,15.0,3.6,2.8,4.6,7.6
686610,2023-06-07,11,1,4,3,3,0,0,0,1,11.8,2.6,2.0,3.6,6.2
686610,2023-06-12,11,5,0,2,9,1,0,0,0,9.6,2.2,1.8,3.2,4.4
686610,2023-06-17,9,1,1,2,6,0,0,0,0,8.0,1.8,1.2,2.0,4.6
686610,2023-06-20,7,2,0,2,5,0,0,0,0,9.0,1.6,1.4,2.2,5.2
686610,2023-06-25,14,4,1,6,7,0,0,1,0,9.2,1.8,1.2,2.2,5.6
686610,2023-06-29,11,2,1,1,8,0,0,0,0,10.4,2.6,1.2,3.0,6.0
686613,2023-05-08,21,3,1,9,10,0,0,1,0,19.0,4.0,5.0,4.0,10.0
686613,2023-05-14,25,8,1,7,17,1,1,1,0,20.0,3.5,3.0,6.5,10.0
686613,2023-05-20,22,9,0,5,18,1,1,1,0,21.666666666666668,5.0,2.3333333333333335,6.666666666666667,12.333333333333334
686613,2023-05-26,26,10,1,4,21,1,1,0,0,21.75,6.0,1.75,6.25,13.75
686613,2023-05-31,22,8,2,6,14,1,0,1,1,22.6,6.8,1.6,5.8,15.2
686613,2023-06-06,23,5,3,3,17,1,1,0,1,23.2,7.6,1.0,6.2,16.0
686613,2023-06-13,22,4,3,4,15,0,0,0,1,23.6,8.0,1.4,5.0,17.4
686613,2023-06-19,26,7,2,7,17,1,1,1,1,23.0,7.2,1.8,4.4,17.0
686613,2023-06-25,21,7,2,3,16,1,1,0,1,23.8,6.8,2.2,4.8,16.8
686651,2023-06-25,16,2,3,4,9,0,0,0,1,14.0,3.0,3.0,2.0,9.0
686654,2023-06-17,1,1,0,0,1,0,0,0,0,6.0,0.0,0.0,0.0,6.0
686654,2023-06-18,5,0,0,2,3,0,0,0,0,3.5,0.5,0.0,0.0,3.5
686654,2023-06-20,3,2,0,0,3,0,0,0,0,4.0,0.3333333333333333,0.0,0.6666666666666666,3.3333333333333335
686654,2023-06-22,3,0,0,0,3,0,0,0,0,3.75,0.75,0.0,0.5,3.25
686654,2023-06-24,4,1,0,1,3,0,0,0,0,3.6,0.6,0.0,0.4,3.2
686654,2023-06-28,6,1,0,0,6,0,0,0,0,3.2,0.8,0.0,0.6,2.6
686747,2023-06-03,13,1,2,3,7,0,0,0,1,7.0,2.0,1.0,0.0,6.0
686747,2023-06-23,3,0,0,1,2,0,0,0,0,10.0,1.5,1.5,1.5,6.5
686747,2023-06-25,1,1,0,0,1,0,0,0,0,7.666666666666667,1.0,1.0,1.3333333333333333,5.0
686753,2023-06-03,12,1,1,5,6,0,0,1,0,17.0,6.0,1.0,5.0,11.0
686753,2023-06-09,10,1,0,3,7,0,0,0,0,14.5,3.5,1.0,5.0,8.5
686753,2023-06-12,9,1,2,1,6,0,0,0,1,13.0,2.6666666666666665,0.6666666666666666,4.333333333333333,8.0
686753,2023-06-15,9,3,0,2,7,0,0,0,0,12.0,2.25,1.0,3.5,7.5
686753,2023-06-18,6,1,0,0,6,0,0,0,0,11.4,2.4,0.8,3.2,7.4
686753,2023-06-23,10,2,0,4,6,0,0,0,0,9.2,1.4,0.6,2.2,6.4
686753,2023-06-29,9,4,1,1,7,0,0,0,0,8.8,1.6,0.4,2.0,6.4
686839,2023-06-16,5,2,0,1,4,0,0,0,0,8.0,3.0,0.0,2.0,6.0
686839,2023-06-18,6,3,0,0,6,0,0,0,0,6.5,2.5,0.0,1.5,5.0
686839,2023-06-21,5,3,0,2,3,0,0,0,0,6.333333333333333,2.6666666666666665,0.0,1.0,5.333333333333333
686839,2023-06-23,3,2,0,0,3,0,0,0,0,6.0,2.75,0.0,1.25,4.75
686839,2023-06-25,5,0,0,3,2,0,0,0,0,5.4,2.6,0.0,1.0,4.4
686839,2023-06-27,10,1,2,2,6,0,0,0,1,4.8,2.0,0.0,1.2,3.6
686972,2023-05-10,4,1,1,1,2,0,0,0,0,6.0,1.0,0.0,3.0,3.0
686972,2023-05-11,4,0,1,2,1,0,0,0,0,5.0,1.0,0.5,2.0,2.5
686973,2023-05-09,23,6,2,5,16,1,1,1,1,22.0,6.0,2.0,7.0,13.0
686973,2023-05-14,24,7,1,4,19,1,1,0,0,22.5,6.0,2.0,6.0,14.5
686973,2023-05-20,23,4,1,6,15,0,0,1,0,23.0,6.333333333333333,1.6666666666666667,5.333333333333333,16.0
686973,2023-05-26,23,3,0,7,17,0,1,1,0,23.0,5.75,1.5,5.5,15.75
686973,2023-05-31,24,5,1,4,19,1,1,0,0,23.0,5.2,1.2,5.8,16.0
686973,2023-06-06,28,5,4,6,18,1,1,1,1,23.4,5.0,1.0,5.2,17.2
686973,2023-06-11,22,6,2,6,14,1,0,1,1,24.4,4.8,1.4,5.4,17.6
686973,2023-06-18,23,4,2,9,12,0,0,1,1,24.0,4.6,1.6,5.8,16.6
687330,2023-05-05,6,1,0,2,4,0,0,0,0,3.0,1.0,0.0,0.0,3.0
687330,2023-05-06,6,0,0,4,2,0,0,0,0,4.5,1.0,0.0,1.0,3.5
687330,2023-05-08,3,2,0,0,3,0,0,0,0,5.0,0.6666666666666666,0.0,2.0,3.0
687330,2023-05-12,8,0,1,4,3,0,0,0,0,4.5,1.0,0.0,1.5,3.0
687330,2023-05-14,3,1,0,2,1,0,0,0,0,5.2,0.8,0.2,2.0,3.0
687330,2023-05-17,3,0,0,1,2,0,0,0,0,5.2,0.8,0.2,2.4,2.6
687330,2023-05-20,3,0,2,0,1,0,0,0,1,4.6,0.6,0.2,2.2,2.2
687330,2023-05-23,2,0,0,1,1,0,0,0,0,4.0,0.6,0.6,1.4,2.0
687330,2023-05-26,4,0,0,1,2,0,0,0,0,3.8,0.2,0.6,1.6,1.6
687330,2023-05-27,3,1,1,0,2,0,0,0,0,3.0,0.2,0.4,1.0,1.4
687330,2023-05-31,3,0,1,0,1,0,0,0,0,3.0,0.2,0.6,0.6,1.6
687330,2023-06-03,1,1,0,0,1,0,0,0,0,3.0,0.2,0.8,0.4,1.4
687330,2023-06-07,3,2,1,0,2,0,0,0,0,2.6,0.4,0.4,0.4,1.4
687330,2023-06-09,3,2,0,0,3,0,0,0,0,2.8,0.8,0.6,0.2,1.6
687330,2023-06-12,4,1,0,0,4,0,0,0,0,2.6,1.2,0.6,0.0,1.8
687330,2023-06-15,4,2,1,0,3,0,0,0,0,2.8,1.2,0.4,0.0,2.2
687330,2023-06-18,5,1,0,1,4,0,0,0,0,3.0,1.6,0.4,0.0,2.6
687330,2023-06-21,3,0,0,0,3,0,0,0,0,3.8,1.6,0.4,0.2,3.2
687330,2023-06-22,4,0,0,0,4,0,0,0,0,3.8,1.2,0.2,0.2,3.4
687330,2023-06-25,4,1,0,0,3,0,0,0,0,4.0,0.8,0.2,0.2,3.6
687330,2023-06-30,4,0,0,0,4,0,0,0,0,4.0,0.8,0.2,0.2,3.4
687396,2023-06-20,10,0,1,5,3,0,0,1,0,8.0,2.0,1.0,1.0,6.0
687396,2023-06-25,1,1,0,0,1,0,0,0,0,9.0,1.0,1.0,3.0,4.5
687396,2023-06-27,8,1,1,1,6,0,0,0,0,6.333333333333333,1.0,0.6666666666666666,2.0,3.3333333333333335
687798,2023-06-11,7,0,1,5,1,0,0,1,0,6.0,3.0,0.0,0.0,6.0
687798,2023-06-16,3,0,1,1,1,0,0,0,0,6.5,1.5,0.5,2.5,3.5
687798,2023-06-17,7,3,0,4,3,0,0,0,0,5.333333333333333,1.0,0.6666666666666666,2.0,2.6666666666666665
687798,2023-06-25,3,1,0,0,3,0,0,0,0,5.75,1.5,0.5,2.5,2.75
687798,2023-06-28,7,1,2,2,3,0,0,0,1,5.2,1.4,0.4,2.0,2.8
688427,2023-06-24,9,3,0,3,6,0,0,0,0,5.0,0.0,2.0,2.0,1.0
689266,2023-05-25,23,3,1,7,15,0,0,1,0,27.0,1.0,2.0,8.0,17.0
689266,2023-06-14,21,2,3,6,12,0,0,1,1,25.0,2.0,1.5,7.5,16.0
690829,2023-06-01,4,2,0,1,3,0,0,0,0,4.0,2.0,0.0,1.0,3.0
690829,2023-06-03,6,1,0,3,3,0,0,0,0,4.0,2.0,0.0,1.0,3.0
690829,2023-06-07,6,0,3,0,3,0,0,0,1,4.666666666666667,1.6666666666666667,0.0,1.6666666666666667,3.0
690829,2023-06-09,1,0,1,0,0,0,0,0,0,5.0,1.25,0.75,1.25,3.0
691587,2023-05-18,19,6,1,3,15,1,0,0,0,19.0,7.0,2.0,4.0,13.0
691587,2023-05-23,18,3,3,4,11,0,0,0,1,19.0,6.5,1.5,3.5,14.0
691587,2023-05-28,19,3,4,2,13,0,0,0,1,18.666666666666668,5.333333333333333,2.0,3.6666666666666665,13.0
691587,2023-06-03,20,5,1,4,15,1,0,0,0,18.75,4.75,2.5,3.25,13.0
691587,2023-06-09,22,6,2,5,15,1,0,1,1,19.0,4.8,2.2,3.4,13.4
691587,2023-06-14,21,6,1,2,18,1,1,0,0,19.6,4.6,2.2,3.6,13.8
691587,2023-06-20,19,9,0,3,16,1,1,0,0,20.0,4.6,2.2,3.4,14.4
691587,2023-06-25,23,9,1,4,18,1,1,0,0,20.2,5.8,1.6,3.2,15.4
693433,2023-06-10,19,7,1,4,14,1,0,0,0,14.0,4.0,1.0,7.0,6.0
693433,2023-06-16,20,9,0,3,17,1,1,0,0,16.5,5.5,1.0,5.5,10.0
693433,2023-06-22,21,5,3,2,16,1,1,0,1,17.666666666666668,6.666666666666667,0.6666666666666666,4.666666666666667,12.333333333333334
693433,2023-06-27,22,7,1,6,15,1,0,1,0,18.5,6.25,1.25,4.0,13.25
693821,2023-05-07,23,4,4,4,14,0,0,0,1,21.0,6.0,0.0,3.0,18.0
693821,2023-05-13,21,3,1,5,15,0,0,1,0,22.0,5.0,2.0,3.5,16.0
693821,2023-05-19,22,6,1,7,15,1,0,1,0,21.666666666666668,4.333333333333333,1.6666666666666667,4.0,15.666666666666666
693821,2023-05-24,25,6,1,7,16,1,1,1,0,21.75,4.75,1.5,4.75,15.5
693821,2023-05-30,26,5,3,5,18,1,1,1,1,22.4,5.0,1.4,5.2,15.6
693821,2023-06-06,22,8,2,4,16,1,1,0,1,23.4,4.8,2.0,5.6,15.6
693821,2023-06-11,24,1,1,8,16,0,1,1,0,23.2,5.6,1.6,5.6,16.0
693821,2023-06-17,22,4,0,4,18,0,1,0,0,23.8,5.2,1.6,6.2,16.2
693821,2023-06-22,25,6,2,3,19,1,1,0,1,23.8,4.8,1.4,5.6,16.8
693821,2023-06-27,23,4,4,4,14,0,0,0,1,23.8,4.8,1.6,4.8,17.4
694297,2023-05-09,22,3,2,7,13,0,0,1,1,23.0,3.0,1.0,9.0,13.0
694297,2023-05-14,19,5,3,1,15,1,0,0,1,22.5,3.0,1.5,8.0,13.0
694297,2023-05-20,23,3,2,6,15,0,0,1,1,21.333333333333332,3.6666666666666665,2.0,5.666666666666667,13.666666666666666
694297,2023-05-26,19,4,0,8,11,0,0,1,0,21.75,3.5,2.0,5.75,14.0
694297,2023-06-29,15,3,2,7,5,0,0,1,1,21.2,3.6,1.6,6.2,13.4
694363,2023-05-21,21,7,1,1,18,1,1,0,0,18.0,3.0,2.0,3.0,13.0
694363,2023-05-26,23,5,3,3,17,1,1,0,1,19.5,5.0,1.5,2.0,15.5
694363,2023-05-31,20,1,4,3,13,0,0,0,1,20.666666666666668,5.0,2.0,2.3333333333333335,16.0
694363,2023-06-10,21,0,0,8,13,0,0,1,0,20.5,4.0,2.5,2.5,15.25
694363,2023-06-16,23,2,3,5,15,0,0,1,1,20.6,3.2,2.0,3.6,14.8
694363,2023-06-24,18,2,0,7,11,0,0,1,0,21.6,3.0,2.2,4.0,15.2
694813,2023-05-22,18,1,5,5,8,0,0,1,1,22.0,1.0,2.0,8.0,12.0
694813,2023-05-28,16,3,0,10,6,0,0,1,0,20.0,1.0,3.5,6.5,10.0
695243,2023-05-07,25,5,1,5,18,1,1,1,0,24.0,6.0,4.0,0.0,20.0
696147,2023-05-30,2,0,0,1,1,0,0,0,0,10.0,4.0,2.0,4.0,4.0
696147,2023-06-03,6,0,4,0,2,0,0,0,1,6.0,2.0,1.0,2.5,2.5
696147,2023-06-07,6,3,0,0,6,0,0,0,0,6.0,1.3333333333333333,2.0,1.6666666666666667,2.3333333333333335
696147,2023-06-09,3,0,1,0,2,0,0,0,0,6.0,1.75,1.5,1.25,3.25
696147,2023-06-12,6,1,0,1,5,0,0,0,0,5.4,1.4,1.4,1.0,3.0
696147,2023-06-16,6,2,0,0,6,0,0,0,0,4.6,0.8,1.0,0.4,3.2
696147,2023-06-23,7,1,0,3,4,0,0,0,0,5.4,1.2,1.0,0.2,4.2
696147,2023-06-28,5,1,0,2,3,0,0,0,0,5.6,1.4,0.2,0.8,4.6
700363,2023-06-09,18,2,2,3,13,0,0,0,1,8.0,3.0,1.0,0.0,7.0
700363,2023-06-15,24,6,1,6,17,1,1,1,0,13.0,2.5,1.5,1.5,10.0
700363,2023-06-23,17,4,2,4,10,0,0,0,1,16.666666666666668,3.6666666666666665,1.3333333333333333,3.0,12.333333333333334
701643,2023-06-21,5,0,3,0,2,0,0,0,1,3.0,0.0,1.0,1.0,1.0
701643,2023-06-25,6,1,0,1,5,0,0,0,0,4.0,0.0,2.0,0.5,1.5
701643,2023-06-28,6,1,0,2,4,0,0,0,0,4.666666666666667,0.3333333333333333,1.3333333333333333,0.6666666666666666,2.6666666666666665
701643,2023-06-30,4,1,0,1,3,0,0,0,0,5.0,0.5,1.0,1.0,3.0
