batter,game_date,PA,AB,H,HR,SO,TB,Target_HR,Target_Hit,Target_TB_Over_1_5,Target_SO,rolling_10_PA,rolling_10_AB,rolling_10_H,rolling_10_HR,rolling_10_SO,rolling_10_TB
408234,2023-05-07,4,4,2,0,1,2,0,1,1,1,4.0,4.0,0.0,0.0,1.0,0.0
408234,2023-05-08,4,4,1,0,2,1,0,1,0,1,4.0,4.0,1.0,0.0,1.0,1.0
408234,2023-05-10,4,4,0,0,0,0,0,0,0,0,4.0,4.0,1.0,0.0,1.3333333333333333,1.0
408234,2023-05-12,4,2,0,0,1,0,0,0,0,1,4.0,4.0,0.75,0.0,1.0,0.75
408234,2023-05-16,4,3,1,0,2,1,0,1,0,1,4.0,3.6,0.6,0.0,1.0,0.6
408234,2023-05-17,3,3,0,0,0,0,0,0,0,0,4.0,3.5,0.6666666666666666,0.0,1.1666666666666667,0.6666666666666666
408234,2023-05-20,2,1,0,0,0,0,0,0,0,0,3.857142857142857,3.4285714285714284,0.5714285714285714,0.0,1.0,0.5714285714285714
408234,2023-05-23,4,4,1,0,1,1,0,1,0,1,3.625,3.125,0.5,0.0,0.875,0.5
408234,2023-05-25,3,1,0,0,1,0,0,0,0,1,3.6666666666666665,3.2222222222222223,0.5555555555555556,0.0,0.8888888888888888,0.5555555555555556
408234,2023-05-26,4,3,0,0,1,0,0,0,0,1,3.6,3.0,0.5,0.0,0.9,0.5
408234,2023-05-27,1,1,0,0,0,0,0,0,0,0,3.6,2.9,0.5,0.0,0.9,0.5
408234,2023-05-30,4,3,3,0,0,4,0,1,1,0,3.3,2.6,0.3,0.0,0.8,0.3
443558,2023-05-02,4,4,1,0,0,1,0,1,0,0,1.0,1.0,0.0,0.0,1.0,0.0
443558,2023-05-05,3,3,0,0,2,0,0,0,0,1,2.5,2.5,0.5,0.0,0.5,0.5
443558,2023-05-07,4,4,0,0,2,0,0,0,0,1,2.6666666666666665,2.6666666666666665,0.3333333333333333,0.0,1.0,0.3333333333333333
443558,2023-05-10,1,1,0,0,0,0,0,0,0,0,3.0,3.0,0.25,0.0,1.25,0.25
443558,2023-05-11,1,1,0,0,1,0,0,0,0,1,2.6,2.6,0.2,0.0,1.0,0.2
443558,2023-05-12,1,1,1,0,0,1,0,1,0,0,2.3333333333333335,2.3333333333333335,0.16666666666666666,0.0,1.0,0.16666666666666666
443558,2023-05-13,4,4,1,0,0,1,0,1,0,0,2.142857142857143,2.142857142857143,0.2857142857142857,0.0,0.8571428571428571,0.2857142857142857
443558,2023-05-14,4,4,0,0,2,0,0,0,0,1,2.375,2.375,0.375,0.0,0.75,0.375
443558,2023-05-16,1,0,0,0,0,0,0,0,0,0,2.5555555555555554,2.5555555555555554,0.3333333333333333,0.0,0.8888888888888888,0.3333333333333333
443558,2023-05-17,2,2,0,0,2,0,0,0,0,1,2.4,2.3,0.3,0.0,0.8,0.3
443558,2023-05-19,4,4,1,0,2,1,0,1,0,1,2.5,2.4,0.3,0.0,0.9,0.3
443558,2023-05-20,3,2,0,0,1,0,0,0,0,1,2.5,2.4,0.3,0.0,1.1,0.3
443558,2023-05-23,2,2,1,0,0,1,0,1,0,0,2.5,2.3,0.3,0.0,1.0,0.3
443558,2023-05-25,1,1,0,0,1,0,0,0,0,1,2.3,2.1,0.4,0.0,0.8,0.4
443558,2023-05-27,3,2,0,0,0,0,0,0,0,0,2.3,2.1,0.4,0.0,0.9,0.4
443558,2023-05-31,3,3,0,0,2,0,0,0,0,1,2.5,2.2,0.4,0.0,0.8,0.4
444482,2023-05-03,3,3,2,0,0,2,0,1,1,0,5.0,4.0,2.0,1.0,0.0,5.0
444482,2023-05-05,2,2,0,0,0,0,0,0,0,0,4.0,3.5,2.0,0.5,0.0,3.5
444482,2023-05-07,3,2,0,0,0,0,0,0,0,0,3.3333333333333335,3.0,1.3333333333333333,0.3333333333333333,0.0,2.3333333333333335
444482,2023-05-08,3,3,1,0,0,2,0,1,1,0,3.25,2.75,1.0,0.25,0.0,1.75
444482,2023-05-10,2,2,1,0,0,1,0,1,0,0,3.2,2.8,1.0,0.2,0.0,1.8
444482,2023-05-13,3,3,1,0,2,1,0,1,0,1,3.0,2.6666666666666665,1.0,0.16666666666666666,0.0,1.6666666666666667
444482,2023-05-15,5,5,1,0,0,2,0,1,1,0,3.0,2.7142857142857144,1.0,0.14285714285714285,0.2857142857142857,1.5714285714285714
444482,2023-05-16,4,4,1,0,2,2,0,1,1,1,3.25,3.0,1.0,0.125,0.25,1.625
444482,2023-05-18,3,2,0,0,0,0,0,0,0,0,3.3333333333333335,3.111111111111111,1.0,0.1111111111111111,0.4444444444444444,1.6666666666666667
444482,2023-05-19,1,0,0,0,0,0,0,0,0,0,3.3,3.0,0.9,0.1,0.4,1.5
444482,2023-05-20,4,4,2,0,1,3,0,1,1,1,2.9,2.6,0.7,0.0,0.4,1.0
444482,2023-05-21,4,2,0,0,1,0,0,0,0,1,3.0,2.7,0.7,0.0,0.5,1.1
444482,2023-05-22,3,3,1,0,1,3,0,1,1,1,3.2,2.7,0.7,0.0,0.6,1.1
444482,2023-05-23,3,3,0,0,2,0,0,0,0,1,3.2,2.8,0.8,0.0,0.7,1.4
444482,2023-05-24,3,3,1,0,0,1,0,1,0,0,3.2,2.8,0.7,0.0,0.9,1.2
444482,2023-05-26,2,2,1,0,1,1,0,1,0,1,3.3,2.9,0.7,0.0,0.9,1.2
444482,2023-05-27,2,2,1,0,1,1,0,1,0,1,3.2,2.8,0.7,0.0,0.8,1.2
444482,2023-05-29,4,4,2,0,0,2,0,1,1,0,2.9,2.5,0.7,0.0,0.9,1.1
444482,2023-05-30,4,4,1,0,0,1,0,1,0,0,2.9,2.5,0.8,0.0,0.7,1.1
446334,2023-05-03,3,3,0,0,0,0,0,0,0,0,2.0,2.0,0.0,0.0,0.0,0.0
446334,2023-05-06,3,2,0,0,2,0,0,0,0,1,2.5,2.5,0.0,0.0,0.0,0.0
446334,2023-05-08,4,4,1,0,2,1,0,1,0,1,2.6666666666666665,2.3333333333333335,0.0,0.0,0.6666666666666666,0.0
446334,2023-05-09,4,4,3,1,0,7,1,1,1,0,3.0,2.75,0.25,0.0,1.0,0.25
446334,2023-05-10,1,1,0,0,1,0,0,0,0,1,3.2,3.0,0.8,0.2,0.8,1.6
446334,2023-05-12,4,4,1,1,2,4,1,1,1,1,2.8333333333333335,2.6666666666666665,0.6666666666666666,0.16666666666666666,0.8333333333333334,1.3333333333333333
446334,2023-05-13,2,2,0,0,2,0,0,0,0,1,3.0,2.857142857142857,0.7142857142857143,0.2857142857142857,1.0,1.7142857142857142
446334,2023-05-16,4,4,0,0,4,0,0,0,0,1,2.875,2.75,0.625,0.25,1.125,1.5
446334,2023-05-23,3,3,1,0,1,2,0,1,1,1,3.0,2.888888888888889,0.5555555555555556,0.2222222222222222,1.4444444444444444,1.3333333333333333
446334,2023-05-24,3,2,1,1,1,4,1,1,1,1,3.0,2.9,0.6,0.2,1.4,1.4
446334,2023-05-26,2,2,0,0,1,0,0,0,0,1,3.1,2.9,0.7,0.3,1.5,1.8
446334,2023-05-30,3,3,1,1,0,4,1,1,1,0,3.0,2.8,0.7,0.3,1.6,1.8
453568,2023-05-04,5,5,2,0,1,2,0,1,1,1,5.0,4.0,1.0,1.0,0.0,4.0
453568,2023-05-05,5,5,0,0,0,0,0,0,0,0,5.0,4.5,1.5,0.5,0.5,3.0
453568,2023-05-06,5,3,0,0,1,0,0,0,0,1,5.0,4.666666666666667,1.0,0.3333333333333333,0.3333333333333333,2.0
453568,2023-05-08,4,4,1,0,1,2,0,1,1,1,5.0,4.25,0.75,0.25,0.5,1.5
453568,2023-05-09,5,4,2,0,1,2,0,1,1,1,4.8,4.2,0.8,0.2,0.6,1.6
453568,2023-05-10,2,1,1,0,0,1,0,1,0,0,4.833333333333333,4.166666666666667,1.0,0.16666666666666666,0.6666666666666666,1.6666666666666667
453568,2023-05-12,3,3,1,0,0,1,0,1,0,0,4.428571428571429,3.7142857142857144,1.0,0.14285714285714285,0.5714285714285714,1.5714285714285714
453568,2023-05-14,4,4,2,0,0,3,0,1,1,0,4.25,3.625,1.0,0.125,0.5,1.5
453568,2023-05-15,5,5,1,0,2,3,0,1,1,1,4.222222222222222,3.6666666666666665,1.1111111111111112,0.1111111111111111,0.4444444444444444,1.6666666666666667
453568,2023-05-16,4,4,1,0,0,1,0,1,0,0,4.3,3.8,1.1,0.1,0.6,1.8
453568,2023-05-17,5,3,0,0,1,0,0,0,0,1,4.2,3.8,1.1,0.0,0.6,1.5
453568,2023-05-19,4,4,1,0,0,2,0,1,1,0,4.2,3.6,0.9,0.0,0.6,1.3
453568,2023-05-20,4,4,2,0,1,3,0,1,1,1,4.1,3.5,1.0,0.0,0.6,1.5
453568,2023-05-22,4,4,1,0,2,1,0,1,0,1,4.0,3.6,1.2,0.0,0.6,1.8
453568,2023-05-23,4,4,1,0,0,2,0,1,1,0,4.0,3.6,1.2,0.0,0.7,1.7
453568,2023-05-24,4,3,1,0,2,3,0,1,1,1,3.9,3.6,1.1,0.0,0.6,1.7
453568,2023-05-25,1,1,1,0,0,1,0,1,0,0,4.1,3.8,1.1,0.0,0.8,1.9
453568,2023-05-26,4,4,2,1,1,5,1,1,1,1,3.9,3.6,1.1,0.0,0.8,1.9
453568,2023-05-27,5,5,1,0,0,2,0,1,1,0,3.9,3.6,1.1,0.1,0.9,2.1
453568,2023-05-28,4,4,2,1,0,5,1,1,1,0,3.9,3.6,1.1,0.1,0.7,2.0
455117,2023-05-03,3,2,1,0,1,1,0,1,0,1,4.0,4.0,1.0,0.0,1.0,1.0
455117,2023-05-05,3,3,0,0,3,0,0,0,0,1,3.5,3.0,1.0,0.0,1.0,1.0
455117,2023-05-07,3,3,1,0,1,1,0,1,0,1,3.3333333333333335,3.0,0.6666666666666666,0.0,1.6666666666666667,0.6666666666666666
455117,2023-05-09,4,4,1,1,2,4,1,1,1,1,3.25,3.0,0.75,0.0,1.5,0.75
455117,2023-05-10,4,3,1,0,2,1,0,1,0,1,3.4,3.2,0.8,0.2,1.6,1.4
455117,2023-05-12,4,3,1,0,1,2,0,1,1,1,3.5,3.1666666666666665,0.8333333333333334,0.16666666666666666,1.6666666666666667,1.3333333333333333
455117,2023-05-14,3,3,1,0,1,1,0,1,0,1,3.5714285714285716,3.142857142857143,0.8571428571428571,0.14285714285714285,1.5714285714285714,1.4285714285714286
455117,2023-05-15,3,3,0,0,2,0,0,0,0,1,3.5,3.125,0.875,0.125,1.5,1.375
455117,2023-05-16,4,3,0,0,2,0,0,0,0,1,3.4444444444444446,3.111111111111111,0.7777777777777778,0.1111111111111111,1.5555555555555556,1.2222222222222223
455117,2023-05-19,4,3,1,0,0,1,0,1,0,0,3.5,3.1,0.7,0.1,1.6,1.1
455117,2023-05-20,3,3,1,0,2,1,0,1,0,1,3.5,3.0,0.7,0.1,1.5,1.1
455117,2023-05-21,3,3,2,0,0,3,0,1,1,0,3.5,3.1,0.7,0.1,1.6,1.1
455117,2023-05-22,4,3,2,1,1,5,1,1,1,1,3.5,3.1,0.9,0.1,1.3,1.4
455117,2023-05-24,3,3,1,0,0,1,0,1,0,0,3.6,3.1,1.0,0.2,1.3,1.8
455117,2023-05-26,3,3,0,0,2,0,0,0,0,1,3.5,3.0,1.0,0.1,1.1,1.5
455117,2023-05-27,3,2,0,0,0,0,0,0,0,0,3.4,3.0,0.9,0.1,1.1,1.4
455117,2023-05-29,3,3,1,0,2,1,0,1,0,1,3.3,2.9,0.8,0.1,1.0,1.2
455117,2023-05-31,2,2,0,0,2,0,0,0,0,1,3.3,2.9,0.8,0.1,1.1,1.2
456781,2023-05-04,3,3,0,0,2,0,0,0,0,1,2.0,2.0,0.0,0.0,0.0,0.0
456781,2023-05-05,3,2,0,0,0,0,0,0,0,0,2.5,2.5,0.0,0.0,1.0,0.0
456781,2023-05-06,3,3,0,0,1,0,0,0,0,1,2.6666666666666665,2.3333333333333335,0.0,0.0,0.6666666666666666,0.0
456781,2023-05-09,1,1,1,0,0,2,0,1,1,0,2.75,2.5,0.0,0.0,0.75,0.0
456781,2023-05-10,1,1,1,0,0,1,0,1,0,0,2.4,2.2,0.2,0.0,0.6,0.4
456781,2023-05-11,1,1,0,0,0,0,0,0,0,0,2.1666666666666665,2.0,0.3333333333333333,0.0,0.5,0.5
456781,2023-05-12,3,2,0,0,0,0,0,0,0,0,2.0,1.8571428571428572,0.2857142857142857,0.0,0.42857142857142855,0.42857142857142855
456781,2023-05-13,2,1,0,0,0,0,0,0,0,0,2.125,1.875,0.25,0.0,0.375,0.375
456781,2023-05-15,4,2,0,0,2,0,0,0,0,1,2.111111111111111,1.7777777777777777,0.2222222222222222,0.0,0.3333333333333333,0.3333333333333333
456781,2023-05-16,3,3,2,0,1,3,0,1,1,1,2.3,1.8,0.2,0.0,0.5,0.3
456781,2023-05-17,2,2,0,0,2,0,0,0,0,1,2.4,1.9,0.4,0.0,0.6,0.6
456781,2023-05-19,4,4,1,0,2,1,0,1,0,1,2.3,1.8,0.4,0.0,0.6,0.6
456781,2023-05-20,3,3,2,0,0,3,0,1,1,0,2.4,2.0,0.5,0.0,0.8,0.7
456781,2023-05-21,3,2,0,0,1,0,0,0,0,1,2.4,2.0,0.7,0.0,0.7,1.0
456781,2023-05-22,4,2,1,0,0,1,0,1,0,0,2.6,2.1,0.6,0.0,0.8,0.8
456781,2023-05-23,3,3,1,0,1,1,0,1,0,1,2.9,2.2,0.6,0.0,0.8,0.8
456781,2023-05-24,4,4,1,0,2,1,0,1,0,1,3.1,2.4,0.7,0.0,0.9,0.9
456781,2023-05-26,4,4,1,0,0,1,0,1,0,0,3.2,2.6,0.8,0.0,1.1,1.0
456781,2023-05-28,1,1,0,0,1,0,0,0,0,1,3.4,2.9,0.9,0.0,1.1,1.1
456781,2023-05-29,2,2,1,0,0,1,0,1,0,0,3.1,2.8,0.9,0.0,1.0,1.1
456781,2023-05-30,1,1,0,0,0,0,0,0,0,0,3.0,2.7,0.8,0.0,0.9,0.9
456781,2023-05-31,5,4,2,0,1,3,0,1,1,1,2.9,2.6,0.8,0.0,0.7,0.9
457705,2023-05-03,4,4,1,1,1,4,1,1,1,1,5.0,3.0,0.0,0.0,2.0,0.0
457705,2023-05-04,4,4,0,0,3,0,0,0,0,1,4.5,3.5,0.5,0.5,1.5,2.0
457705,2023-05-07,1,0,0,0,0,0,0,0,0,0,4.333333333333333,3.6666666666666665,0.3333333333333333,0.3333333333333333,2.0,1.3333333333333333
457705,2023-05-08,3,2,0,0,1,0,0,0,0,1,3.5,2.75,0.25,0.25,1.5,1.0
457705,2023-05-09,4,3,1,0,1,1,0,1,0,1,3.4,2.6,0.2,0.2,1.4,0.8
457705,2023-05-10,4,3,3,1,0,6,1,1,1,0,3.5,2.6666666666666665,0.3333333333333333,0.16666666666666666,1.3333333333333333,0.8333333333333334
457705,2023-05-12,4,3,0,0,3,0,0,0,0,1,3.5714285714285716,2.7142857142857144,0.7142857142857143,0.2857142857142857,1.1428571428571428,1.5714285714285714
457705,2023-05-14,5,5,1,0,2,1,0,1,0,1,3.625,2.75,0.625,0.25,1.375,1.375
457705,2023-05-16,4,4,1,0,1,1,0,1,0,1,3.7777777777777777,3.0,0.6666666666666666,0.2222222222222222,1.4444444444444444,1.3333333333333333
457705,2023-05-17,4,4,2,0,0,2,0,1,1,0,3.8,3.1,0.7,0.2,1.4,1.3
457705,2023-05-19,5,4,3,0,1,3,0,1,1,1,3.7,3.2,0.9,0.2,1.2,1.5
457705,2023-05-20,4,4,1,0,0,1,0,1,0,0,3.8,3.2,1.1,0.1,1.2,1.4
457705,2023-05-21,4,3,0,0,1,0,0,0,0,1,3.8,3.2,1.2,0.1,0.9,1.5
457705,2023-05-22,5,5,2,0,0,2,0,1,1,0,4.1,3.5,1.2,0.1,1.0,1.5
457705,2023-05-23,4,3,2,0,0,3,0,1,1,0,4.3,3.8,1.4,0.1,0.9,1.7
457705,2023-05-24,5,5,0,0,2,0,0,0,0,1,4.3,3.8,1.5,0.1,0.8,1.9
457705,2023-05-26,5,5,2,1,1,5,1,1,1,1,4.4,4.0,1.2,0.0,1.0,1.3
457705,2023-05-27,1,1,0,0,1,0,0,0,0,1,4.5,4.2,1.4,0.1,0.8,1.8
457705,2023-05-28,4,3,1,0,0,1,0,1,0,0,4.1,3.8,1.3,0.1,0.7,1.7
457705,2023-05-29,3,3,0,0,2,0,0,0,0,1,4.1,3.7,1.3,0.1,0.6,1.7
457705,2023-05-30,4,3,1,0,1,1,0,1,0,1,4.0,3.6,1.1,0.1,0.8,1.5
457705,2023-05-31,5,4,3,0,0,4,0,1,1,0,3.9,3.5,0.9,0.1,0.8,1.3
457759,2023-05-02,5,5,2,0,1,3,0,1,1,1,4.0,4.0,1.0,0.0,0.0,1.0
457759,2023-05-03,5,4,2,0,0,3,0,1,1,0,4.5,4.5,1.5,0.0,0.5,2.0
457759,2023-05-04,5,5,3,0,0,3,0,1,1,0,4.666666666666667,4.333333333333333,1.6666666666666667,0.0,0.3333333333333333,2.3333333333333335
457759,2023-05-05,5,5,0,0,2,0,0,0,0,1,4.75,4.5,2.0,0.0,0.25,2.5
457759,2023-05-06,5,4,0,0,1,0,0,0,0,1,4.8,4.6,1.6,0.0,0.6,2.0
457759,2023-05-07,1,1,0,0,1,0,0,0,0,1,4.833333333333333,4.5,1.3333333333333333,0.0,0.6666666666666666,1.6666666666666667
457759,2023-05-09,4,3,2,1,0,6,1,1,1,0,4.285714285714286,4.0,1.1428571428571428,0.0,0.7142857142857143,1.4285714285714286
457759,2023-05-10,4,2,1,0,1,1,0,1,0,1,4.25,3.875,1.25,0.125,0.625,2.0
457759,2023-05-12,3,1,0,0,0,0,0,0,0,0,4.222222222222222,3.6666666666666665,1.2222222222222223,0.1111111111111111,0.6666666666666666,1.8888888888888888
457759,2023-05-13,4,4,1,0,2,2,0,1,1,1,4.1,3.4,1.1,0.1,0.6,1.7
457759,2023-05-14,4,4,0,0,1,0,0,0,0,1,4.1,3.4,1.1,0.1,0.8,1.8
457759,2023-05-15,4,4,1,0,2,1,0,1,0,1,4.0,3.3,0.9,0.1,0.8,1.5
457759,2023-05-16,5,5,2,1,0,5,1,1,1,0,3.9,3.3,0.8,0.1,1.0,1.3
457759,2023-05-17,4,4,3,1,0,6,1,1,1,0,3.9,3.3,0.7,0.2,1.0,1.5
457759,2023-05-19,2,1,0,0,1,0,0,0,0,1,3.8,3.2,1.0,0.3,0.8,2.1
457759,2023-05-22,3,3,0,0,2,0,0,0,0,1,3.5,2.9,1.0,0.3,0.8,2.1
457759,2023-05-23,4,3,0,0,1,0,0,0,0,1,3.7,3.1,1.0,0.3,0.9,2.1
457759,2023-05-24,5,3,0,0,0,0,0,0,0,0,3.7,3.1,0.8,0.2,1.0,1.5
457759,2023-05-26,5,5,2,0,1,3,0,1,1,1,3.8,3.2,0.7,0.2,0.9,1.4
457759,2023-05-27,4,4,0,0,1,0,0,0,0,1,4.0,3.6,0.9,0.2,1.0,1.7
457759,2023-05-28,5,5,2,1,2,5,1,1,1,1,4.0,3.6,0.8,0.2,0.9,1.5
457759,2023-05-30,5,5,1,0,0,1,0,1,0,0,4.1,3.7,1.0,0.3,1.0,2.0
457759,2023-05-31,4,4,1,0,1,1,0,1,0,1,4.2,3.8,1.0,0.3,0.8,2.0
462101,2023-05-03,4,3,0,0,0,0,0,0,0,0,3.0,3.0,0.0,0.0,1.0,0.0
462101,2023-05-04,5,4,1,0,2,1,0,1,0,1,3.5,3.0,0.0,0.0,0.5,0.0
462101,2023-05-05,3,1,1,1,0,4,1,1,1,0,4.0,3.3333333333333335,0.3333333333333333,0.0,1.0,0.3333333333333333
462101,2023-05-06,4,4,0,0,1,0,0,0,0,1,3.75,2.75,0.5,0.25,0.75,1.25
462101,2023-05-07,5,5,2,0,0,2,0,1,1,0,3.8,3.0,0.4,0.2,0.8,1.0
462101,2023-05-08,4,3,1,0,1,1,0,1,0,1,4.0,3.3333333333333335,0.6666666666666666,0.16666666666666666,0.6666666666666666,1.1666666666666667
462101,2023-05-09,3,3,0,0,1,0,0,0,0,1,4.0,3.2857142857142856,0.7142857142857143,0.14285714285714285,0.7142857142857143,1.1428571428571428
462101,2023-05-10,3,3,1,0,0,1,0,1,0,0,3.875,3.25,0.625,0.125,0.75,1.0
462101,2023-05-12,3,3,0,0,0,0,0,0,0,0,3.7777777777777777,3.2222222222222223,0.6666666666666666,0.1111111111111111,0.6666666666666666,1.0
467793,2023-05-03,4,3,1,0,1,1,0,1,0,1,4.0,3.0,0.0,0.0,0.0,0.0
467793,2023-05-04,4,4,2,0,0,4,0,1,1,0,4.0,3.0,0.5,0.0,0.5,0.5
467793,2023-05-05,4,3,0,0,1,0,0,0,0,1,4.0,3.3333333333333335,1.0,0.0,0.3333333333333333,1.6666666666666667
467793,2023-05-06,4,4,0,0,1,0,0,0,0,1,4.0,3.25,0.75,0.0,0.5,1.25
467793,2023-05-07,4,3,1,0,0,1,0,1,0,0,4.0,3.4,0.6,0.0,0.6,1.0
467793,2023-05-08,3,3,0,0,1,0,0,0,0,1,4.0,3.3333333333333335,0.6666666666666666,0.0,0.5,1.0
467793,2023-05-09,3,2,0,0,0,0,0,0,0,0,3.857142857142857,3.2857142857142856,0.5714285714285714,0.0,0.5714285714285714,0.8571428571428571
467793,2023-05-10,4,3,0,0,3,0,0,0,0,1,3.75,3.125,0.5,0.0,0.5,0.75
467793,2023-05-12,3,3,1,0,0,1,0,1,0,0,3.7777777777777777,3.111111111111111,0.4444444444444444,0.0,0.7777777777777778,0.6666666666666666
467793,2023-05-13,4,3,1,0,1,1,0,1,0,1,3.7,3.1,0.5,0.0,0.7,0.7
467793,2023-05-14,5,5,0,0,1,0,0,0,0,1,3.7,3.1,0.6,0.0,0.8,0.8
467793,2023-05-16,4,3,1,0,0,2,0,1,1,0,3.8,3.3,0.5,0.0,0.8,0.7
467793,2023-05-17,5,4,1,0,0,2,0,1,1,0,3.8,3.2,0.4,0.0,0.8,0.5
467793,2023-05-19,5,5,1,0,2,2,0,1,1,1,3.9,3.3,0.5,0.0,0.7,0.7
467793,2023-05-20,4,3,1,0,0,1,0,1,0,0,4.0,3.4,0.6,0.0,0.8,0.9
467793,2023-05-21,4,3,0,0,2,0,0,0,0,1,4.0,3.4,0.6,0.0,0.8,0.9
467793,2023-05-22,4,3,1,0,1,1,0,1,0,1,4.1,3.4,0.6,0.0,0.9,0.9
467793,2023-05-23,3,3,0,0,1,0,0,0,0,1,4.2,3.5,0.7,0.0,1.0,1.0
467793,2023-05-24,4,3,1,0,0,1,0,1,0,0,4.1,3.5,0.7,0.0,0.8,1.0
467793,2023-05-26,5,5,1,1,1,4,1,1,1,1,4.2,3.5,0.7,0.0,0.8,1.0
467793,2023-05-27,4,4,0,0,3,0,0,0,0,1,4.3,3.7,0.7,0.1,0.8,1.3
467793,2023-05-28,3,2,0,0,0,0,0,0,0,0,4.2,3.6,0.7,0.1,1.0,1.3
474832,2023-05-04,2,2,1,0,1,1,0,1,0,1,3.0,3.0,0.0,0.0,3.0,0.0
474832,2023-05-06,5,3,2,0,1,4,0,1,1,1,2.5,2.5,0.5,0.0,2.0,0.5
474832,2023-05-07,5,4,3,0,1,4,0,1,1,1,3.3333333333333335,2.6666666666666665,1.0,0.0,1.6666666666666667,1.6666666666666667
474832,2023-05-09,3,3,0,0,2,0,0,0,0,1,3.75,3.0,1.5,0.0,1.5,2.25
474832,2023-05-10,4,3,1,1,2,4,1,1,1,1,3.6,3.0,1.2,0.0,1.6,1.8
474832,2023-05-12,3,2,1,0,1,2,0,1,1,1,3.6666666666666665,3.0,1.1666666666666667,0.16666666666666666,1.6666666666666667,2.1666666666666665
474832,2023-05-13,2,2,0,0,1,0,0,0,0,1,3.5714285714285716,2.857142857142857,1.1428571428571428,0.14285714285714285,1.5714285714285714,2.142857142857143
474832,2023-05-14,5,5,3,0,1,3,0,1,1,1,3.375,2.75,1.0,0.125,1.5,1.875
474832,2023-05-15,3,3,1,0,0,1,0,1,0,0,3.5555555555555554,3.0,1.2222222222222223,0.1111111111111111,1.4444444444444444,2.0
474832,2023-05-16,1,1,0,0,1,0,0,0,0,1,3.5,3.0,1.2,0.1,1.3,1.9
474832,2023-05-17,4,2,1,0,1,1,0,1,0,1,3.3,2.8,1.2,0.1,1.1,1.9
474832,2023-05-18,3,3,1,0,0,1,0,1,0,0,3.5,2.8,1.2,0.1,1.1,1.9
474832,2023-05-19,4,2,1,0,1,2,0,1,1,1,3.3,2.8,1.1,0.1,1.0,1.6
474832,2023-05-20,3,2,0,0,2,0,0,0,0,1,3.2,2.6,0.9,0.1,1.0,1.4
474832,2023-05-21,3,3,1,0,1,2,0,1,1,1,3.2,2.5,0.9,0.1,1.0,1.4
474832,2023-05-22,1,1,1,0,0,1,0,1,0,0,3.1,2.5,0.9,0.0,0.9,1.2
474832,2023-05-23,5,5,2,0,2,2,0,1,1,1,2.9,2.4,0.9,0.0,0.8,1.1
474832,2023-05-25,3,1,1,0,0,1,0,1,0,0,3.2,2.7,1.1,0.0,0.9,1.3
474832,2023-05-26,3,2,0,0,1,0,0,0,0,1,3.0,2.3,0.9,0.0,0.8,1.1
474832,2023-05-27,5,4,1,0,2,1,0,1,0,1,3.0,2.2,0.8,0.0,0.9,1.0
474832,2023-05-28,4,4,0,0,2,0,0,0,0,1,3.4,2.5,0.9,0.0,1.0,1.1
474832,2023-05-30,4,2,1,0,0,1,0,1,0,0,3.4,2.7,0.8,0.0,1.1,1.0
493329,2023-05-03,5,5,2,0,0,3,0,1,1,0,4.0,4.0,1.0,0.0,0.0,2.0
493329,2023-05-04,4,4,0,0,0,0,0,0,0,0,4.5,4.5,1.5,0.0,0.0,2.5
493329,2023-05-05,3,2,1,0,0,1,0,1,0,0,4.333333333333333,4.333333333333333,1.0,0.0,0.0,1.6666666666666667
493329,2023-05-06,3,2,0,0,1,0,0,0,0,1,4.0,3.75,1.0,0.0,0.0,1.5
493329,2023-05-07,6,6,1,1,0,4,1,1,1,0,3.8,3.4,0.8,0.0,0.2,1.2
493329,2023-05-08,4,4,1,0,1,1,0,1,0,1,4.166666666666667,3.8333333333333335,0.8333333333333334,0.16666666666666666,0.16666666666666666,1.6666666666666667
493329,2023-05-09,4,4,0,0,0,0,0,0,0,0,4.142857142857143,3.857142857142857,0.8571428571428571,0.14285714285714285,0.2857142857142857,1.5714285714285714
493329,2023-05-12,4,4,0,0,0,0,0,0,0,0,4.125,3.875,0.75,0.125,0.25,1.375
493329,2023-05-13,5,3,1,0,1,1,0,1,0,1,4.111111111111111,3.888888888888889,0.6666666666666666,0.1111111111111111,0.2222222222222222,1.2222222222222223
493329,2023-05-17,3,2,0,0,1,0,0,0,0,1,4.2,3.8,0.7,0.1,0.3,1.2
493329,2023-05-21,4,4,1,0,0,1,0,1,0,0,4.1,3.6,0.6,0.1,0.4,1.0
493329,2023-05-23,4,4,3,0,0,3,0,1,1,0,4.0,3.5,0.5,0.1,0.4,0.8
493329,2023-05-24,4,4,4,0,0,6,0,1,1,0,4.0,3.5,0.8,0.1,0.4,1.1
493329,2023-05-25,5,4,2,0,0,5,0,1,1,0,4.1,3.7,1.1,0.1,0.4,1.6
493329,2023-05-26,4,4,2,0,1,2,0,1,1,1,4.3,3.9,1.3,0.1,0.3,2.1
493329,2023-05-27,4,3,1,0,2,1,0,1,0,1,4.1,3.7,1.4,0.0,0.4,1.9
493329,2023-05-28,3,3,0,0,1,0,0,0,0,1,4.1,3.6,1.4,0.0,0.5,1.9
493329,2023-05-30,5,3,0,0,0,0,0,0,0,0,4.0,3.5,1.4,0.0,0.6,1.9
493329,2023-05-31,4,3,0,0,0,0,0,0,0,0,4.1,3.4,1.4,0.0,0.6,1.9
500743,2023-05-02,5,5,2,0,1,2,0,1,1,1,1.0,0.0,0.0,0.0,0.0,0.0
500743,2023-05-03,1,1,1,0,0,1,0,1,0,0,3.0,2.5,1.0,0.0,0.5,1.0
500743,2023-05-05,3,3,0,0,1,0,0,0,0,1,2.3333333333333335,2.0,1.0,0.0,0.3333333333333333,1.0
500743,2023-05-06,4,4,1,0,1,1,0,1,0,1,2.5,2.25,0.75,0.0,0.5,0.75
500743,2023-05-07,1,1,0,0,0,0,0,0,0,0,2.8,2.6,0.8,0.0,0.6,0.8
500743,2023-05-08,4,4,0,0,0,0,0,0,0,0,2.5,2.3333333333333335,0.6666666666666666,0.0,0.5,0.6666666666666666
500743,2023-05-09,4,3,1,0,0,1,0,1,0,0,2.7142857142857144,2.5714285714285716,0.5714285714285714,0.0,0.42857142857142855,0.5714285714285714
500743,2023-05-10,4,4,2,0,0,2,0,1,1,0,2.875,2.625,0.625,0.0,0.375,0.625
500743,2023-05-12,2,2,0,0,0,0,0,0,0,0,3.0,2.7777777777777777,0.7777777777777778,0.0,0.3333333333333333,0.7777777777777778
500743,2023-05-13,1,1,0,0,1,0,0,0,0,1,2.9,2.7,0.7,0.0,0.3,0.7
500743,2023-05-14,3,2,1,0,0,2,0,1,1,0,2.9,2.8,0.7,0.0,0.4,0.7
500743,2023-05-15,4,4,0,0,1,0,0,0,0,1,2.7,2.5,0.6,0.0,0.3,0.7
500743,2023-05-16,4,4,1,0,0,2,0,1,1,0,3.0,2.8,0.5,0.0,0.4,0.6
500743,2023-05-18,4,4,1,0,0,1,0,1,0,0,3.1,2.9,0.6,0.0,0.3,0.8
500743,2023-05-19,5,5,1,0,0,1,0,1,0,0,3.1,2.9,0.6,0.0,0.2,0.8
500743,2023-05-21,4,4,2,0,1,2,0,1,1,1,3.5,3.3,0.7,0.0,0.2,0.9
500743,2023-05-22,4,4,2,0,0,3,0,1,1,0,3.5,3.3,0.9,0.0,0.3,1.1
500743,2023-05-23,2,2,0,0,1,0,0,0,0,1,3.5,3.4,1.0,0.0,0.3,1.3
500743,2023-05-26,3,3,1,0,0,1,0,1,0,0,3.3,3.2,0.8,0.0,0.4,1.1
500743,2023-05-27,4,4,1,0,1,1,0,1,0,1,3.4,3.3,0.9,0.0,0.4,1.2
500743,2023-05-28,3,2,1,0,0,1,0,1,0,0,3.7,3.6,1.0,0.0,0.4,1.3
500743,2023-05-30,4,4,1,0,0,1,0,1,0,0,3.7,3.6,1.0,0.0,0.4,1.2
500743,2023-05-31,5,5,2,0,0,3,0,1,1,0,3.7,3.6,1.1,0.0,0.3,1.3
500871,2023-05-04,3,2,0,0,0,0,0,0,0,0,1.0,1.0,1.0,1.0,0.0,4.0
500871,2023-05-06,3,3,0,0,1,0,0,0,0,1,2.0,1.5,0.5,0.5,0.0,2.0
500871,2023-05-12,2,2,1,0,1,1,0,1,0,1,2.3333333333333335,2.0,0.3333333333333333,0.3333333333333333,0.3333333333333333,1.3333333333333333
500871,2023-05-14,1,1,1,0,0,1,0,1,0,0,2.25,2.0,0.5,0.25,0.5,1.25
500871,2023-05-15,4,4,2,0,0,2,0,1,1,0,2.0,1.8,0.6,0.2,0.4,1.2
500871,2023-05-16,1,1,1,1,0,4,1,1,1,0,2.3333333333333335,2.1666666666666665,0.8333333333333334,0.16666666666666666,0.3333333333333333,1.3333333333333333
500871,2023-05-17,2,1,0,0,0,0,0,0,0,0,2.142857142857143,2.0,0.8571428571428571,0.2857142857142857,0.2857142857142857,1.7142857142857142
500871,2023-05-18,4,4,1,0,0,1,0,1,0,0,2.125,1.875,0.75,0.25,0.25,1.5
500871,2023-05-21,4,3,1,0,1,1,0,1,0,1,2.3333333333333335,2.111111111111111,0.7777777777777778,0.2222222222222222,0.2222222222222222,1.4444444444444444
500871,2023-05-23,3,3,1,0,0,1,0,1,0,0,2.5,2.2,0.8,0.2,0.3,1.4
500871,2023-05-28,5,5,2,0,0,3,0,1,1,0,2.7,2.4,0.8,0.1,0.3,1.1
500871,2023-05-30,2,2,2,0,0,2,0,1,1,0,2.9,2.7,1.0,0.1,0.3,1.4
502054,2023-05-03,4,4,3,1,0,7,1,1,1,0,2.0,1.0,0.0,0.0,0.0,0.0
502054,2023-05-04,3,3,1,0,2,1,0,1,0,1,3.0,2.5,1.5,0.5,0.0,3.5
502054,2023-05-05,3,3,0,0,1,0,0,0,0,1,3.0,2.6666666666666665,1.3333333333333333,0.3333333333333333,0.6666666666666666,2.6666666666666665
502054,2023-05-06,3,2,0,0,1,0,0,0,0,1,3.0,2.75,1.0,0.25,0.75,2.0
502054,2023-05-12,4,3,0,0,1,0,0,0,0,1,3.0,2.6,0.8,0.2,0.8,1.6
502054,2023-05-14,4,3,0,0,1,0,0,0,0,1,3.1666666666666665,2.6666666666666665,0.6666666666666666,0.16666666666666666,0.8333333333333334,1.3333333333333333
502054,2023-05-15,4,3,0,0,0,0,0,0,0,0,3.2857142857142856,2.7142857142857144,0.5714285714285714,0.14285714285714285,0.8571428571428571,1.1428571428571428
502054,2023-05-16,1,1,0,0,0,0,0,0,0,0,3.375,2.75,0.5,0.125,0.75,1.0
502054,2023-05-17,2,1,1,0,0,1,0,1,0,0,3.111111111111111,2.5555555555555554,0.4444444444444444,0.1111111111111111,0.6666666666666666,0.8888888888888888
502054,2023-05-18,4,4,2,0,1,3,0,1,1,1,3.0,2.4,0.5,0.1,0.6,0.9
502054,2023-05-21,3,3,0,0,0,0,0,0,0,0,3.2,2.7,0.7,0.1,0.7,1.2
502054,2023-05-23,4,4,1,0,2,1,0,1,0,1,3.1,2.6,0.4,0.0,0.7,0.5
502054,2023-05-26,4,4,0,0,1,0,0,0,0,1,3.2,2.7,0.4,0.0,0.7,0.5
502054,2023-05-28,5,4,3,0,0,6,0,1,1,0,3.3,2.8,0.4,0.0,0.7,0.5
502054,2023-05-30,3,1,0,0,0,0,0,0,0,0,3.5,3.0,0.7,0.0,0.6,1.1
502110,2023-05-13,4,3,1,1,1,4,1,1,1,1,4.0,4.0,1.0,0.0,2.0,1.0
502110,2023-05-14,3,3,0,0,0,0,0,0,0,0,4.0,3.5,1.0,0.5,1.5,2.5
502110,2023-05-15,5,5,1,0,1,1,0,1,0,1,3.6666666666666665,3.3333333333333335,0.6666666666666666,0.3333333333333333,1.0,1.6666666666666667
502110,2023-05-16,4,4,1,0,1,1,0,1,0,1,4.0,3.75,0.75,0.25,1.0,1.5
502110,2023-05-18,5,5,1,0,0,2,0,1,1,0,4.0,3.8,0.8,0.2,1.0,1.4
502110,2023-05-19,5,4,1,0,1,2,0,1,1,1,4.166666666666667,4.0,0.8333333333333334,0.16666666666666666,0.8333333333333334,1.5
502110,2023-05-20,4,4,1,1,1,4,1,1,1,1,4.285714285714286,4.0,0.8571428571428571,0.14285714285714285,0.8571428571428571,1.5714285714285714
502110,2023-05-21,4,3,1,0,2,1,0,1,0,1,4.25,4.0,0.875,0.25,0.875,1.875
502110,2023-05-22,5,5,4,2,0,10,1,1,1,0,4.222222222222222,3.888888888888889,0.8888888888888888,0.2222222222222222,1.0,1.7777777777777777
502110,2023-05-23,5,5,1,1,2,4,1,1,1,1,4.3,4.0,1.2,0.4,0.9,2.6
502110,2023-05-24,4,4,2,0,1,3,0,1,1,1,4.4,4.1,1.2,0.5,0.9,2.9
502110,2023-05-26,5,5,2,0,2,2,0,1,1,1,4.4,4.2,1.3,0.4,0.9,2.8
502110,2023-05-27,4,4,1,0,2,2,0,1,1,1,4.6,4.4,1.5,0.4,1.1,3.0
502110,2023-05-28,5,5,2,1,0,5,1,1,1,0,4.5,4.3,1.5,0.4,1.2,3.1
502110,2023-05-29,4,4,1,1,2,4,1,1,1,1,4.6,4.4,1.6,0.5,1.1,3.5
502110,2023-05-30,4,3,1,1,2,4,1,1,1,1,4.5,4.3,1.6,0.6,1.3,3.7
502110,2023-05-31,5,3,1,0,2,2,0,1,1,1,4.4,4.2,1.6,0.7,1.4,3.9
502671,2023-05-03,4,3,0,0,3,0,0,0,0,1,4.0,4.0,1.0,0.0,1.0,2.0
502671,2023-05-04,5,5,2,0,1,3,0,1,1,1,4.0,3.5,0.5,0.0,2.0,1.0
502671,2023-05-05,5,5,3,0,1,5,0,1,1,1,4.333333333333333,4.0,1.0,0.0,1.6666666666666667,1.6666666666666667
502671,2023-05-06,4,3,0,0,3,0,0,0,0,1,4.5,4.25,1.5,0.0,1.5,2.5
502671,2023-05-07,4,4,4,3,0,13,1,1,1,0,4.4,4.0,1.2,0.0,1.8,2.0
502671,2023-05-08,4,4,0,0,2,0,0,0,0,1,4.333333333333333,4.0,1.6666666666666667,0.5,1.5,3.8333333333333335
502671,2023-05-09,4,4,1,0,2,1,0,1,0,1,4.285714285714286,4.0,1.4285714285714286,0.42857142857142855,1.5714285714285714,3.2857142857142856
502671,2023-05-10,4,4,1,0,1,1,0,1,0,1,4.25,4.0,1.375,0.375,1.625,3.0
502671,2023-05-12,5,5,3,0,2,3,0,1,1,1,4.222222222222222,4.0,1.3333333333333333,0.3333333333333333,1.5555555555555556,2.7777777777777777
502671,2023-05-13,4,3,0,0,0,0,0,0,0,0,4.3,4.1,1.5,0.3,1.6,2.8
502671,2023-05-14,5,5,2,0,2,3,0,1,1,1,4.3,4.0,1.4,0.3,1.5,2.6
502671,2023-05-15,5,3,2,0,0,3,0,1,1,0,4.4,4.2,1.6,0.3,1.4,2.9
502671,2023-05-16,5,4,0,0,2,0,0,0,0,1,4.4,4.0,1.6,0.3,1.3,2.9
502671,2023-05-17,4,3,0,0,3,0,0,0,0,1,4.4,3.9,1.3,0.3,1.4,2.4
502671,2023-05-18,3,1,0,0,0,0,0,0,0,0,4.4,3.9,1.3,0.3,1.4,2.4
502671,2023-05-19,4,1,0,0,0,0,0,0,0,0,4.3,3.6,0.9,0.0,1.4,1.1
502671,2023-05-20,3,3,1,0,1,1,0,1,0,1,4.3,3.3,0.9,0.0,1.2,1.1
502671,2023-05-21,5,5,0,0,2,0,0,0,0,1,4.2,3.2,0.9,0.0,1.1,1.1
502671,2023-05-22,5,3,0,0,1,0,0,0,0,1,4.3,3.3,0.8,0.0,1.2,1.0
502671,2023-05-23,5,4,2,2,1,8,1,1,1,1,4.3,3.1,0.5,0.0,1.1,0.7
502671,2023-05-24,4,4,1,0,1,1,0,1,0,1,4.4,3.2,0.7,0.2,1.2,1.5
502671,2023-05-26,5,4,2,0,1,2,0,1,1,1,4.3,3.1,0.6,0.2,1.1,1.3
502671,2023-05-27,4,4,0,0,2,0,0,0,0,1,4.3,3.2,0.6,0.2,1.2,1.2
502671,2023-05-28,3,3,2,1,0,6,1,1,1,0,4.2,3.2,0.6,0.2,1.2,1.2
502671,2023-05-29,3,3,0,0,2,0,0,0,0,1,4.1,3.2,0.8,0.3,0.9,1.8
502671,2023-05-30,4,4,1,0,1,1,0,1,0,1,4.1,3.4,0.8,0.3,1.1,1.8
506702,2023-05-07,1,1,0,0,0,0,0,0,0,0,4.0,4.0,1.0,0.0,3.0,2.0
506702,2023-05-08,3,3,0,0,2,0,0,0,0,1,2.5,2.5,0.5,0.0,1.5,1.0
506702,2023-05-13,3,3,0,0,2,0,0,0,0,1,2.6666666666666665,2.6666666666666665,0.3333333333333333,0.0,1.6666666666666667,0.6666666666666666
506702,2023-05-20,4,4,0,0,2,0,0,0,0,1,2.75,2.75,0.25,0.0,1.75,0.5
506702,2023-05-26,4,4,1,0,1,1,0,1,0,1,3.0,3.0,0.2,0.0,1.8,0.4
514888,2023-05-20,4,3,1,0,2,2,0,1,1,1,4.0,3.0,0.0,0.0,0.0,0.0
514888,2023-05-21,4,2,1,0,1,1,0,1,0,1,4.0,3.0,0.5,0.0,1.0,1.0
514888,2023-05-23,3,3,1,0,1,1,0,1,0,1,4.0,2.6666666666666665,0.6666666666666666,0.0,1.0,1.0
514888,2023-05-26,5,5,2,0,2,3,0,1,1,1,3.75,2.75,0.75,0.0,1.0,1.0
514888,2023-05-27,4,4,2,0,1,3,0,1,1,1,4.0,3.2,1.0,0.0,1.2,1.4
514888,2023-05-28,5,5,3,1,1,6,1,1,1,1,4.0,3.3333333333333335,1.1666666666666667,0.0,1.1666666666666667,1.6666666666666667
514888,2023-05-29,5,4,1,1,1,4,1,1,1,1,4.142857142857143,3.5714285714285716,1.4285714285714286,0.14285714285714285,1.1428571428571428,2.2857142857142856
514888,2023-05-30,4,3,0,0,1,0,0,0,0,1,4.25,3.625,1.375,0.25,1.125,2.5
516416,2023-05-03,2,2,1,0,0,2,0,1,1,0,3.0,2.0,0.0,0.0,0.0,0.0
516416,2023-05-04,3,3,1,0,0,1,0,1,0,0,2.5,2.0,0.5,0.0,0.0,1.0
516416,2023-05-05,4,3,0,0,0,0,0,0,0,0,2.6666666666666665,2.3333333333333335,0.6666666666666666,0.0,0.0,1.0
516416,2023-05-06,4,4,0,0,1,0,0,0,0,1,3.0,2.5,0.5,0.0,0.0,0.75
516416,2023-05-07,5,5,1,0,1,1,0,1,0,1,3.2,2.8,0.4,0.0,0.2,0.6
516416,2023-05-08,3,3,0,0,3,0,0,0,0,1,3.5,3.1666666666666665,0.5,0.0,0.3333333333333333,0.6666666666666666
516416,2023-05-12,4,2,0,0,0,0,0,0,0,0,3.4285714285714284,3.142857142857143,0.42857142857142855,0.0,0.7142857142857143,0.5714285714285714
516416,2023-05-13,5,3,1,0,1,1,0,1,0,1,3.5,3.0,0.375,0.0,0.625,0.5
516416,2023-05-14,4,3,1,0,1,1,0,1,0,1,3.6666666666666665,3.0,0.4444444444444444,0.0,0.6666666666666666,0.5555555555555556
516416,2023-05-16,4,4,2,0,0,2,0,1,1,0,3.7,3.0,0.5,0.0,0.7,0.6
516416,2023-05-17,4,4,2,0,0,4,0,1,1,0,3.8,3.2,0.7,0.0,0.7,0.8
516416,2023-05-18,4,4,1,0,0,1,0,1,0,0,4.0,3.4,0.8,0.0,0.7,1.0
516416,2023-05-19,4,4,0,0,1,0,0,0,0,1,4.1,3.5,0.8,0.0,0.7,1.0
516416,2023-05-22,3,2,0,0,0,0,0,0,0,0,4.1,3.6,0.8,0.0,0.8,1.0
516416,2023-05-23,4,4,0,0,1,0,0,0,0,1,4.0,3.4,0.8,0.0,0.7,1.0
516416,2023-05-25,5,5,0,0,1,0,0,0,0,1,3.9,3.3,0.7,0.0,0.7,0.9
516416,2023-05-26,5,4,2,0,2,2,0,1,1,1,4.1,3.5,0.7,0.0,0.5,0.9
516416,2023-05-28,4,4,1,0,0,1,0,1,0,0,4.2,3.7,0.9,0.0,0.7,1.1
516416,2023-05-30,5,5,1,0,1,1,0,1,0,1,4.1,3.8,0.9,0.0,0.6,1.1
516416,2023-05-31,4,4,2,0,1,2,0,1,1,1,4.2,4.0,0.9,0.0,0.6,1.1
516782,2023-05-03,4,4,1,0,1,1,0,1,0,1,9.0,8.0,2.0,0.0,2.0,2.0
516782,2023-05-04,4,4,1,0,1,1,0,1,0,1,6.5,6.0,1.5,0.0,1.5,1.5
516782,2023-05-05,4,4,0,0,1,0,0,0,0,1,5.666666666666667,5.333333333333333,1.3333333333333333,0.0,1.3333333333333333,1.3333333333333333
516782,2023-05-06,3,3,0,0,1,0,0,0,0,1,5.25,5.0,1.0,0.0,1.25,1.0
516782,2023-05-09,4,4,2,0,1,2,0,1,1,1,4.8,4.6,0.8,0.0,1.2,0.8
516782,2023-05-10,4,4,0,0,0,0,0,0,0,0,4.666666666666667,4.5,1.0,0.0,1.1666666666666667,1.0
516782,2023-05-11,4,4,1,0,1,1,0,1,0,1,4.571428571428571,4.428571428571429,0.8571428571428571,0.0,1.0,0.8571428571428571
516782,2023-05-12,4,4,2,0,0,2,0,1,1,0,4.5,4.375,0.875,0.0,1.0,0.875
516782,2023-05-13,4,4,1,0,0,1,0,1,0,0,4.444444444444445,4.333333333333333,1.0,0.0,0.8888888888888888,1.0
516782,2023-05-14,4,4,2,0,2,2,0,1,1,1,4.4,4.3,1.0,0.0,0.8,1.0
516782,2023-05-15,4,4,2,0,0,2,0,1,1,0,3.9,3.9,1.0,0.0,0.8,1.0
516782,2023-05-16,4,4,0,0,2,0,0,0,0,1,3.9,3.9,1.1,0.0,0.7,1.1
516782,2023-05-17,4,3,1,0,1,1,0,1,0,1,3.9,3.9,1.0,0.0,0.8,1.0
516782,2023-05-19,5,4,0,0,2,0,0,0,0,1,3.9,3.8,1.1,0.0,0.8,1.1
516782,2023-05-21,4,4,3,1,0,6,1,1,1,0,4.1,3.9,1.1,0.0,0.9,1.1
516782,2023-05-23,4,4,0,0,1,0,0,0,0,1,4.1,3.9,1.2,0.1,0.8,1.5
516782,2023-05-24,3,2,0,0,0,0,0,0,0,0,4.1,3.9,1.2,0.1,0.9,1.5
516782,2023-05-25,5,5,2,0,0,2,0,1,1,0,4.0,3.7,1.1,0.1,0.8,1.4
516782,2023-05-26,4,4,0,0,0,0,0,0,0,0,4.1,3.8,1.1,0.1,0.8,1.4
516782,2023-05-27,4,4,1,0,1,1,0,1,0,1,4.1,3.8,1.0,0.1,0.8,1.3
516782,2023-05-28,5,3,2,0,0,4,0,1,1,0,4.1,3.8,0.9,0.1,0.7,1.2
516782,2023-05-30,3,3,2,0,0,2,0,1,1,0,4.2,3.7,0.9,0.1,0.7,1.4
516782,2023-05-31,3,3,0,0,1,0,0,0,0,1,4.1,3.6,1.1,0.1,0.5,1.6
518595,2023-05-12,3,2,0,0,1,0,0,0,0,1,4.0,3.0,1.0,0.0,2.0,1.0
518595,2023-05-14,5,5,1,0,1,1,0,1,0,1,3.5,2.5,0.5,0.0,1.5,0.5
518595,2023-05-17,4,4,1,0,2,1,0,1,0,1,4.0,3.3333333333333335,0.6666666666666666,0.0,1.3333333333333333,0.6666666666666666
518595,2023-05-21,4,4,2,1,0,5,1,1,1,0,4.0,3.5,0.75,0.0,1.5,0.75
518595,2023-05-24,4,4,0,0,0,0,0,0,0,0,4.0,3.6,1.0,0.2,1.2,1.6
518595,2023-05-25,1,1,1,0,0,1,0,1,0,0,4.0,3.6666666666666665,0.8333333333333334,0.16666666666666666,1.0,1.3333333333333333
518595,2023-05-26,4,4,2,0,0,3,0,1,1,0,3.5714285714285716,3.2857142857142856,0.8571428571428571,0.14285714285714285,0.8571428571428571,1.2857142857142858
518595,2023-05-31,4,4,0,0,1,0,0,0,0,1,3.625,3.375,1.0,0.125,0.75,1.5
518692,2023-05-02,5,5,2,1,1,6,1,1,1,1,5.0,5.0,3.0,0.0,2.0,4.0
518692,2023-05-03,4,3,1,0,0,2,0,1,1,0,5.0,5.0,2.5,0.5,1.5,5.0
518692,2023-05-05,4,4,1,0,1,2,0,1,1,1,4.666666666666667,4.333333333333333,2.0,0.3333333333333333,1.0,4.0
518692,2023-05-06,4,4,1,0,1,1,0,1,0,1,4.5,4.25,1.75,0.25,1.0,3.5
518692,2023-05-07,4,4,0,0,1,0,0,0,0,1,4.4,4.2,1.6,0.2,1.0,3.0
518692,2023-05-08,4,4,1,0,1,2,0,1,1,1,4.333333333333333,4.166666666666667,1.3333333333333333,0.16666666666666666,1.0,2.5
518692,2023-05-09,5,4,0,0,1,0,0,0,0,1,4.285714285714286,4.142857142857143,1.2857142857142858,0.14285714285714285,1.0,2.4285714285714284
518692,2023-05-10,5,5,2,1,1,5,1,1,1,1,4.375,4.125,1.125,0.125,1.0,2.125
518692,2023-05-12,4,3,2,1,0,6,1,1,1,0,4.444444444444445,4.222222222222222,1.2222222222222223,0.2222222222222222,1.0,2.4444444444444446
518692,2023-05-13,3,3,2,0,1,3,0,1,1,1,4.4,4.1,1.3,0.3,0.9,2.8
518692,2023-05-14,4,4,1,0,0,1,0,1,0,0,4.2,3.9,1.2,0.3,0.8,2.7
518692,2023-05-15,5,5,2,0,1,3,0,1,1,1,4.1,3.8,1.1,0.2,0.7,2.2
518692,2023-05-16,4,3,2,0,0,2,0,1,1,0,4.2,4.0,1.2,0.2,0.8,2.3
518692,2023-05-17,4,3,1,0,1,1,0,1,0,1,4.2,3.9,1.3,0.2,0.7,2.3
518692,2023-05-18,5,5,2,1,0,7,1,1,1,0,4.2,3.8,1.3,0.2,0.7,2.3
518692,2023-05-19,5,4,2,0,0,4,0,1,1,0,4.3,3.9,1.5,0.3,0.6,3.0
518692,2023-05-20,4,3,2,0,0,3,0,1,1,0,4.4,3.9,1.6,0.3,0.5,3.2
518692,2023-05-21,4,3,1,0,1,1,0,1,0,1,4.3,3.8,1.8,0.3,0.4,3.5
518692,2023-05-22,5,5,3,1,2,7,1,1,1,1,4.2,3.6,1.7,0.2,0.4,3.1
518692,2023-05-23,4,4,1,0,0,1,0,1,0,0,4.3,3.8,1.8,0.2,0.6,3.2
518692,2023-05-24,4,3,1,0,1,1,0,1,0,1,4.4,3.9,1.7,0.2,0.5,3.0
518692,2023-05-26,5,4,2,0,1,2,0,1,1,1,4.4,3.8,1.7,0.2,0.6,3.0
518692,2023-05-27,5,3,2,0,1,4,0,1,1,1,4.4,3.7,1.7,0.2,0.6,2.9
518692,2023-05-28,5,5,2,0,1,4,0,1,1,1,4.5,3.7,1.7,0.2,0.7,3.1
518692,2023-05-29,4,4,1,0,0,2,0,1,1,0,4.6,3.9,1.8,0.2,0.7,3.4
518692,2023-05-30,5,5,4,1,0,7,1,1,1,0,4.5,3.8,1.7,0.1,0.7,2.9
518692,2023-05-31,2,2,2,0,0,2,0,1,1,0,4.5,3.9,1.9,0.2,0.7,3.2
518735,2023-05-03,4,4,3,0,1,3,0,1,1,1,4.0,2.0,0.0,0.0,0.0,0.0
518735,2023-05-04,2,2,0,0,0,0,0,0,0,0,4.0,3.0,1.5,0.0,0.5,1.5
518735,2023-05-05,4,4,2,0,1,2,0,1,1,1,3.3333333333333335,2.6666666666666665,1.0,0.0,0.3333333333333333,1.0
518735,2023-05-06,4,3,1,0,0,1,0,1,0,0,3.5,3.0,1.25,0.0,0.5,1.25
518735,2023-05-07,4,4,2,0,0,2,0,1,1,0,3.6,3.0,1.2,0.0,0.4,1.2
518735,2023-05-08,3,2,0,0,0,0,0,0,0,0,3.6666666666666665,3.1666666666666665,1.3333333333333333,0.0,0.3333333333333333,1.3333333333333333
518735,2023-05-09,4,4,0,0,2,0,0,0,0,1,3.5714285714285716,3.0,1.1428571428571428,0.0,0.2857142857142857,1.1428571428571428
518735,2023-05-10,4,4,1,0,1,1,0,1,0,1,3.625,3.125,1.0,0.0,0.5,1.0
518735,2023-05-11,2,2,2,0,0,3,0,1,1,0,3.6666666666666665,3.2222222222222223,1.0,0.0,0.5555555555555556,1.0
518735,2023-05-16,4,4,3,0,1,3,0,1,1,1,3.5,3.1,1.1,0.0,0.5,1.2
518735,2023-05-17,3,3,2,0,0,2,0,1,1,0,3.5,3.3,1.4,0.0,0.6,1.5
518735,2023-05-18,4,4,1,0,1,1,0,1,0,1,3.4,3.2,1.3,0.0,0.5,1.4
518735,2023-05-21,4,4,0,0,1,0,0,0,0,1,3.6,3.4,1.4,0.0,0.6,1.5
518735,2023-05-22,3,3,0,0,1,0,0,0,0,1,3.6,3.4,1.2,0.0,0.6,1.3
518735,2023-05-23,2,2,1,1,0,4,1,1,1,0,3.5,3.4,1.1,0.0,0.7,1.2
518735,2023-05-26,5,5,1,0,1,1,0,1,0,1,3.3,3.2,1.0,0.1,0.7,1.4
518735,2023-05-27,3,3,0,0,1,0,0,0,0,1,3.5,3.5,1.1,0.1,0.8,1.5
518735,2023-05-28,5,4,0,0,2,0,0,0,0,1,3.4,3.4,1.1,0.1,0.7,1.5
518735,2023-05-29,2,2,0,0,0,0,0,0,0,0,3.5,3.4,1.0,0.1,0.8,1.4
518735,2023-05-31,4,3,2,0,1,2,0,1,1,1,3.5,3.4,0.8,0.1,0.8,1.1
518792,2023-05-03,3,3,0,0,1,0,0,0,0,1,5.0,4.0,2.0,1.0,2.0,6.0
518792,2023-05-05,3,3,1,0,1,2,0,1,1,1,4.0,3.5,1.0,0.5,1.5,3.0
518792,2023-05-06,1,1,0,0,1,0,0,0,0,1,3.6666666666666665,3.3333333333333335,1.0,0.3333333333333333,1.3333333333333333,2.6666666666666665
518792,2023-05-07,2,2,0,0,2,0,0,0,0,1,3.0,2.75,0.75,0.25,1.25,2.0
518792,2023-05-08,3,2,0,0,0,0,0,0,0,0,2.8,2.6,0.6,0.2,1.4,1.6
518792,2023-05-13,4,3,0,0,0,0,0,0,0,0,2.8333333333333335,2.5,0.5,0.16666666666666666,1.1666666666666667,1.3333333333333333
518792,2023-05-15,4,4,0,0,2,0,0,0,0,1,3.0,2.5714285714285716,0.42857142857142855,0.14285714285714285,1.0,1.1428571428571428
518792,2023-05-16,3,2,0,0,0,0,0,0,0,0,3.125,2.75,0.375,0.125,1.125,1.0
518792,2023-05-17,4,3,0,0,1,0,0,0,0,1,3.111111111111111,2.6666666666666665,0.3333333333333333,0.1111111111111111,1.0,0.8888888888888888
518792,2023-05-18,1,1,0,0,0,0,0,0,0,0,3.2,2.7,0.3,0.1,1.0,0.8
518792,2023-05-20,4,4,2,0,0,3,0,1,1,0,2.8,2.4,0.1,0.0,0.8,0.2
518792,2023-05-21,3,2,1,0,0,2,0,1,1,0,2.9,2.5,0.3,0.0,0.7,0.5
518792,2023-05-23,5,4,2,1,0,5,1,1,1,0,2.9,2.4,0.3,0.0,0.6,0.5
518792,2023-05-24,4,4,1,0,0,1,0,1,0,0,3.3,2.7,0.5,0.1,0.5,1.0
518792,2023-05-27,2,2,0,0,1,0,0,0,0,1,3.5,2.9,0.6,0.1,0.3,1.1
518792,2023-05-28,1,1,0,0,1,0,0,0,0,1,3.4,2.9,0.6,0.1,0.4,1.1
518792,2023-05-29,3,2,0,0,0,0,0,0,0,0,3.1,2.7,0.6,0.1,0.5,1.1
518792,2023-05-30,4,2,2,1,0,5,1,1,1,0,3.0,2.5,0.6,0.1,0.3,1.1
518792,2023-05-31,1,1,0,0,1,0,0,0,0,1,3.1,2.5,0.8,0.2,0.3,1.6
518934,2023-05-02,4,4,1,0,3,1,0,1,0,1,4.0,4.0,2.0,0.0,1.0,2.0
518934,2023-05-03,4,4,1,0,1,1,0,1,0,1,4.0,4.0,1.5,0.0,2.0,1.5
518934,2023-05-05,4,2,2,0,0,2,0,1,1,0,4.0,4.0,1.3333333333333333,0.0,1.6666666666666667,1.3333333333333333
518934,2023-05-06,4,4,1,0,0,2,0,1,1,0,4.0,3.5,1.5,0.0,1.25,1.5
518934,2023-05-07,5,5,2,0,0,2,0,1,1,0,4.0,3.6,1.4,0.0,1.0,1.6
518934,2023-05-08,4,4,1,1,0,4,1,1,1,0,4.166666666666667,3.8333333333333335,1.5,0.0,0.8333333333333334,1.6666666666666667
518934,2023-05-10,5,4,1,1,2,4,1,1,1,1,4.142857142857143,3.857142857142857,1.4285714285714286,0.14285714285714285,0.7142857142857143,2.0
518934,2023-05-11,4,3,0,0,1,0,0,0,0,1,4.25,3.875,1.375,0.25,0.875,2.25
518934,2023-05-12,4,4,1,0,1,1,0,1,0,1,4.222222222222222,3.7777777777777777,1.2222222222222223,0.2222222222222222,0.8888888888888888,2.0
518934,2023-05-13,5,4,1,0,1,1,0,1,0,1,4.2,3.8,1.2,0.2,0.9,1.9
518934,2023-05-14,4,4,2,0,2,2,0,1,1,1,4.3,3.8,1.1,0.2,0.9,1.8
518934,2023-05-16,4,4,1,0,1,2,0,1,1,1,4.3,3.8,1.2,0.2,0.8,1.9
518934,2023-05-17,4,3,0,0,1,0,0,0,0,1,4.3,3.8,1.2,0.2,0.8,2.0
518934,2023-05-18,4,4,0,0,1,0,0,0,0,1,4.3,3.9,1.0,0.2,0.9,1.8
518934,2023-05-19,2,1,0,0,0,0,0,0,0,0,4.3,3.9,0.9,0.2,1.0,1.6
518934,2023-05-20,5,5,1,0,2,1,0,1,0,1,4.0,3.5,0.7,0.2,1.0,1.4
518934,2023-05-21,4,4,0,0,2,0,0,0,0,1,4.1,3.6,0.7,0.1,1.2,1.1
518934,2023-05-23,3,3,1,0,1,1,0,1,0,1,4.0,3.6,0.6,0.0,1.2,0.7
518934,2023-05-24,4,4,1,0,1,1,0,1,0,1,3.9,3.6,0.7,0.0,1.2,0.8
518934,2023-05-26,4,4,1,0,0,1,0,1,0,0,3.9,3.6,0.7,0.0,1.2,0.8
518934,2023-05-27,3,3,2,1,0,6,1,1,1,0,3.8,3.6,0.7,0.0,1.1,0.8
518934,2023-05-28,4,4,0,0,2,0,0,0,0,1,3.7,3.5,0.7,0.1,0.9,1.2
518934,2023-05-29,5,5,1,0,0,1,0,1,0,0,3.7,3.5,0.6,0.1,1.0,1.0
518934,2023-05-30,4,4,0,0,2,0,0,0,0,1,3.8,3.7,0.7,0.1,0.9,1.1
518934,2023-05-31,3,3,1,0,0,1,0,1,0,0,3.8,3.7,0.7,0.1,1.0,1.1
519058,2023-05-05,1,1,0,0,1,0,0,0,0,1,4.0,4.0,2.0,0.0,1.0,3.0
519058,2023-05-08,3,3,1,0,2,1,0,1,0,1,2.5,2.5,1.0,0.0,1.0,1.5
519058,2023-05-12,1,1,0,0,1,0,0,0,0,1,2.6666666666666665,2.6666666666666665,1.0,0.0,1.3333333333333333,1.3333333333333333
519058,2023-05-14,2,2,0,0,0,0,0,0,0,0,2.25,2.25,0.75,0.0,1.25,1.0
519058,2023-05-15,4,4,1,1,1,4,1,1,1,1,2.2,2.2,0.6,0.0,1.0,0.8
519058,2023-05-16,4,4,0,0,1,0,0,0,0,1,2.5,2.5,0.6666666666666666,0.16666666666666666,1.0,1.3333333333333333
519058,2023-05-20,4,4,2,0,0,2,0,1,1,0,2.7142857142857144,2.7142857142857144,0.5714285714285714,0.14285714285714285,1.0,1.1428571428571428
519058,2023-05-21,3,2,1,0,0,1,0,1,0,0,2.875,2.875,0.75,0.125,0.875,1.25
519058,2023-05-24,4,3,0,0,1,0,0,0,0,1,2.888888888888889,2.7777777777777777,0.7777777777777778,0.1111111111111111,0.7777777777777778,1.2222222222222223
519058,2023-05-25,1,1,1,0,0,1,0,1,0,0,3.0,2.8,0.7,0.1,0.8,1.1
519058,2023-05-26,1,1,0,0,1,0,0,0,0,1,2.7,2.5,0.6,0.1,0.7,0.9
519058,2023-05-29,4,3,1,0,1,1,0,1,0,1,2.7,2.5,0.6,0.1,0.7,0.9
519203,2023-05-02,4,4,2,0,0,2,0,1,1,0,4.0,3.0,0.0,0.0,0.0,0.0
519203,2023-05-03,4,4,2,0,0,2,0,1,1,0,4.0,3.5,1.0,0.0,0.0,1.0
519203,2023-05-05,5,5,1,0,1,1,0,1,0,1,4.0,3.6666666666666665,1.3333333333333333,0.0,0.0,1.3333333333333333
519203,2023-05-06,5,5,1,0,3,1,0,1,0,1,4.25,4.0,1.25,0.0,0.25,1.25
519203,2023-05-07,6,3,1,1,1,4,1,1,1,1,4.4,4.2,1.2,0.0,0.8,1.2
519203,2023-05-08,4,3,2,0,0,2,0,1,1,0,4.666666666666667,4.0,1.1666666666666667,0.16666666666666666,0.8333333333333334,1.6666666666666667
519203,2023-05-09,4,4,2,0,0,2,0,1,1,0,4.571428571428571,3.857142857142857,1.2857142857142858,0.14285714285714285,0.7142857142857143,1.7142857142857142
519203,2023-05-10,4,4,2,0,2,2,0,1,1,1,4.5,3.875,1.375,0.125,0.625,1.75
519203,2023-05-11,4,3,0,0,0,0,0,0,0,0,4.444444444444445,3.888888888888889,1.4444444444444444,0.1111111111111111,0.7777777777777778,1.7777777777777777
519203,2023-05-12,4,4,2,2,1,8,1,1,1,1,4.4,3.8,1.3,0.1,0.7,1.6
519203,2023-05-13,5,5,3,0,0,4,0,1,1,0,4.4,3.9,1.5,0.3,0.8,2.4
519203,2023-05-14,4,3,1,1,2,4,1,1,1,1,4.5,4.0,1.6,0.3,0.8,2.6
519203,2023-05-15,4,4,1,0,0,2,0,1,1,0,4.5,3.9,1.5,0.4,1.0,2.8
519203,2023-05-17,5,3,0,0,2,0,0,0,0,1,4.4,3.8,1.5,0.4,0.9,2.9
519203,2023-05-18,4,4,0,0,2,0,0,0,0,1,4.4,3.6,1.4,0.4,0.8,2.8
519203,2023-05-19,4,4,2,1,0,5,1,1,1,0,4.2,3.7,1.3,0.3,0.9,2.4
519203,2023-05-20,4,4,2,1,1,5,1,1,1,1,4.2,3.8,1.3,0.4,0.9,2.7
519203,2023-05-21,4,4,1,0,3,1,0,1,0,1,4.2,3.8,1.3,0.5,1.0,3.0
519203,2023-05-23,5,5,3,0,2,4,0,1,1,1,4.2,3.8,1.2,0.5,1.1,2.9
519203,2023-05-24,5,5,1,0,4,1,0,1,0,1,4.3,4.0,1.5,0.5,1.3,3.3
519203,2023-05-25,3,3,0,0,0,0,0,0,0,0,4.4,4.1,1.4,0.3,1.6,2.6
519203,2023-05-26,4,4,2,0,0,2,0,1,1,0,4.2,3.9,1.1,0.3,1.6,2.2
519203,2023-05-27,4,4,1,0,1,1,0,1,0,1,4.2,4.0,1.2,0.2,1.4,2.0
519203,2023-05-28,3,3,1,0,2,1,0,1,0,1,4.2,4.0,1.2,0.2,1.5,1.9
521692,2023-05-03,4,4,0,0,0,0,0,0,0,0,4.0,3.0,2.0,2.0,0.0,8.0
521692,2023-05-04,4,4,1,1,1,4,1,1,1,1,4.0,3.5,1.0,1.0,0.0,4.0
521692,2023-05-05,4,4,1,0,2,1,0,1,0,1,4.0,3.6666666666666665,1.0,1.0,0.3333333333333333,4.0
521692,2023-05-06,5,3,2,0,1,2,0,1,1,1,4.0,3.75,1.0,0.75,0.75,3.25
521692,2023-05-07,4,4,3,1,0,6,1,1,1,0,4.2,3.6,1.2,0.6,0.8,3.0
521692,2023-05-08,4,3,1,0,1,1,0,1,0,1,4.166666666666667,3.6666666666666665,1.5,0.6666666666666666,0.6666666666666666,3.5
521692,2023-05-09,4,4,0,0,2,0,0,0,0,1,4.142857142857143,3.5714285714285716,1.4285714285714286,0.5714285714285714,0.7142857142857143,3.142857142857143
521692,2023-05-10,4,4,2,0,1,4,0,1,1,1,4.125,3.625,1.25,0.5,0.875,2.75
521692,2023-05-13,4,4,2,1,1,5,1,1,1,1,4.111111111111111,3.6666666666666665,1.3333333333333333,0.4444444444444444,0.8888888888888888,2.888888888888889
521692,2023-05-14,4,4,2,1,2,5,1,1,1,1,4.1,3.7,1.4,0.5,0.9,3.1
521692,2023-05-15,4,4,0,0,1,0,0,0,0,1,4.1,3.8,1.4,0.4,1.1,2.8
521692,2023-05-16,5,5,1,0,2,2,0,1,1,1,4.1,3.8,1.4,0.4,1.2,2.8
521692,2023-05-17,4,4,0,0,1,0,0,0,0,1,4.2,3.9,1.4,0.3,1.3,2.6
521692,2023-05-19,3,3,0,0,0,0,0,0,0,0,4.2,3.9,1.3,0.3,1.2,2.5
521692,2023-05-20,4,4,3,1,0,7,1,1,1,0,4.0,3.9,1.1,0.3,1.1,2.3
521692,2023-05-21,4,4,0,0,3,0,0,0,0,1,4.0,3.9,1.1,0.3,1.1,2.4
521692,2023-05-22,5,5,1,1,1,4,1,1,1,1,4.0,4.0,1.0,0.3,1.3,2.3
521692,2023-05-23,4,3,1,0,1,1,0,1,0,1,4.1,4.1,1.1,0.4,1.2,2.7
521692,2023-05-26,5,5,2,0,1,3,0,1,1,1,4.1,4.0,1.0,0.4,1.2,2.4
521692,2023-05-27,4,4,2,1,1,5,1,1,1,1,4.2,4.1,1.0,0.3,1.2,2.2
521692,2023-05-28,4,4,0,0,1,0,0,0,0,1,4.2,4.1,1.0,0.3,1.1,2.2
521692,2023-05-29,5,5,1,0,1,1,0,1,0,1,4.2,4.1,1.0,0.3,1.1,2.2
521692,2023-05-30,4,4,2,0,1,2,0,1,1,1,4.2,4.1,1.0,0.3,1.0,2.1
527038,2023-05-03,4,4,1,1,1,4,1,1,1,1,4.0,3.0,0.0,0.0,1.0,0.0
527038,2023-05-05,1,1,1,1,0,4,1,1,1,0,4.0,3.5,0.5,0.5,1.0,2.0
527038,2023-05-07,4,4,2,0,1,3,0,1,1,1,3.0,2.6666666666666665,0.6666666666666666,0.6666666666666666,0.6666666666666666,2.6666666666666665
527038,2023-05-08,1,1,0,0,0,0,0,0,0,0,3.25,3.0,1.0,0.5,0.75,2.75
527038,2023-05-09,4,3,0,0,0,0,0,0,0,0,2.8,2.6,0.8,0.4,0.6,2.2
527038,2023-05-11,5,5,0,0,1,0,0,0,0,1,3.0,2.6666666666666665,0.6666666666666666,0.3333333333333333,0.5,1.8333333333333333
527038,2023-05-12,1,1,0,0,0,0,0,0,0,0,3.2857142857142856,3.0,0.5714285714285714,0.2857142857142857,0.5714285714285714,1.5714285714285714
527038,2023-05-13,4,3,1,0,0,2,0,1,1,0,3.0,2.75,0.5,0.25,0.5,1.375
527038,2023-05-15,4,3,1,0,0,1,0,1,0,0,3.111111111111111,2.7777777777777777,0.5555555555555556,0.2222222222222222,0.4444444444444444,1.4444444444444444
527038,2023-05-17,5,4,2,0,0,2,0,1,1,0,3.2,2.8,0.6,0.2,0.4,1.4
527038,2023-05-19,1,1,0,0,1,0,0,0,0,1,3.3,2.9,0.8,0.2,0.3,1.6
527038,2023-05-20,4,4,0,0,1,0,0,0,0,1,3.0,2.6,0.7,0.1,0.3,1.2
527038,2023-05-21,3,3,0,0,2,0,0,0,0,1,3.3,2.9,0.6,0.0,0.4,0.8
527038,2023-05-22,1,1,0,0,1,0,0,0,0,1,3.2,2.8,0.4,0.0,0.5,0.5
527038,2023-05-23,2,2,0,0,2,0,0,0,0,1,3.2,2.8,0.4,0.0,0.6,0.5
527038,2023-05-24,2,2,1,0,1,2,0,1,1,1,3.0,2.7,0.4,0.0,0.8,0.5
527038,2023-05-28,1,1,0,0,1,0,0,0,0,1,2.7,2.4,0.5,0.0,0.8,0.7
527038,2023-05-29,3,3,0,0,0,0,0,0,0,0,2.7,2.4,0.5,0.0,0.9,0.7
527038,2023-05-31,4,4,1,0,2,1,0,1,0,1,2.6,2.4,0.4,0.0,0.9,0.5
542194,2023-05-04,3,3,0,0,2,0,0,0,0,1,4.0,4.0,0.0,0.0,2.0,0.0
542194,2023-05-06,2,2,1,0,0,2,0,1,1,0,3.5,3.5,0.0,0.0,2.0,0.0
542194,2023-05-07,4,4,1,1,2,4,1,1,1,1,3.0,3.0,0.3333333333333333,0.0,1.3333333333333333,0.6666666666666666
542194,2023-05-09,3,3,0,0,0,0,0,0,0,0,3.25,3.25,0.5,0.25,1.5,1.5
542194,2023-05-10,3,3,1,0,0,1,0,1,0,0,3.2,3.2,0.4,0.2,1.2,1.2
542194,2023-05-12,4,4,1,0,1,1,0,1,0,1,3.1666666666666665,3.1666666666666665,0.5,0.16666666666666666,1.0,1.1666666666666667
542194,2023-05-13,1,1,0,0,1,0,0,0,0,1,3.2857142857142856,3.2857142857142856,0.5714285714285714,0.14285714285714285,1.0,1.1428571428571428
542194,2023-05-14,4,4,1,0,2,1,0,1,0,1,3.0,3.0,0.5,0.125,1.0,1.0
542194,2023-05-16,4,4,1,0,1,2,0,1,1,1,3.111111111111111,3.111111111111111,0.5555555555555556,0.1111111111111111,1.1111111111111112,1.0
542194,2023-05-18,2,2,0,0,1,0,0,0,0,1,3.2,3.2,0.6,0.1,1.1,1.1
542194,2023-05-20,4,4,2,1,1,5,1,1,1,1,3.0,3.0,0.6,0.1,1.0,1.1
542194,2023-05-22,2,2,0,0,1,0,0,0,0,1,3.1,3.1,0.8,0.2,0.9,1.6
542194,2023-05-23,1,1,1,0,0,1,0,1,0,0,3.1,3.1,0.7,0.2,1.0,1.4
542194,2023-05-24,4,4,2,0,1,2,0,1,1,1,2.8,2.8,0.7,0.1,0.8,1.1
542194,2023-05-26,4,4,3,0,0,5,0,1,1,0,2.9,2.9,0.9,0.1,0.9,1.3
542194,2023-05-27,3,3,1,0,1,2,0,1,1,1,3.0,3.0,1.1,0.1,0.9,1.7
542194,2023-05-29,3,3,0,0,1,0,0,0,0,1,2.9,2.9,1.1,0.1,0.9,1.8
542194,2023-05-31,4,4,0,0,1,0,0,0,0,1,3.1,3.1,1.1,0.1,0.9,1.8
542208,2023-05-07,3,2,1,0,0,1,0,1,0,0,4.0,4.0,1.0,0.0,1.0,1.0
542208,2023-05-08,5,4,1,0,1,1,0,1,0,1,3.5,3.0,1.0,0.0,0.5,1.0
542208,2023-05-10,4,3,1,1,0,4,1,1,1,0,4.0,3.3333333333333335,1.0,0.0,0.6666666666666666,1.0
542208,2023-05-12,5,4,1,1,1,4,1,1,1,1,4.0,3.25,1.0,0.25,0.5,1.75
542208,2023-05-13,1,1,1,0,0,1,0,1,0,0,4.2,3.4,1.0,0.4,0.6,2.2
542208,2023-05-14,4,4,0,0,1,0,0,0,0,1,3.6666666666666665,3.0,1.0,0.3333333333333333,0.5,2.0
542208,2023-05-16,4,3,1,0,1,1,0,1,0,1,3.7142857142857144,3.142857142857143,0.8571428571428571,0.2857142857142857,0.5714285714285714,1.7142857142857142
542208,2023-05-17,4,3,0,0,1,0,0,0,0,1,3.75,3.125,0.875,0.25,0.625,1.625
542208,2023-05-21,3,3,0,0,1,0,0,0,0,1,3.7777777777777777,3.111111111111111,0.7777777777777778,0.2222222222222222,0.6666666666666666,1.4444444444444444
542208,2023-05-23,3,3,1,0,1,1,0,1,0,1,3.7,3.1,0.7,0.2,0.7,1.3
542208,2023-05-24,1,1,1,0,0,1,0,1,0,0,3.6,3.0,0.7,0.2,0.7,1.3
542208,2023-05-26,4,4,0,0,3,0,0,0,0,1,3.4,2.9,0.7,0.2,0.7,1.3
542208,2023-05-31,3,3,0,0,0,0,0,0,0,0,3.3,2.9,0.6,0.2,0.9,1.2
542303,2023-05-03,5,5,3,2,0,9,1,1,1,0,5.0,4.0,2.0,0.0,1.0,2.0
542303,2023-05-04,5,4,1,1,1,4,1,1,1,1,5.0,4.5,2.5,1.0,0.5,5.5
542303,2023-05-05,3,2,0,0,1,0,0,0,0,1,5.0,4.333333333333333,2.0,1.0,0.6666666666666666,5.0
542303,2023-05-06,4,4,1,1,0,4,1,1,1,0,4.5,3.75,1.5,0.75,0.75,3.75
542303,2023-05-07,3,2,0,0,0,0,0,0,0,0,4.4,3.8,1.4,0.8,0.6,3.8
542303,2023-05-09,4,4,1,0,1,1,0,1,0,1,4.166666666666667,3.5,1.1666666666666667,0.6666666666666666,0.5,3.1666666666666665
542303,2023-05-13,4,3,2,1,0,5,1,1,1,0,4.142857142857143,3.5714285714285716,1.1428571428571428,0.5714285714285714,0.5714285714285714,2.857142857142857
542303,2023-05-14,5,5,1,0,1,2,0,1,1,1,4.125,3.5,1.25,0.625,0.5,3.125
542303,2023-05-15,5,5,1,1,2,4,1,1,1,1,4.222222222222222,3.6666666666666665,1.2222222222222223,0.5555555555555556,0.5555555555555556,3.0
542303,2023-05-17,4,3,1,0,0,1,0,1,0,0,4.3,3.8,1.2,0.6,0.7,3.1
542303,2023-05-19,4,4,2,0,2,2,0,1,1,1,4.2,3.7,1.1,0.6,0.6,3.0
542303,2023-05-20,4,4,2,0,2,2,0,1,1,1,4.1,3.6,1.0,0.4,0.8,2.3
542303,2023-05-21,3,3,1,0,1,1,0,1,0,1,4.0,3.6,1.1,0.3,0.9,2.1
542303,2023-05-22,4,3,2,0,0,3,0,1,1,0,4.0,3.7,1.2,0.3,0.9,2.2
542303,2023-05-23,4,4,0,0,3,0,0,0,0,1,4.0,3.6,1.3,0.2,0.9,2.1
542303,2023-05-24,3,3,1,1,1,4,1,1,1,1,4.1,3.8,1.3,0.2,1.2,2.1
542303,2023-05-25,4,3,2,1,0,6,1,1,1,0,4.0,3.7,1.3,0.3,1.2,2.4
542303,2023-05-26,4,4,3,1,0,6,1,1,1,0,4.0,3.7,1.3,0.3,1.2,2.5
542303,2023-05-27,4,4,0,0,2,0,0,0,0,1,3.9,3.6,1.5,0.4,1.1,2.9
542303,2023-05-28,4,4,1,0,1,1,0,1,0,1,3.8,3.5,1.4,0.3,1.1,2.5
542303,2023-05-29,4,4,0,0,1,0,0,0,0,1,3.8,3.6,1.4,0.3,1.2,2.5
542303,2023-05-30,3,3,0,0,0,0,0,0,0,0,3.8,3.6,1.2,0.3,1.1,2.3
542303,2023-05-31,4,4,0,0,2,0,0,0,0,1,3.7,3.5,1.0,0.3,0.9,2.1
542583,2023-05-04,3,3,1,0,0,1,0,1,0,0,2.0,2.0,0.0,0.0,2.0,0.0
542583,2023-05-06,1,1,0,0,1,0,0,0,0,1,2.5,2.5,0.5,0.0,1.0,0.5
542583,2023-05-07,2,2,0,0,1,0,0,0,0,1,2.0,2.0,0.3333333333333333,0.0,1.0,0.3333333333333333
542583,2023-05-08,3,2,1,0,0,1,0,1,0,0,2.0,2.0,0.25,0.0,1.0,0.25
542583,2023-05-09,2,2,0,0,1,0,0,0,0,1,2.2,2.0,0.4,0.0,0.8,0.4
542583,2023-05-12,4,3,0,0,0,0,0,0,0,0,2.1666666666666665,2.0,0.3333333333333333,0.0,0.8333333333333334,0.3333333333333333
542583,2023-05-14,4,4,0,0,2,0,0,0,0,1,2.4285714285714284,2.142857142857143,0.2857142857142857,0.0,0.7142857142857143,0.2857142857142857
542583,2023-05-16,2,2,0,0,2,0,0,0,0,1,2.625,2.375,0.25,0.0,0.875,0.25
542583,2023-05-21,3,3,1,0,1,1,0,1,0,1,2.5555555555555554,2.3333333333333335,0.2222222222222222,0.0,1.0,0.2222222222222222
542583,2023-05-23,2,2,0,0,0,0,0,0,0,0,2.6,2.4,0.3,0.0,1.0,0.3
542583,2023-05-27,3,3,0,0,0,0,0,0,0,0,2.6,2.4,0.3,0.0,0.8,0.3
542932,2023-05-03,3,2,0,0,1,0,0,0,0,1,2.0,1.0,1.0,0.0,0.0,1.0
542932,2023-05-04,5,5,3,0,0,3,0,1,1,0,2.5,1.5,0.5,0.0,0.5,0.5
542932,2023-05-05,4,4,2,0,1,2,0,1,1,1,3.3333333333333335,2.6666666666666665,1.3333333333333333,0.0,0.3333333333333333,1.3333333333333333
542932,2023-05-06,4,4,1,0,2,1,0,1,0,1,3.5,3.0,1.5,0.0,0.5,1.5
542932,2023-05-07,3,3,1,0,0,1,0,1,0,0,3.6,3.2,1.4,0.0,0.8,1.4
542932,2023-05-08,1,1,0,0,0,0,0,0,0,0,3.5,3.1666666666666665,1.3333333333333333,0.0,0.6666666666666666,1.3333333333333333
542932,2023-05-09,4,4,2,0,0,3,0,1,1,0,3.142857142857143,2.857142857142857,1.1428571428571428,0.0,0.5714285714285714,1.1428571428571428
542932,2023-05-10,4,4,0,0,2,0,0,0,0,1,3.25,3.0,1.25,0.0,0.5,1.375
542932,2023-05-14,5,5,2,0,0,2,0,1,1,0,3.3333333333333335,3.111111111111111,1.1111111111111112,0.0,0.6666666666666666,1.2222222222222223
542932,2023-05-17,4,4,1,0,2,1,0,1,0,1,3.5,3.3,1.2,0.0,0.6,1.3
542932,2023-05-19,1,1,0,0,0,0,0,0,0,0,3.7,3.6,1.2,0.0,0.8,1.3
542932,2023-05-20,4,4,1,0,2,1,0,1,0,1,3.5,3.5,1.2,0.0,0.7,1.3
542932,2023-05-21,4,4,3,0,1,3,0,1,1,1,3.4,3.4,1.0,0.0,0.9,1.1
542932,2023-05-22,5,5,1,0,1,1,0,1,0,1,3.4,3.4,1.1,0.0,0.9,1.2
542932,2023-05-23,5,4,2,0,0,2,0,1,1,0,3.5,3.5,1.1,0.0,0.8,1.2
542932,2023-05-24,5,3,0,0,1,0,0,0,0,1,3.7,3.6,1.2,0.0,0.8,1.3
542932,2023-05-25,5,5,0,0,2,0,0,0,0,1,4.1,3.8,1.2,0.0,0.9,1.3
542932,2023-05-26,4,4,1,0,1,1,0,1,0,1,4.2,3.9,1.0,0.0,1.1,1.0
542932,2023-05-27,4,4,1,0,3,1,0,1,0,1,4.2,3.9,1.1,0.0,1.0,1.1
542932,2023-05-30,4,3,2,0,0,2,0,1,1,0,4.1,3.8,1.0,0.0,1.3,1.0
542932,2023-05-31,1,1,0,0,1,0,0,0,0,1,4.1,3.7,1.1,0.0,1.1,1.1
543063,2023-05-15,4,4,1,0,2,1,0,1,0,1,3.0,3.0,0.0,0.0,2.0,0.0
543063,2023-05-17,3,3,1,0,2,1,0,1,0,1,3.5,3.5,0.5,0.0,2.0,0.5
543063,2023-05-19,3,3,0,0,2,0,0,0,0,1,3.3333333333333335,3.3333333333333335,0.6666666666666666,0.0,2.0,0.6666666666666666
543063,2023-05-21,4,3,0,0,1,0,0,0,0,1,3.25,3.25,0.5,0.0,2.0,0.5
543063,2023-05-22,4,4,1,0,2,1,0,1,0,1,3.4,3.2,0.4,0.0,1.8,0.4
543063,2023-05-24,4,2,1,0,1,2,0,1,1,1,3.5,3.3333333333333335,0.5,0.0,1.8333333333333333,0.5
543063,2023-05-28,4,3,1,0,1,2,0,1,1,1,3.5714285714285716,3.142857142857143,0.5714285714285714,0.0,1.7142857142857142,0.7142857142857143
543063,2023-05-29,4,3,3,0,0,4,0,1,1,0,3.625,3.125,0.625,0.0,1.625,0.875
543063,2023-05-30,2,2,0,0,2,0,0,0,0,1,3.6666666666666665,3.111111111111111,0.8888888888888888,0.0,1.4444444444444444,1.2222222222222223
543068,2023-05-03,4,2,1,0,1,2,0,1,1,1,4.0,3.0,1.0,0.0,1.0,2.0
543068,2023-05-04,4,4,1,0,0,1,0,1,0,0,4.0,2.5,1.0,0.0,1.0,2.0
543068,2023-05-05,4,3,0,0,0,0,0,0,0,0,4.0,3.0,1.0,0.0,0.6666666666666666,1.6666666666666667
543068,2023-05-06,4,4,1,0,2,1,0,1,0,1,4.0,3.0,0.75,0.0,0.5,1.25
543068,2023-05-07,5,3,0,0,0,0,0,0,0,0,4.0,3.2,0.8,0.0,0.8,1.2
543068,2023-05-09,5,4,1,0,0,1,0,1,0,0,4.166666666666667,3.1666666666666665,0.6666666666666666,0.0,0.6666666666666666,1.0
543068,2023-05-10,4,4,1,0,1,2,0,1,1,1,4.285714285714286,3.2857142857142856,0.7142857142857143,0.0,0.5714285714285714,1.0
543068,2023-05-12,3,2,0,0,1,0,0,0,0,1,4.25,3.375,0.75,0.0,0.625,1.125
543068,2023-05-13,3,3,1,0,1,2,0,1,1,1,4.111111111111111,3.2222222222222223,0.6666666666666666,0.0,0.6666666666666666,1.0
543068,2023-05-14,2,2,0,0,0,0,0,0,0,0,4.0,3.2,0.7,0.0,0.7,1.1
543228,2023-05-10,4,3,3,1,0,6,1,1,1,0,1.0,1.0,0.0,0.0,1.0,0.0
543228,2023-05-12,4,3,1,0,1,1,0,1,0,1,2.5,2.0,1.5,0.5,0.5,3.0
543228,2023-05-14,3,3,0,0,1,0,0,0,0,1,3.0,2.3333333333333335,1.3333333333333333,0.3333333333333333,0.6666666666666666,2.3333333333333335
543228,2023-05-15,4,3,0,0,2,0,0,0,0,1,3.0,2.5,1.0,0.25,0.75,1.75
543228,2023-05-17,5,5,0,0,1,0,0,0,0,1,3.2,2.6,0.8,0.2,1.0,1.4
543228,2023-05-19,5,4,2,0,1,2,0,1,1,1,3.5,3.0,0.6666666666666666,0.16666666666666666,1.0,1.1666666666666667
543228,2023-05-20,3,3,1,0,1,1,0,1,0,1,3.7142857142857144,3.142857142857143,0.8571428571428571,0.14285714285714285,1.0,1.2857142857142858
543228,2023-05-23,4,4,1,0,2,1,0,1,0,1,3.625,3.125,0.875,0.125,1.0,1.25
543228,2023-05-25,4,4,1,0,1,1,0,1,0,1,3.6666666666666665,3.2222222222222223,0.8888888888888888,0.1111111111111111,1.1111111111111112,1.2222222222222223
543228,2023-05-27,4,4,1,0,0,1,0,1,0,0,3.7,3.3,0.9,0.1,1.1,1.2
543228,2023-05-28,4,3,0,0,2,0,0,0,0,1,4.0,3.6,1.0,0.1,1.0,1.3
543228,2023-05-30,3,3,0,0,2,0,0,0,0,1,4.0,3.6,0.7,0.0,1.2,0.7
543228,2023-05-31,1,1,0,0,0,0,0,0,0,0,3.9,3.6,0.6,0.0,1.3,0.6
543257,2023-05-05,5,4,1,0,2,1,0,1,0,1,4.0,4.0,1.0,0.0,1.0,1.0
543257,2023-05-06,5,5,2,0,3,2,0,1,1,1,4.5,4.0,1.0,0.0,1.5,1.0
543257,2023-05-07,5,4,0,0,2,0,0,0,0,1,4.666666666666667,4.333333333333333,1.3333333333333333,0.0,2.0,1.3333333333333333
543257,2023-05-08,4,4,0,0,2,0,0,0,0,1,4.75,4.25,1.0,0.0,2.0,1.0
543257,2023-05-10,5,5,1,0,1,1,0,1,0,1,4.6,4.2,0.8,0.0,2.0,0.8
543257,2023-05-11,4,4,1,0,1,2,0,1,1,1,4.666666666666667,4.333333333333333,0.8333333333333334,0.0,1.8333333333333333,0.8333333333333334
543257,2023-05-12,6,6,2,1,4,6,1,1,1,1,4.571428571428571,4.285714285714286,0.8571428571428571,0.0,1.7142857142857142,1.0
543257,2023-05-13,4,4,0,0,2,0,0,0,0,1,4.75,4.5,1.0,0.125,2.0,1.625
543257,2023-05-14,5,5,3,1,1,7,1,1,1,1,4.666666666666667,4.444444444444445,0.8888888888888888,0.1111111111111111,2.0,1.4444444444444444
543257,2023-05-15,5,5,1,0,0,1,0,1,0,0,4.7,4.5,1.1,0.2,1.9,2.0
543257,2023-05-16,4,4,2,0,1,2,0,1,1,1,4.8,4.6,1.1,0.2,1.8,2.0
543257,2023-05-17,4,3,1,0,1,1,0,1,0,1,4.7,4.6,1.2,0.2,1.7,2.1
543257,2023-05-19,3,3,1,0,0,1,0,1,0,0,4.6,4.4,1.1,0.2,1.5,2.0
543257,2023-05-20,4,3,1,0,0,1,0,1,0,0,4.4,4.3,1.2,0.2,1.3,2.1
543257,2023-05-21,4,4,0,0,2,0,0,0,0,1,4.4,4.2,1.3,0.2,1.1,2.2
543257,2023-05-22,4,3,0,0,1,0,0,0,0,1,4.3,4.1,1.2,0.2,1.2,2.1
543257,2023-05-23,4,4,1,0,3,1,0,1,0,1,4.3,4.0,1.1,0.2,1.2,1.9
543257,2023-05-24,4,4,0,0,2,0,0,0,0,1,4.1,3.8,1.0,0.1,1.1,1.4
543257,2023-05-26,4,2,1,1,0,4,1,1,1,0,4.1,3.8,1.0,0.1,1.1,1.4
543257,2023-05-27,4,3,1,0,0,1,0,1,0,0,4.0,3.5,0.8,0.1,1.0,1.1
543257,2023-05-28,3,3,2,0,0,2,0,1,1,0,3.9,3.3,0.8,0.1,1.0,1.1
543257,2023-05-29,4,2,0,0,0,0,0,0,0,0,3.8,3.2,0.8,0.1,0.9,1.1
543257,2023-05-30,5,3,0,0,0,0,0,0,0,0,3.8,3.1,0.7,0.1,0.8,1.0
543257,2023-05-31,2,1,0,0,1,0,0,0,0,1,4.0,3.1,0.6,0.1,0.8,0.9
543281,2023-05-12,3,3,0,0,0,0,0,0,0,0,3.0,3.0,1.0,0.0,0.0,1.0
543281,2023-05-17,2,1,0,0,1,0,0,0,0,1,3.0,3.0,0.5,0.0,0.0,0.5
543281,2023-05-20,1,0,0,0,0,0,0,0,0,0,2.6666666666666665,2.3333333333333335,0.3333333333333333,0.0,0.3333333333333333,0.3333333333333333
543281,2023-05-21,2,2,0,0,0,0,0,0,0,0,2.25,1.75,0.25,0.0,0.25,0.25
543281,2023-05-22,2,2,0,0,1,0,0,0,0,1,2.2,1.8,0.2,0.0,0.2,0.2
543281,2023-05-26,4,4,0,0,2,0,0,0,0,1,2.1666666666666665,1.8333333333333333,0.16666666666666666,0.0,0.3333333333333333,0.16666666666666666
543281,2023-05-30,1,1,1,0,0,1,0,1,0,0,2.4285714285714284,2.142857142857143,0.14285714285714285,0.0,0.5714285714285714,0.14285714285714285
543305,2023-05-02,3,3,0,0,0,0,0,0,0,0,1.0,1.0,0.0,0.0,1.0,0.0
543305,2023-05-06,4,4,0,0,1,0,0,0,0,1,2.0,2.0,0.0,0.0,0.5,0.0
543305,2023-05-07,5,4,1,0,0,2,0,1,1,0,2.6666666666666665,2.6666666666666665,0.0,0.0,0.6666666666666666,0.0
543305,2023-05-08,3,3,1,1,0,4,1,1,1,0,3.25,3.0,0.25,0.0,0.5,0.5
543305,2023-05-09,1,0,0,0,0,0,0,0,0,0,3.2,3.0,0.4,0.2,0.4,1.2
543305,2023-05-15,4,3,1,0,2,1,0,1,0,1,2.8333333333333335,2.5,0.3333333333333333,0.16666666666666666,0.3333333333333333,1.0
543305,2023-05-16,1,1,0,0,0,0,0,0,0,0,3.0,2.5714285714285716,0.42857142857142855,0.14285714285714285,0.5714285714285714,1.0
543305,2023-05-18,4,4,3,0,1,4,0,1,1,1,2.75,2.375,0.375,0.125,0.5,0.875
543305,2023-05-19,2,2,0,0,2,0,0,0,0,1,2.888888888888889,2.5555555555555554,0.6666666666666666,0.1111111111111111,0.5555555555555556,1.2222222222222223
543305,2023-05-31,3,2,2,0,0,2,0,1,1,0,2.8,2.5,0.6,0.1,0.7,1.1
543309,2023-05-05,1,1,1,0,0,2,0,1,1,0,3.0,3.0,0.0,0.0,0.0,0.0
543309,2023-05-06,4,3,0,0,2,0,0,0,0,1,2.0,2.0,0.5,0.0,0.0,1.0
543309,2023-05-10,4,3,1,0,1,2,0,1,1,1,2.6666666666666665,2.3333333333333335,0.3333333333333333,0.0,0.6666666666666666,0.6666666666666666
543309,2023-05-13,2,1,1,1,0,4,1,1,1,0,3.0,2.5,0.5,0.0,0.75,1.0
543309,2023-05-15,5,5,1,0,1,1,0,1,0,1,2.8,2.2,0.6,0.2,0.6,1.6
543309,2023-05-18,4,4,0,0,2,0,0,0,0,1,3.1666666666666665,2.6666666666666665,0.6666666666666666,0.16666666666666666,0.6666666666666666,1.5
543309,2023-05-19,4,4,1,0,3,2,0,1,1,1,3.2857142857142856,2.857142857142857,0.5714285714285714,0.14285714285714285,0.8571428571428571,1.2857142857142858
543309,2023-05-21,3,3,0,0,0,0,0,0,0,0,3.375,3.0,0.625,0.125,1.125,1.375
543309,2023-05-23,3,2,0,0,1,0,0,0,0,1,3.3333333333333335,3.0,0.5555555555555556,0.1111111111111111,1.0,1.2222222222222223
543309,2023-05-24,2,2,0,0,2,0,0,0,0,1,3.3,2.9,0.5,0.1,1.0,1.1
543309,2023-05-27,3,3,0,0,2,0,0,0,0,1,3.2,2.8,0.5,0.1,1.2,1.1
543309,2023-05-28,4,4,3,0,0,5,0,1,1,0,3.4,3.0,0.4,0.1,1.4,0.9
543309,2023-05-29,4,4,2,0,1,2,0,1,1,1,3.4,3.1,0.7,0.1,1.2,1.4
543309,2023-05-31,3,3,1,0,1,1,0,1,0,1,3.4,3.2,0.8,0.1,1.2,1.4
543333,2023-05-03,3,3,0,0,2,0,0,0,0,1,4.0,4.0,2.0,0.0,0.0,2.0
543333,2023-05-07,4,4,1,0,1,1,0,1,0,1,3.5,3.5,1.0,0.0,1.0,1.0
543333,2023-05-08,1,1,0,0,0,0,0,0,0,0,3.6666666666666665,3.6666666666666665,1.0,0.0,1.0,1.0
543333,2023-05-09,3,3,1,0,2,1,0,1,0,1,3.0,3.0,0.75,0.0,0.75,0.75
543333,2023-05-13,4,3,0,0,1,0,0,0,0,1,3.0,3.0,0.8,0.0,1.0,0.8
543333,2023-05-16,1,1,0,0,0,0,0,0,0,0,3.1666666666666665,3.0,0.6666666666666666,0.0,1.0,0.6666666666666666
543510,2023-05-03,1,1,0,0,0,0,0,0,0,0,5.0,5.0,3.0,0.0,0.0,3.0
543510,2023-05-04,5,3,0,0,0,0,0,0,0,0,3.0,3.0,1.5,0.0,0.0,1.5
543510,2023-05-05,4,4,1,0,1,2,0,1,1,1,3.6666666666666665,3.0,1.0,0.0,0.0,1.0
543510,2023-05-07,1,1,0,0,0,0,0,0,0,0,3.75,3.25,1.0,0.0,0.25,1.25
543510,2023-05-08,3,3,0,0,1,0,0,0,0,1,3.2,2.8,0.8,0.0,0.2,1.0
543510,2023-05-12,1,1,0,0,0,0,0,0,0,0,3.1666666666666665,2.8333333333333335,0.6666666666666666,0.0,0.3333333333333333,0.8333333333333334
543510,2023-05-14,4,4,1,0,2,1,0,1,0,1,2.857142857142857,2.5714285714285716,0.5714285714285714,0.0,0.2857142857142857,0.7142857142857143
543510,2023-05-18,4,4,0,0,1,0,0,0,0,1,3.0,2.75,0.625,0.0,0.5,0.75
543510,2023-05-21,3,3,0,0,1,0,0,0,0,1,3.111111111111111,2.888888888888889,0.5555555555555556,0.0,0.5555555555555556,0.6666666666666666
543510,2023-05-24,4,4,1,0,0,1,0,1,0,0,3.1,2.9,0.5,0.0,0.6,0.6
543510,2023-05-27,4,4,1,0,1,2,0,1,1,1,3.0,2.8,0.3,0.0,0.6,0.4
543510,2023-05-28,3,2,0,0,0,0,0,0,0,0,3.3,3.1,0.4,0.0,0.7,0.6
543510,2023-05-29,3,3,1,0,1,2,0,1,1,1,3.1,3.0,0.4,0.0,0.7,0.6
543543,2023-05-09,4,4,0,0,2,0,0,0,0,1,1.0,1.0,1.0,0.0,0.0,2.0
543543,2023-05-14,1,1,0,0,0,0,0,0,0,0,2.5,2.5,0.5,0.0,1.0,1.0
543543,2023-05-15,1,1,1,0,0,1,0,1,0,0,2.0,2.0,0.3333333333333333,0.0,0.6666666666666666,0.6666666666666666
543543,2023-05-20,1,0,0,0,0,0,0,0,0,0,1.75,1.75,0.5,0.0,0.5,0.75
543543,2023-05-23,1,1,0,0,1,0,0,0,0,1,1.6,1.4,0.4,0.0,0.4,0.6
543543,2023-05-26,1,1,1,0,0,2,0,1,1,0,1.5,1.3333333333333333,0.3333333333333333,0.0,0.5,0.5
543592,2023-05-05,4,4,1,0,2,1,0,1,0,1,3.0,3.0,0.0,0.0,1.0,0.0
543592,2023-05-07,2,2,0,0,0,0,0,0,0,0,3.5,3.5,0.5,0.0,1.5,0.5
543592,2023-05-09,3,3,1,0,0,1,0,1,0,0,3.0,3.0,0.3333333333333333,0.0,1.0,0.3333333333333333
543592,2023-05-11,3,3,0,0,1,0,0,0,0,1,3.0,3.0,0.5,0.0,0.75,0.5
543592,2023-05-13,2,2,0,0,0,0,0,0,0,0,3.0,3.0,0.4,0.0,0.8,0.4
543592,2023-05-15,4,2,1,0,0,1,0,1,0,0,2.8333333333333335,2.8333333333333335,0.3333333333333333,0.0,0.6666666666666666,0.3333333333333333
543592,2023-05-16,1,1,0,0,1,0,0,0,0,1,3.0,2.7142857142857144,0.42857142857142855,0.0,0.5714285714285714,0.42857142857142855
543592,2023-05-17,2,2,0,0,1,0,0,0,0,1,2.75,2.5,0.375,0.0,0.625,0.375
543592,2023-05-19,3,1,0,0,0,0,0,0,0,0,2.6666666666666665,2.4444444444444446,0.3333333333333333,0.0,0.6666666666666666,0.3333333333333333
543592,2023-05-20,2,2,0,0,2,0,0,0,0,1,2.7,2.3,0.3,0.0,0.6,0.3
543592,2023-05-23,4,4,0,0,0,0,0,0,0,0,2.6,2.2,0.3,0.0,0.7,0.3
543592,2023-05-26,4,3,0,0,1,0,0,0,0,1,2.6,2.2,0.2,0.0,0.5,0.2
543592,2023-05-27,1,1,0,0,0,0,0,0,0,0,2.8,2.3,0.2,0.0,0.6,0.2
543592,2023-05-28,2,2,0,0,1,0,0,0,0,1,2.6,2.1,0.1,0.0,0.6,0.1
543592,2023-05-30,1,1,0,0,0,0,0,0,0,0,2.5,2.0,0.1,0.0,0.6,0.1
543685,2023-05-03,5,4,1,0,1,1,0,1,0,1,4.0,3.0,1.0,0.0,0.0,1.0
543685,2023-05-04,5,3,2,0,0,2,0,1,1,0,4.5,3.5,1.0,0.0,0.5,1.0
543685,2023-05-05,4,4,2,0,0,2,0,1,1,0,4.666666666666667,3.3333333333333335,1.3333333333333333,0.0,0.3333333333333333,1.3333333333333333
543685,2023-05-07,5,3,2,1,0,5,1,1,1,0,4.5,3.5,1.5,0.0,0.25,1.5
543685,2023-05-08,4,2,1,0,0,1,0,1,0,0,4.6,3.4,1.6,0.2,0.2,2.2
543685,2023-05-09,4,4,0,0,2,0,0,0,0,1,4.5,3.1666666666666665,1.5,0.16666666666666666,0.16666666666666666,2.0
543685,2023-05-10,4,4,2,0,1,2,0,1,1,1,4.428571428571429,3.2857142857142856,1.2857142857142858,0.14285714285714285,0.42857142857142855,1.7142857142857142
543685,2023-05-12,5,5,3,0,0,4,0,1,1,0,4.375,3.375,1.375,0.125,0.5,1.75
543685,2023-05-13,2,1,0,0,0,0,0,0,0,0,4.444444444444445,3.5555555555555554,1.5555555555555556,0.1111111111111111,0.4444444444444444,2.0
543760,2023-05-03,5,4,1,0,0,1,0,1,0,0,4.0,3.0,2.0,0.0,0.0,3.0
543760,2023-05-05,6,4,2,0,0,3,0,1,1,0,4.5,3.5,1.5,0.0,0.0,2.0
543760,2023-05-06,6,4,1,0,2,1,0,1,0,1,5.0,3.6666666666666665,1.6666666666666667,0.0,0.0,2.3333333333333335
543760,2023-05-07,6,6,2,0,2,3,0,1,1,1,5.25,3.75,1.5,0.0,0.5,2.0
543760,2023-05-08,4,4,2,0,1,2,0,1,1,1,5.4,4.2,1.6,0.0,0.8,2.2
543760,2023-05-09,4,3,0,0,1,0,0,0,0,1,5.166666666666667,4.166666666666667,1.6666666666666667,0.0,0.8333333333333334,2.1666666666666665
543760,2023-05-10,5,5,2,1,2,5,1,1,1,1,5.0,4.0,1.4285714285714286,0.0,0.8571428571428571,1.8571428571428572
543760,2023-05-11,4,4,1,1,1,4,1,1,1,1,5.0,4.125,1.5,0.125,1.0,2.25
543760,2023-05-12,5,4,1,0,0,1,0,1,0,0,4.888888888888889,4.111111111111111,1.4444444444444444,0.2222222222222222,1.0,2.4444444444444446
543760,2023-05-13,4,3,1,0,0,1,0,1,0,0,4.9,4.1,1.4,0.2,0.9,2.3
543760,2023-05-14,4,3,1,0,1,1,0,1,0,1,4.9,4.1,1.3,0.2,0.9,2.1
543760,2023-05-15,5,5,3,0,0,3,0,1,1,0,4.8,4.0,1.3,0.2,1.0,2.1
543760,2023-05-16,4,4,1,0,0,1,0,1,0,0,4.7,4.1,1.4,0.2,1.0,2.1
543760,2023-05-17,5,5,1,0,1,3,0,1,1,1,4.5,4.1,1.4,0.2,0.8,2.1
543760,2023-05-19,5,5,1,0,1,1,0,1,0,1,4.4,4.0,1.3,0.2,0.7,2.1
543760,2023-05-20,5,5,3,0,0,5,0,1,1,0,4.5,4.1,1.2,0.2,0.7,2.0
543760,2023-05-21,4,3,2,0,0,3,0,1,1,0,4.6,4.3,1.5,0.2,0.6,2.5
543760,2023-05-22,4,4,1,0,0,1,0,1,0,0,4.5,4.1,1.5,0.1,0.4,2.3
543760,2023-05-23,4,4,1,0,1,3,0,1,1,1,4.5,4.1,1.5,0.0,0.3,2.0
543760,2023-05-24,5,5,1,1,1,4,1,1,1,1,4.4,4.1,1.5,0.0,0.4,2.2
543760,2023-05-26,4,4,1,0,1,1,0,1,0,1,4.5,4.3,1.5,0.1,0.5,2.5
543760,2023-05-27,5,5,2,0,0,2,0,1,1,0,4.5,4.4,1.5,0.1,0.5,2.5
543760,2023-05-28,4,4,1,0,1,2,0,1,1,1,4.5,4.4,1.4,0.1,0.5,2.4
543760,2023-05-29,5,3,1,0,1,1,0,1,0,1,4.5,4.4,1.4,0.1,0.6,2.5
543760,2023-05-30,4,4,1,0,1,2,0,1,1,1,4.5,4.2,1.4,0.1,0.6,2.3
543760,2023-05-31,5,4,1,0,0,2,0,1,1,0,4.4,4.1,1.4,0.1,0.6,2.4
543807,2023-05-03,4,4,1,0,1,1,0,1,0,1,4.0,4.0,0.0,0.0,2.0,0.0
543807,2023-05-04,4,3,1,0,1,1,0,1,0,1,4.0,4.0,0.5,0.0,1.5,0.5
543807,2023-05-05,5,5,1,1,0,4,1,1,1,0,4.0,3.6666666666666665,0.6666666666666666,0.0,1.3333333333333333,0.6666666666666666
543807,2023-05-06,5,3,1,0,0,1,0,1,0,0,4.25,4.0,0.75,0.25,1.0,1.5
543807,2023-05-07,5,5,1,0,0,1,0,1,0,0,4.4,3.8,0.8,0.2,0.8,1.4
543807,2023-05-09,1,1,0,0,1,0,0,0,0,1,4.5,4.0,0.8333333333333334,0.16666666666666666,0.6666666666666666,1.3333333333333333
543807,2023-05-12,4,3,1,0,2,1,0,1,0,1,4.0,3.5714285714285716,0.7142857142857143,0.14285714285714285,0.7142857142857143,1.1428571428571428
543807,2023-05-13,4,4,1,0,1,1,0,1,0,1,4.0,3.5,0.75,0.125,0.875,1.125
543807,2023-05-14,4,4,2,1,1,5,1,1,1,1,4.0,3.5555555555555554,0.7777777777777778,0.1111111111111111,0.8888888888888888,1.1111111111111112
543807,2023-05-15,4,4,0,0,0,0,0,0,0,0,4.0,3.6,0.9,0.2,0.9,1.5
543807,2023-05-16,5,4,2,0,0,2,0,1,1,0,4.0,3.6,0.9,0.2,0.7,1.5
543807,2023-05-17,4,3,1,0,0,1,0,1,0,0,4.1,3.6,1.0,0.2,0.6,1.6
543807,2023-05-18,4,4,0,0,0,0,0,0,0,0,4.1,3.6,1.0,0.2,0.5,1.6
543807,2023-05-19,4,4,2,0,0,3,0,1,1,0,4.0,3.5,0.9,0.1,0.5,1.2
543807,2023-05-20,5,4,2,1,1,5,1,1,1,1,3.9,3.6,1.0,0.1,0.5,1.4
543807,2023-05-21,5,4,2,0,1,2,0,1,1,1,3.9,3.5,1.1,0.2,0.6,1.8
543807,2023-05-22,5,3,1,0,0,1,0,1,0,0,4.3,3.8,1.3,0.2,0.6,2.0
543807,2023-05-23,5,5,4,1,0,9,1,1,1,0,4.4,3.8,1.3,0.2,0.4,2.0
543807,2023-05-24,4,4,0,0,1,0,0,0,0,1,4.5,3.9,1.6,0.3,0.3,2.8
543807,2023-05-25,1,0,0,0,0,0,0,0,0,0,4.5,3.9,1.4,0.2,0.3,2.3
543807,2023-05-26,3,3,2,0,1,4,0,1,1,1,4.2,3.5,1.4,0.2,0.3,2.3
543807,2023-05-27,5,5,1,0,1,1,0,1,0,1,4.0,3.4,1.4,0.2,0.4,2.5
543807,2023-05-28,4,3,2,0,1,3,0,1,1,1,4.1,3.6,1.4,0.2,0.5,2.5
543807,2023-05-30,4,3,1,0,1,1,0,1,0,1,4.1,3.5,1.6,0.2,0.6,2.8
543807,2023-05-31,4,4,0,0,0,0,0,0,0,0,4.1,3.4,1.5,0.2,0.7,2.6
543877,2023-05-04,4,4,0,0,1,0,0,0,0,1,4.0,4.0,0.0,0.0,1.0,0.0
543877,2023-05-05,3,3,1,0,0,1,0,1,0,0,4.0,4.0,0.0,0.0,1.0,0.0
543877,2023-05-07,3,2,0,0,0,0,0,0,0,0,3.6666666666666665,3.6666666666666665,0.3333333333333333,0.0,0.6666666666666666,0.3333333333333333
543877,2023-05-09,2,2,0,0,1,0,0,0,0,1,3.5,3.25,0.25,0.0,0.5,0.25
543877,2023-05-10,4,4,0,0,2,0,0,0,0,1,3.2,3.0,0.2,0.0,0.6,0.2
543877,2023-05-12,2,1,0,0,0,0,0,0,0,0,3.3333333333333335,3.1666666666666665,0.16666666666666666,0.0,0.8333333333333334,0.16666666666666666
543877,2023-05-14,5,4,2,0,1,2,0,1,1,1,3.142857142857143,2.857142857142857,0.14285714285714285,0.0,0.7142857142857143,0.14285714285714285
543877,2023-05-15,6,5,3,0,0,3,0,1,1,0,3.375,3.0,0.375,0.0,0.75,0.375
543877,2023-05-17,4,4,1,0,1,1,0,1,0,1,3.6666666666666665,3.2222222222222223,0.6666666666666666,0.0,0.6666666666666666,0.6666666666666666
543877,2023-05-20,4,4,0,0,0,0,0,0,0,0,3.7,3.3,0.7,0.0,0.7,0.7
543877,2023-05-22,4,3,0,0,1,0,0,0,0,1,3.7,3.3,0.7,0.0,0.6,0.7
543877,2023-05-23,2,2,1,0,1,1,0,1,0,1,3.7,3.2,0.7,0.0,0.6,0.7
543877,2023-05-26,2,2,0,0,2,0,0,0,0,1,3.6,3.1,0.7,0.0,0.7,0.7
543877,2023-05-28,2,2,0,0,0,0,0,0,0,0,3.5,3.1,0.7,0.0,0.9,0.7
543877,2023-05-30,4,4,2,0,1,2,0,1,1,1,3.5,3.1,0.7,0.0,0.8,0.7
543939,2023-05-05,3,3,1,0,1,2,0,1,1,1,4.0,4.0,2.0,0.0,0.0,2.0
543939,2023-05-06,2,2,0,0,1,0,0,0,0,1,3.5,3.5,1.5,0.0,0.5,2.0
543939,2023-05-08,3,1,0,0,0,0,0,0,0,0,3.0,3.0,1.0,0.0,0.6666666666666666,1.3333333333333333
543939,2023-05-10,2,2,1,0,1,1,0,1,0,1,3.0,2.5,0.75,0.0,0.5,1.0
543939,2023-05-13,4,4,0,0,2,0,0,0,0,1,2.8,2.4,0.8,0.0,0.6,1.0
543939,2023-05-14,1,1,0,0,0,0,0,0,0,0,3.0,2.6666666666666665,0.6666666666666666,0.0,0.8333333333333334,0.8333333333333334
543939,2023-05-15,5,5,0,0,0,0,0,0,0,0,2.7142857142857144,2.4285714285714284,0.5714285714285714,0.0,0.7142857142857143,0.7142857142857143
543939,2023-05-16,4,4,1,0,0,2,0,1,1,0,3.0,2.75,0.5,0.0,0.625,0.625
543939,2023-05-23,3,3,0,0,0,0,0,0,0,0,3.111111111111111,2.888888888888889,0.5555555555555556,0.0,0.5555555555555556,0.7777777777777778
543939,2023-05-24,1,1,0,0,1,0,0,0,0,1,3.1,2.9,0.5,0.0,0.5,0.7
543939,2023-05-26,4,2,0,0,1,0,0,0,0,1,2.8,2.6,0.3,0.0,0.6,0.5
543939,2023-05-27,4,4,0,0,2,0,0,0,0,1,2.9,2.5,0.2,0.0,0.6,0.3
543939,2023-05-31,3,2,0,0,0,0,0,0,0,0,3.1,2.7,0.2,0.0,0.7,0.3
545121,2023-05-07,2,2,1,0,0,1,0,1,0,0,4.0,4.0,2.0,0.0,0.0,2.0
545121,2023-05-10,5,5,3,0,0,6,0,1,1,0,3.0,3.0,1.5,0.0,0.0,1.5
545121,2023-05-17,3,3,2,0,0,2,0,1,1,0,3.6666666666666665,3.6666666666666665,2.0,0.0,0.0,3.0
545121,2023-05-18,1,1,0,0,0,0,0,0,0,0,3.5,3.5,2.0,0.0,0.0,2.75
545121,2023-05-20,3,3,1,0,0,1,0,1,0,0,3.0,3.0,1.6,0.0,0.0,2.2
545121,2023-05-21,4,4,2,1,0,5,1,1,1,0,3.0,3.0,1.5,0.0,0.0,2.0
545121,2023-05-25,1,1,0,0,1,0,0,0,0,1,3.142857142857143,3.142857142857143,1.5714285714285714,0.14285714285714285,0.0,2.4285714285714284
545121,2023-05-28,4,4,1,0,0,2,0,1,1,0,2.875,2.875,1.375,0.125,0.125,2.125
545121,2023-05-30,4,4,1,0,0,1,0,1,0,0,3.0,3.0,1.3333333333333333,0.1111111111111111,0.1111111111111111,2.111111111111111
545341,2023-05-03,4,2,1,0,0,1,0,1,0,0,4.0,4.0,2.0,0.0,1.0,2.0
545341,2023-05-05,4,4,2,0,2,2,0,1,1,1,4.0,3.0,1.5,0.0,0.5,1.5
545341,2023-05-06,5,4,1,0,0,1,0,1,0,0,4.0,3.3333333333333335,1.6666666666666667,0.0,1.0,1.6666666666666667
545341,2023-05-07,6,5,1,1,0,4,1,1,1,0,4.25,3.5,1.5,0.0,0.75,1.5
545341,2023-05-09,5,5,1,0,1,1,0,1,0,1,4.6,3.8,1.4,0.2,0.6,2.0
545341,2023-05-10,4,4,1,0,2,2,0,1,1,1,4.666666666666667,4.0,1.3333333333333333,0.16666666666666666,0.6666666666666666,1.8333333333333333
545341,2023-05-12,4,4,1,0,2,1,0,1,0,1,4.571428571428571,4.0,1.2857142857142858,0.14285714285714285,0.8571428571428571,1.8571428571428572
545341,2023-05-13,4,3,1,0,2,2,0,1,1,1,4.5,4.0,1.25,0.125,1.0,1.75
545341,2023-05-15,4,3,2,0,0,3,0,1,1,0,4.444444444444445,3.888888888888889,1.2222222222222223,0.1111111111111111,1.1111111111111112,1.7777777777777777
545341,2023-05-16,4,4,0,0,1,0,0,0,0,1,4.4,3.8,1.3,0.1,1.0,1.9
545341,2023-05-19,4,4,2,0,0,2,0,1,1,0,4.4,3.8,1.1,0.1,1.0,1.7
545341,2023-05-20,5,4,0,0,0,0,0,0,0,0,4.4,4.0,1.2,0.1,1.0,1.8
545341,2023-05-21,4,3,2,0,0,2,0,1,1,0,4.5,4.0,1.0,0.1,0.8,1.6
545341,2023-05-23,2,2,1,0,1,1,0,1,0,1,4.4,3.9,1.1,0.1,0.8,1.7
545341,2023-05-24,4,4,0,0,1,0,0,0,0,1,4.0,3.6,1.1,0.0,0.9,1.4
545341,2023-05-25,5,5,3,0,1,4,0,1,1,1,3.9,3.5,1.0,0.0,0.9,1.3
545341,2023-05-26,1,1,0,0,0,0,0,0,0,0,4.0,3.6,1.2,0.0,0.8,1.5
545341,2023-05-27,4,3,2,0,0,3,0,1,1,0,3.7,3.3,1.1,0.0,0.6,1.4
545341,2023-05-28,5,5,3,0,1,5,0,1,1,1,3.7,3.3,1.2,0.0,0.4,1.5
545341,2023-05-29,5,4,2,0,0,2,0,1,1,0,3.8,3.5,1.3,0.0,0.5,1.7
545341,2023-05-30,4,4,1,0,1,2,0,1,1,1,3.9,3.5,1.5,0.0,0.4,1.9
545341,2023-05-31,4,4,0,0,1,0,0,0,0,1,3.9,3.5,1.4,0.0,0.5,1.9
545350,2023-05-31,4,4,2,0,1,2,0,1,1,1,1.0,1.0,0.0,0.0,1.0,0.0
545361,2023-05-03,5,4,1,1,1,4,1,1,1,1,5.0,4.0,0.0,0.0,2.0,0.0
545361,2023-05-05,4,4,2,0,0,2,0,1,1,0,5.0,4.0,0.5,0.5,1.5,2.0
545361,2023-05-06,4,4,1,0,0,1,0,1,0,0,4.666666666666667,4.0,1.0,0.3333333333333333,1.0,2.0
545361,2023-05-07,4,4,1,0,1,1,0,1,0,1,4.5,4.0,1.0,0.25,0.75,1.75
545361,2023-05-08,4,4,0,0,1,0,0,0,0,1,4.4,4.0,1.0,0.2,0.8,1.6
545361,2023-05-09,4,4,1,0,2,1,0,1,0,1,4.333333333333333,4.0,0.8333333333333334,0.16666666666666666,0.8333333333333334,1.3333333333333333
545361,2023-05-10,4,4,1,0,3,1,0,1,0,1,4.285714285714286,4.0,0.8571428571428571,0.14285714285714285,1.0,1.2857142857142858
545361,2023-05-12,5,4,1,0,1,2,0,1,1,1,4.25,4.0,0.875,0.125,1.25,1.25
545361,2023-05-13,5,4,0,0,1,0,0,0,0,1,4.333333333333333,4.0,0.8888888888888888,0.1111111111111111,1.2222222222222223,1.3333333333333333
545361,2023-05-14,1,1,0,0,0,0,0,0,0,0,4.4,4.0,0.8,0.1,1.2,1.2
545361,2023-05-15,6,5,2,0,0,2,0,1,1,0,4.0,3.7,0.8,0.1,1.0,1.2
545361,2023-05-16,4,4,0,0,2,0,0,0,0,1,4.1,3.8,0.9,0.0,0.9,1.0
545361,2023-05-17,4,3,1,1,1,4,1,1,1,1,4.1,3.8,0.7,0.0,1.1,0.8
545361,2023-05-18,5,4,2,1,1,5,1,1,1,1,4.1,3.7,0.7,0.1,1.2,1.1
545361,2023-05-20,4,3,1,0,2,1,0,1,0,1,4.2,3.7,0.8,0.2,1.2,1.5
545361,2023-05-21,4,4,1,0,1,1,0,1,0,1,4.2,3.6,0.9,0.2,1.3,1.6
545361,2023-05-22,4,3,0,0,2,0,0,0,0,1,4.2,3.6,0.9,0.2,1.2,1.6
545361,2023-05-23,4,4,1,1,1,4,1,1,1,1,4.2,3.5,0.8,0.2,1.1,1.5
545361,2023-05-24,4,4,1,1,2,4,1,1,1,1,4.1,3.5,0.8,0.3,1.1,1.7
545361,2023-05-26,4,4,2,0,1,3,0,1,1,1,4.0,3.5,0.9,0.4,1.2,2.1
545361,2023-05-27,5,4,2,0,0,2,0,1,1,0,4.3,3.8,1.1,0.4,1.3,2.4
545361,2023-05-28,4,4,0,0,1,0,0,0,0,1,4.2,3.7,1.1,0.4,1.3,2.4
545361,2023-05-29,5,4,2,0,2,2,0,1,1,1,4.2,3.7,1.1,0.4,1.2,2.4
545361,2023-05-30,4,4,0,0,2,0,0,0,0,1,4.3,3.8,1.2,0.3,1.3,2.2
545361,2023-05-31,4,3,1,1,1,4,1,1,1,1,4.2,3.8,1.0,0.2,1.4,1.7
547180,2023-05-03,5,3,3,0,0,4,0,1,1,0,4.0,4.0,0.0,0.0,3.0,0.0
547180,2023-05-05,4,4,1,0,1,1,0,1,0,1,4.5,3.5,1.5,0.0,1.5,2.0
547180,2023-05-06,5,5,2,1,1,5,1,1,1,1,4.333333333333333,3.6666666666666665,1.3333333333333333,0.0,1.3333333333333333,1.6666666666666667
547180,2023-05-07,4,3,1,0,0,1,0,1,0,0,4.5,4.0,1.5,0.25,1.25,2.5
547180,2023-05-09,5,4,0,0,2,0,0,0,0,1,4.4,3.8,1.4,0.2,1.0,2.2
547180,2023-05-10,5,5,2,0,0,2,0,1,1,0,4.5,3.8333333333333335,1.1666666666666667,0.16666666666666666,1.1666666666666667,1.8333333333333333
547180,2023-05-12,4,4,2,0,2,3,0,1,1,1,4.571428571428571,4.0,1.2857142857142858,0.14285714285714285,1.0,1.8571428571428572
547180,2023-05-13,5,4,2,1,1,6,1,1,1,1,4.5,4.0,1.375,0.125,1.125,2.0
547180,2023-05-14,3,3,0,0,2,0,0,0,0,1,4.555555555555555,4.0,1.4444444444444444,0.2222222222222222,1.1111111111111112,2.4444444444444446
547180,2023-05-15,4,4,1,0,1,1,0,1,0,1,4.4,3.9,1.3,0.2,1.2,2.2
547180,2023-05-16,4,3,1,0,2,1,0,1,0,1,4.4,3.9,1.4,0.2,1.0,2.3
547180,2023-05-17,4,4,1,0,1,1,0,1,0,1,4.3,3.9,1.2,0.2,1.2,2.0
547180,2023-05-19,4,4,1,0,2,2,0,1,1,1,4.3,3.9,1.2,0.2,1.2,2.0
547180,2023-05-20,4,2,2,0,0,3,0,1,1,0,4.2,3.8,1.1,0.1,1.3,1.7
547180,2023-05-21,3,3,0,0,2,0,0,0,0,1,4.2,3.7,1.2,0.1,1.3,1.9
547180,2023-05-22,3,2,1,0,0,1,0,1,0,0,4.0,3.6,1.2,0.1,1.3,1.9
547180,2023-05-23,4,3,2,0,0,3,0,1,1,0,3.8,3.3,1.1,0.1,1.3,1.8
547180,2023-05-24,5,4,1,0,1,1,0,1,0,1,3.8,3.2,1.1,0.1,1.1,1.8
547180,2023-05-25,4,4,3,1,0,6,1,1,1,0,3.8,3.2,1.0,0.0,1.1,1.3
547180,2023-05-26,5,3,0,0,0,0,0,0,0,0,3.9,3.3,1.3,0.1,0.9,1.9
547180,2023-05-27,4,3,0,0,2,0,0,0,0,1,4.0,3.2,1.2,0.1,0.8,1.8
547180,2023-05-28,4,4,0,0,1,0,0,0,0,1,4.0,3.2,1.1,0.1,0.8,1.7
547180,2023-05-31,4,4,2,0,2,2,0,1,1,1,4.0,3.2,1.0,0.1,0.8,1.6
547989,2023-05-02,3,3,0,0,0,0,0,0,0,0,4.0,4.0,1.0,0.0,0.0,1.0
547989,2023-05-03,4,3,1,0,0,1,0,1,0,0,3.5,3.5,0.5,0.0,0.0,0.5
547989,2023-05-05,4,3,0,0,1,0,0,0,0,1,3.6666666666666665,3.3333333333333335,0.6666666666666666,0.0,0.0,0.6666666666666666
547989,2023-05-06,4,2,0,0,2,0,0,0,0,1,3.75,3.25,0.5,0.0,0.25,0.5
547989,2023-05-07,3,3,1,0,2,2,0,1,1,1,3.8,3.0,0.4,0.0,0.6,0.4
547989,2023-05-08,4,4,1,0,0,2,0,1,1,0,3.6666666666666665,3.0,0.5,0.0,0.8333333333333334,0.6666666666666666
547989,2023-05-09,4,4,0,0,1,0,0,0,0,1,3.7142857142857144,3.142857142857143,0.5714285714285714,0.0,0.7142857142857143,0.8571428571428571
547989,2023-05-12,5,5,1,0,0,1,0,1,0,0,3.75,3.25,0.5,0.0,0.75,0.75
547989,2023-05-13,4,3,0,0,2,0,0,0,0,1,3.888888888888889,3.4444444444444446,0.5555555555555556,0.0,0.6666666666666666,0.7777777777777778
547989,2023-05-14,4,4,1,0,2,1,0,1,0,1,3.9,3.4,0.5,0.0,0.8,0.7
547989,2023-05-15,4,3,2,0,1,3,0,1,1,1,3.9,3.4,0.5,0.0,1.0,0.7
547989,2023-05-16,3,3,0,0,2,0,0,0,0,1,4.0,3.4,0.7,0.0,1.1,1.0
547989,2023-05-17,4,4,1,0,2,1,0,1,0,1,3.9,3.4,0.6,0.0,1.3,0.9
547989,2023-05-19,4,2,1,0,0,1,0,1,0,0,3.9,3.5,0.7,0.0,1.4,1.0
547989,2023-05-20,4,4,0,0,2,0,0,0,0,1,3.9,3.5,0.8,0.0,1.2,1.1
547989,2023-05-21,3,1,0,0,1,0,0,0,0,1,4.0,3.6,0.7,0.0,1.2,0.9
547989,2023-05-22,4,4,2,0,1,2,0,1,1,1,3.9,3.3,0.6,0.0,1.3,0.7
547989,2023-05-23,4,4,1,0,1,1,0,1,0,1,3.9,3.3,0.8,0.0,1.3,0.9
547989,2023-05-24,4,4,1,0,0,1,0,1,0,0,3.8,3.2,0.8,0.0,1.4,0.9
547989,2023-05-26,4,4,0,0,0,0,0,0,0,0,3.8,3.3,0.9,0.0,1.2,1.0
547989,2023-05-27,3,2,0,0,1,0,0,0,0,1,3.8,3.3,0.8,0.0,1.0,0.9
547989,2023-05-28,5,4,1,1,1,4,1,1,1,1,3.7,3.2,0.6,0.0,1.0,0.6
547989,2023-05-29,4,3,1,0,0,1,0,1,0,0,3.9,3.3,0.7,0.1,0.9,1.0
547989,2023-05-30,4,2,0,0,1,0,0,0,0,1,3.9,3.2,0.7,0.1,0.7,1.0
547989,2023-05-31,4,3,0,0,1,0,0,0,0,1,3.9,3.2,0.6,0.1,0.8,0.9
553869,2023-05-03,4,4,2,0,0,2,0,1,1,0,4.0,4.0,2.0,1.0,2.0,5.0
553869,2023-05-04,2,0,0,0,0,0,0,0,0,0,4.0,4.0,2.0,0.5,1.0,3.5
553869,2023-05-05,4,3,1,0,1,1,0,1,0,1,3.3333333333333335,2.6666666666666665,1.3333333333333333,0.3333333333333333,0.6666666666666666,2.3333333333333335
553869,2023-05-06,3,3,2,0,1,2,0,1,1,1,3.5,2.75,1.25,0.25,0.75,2.0
553869,2023-05-08,3,3,0,0,0,0,0,0,0,0,3.4,2.8,1.4,0.2,0.8,2.0
553869,2023-05-09,5,3,1,0,1,1,0,1,0,1,3.3333333333333335,2.8333333333333335,1.1666666666666667,0.16666666666666666,0.6666666666666666,1.6666666666666667
553869,2023-05-12,4,4,1,0,0,1,0,1,0,0,3.5714285714285716,2.857142857142857,1.1428571428571428,0.14285714285714285,0.7142857142857143,1.5714285714285714
553869,2023-05-13,4,4,1,0,1,1,0,1,0,1,3.625,3.0,1.125,0.125,0.625,1.5
553869,2023-05-14,3,3,1,0,0,1,0,1,0,0,3.6666666666666665,3.111111111111111,1.1111111111111112,0.1111111111111111,0.6666666666666666,1.4444444444444444
553869,2023-05-16,4,3,1,0,1,2,0,1,1,1,3.6,3.1,1.1,0.1,0.6,1.4
553869,2023-05-17,3,3,2,0,0,2,0,1,1,0,3.6,3.0,1.0,0.0,0.5,1.1
553869,2023-05-19,4,4,2,0,0,3,0,1,1,0,3.5,2.9,1.0,0.0,0.5,1.1
553869,2023-05-20,5,4,0,0,1,0,0,0,0,1,3.7,3.3,1.2,0.0,0.5,1.4
553869,2023-05-22,4,3,2,1,1,6,1,1,1,1,3.8,3.4,1.1,0.0,0.5,1.3
553869,2023-05-23,4,4,3,0,0,4,0,1,1,0,3.9,3.4,1.1,0.1,0.5,1.7
553869,2023-05-24,4,4,1,1,1,4,1,1,1,1,4.0,3.5,1.4,0.1,0.5,2.1
553869,2023-05-25,4,3,1,1,1,4,1,1,1,1,3.9,3.6,1.4,0.2,0.5,2.4
553869,2023-05-26,4,4,0,0,0,0,0,0,0,0,3.9,3.5,1.4,0.3,0.6,2.7
553869,2023-05-27,5,5,2,0,1,3,0,1,1,1,3.9,3.5,1.3,0.3,0.5,2.6
553869,2023-05-29,5,5,2,0,1,2,0,1,1,1,4.1,3.7,1.4,0.3,0.6,2.8
553869,2023-05-30,3,2,0,0,0,0,0,0,0,0,4.2,3.9,1.5,0.3,0.6,2.8
553869,2023-05-31,3,3,0,0,2,0,0,0,0,1,4.2,3.8,1.3,0.3,0.6,2.6
553993,2023-05-03,5,3,1,1,1,4,1,1,1,1,4.0,4.0,0.0,0.0,2.0,0.0
553993,2023-05-04,5,4,1,0,0,1,0,1,0,0,4.5,3.5,0.5,0.5,1.5,2.0
553993,2023-05-05,4,4,1,0,2,1,0,1,0,1,4.666666666666667,3.6666666666666665,0.6666666666666666,0.3333333333333333,1.0,1.6666666666666667
553993,2023-05-06,5,3,0,0,1,0,0,0,0,1,4.5,3.75,0.75,0.25,1.25,1.5
553993,2023-05-07,4,4,2,0,0,3,0,1,1,0,4.6,3.6,0.6,0.2,1.2,1.2
553993,2023-05-08,4,4,0,0,1,0,0,0,0,1,4.5,3.6666666666666665,0.8333333333333334,0.16666666666666666,1.0,1.5
553993,2023-05-09,4,4,0,0,2,0,0,0,0,1,4.428571428571429,3.7142857142857144,0.7142857142857143,0.14285714285714285,1.0,1.2857142857142858
553993,2023-05-10,3,2,0,0,1,0,0,0,0,1,4.375,3.75,0.625,0.125,1.125,1.125
553993,2023-05-12,5,4,1,0,1,1,0,1,0,1,4.222222222222222,3.5555555555555554,0.5555555555555556,0.1111111111111111,1.1111111111111112,1.0
553993,2023-05-13,4,3,0,0,1,0,0,0,0,1,4.3,3.6,0.6,0.1,1.1,1.0
553993,2023-05-14,5,4,1,0,0,1,0,1,0,0,4.3,3.5,0.6,0.1,1.0,1.0
553993,2023-05-15,5,4,2,1,1,5,1,1,1,1,4.3,3.6,0.6,0.0,0.9,0.7
553993,2023-05-16,4,2,1,0,0,1,0,1,0,0,4.3,3.6,0.7,0.1,1.0,1.1
553993,2023-05-17,5,4,0,0,3,0,0,0,0,1,4.3,3.4,0.7,0.1,0.8,1.1
553993,2023-05-19,4,4,1,0,3,1,0,1,0,1,4.3,3.5,0.7,0.1,1.0,1.1
553993,2023-05-20,5,4,2,1,1,5,1,1,1,1,4.3,3.5,0.6,0.1,1.3,0.9
553993,2023-05-21,4,4,0,0,3,0,0,0,0,1,4.4,3.5,0.8,0.2,1.3,1.4
553993,2023-05-22,5,5,2,0,1,2,0,1,1,1,4.4,3.5,0.8,0.2,1.4,1.4
553993,2023-05-23,4,2,0,0,0,0,0,0,0,0,4.6,3.8,1.0,0.2,1.4,1.6
553993,2023-05-24,3,2,0,0,1,0,0,0,0,1,4.5,3.6,0.9,0.2,1.3,1.5
553993,2023-05-25,4,2,0,0,1,0,0,0,0,1,4.4,3.5,0.9,0.2,1.3,1.5
553993,2023-05-26,4,4,0,0,1,0,0,0,0,1,4.3,3.3,0.8,0.2,1.4,1.4
553993,2023-05-27,4,3,1,0,1,1,0,1,0,1,4.2,3.3,0.6,0.1,1.4,0.9
553993,2023-05-28,5,4,1,1,1,4,1,1,1,1,4.2,3.4,0.6,0.1,1.5,0.9
553993,2023-05-29,4,3,0,0,2,0,0,0,0,1,4.2,3.4,0.7,0.2,1.3,1.3
553993,2023-05-30,4,4,1,0,1,1,0,1,0,1,4.2,3.3,0.6,0.2,1.2,1.2
553993,2023-05-31,4,4,1,0,1,2,0,1,1,1,4.1,3.3,0.5,0.1,1.2,0.8
570482,2023-05-03,3,2,0,0,0,0,0,0,0,0,4.0,4.0,0.0,0.0,0.0,0.0
570482,2023-05-04,1,1,0,0,0,0,0,0,0,0,3.5,3.0,0.0,0.0,0.0,0.0
570482,2023-05-05,1,1,1,0,0,1,0,1,0,0,2.6666666666666665,2.3333333333333335,0.0,0.0,0.0,0.0
570482,2023-05-06,4,4,2,0,0,2,0,1,1,0,2.25,2.0,0.25,0.0,0.0,0.25
570482,2023-05-07,5,5,3,0,1,3,0,1,1,1,2.6,2.4,0.6,0.0,0.0,0.6
570482,2023-05-08,3,3,1,0,2,1,0,1,0,1,3.0,2.8333333333333335,1.0,0.0,0.16666666666666666,1.0
570482,2023-05-09,2,2,1,0,0,1,0,1,0,0,3.0,2.857142857142857,1.0,0.0,0.42857142857142855,1.0
570482,2023-05-10,3,3,1,0,0,1,0,1,0,0,2.875,2.75,1.0,0.0,0.375,1.0
570482,2023-05-12,4,4,1,0,1,2,0,1,1,1,2.888888888888889,2.7777777777777777,1.0,0.0,0.3333333333333333,1.0
570482,2023-05-13,4,4,0,0,0,0,0,0,0,0,3.0,2.9,1.0,0.0,0.4,1.1
570482,2023-05-14,3,3,0,0,0,0,0,0,0,0,3.0,2.9,1.0,0.0,0.4,1.1
570482,2023-05-15,5,4,2,0,0,3,0,1,1,0,3.0,3.0,1.0,0.0,0.4,1.1
570482,2023-05-16,4,4,2,0,1,3,0,1,1,1,3.4,3.3,1.2,0.0,0.4,1.4
570482,2023-05-17,2,2,1,0,0,1,0,1,0,0,3.7,3.6,1.3,0.0,0.5,1.6
570482,2023-05-18,2,2,1,0,0,1,0,1,0,0,3.5,3.4,1.2,0.0,0.5,1.5
570482,2023-05-19,4,4,1,0,0,1,0,1,0,0,3.2,3.1,1.0,0.0,0.4,1.3
570482,2023-05-20,4,4,2,0,0,2,0,1,1,0,3.3,3.2,1.0,0.0,0.2,1.3
570482,2023-05-21,3,3,1,0,0,1,0,1,0,0,3.5,3.4,1.1,0.0,0.2,1.4
570482,2023-05-23,3,3,1,0,1,2,0,1,1,1,3.5,3.4,1.1,0.0,0.2,1.4
570482,2023-05-24,4,2,0,0,1,0,0,0,0,1,3.4,3.3,1.1,0.0,0.2,1.4
570482,2023-05-26,4,4,3,0,0,3,0,1,1,0,3.4,3.1,1.1,0.0,0.3,1.4
570482,2023-05-27,5,5,3,1,1,7,1,1,1,1,3.5,3.2,1.4,0.0,0.3,1.7
570482,2023-05-28,4,3,1,0,0,3,0,1,1,0,3.5,3.3,1.5,0.1,0.4,2.1
570482,2023-05-29,4,4,0,0,2,0,0,0,0,1,3.5,3.2,1.4,0.1,0.3,2.1
570482,2023-05-30,4,2,0,0,1,0,0,0,0,1,3.7,3.4,1.3,0.1,0.5,2.0
570482,2023-05-31,4,2,1,0,0,2,0,1,1,0,3.9,3.4,1.2,0.1,0.6,1.9
570731,2023-05-05,4,4,0,0,0,0,0,0,0,0,2.0,2.0,1.0,0.0,0.0,2.0
570731,2023-05-06,1,1,0,0,0,0,0,0,0,0,3.0,3.0,0.5,0.0,0.0,1.0
570731,2023-05-07,2,2,0,0,0,0,0,0,0,0,2.3333333333333335,2.3333333333333335,0.3333333333333333,0.0,0.0,0.6666666666666666
570731,2023-05-09,1,1,0,0,0,0,0,0,0,0,2.25,2.25,0.25,0.0,0.0,0.5
570731,2023-05-12,2,2,1,0,0,1,0,1,0,0,2.0,2.0,0.2,0.0,0.0,0.4
570731,2023-05-14,2,2,1,0,0,1,0,1,0,0,2.0,2.0,0.3333333333333333,0.0,0.0,0.5
570731,2023-05-17,3,2,0,0,1,0,0,0,0,1,2.0,2.0,0.42857142857142855,0.0,0.0,0.5714285714285714
570731,2023-05-20,3,3,2,0,1,2,0,1,1,1,2.125,2.0,0.375,0.0,0.125,0.5
570731,2023-05-22,2,2,0,0,1,0,0,0,0,1,2.2222222222222223,2.111111111111111,0.5555555555555556,0.0,0.2222222222222222,0.6666666666666666
570731,2023-05-23,1,0,0,0,0,0,0,0,0,0,2.2,2.1,0.5,0.0,0.3,0.6
570731,2023-05-24,4,4,1,0,3,2,0,1,1,1,2.1,1.9,0.4,0.0,0.3,0.4
570731,2023-05-27,4,4,2,0,0,3,0,1,1,0,2.1,1.9,0.5,0.0,0.6,0.6
570731,2023-05-28,3,2,0,0,0,0,0,0,0,0,2.4,2.2,0.7,0.0,0.6,0.9
570731,2023-05-29,2,2,0,0,0,0,0,0,0,0,2.5,2.2,0.7,0.0,0.6,0.9
570731,2023-05-30,4,3,0,0,1,0,0,0,0,1,2.6,2.3,0.7,0.0,0.6,0.9
570731,2023-05-31,1,1,0,0,1,0,0,0,0,1,2.8,2.4,0.6,0.0,0.7,0.8
571448,2023-05-03,4,3,2,0,1,3,0,1,1,1,3.0,2.0,0.0,0.0,1.0,0.0
571448,2023-05-04,5,4,0,0,1,0,0,0,0,1,3.5,2.5,1.0,0.0,1.0,1.5
571448,2023-05-05,5,5,2,0,1,2,0,1,1,1,4.0,3.0,0.6666666666666666,0.0,1.0,1.0
571448,2023-05-06,5,5,1,1,1,4,1,1,1,1,4.25,3.5,1.0,0.0,1.0,1.25
571448,2023-05-07,4,4,0,0,0,0,0,0,0,0,4.4,3.8,1.0,0.2,1.0,1.8
571448,2023-05-09,3,3,1,0,1,1,0,1,0,1,4.333333333333333,3.8333333333333335,0.8333333333333334,0.16666666666666666,0.8333333333333334,1.5
571448,2023-05-10,5,4,1,0,1,3,0,1,1,1,4.142857142857143,3.7142857142857144,0.8571428571428571,0.14285714285714285,0.8571428571428571,1.4285714285714286
571448,2023-05-12,5,5,4,1,0,7,1,1,1,0,4.25,3.75,0.875,0.125,0.875,1.625
571448,2023-05-13,4,4,1,1,0,4,1,1,1,0,4.333333333333333,3.888888888888889,1.2222222222222223,0.2222222222222222,0.7777777777777778,2.2222222222222223
571448,2023-05-14,5,5,2,1,2,5,1,1,1,1,4.3,3.9,1.2,0.3,0.7,2.4
571448,2023-05-15,4,3,2,1,0,5,1,1,1,0,4.5,4.2,1.4,0.4,0.8,2.9
571448,2023-05-16,4,4,1,1,1,4,1,1,1,1,4.5,4.2,1.4,0.5,0.7,3.1
571448,2023-05-17,4,4,1,0,0,1,0,1,0,0,4.4,4.2,1.5,0.6,0.7,3.5
571448,2023-05-18,5,4,1,1,1,4,1,1,1,1,4.3,4.1,1.4,0.6,0.6,3.4
571448,2023-05-19,3,3,1,0,1,1,0,1,0,1,4.3,4.0,1.4,0.6,0.6,3.4
571448,2023-05-20,3,3,2,0,1,2,0,1,1,1,4.2,3.9,1.5,0.6,0.7,3.5
571448,2023-05-21,4,4,3,0,1,4,0,1,1,1,4.2,3.9,1.6,0.6,0.7,3.6
571448,2023-05-22,5,5,0,0,3,0,0,0,0,1,4.1,3.9,1.8,0.6,0.7,3.7
571448,2023-05-23,1,1,0,0,1,0,0,0,0,1,4.1,3.9,1.4,0.5,1.0,3.0
571448,2023-05-24,4,3,0,0,2,0,0,0,0,1,3.8,3.6,1.3,0.4,1.1,2.6
571448,2023-05-26,4,3,0,0,0,0,0,0,0,0,3.7,3.4,1.1,0.3,1.1,2.1
571448,2023-05-27,4,3,0,0,0,0,0,0,0,0,3.7,3.4,0.9,0.2,1.1,1.6
571448,2023-05-28,4,4,2,0,1,3,0,1,1,1,3.7,3.3,0.8,0.1,1.0,1.2
571448,2023-05-29,3,3,1,0,0,1,0,1,0,0,3.7,3.3,0.9,0.1,1.1,1.4
571448,2023-05-30,4,3,1,0,0,2,0,1,1,0,3.5,3.2,0.9,0.0,1.0,1.1
571466,2023-05-02,3,2,0,0,0,0,0,0,0,0,3.0,3.0,1.0,0.0,1.0,2.0
571466,2023-05-03,2,2,0,0,0,0,0,0,0,0,3.0,2.5,0.5,0.0,0.5,1.0
571466,2023-05-06,3,3,1,0,1,1,0,1,0,1,2.6666666666666665,2.3333333333333335,0.3333333333333333,0.0,0.3333333333333333,0.6666666666666666
571466,2023-05-07,2,2,0,0,1,0,0,0,0,1,2.75,2.5,0.5,0.0,0.5,0.75
571466,2023-05-08,2,1,0,0,1,0,0,0,0,1,2.6,2.4,0.4,0.0,0.6,0.6
571466,2023-05-13,4,3,2,0,1,2,0,1,1,1,2.5,2.1666666666666665,0.3333333333333333,0.0,0.6666666666666666,0.5
571466,2023-05-16,3,1,0,0,1,0,0,0,0,1,2.7142857142857144,2.2857142857142856,0.5714285714285714,0.0,0.7142857142857143,0.7142857142857143
571466,2023-05-21,3,2,0,0,0,0,0,0,0,0,2.75,2.125,0.5,0.0,0.75,0.625
571466,2023-05-24,4,3,0,0,1,0,0,0,0,1,2.7777777777777777,2.111111111111111,0.4444444444444444,0.0,0.6666666666666666,0.5555555555555556
571466,2023-05-26,3,3,0,0,1,0,0,0,0,1,2.9,2.2,0.4,0.0,0.7,0.5
571466,2023-05-29,3,3,0,0,1,0,0,0,0,1,2.9,2.2,0.3,0.0,0.7,0.3
571466,2023-05-31,2,2,0,0,0,0,0,0,0,0,2.9,2.3,0.3,0.0,0.8,0.3
571657,2023-05-11,4,3,1,1,0,4,1,1,1,0,3.0,3.0,1.0,0.0,1.0,1.0
571657,2023-05-12,4,4,1,0,1,1,0,1,0,1,3.5,3.0,1.0,0.5,0.5,2.5
571657,2023-05-13,4,3,1,0,0,1,0,1,0,0,3.6666666666666665,3.3333333333333335,1.0,0.3333333333333333,0.6666666666666666,2.0
571657,2023-05-14,5,5,3,0,1,4,0,1,1,1,3.75,3.25,1.0,0.25,0.5,1.75
571657,2023-05-15,6,5,1,0,1,1,0,1,0,1,4.0,3.6,1.4,0.2,0.6,2.2
571657,2023-05-16,5,4,2,1,1,5,1,1,1,1,4.333333333333333,3.8333333333333335,1.3333333333333333,0.16666666666666666,0.6666666666666666,2.0
571657,2023-05-17,1,1,0,0,0,0,0,0,0,0,4.428571428571429,3.857142857142857,1.4285714285714286,0.2857142857142857,0.7142857142857143,2.4285714285714284
571657,2023-05-19,4,4,2,0,2,2,0,1,1,1,4.0,3.5,1.25,0.25,0.625,2.125
571657,2023-05-20,5,5,3,0,0,3,0,1,1,0,4.0,3.5555555555555554,1.3333333333333333,0.2222222222222222,0.7777777777777778,2.111111111111111
571657,2023-05-21,3,3,1,0,2,1,0,1,0,1,4.1,3.7,1.5,0.2,0.7,2.2
571657,2023-05-22,4,4,0,0,2,0,0,0,0,1,4.1,3.7,1.5,0.2,0.8,2.2
571657,2023-05-23,2,2,0,0,2,0,0,0,0,1,4.1,3.8,1.4,0.1,1.0,1.8
571657,2023-05-24,3,3,0,0,0,0,0,0,0,0,3.9,3.6,1.3,0.1,1.1,1.7
571657,2023-05-26,5,4,0,0,2,0,0,0,0,1,3.8,3.6,1.2,0.1,1.1,1.6
571657,2023-05-27,4,3,2,0,0,2,0,1,1,0,3.8,3.5,0.9,0.1,1.2,1.2
571657,2023-05-28,3,3,0,0,3,0,0,0,0,1,3.6,3.3,1.0,0.1,1.1,1.3
571657,2023-05-29,2,2,1,0,1,1,0,1,0,1,3.4,3.2,0.8,0.0,1.3,0.8
571657,2023-05-31,5,5,1,0,1,1,0,1,0,1,3.5,3.3,0.9,0.0,1.4,0.9
571745,2023-05-03,4,4,1,0,2,1,0,1,0,1,4.0,4.0,0.0,0.0,3.0,0.0
571745,2023-05-05,4,4,0,0,1,0,0,0,0,1,4.0,4.0,0.5,0.0,2.5,0.5
571745,2023-05-06,3,3,0,0,1,0,0,0,0,1,4.0,4.0,0.3333333333333333,0.0,2.0,0.3333333333333333
571745,2023-05-07,5,5,2,0,2,2,0,1,1,1,3.75,3.75,0.25,0.0,1.75,0.25
571745,2023-05-08,4,4,0,0,1,0,0,0,0,1,4.0,4.0,0.6,0.0,1.8,0.6
571745,2023-05-09,4,4,2,0,1,3,0,1,1,1,4.0,4.0,0.5,0.0,1.6666666666666667,0.5
571745,2023-05-11,4,4,0,0,0,0,0,0,0,0,4.0,4.0,0.7142857142857143,0.0,1.5714285714285714,0.8571428571428571
571745,2023-05-12,4,4,0,0,2,0,0,0,0,1,4.0,4.0,0.625,0.0,1.375,0.75
571745,2023-05-13,4,4,0,0,3,0,0,0,0,1,4.0,4.0,0.5555555555555556,0.0,1.4444444444444444,0.6666666666666666
571745,2023-05-15,4,4,1,0,2,1,0,1,0,1,4.0,4.0,0.5,0.0,1.6,0.6
571745,2023-05-16,4,4,0,0,1,0,0,0,0,1,4.0,4.0,0.6,0.0,1.5,0.7
571745,2023-05-17,1,1,1,0,0,1,0,1,0,0,4.0,4.0,0.5,0.0,1.4,0.6
571745,2023-05-19,4,4,2,0,1,3,0,1,1,1,3.7,3.7,0.6,0.0,1.3,0.7
571745,2023-05-20,2,2,0,0,1,0,0,0,0,1,3.8,3.8,0.8,0.0,1.3,1.0
571745,2023-05-21,4,4,2,0,1,2,0,1,1,1,3.5,3.5,0.6,0.0,1.2,0.8
571745,2023-05-23,5,4,1,0,0,1,0,1,0,0,3.5,3.5,0.8,0.0,1.2,1.0
571745,2023-05-24,5,5,0,0,2,0,0,0,0,1,3.6,3.5,0.7,0.0,1.1,0.8
571745,2023-05-25,4,3,0,0,1,0,0,0,0,1,3.7,3.6,0.7,0.0,1.3,0.8
571745,2023-05-26,5,5,3,1,1,7,1,1,1,1,3.7,3.5,0.7,0.0,1.2,0.8
571745,2023-05-27,4,4,3,1,0,6,1,1,1,0,3.8,3.6,1.0,0.1,1.0,1.5
571745,2023-05-28,4,4,1,0,1,1,0,1,0,1,3.8,3.6,1.2,0.2,0.8,2.0
571745,2023-05-29,5,5,3,0,0,5,0,1,1,0,3.8,3.6,1.3,0.2,0.8,2.1
571745,2023-05-30,3,3,0,0,2,0,0,0,0,1,4.2,4.0,1.5,0.2,0.8,2.5
571745,2023-05-31,4,3,0,0,1,0,0,0,0,1,4.1,3.9,1.3,0.2,0.9,2.2
571771,2023-05-02,4,4,0,0,0,0,0,0,0,0,4.0,4.0,1.0,0.0,1.0,1.0
571771,2023-05-03,5,5,2,0,0,2,0,1,1,0,4.0,4.0,0.5,0.0,0.5,0.5
571771,2023-05-04,4,4,0,0,1,0,0,0,0,1,4.333333333333333,4.333333333333333,1.0,0.0,0.3333333333333333,1.0
571771,2023-05-05,4,4,2,0,1,2,0,1,1,1,4.25,4.25,0.75,0.0,0.5,0.75
571771,2023-05-06,4,4,0,0,0,0,0,0,0,0,4.2,4.2,1.0,0.0,0.6,1.0
571771,2023-05-07,3,3,1,0,1,2,0,1,1,1,4.166666666666667,4.166666666666667,0.8333333333333334,0.0,0.5,0.8333333333333334
571771,2023-05-09,4,3,1,0,1,1,0,1,0,1,4.0,4.0,0.8571428571428571,0.0,0.5714285714285714,1.0
571771,2023-05-10,3,3,1,0,0,1,0,1,0,0,4.0,3.875,0.875,0.0,0.625,1.0
571771,2023-05-12,3,3,0,0,1,0,0,0,0,1,3.888888888888889,3.7777777777777777,0.8888888888888888,0.0,0.5555555555555556,1.0
571771,2023-05-13,2,2,1,0,0,1,0,1,0,0,3.8,3.7,0.8,0.0,0.6,0.9
571771,2023-05-17,5,4,2,0,0,2,0,1,1,0,3.6,3.5,0.8,0.0,0.5,0.9
571771,2023-05-19,4,4,1,0,2,1,0,1,0,1,3.7,3.5,1.0,0.0,0.5,1.1
571771,2023-05-20,4,3,1,0,0,2,0,1,1,0,3.6,3.4,0.9,0.0,0.7,1.0
571771,2023-05-21,3,2,0,0,1,0,0,0,0,1,3.6,3.3,1.0,0.0,0.6,1.2
571771,2023-05-23,3,2,0,0,0,0,0,0,0,0,3.5,3.1,0.8,0.0,0.6,1.0
571771,2023-05-24,4,4,1,0,1,2,0,1,1,1,3.4,2.9,0.8,0.0,0.6,1.0
571771,2023-05-26,5,3,1,1,1,4,1,1,1,1,3.5,3.0,0.8,0.0,0.6,1.0
571771,2023-05-27,4,4,1,0,2,1,0,1,0,1,3.6,3.0,0.8,0.1,0.6,1.3
571771,2023-05-28,4,2,0,0,0,0,0,0,0,0,3.7,3.1,0.8,0.1,0.8,1.3
571771,2023-05-30,4,3,1,0,1,1,0,1,0,1,3.8,3.0,0.8,0.1,0.7,1.3
571771,2023-05-31,3,3,0,0,1,0,0,0,0,1,4.0,3.1,0.8,0.1,0.8,1.3
571875,2023-05-04,3,3,1,0,2,1,0,1,0,1,1.0,1.0,1.0,1.0,0.0,4.0
571875,2023-05-06,4,4,0,0,2,0,0,0,0,1,2.0,2.0,1.0,0.5,1.0,2.5
571912,2023-05-05,2,2,0,0,1,0,0,0,0,1,2.0,2.0,2.0,0.0,0.0,2.0
571912,2023-05-09,3,2,1,0,1,2,0,1,1,1,2.0,2.0,1.0,0.0,0.5,1.0
571912,2023-05-14,3,3,0,0,1,0,0,0,0,1,2.3333333333333335,2.0,1.0,0.0,0.6666666666666666,1.3333333333333333
571912,2023-05-16,1,1,0,0,0,0,0,0,0,0,2.5,2.25,0.75,0.0,0.75,1.0
571912,2023-05-17,3,3,2,1,1,6,1,1,1,1,2.2,2.0,0.6,0.0,0.6,0.8
571912,2023-05-20,4,3,1,1,0,4,1,1,1,0,2.3333333333333335,2.1666666666666665,0.8333333333333334,0.16666666666666666,0.6666666666666666,1.6666666666666667
571912,2023-05-21,3,3,1,0,0,1,0,1,0,0,2.5714285714285716,2.2857142857142856,0.8571428571428571,0.2857142857142857,0.5714285714285714,2.0
571912,2023-05-24,5,5,1,0,2,1,0,1,0,1,2.625,2.375,0.875,0.25,0.5,1.875
571912,2023-05-25,4,4,0,0,3,0,0,0,0,1,2.888888888888889,2.6666666666666665,0.8888888888888888,0.2222222222222222,0.6666666666666666,1.7777777777777777
571912,2023-05-31,2,2,1,0,1,2,0,1,1,1,3.0,2.8,0.8,0.2,0.9,1.6
571970,2023-05-02,5,3,1,0,2,1,0,1,0,1,5.0,4.0,1.0,0.0,1.0,1.0
571970,2023-05-03,5,5,1,1,2,4,1,1,1,1,5.0,3.5,1.0,0.0,1.5,1.0
571970,2023-05-05,3,3,0,0,1,0,0,0,0,1,5.0,4.0,1.0,0.3333333333333333,1.6666666666666667,2.0
571970,2023-05-06,4,2,0,0,1,0,0,0,0,1,4.5,3.75,0.75,0.25,1.5,1.5
571970,2023-05-07,5,4,0,0,3,0,0,0,0,1,4.4,3.4,0.6,0.2,1.4,1.2
571970,2023-05-08,4,4,0,0,1,0,0,0,0,1,4.5,3.5,0.5,0.16666666666666666,1.6666666666666667,1.0
571970,2023-05-09,4,4,1,0,1,1,0,1,0,1,4.428571428571429,3.5714285714285716,0.42857142857142855,0.14285714285714285,1.5714285714285714,0.8571428571428571
571970,2023-05-12,4,4,0,0,1,0,0,0,0,1,4.375,3.625,0.5,0.125,1.5,0.875
571970,2023-05-13,4,4,1,0,1,1,0,1,0,1,4.333333333333333,3.6666666666666665,0.4444444444444444,0.1111111111111111,1.4444444444444444,0.7777777777777778
571970,2023-05-14,3,2,0,0,0,0,0,0,0,0,4.3,3.7,0.5,0.1,1.4,0.8
571970,2023-05-15,5,5,3,2,1,9,1,1,1,1,4.1,3.5,0.4,0.1,1.3,0.7
571970,2023-05-16,4,4,1,0,2,2,0,1,1,1,4.1,3.7,0.6,0.3,1.2,1.5
571970,2023-05-17,4,2,1,0,1,1,0,1,0,1,4.0,3.6,0.6,0.2,1.2,1.3
571970,2023-05-18,5,4,1,1,1,4,1,1,1,1,4.1,3.5,0.7,0.2,1.2,1.4
571970,2023-05-19,2,2,0,0,1,0,0,0,0,1,4.2,3.7,0.8,0.3,1.2,1.8
571970,2023-05-20,4,4,0,0,1,0,0,0,0,1,3.9,3.5,0.8,0.3,1.0,1.8
571970,2023-05-21,2,2,0,0,2,0,0,0,0,1,3.9,3.5,0.8,0.3,1.0,1.8
571970,2023-05-22,5,5,1,0,2,1,0,1,0,1,3.7,3.3,0.7,0.3,1.1,1.7
571970,2023-05-23,5,4,1,0,2,1,0,1,0,1,3.8,3.4,0.8,0.3,1.2,1.8
571970,2023-05-24,5,5,0,0,3,0,0,0,0,1,3.9,3.4,0.8,0.3,1.3,1.8
571970,2023-05-26,4,4,0,0,1,0,0,0,0,1,4.1,3.7,0.8,0.3,1.6,1.8
571970,2023-05-27,4,4,2,1,1,6,1,1,1,1,4.0,3.6,0.5,0.1,1.6,0.9
571970,2023-05-28,1,1,1,1,0,4,1,1,1,0,4.0,3.6,0.6,0.2,1.5,1.3
571970,2023-05-30,5,5,2,0,0,3,0,1,1,0,3.7,3.5,0.6,0.3,1.4,1.6
571970,2023-05-31,4,3,0,0,1,0,0,0,0,1,3.7,3.6,0.7,0.2,1.3,1.5
571976,2023-05-07,4,4,1,1,2,4,1,1,1,1,4.0,4.0,0.0,0.0,1.0,0.0
571976,2023-05-09,4,4,1,0,2,1,0,1,0,1,4.0,4.0,0.5,0.5,1.5,2.0
571976,2023-05-10,3,3,0,0,2,0,0,0,0,1,4.0,4.0,0.6666666666666666,0.3333333333333333,1.6666666666666667,1.6666666666666667
571976,2023-05-12,2,2,0,0,2,0,0,0,0,1,3.75,3.75,0.5,0.25,1.75,1.25
571976,2023-05-14,4,4,1,0,2,2,0,1,1,1,3.4,3.4,0.4,0.2,1.8,1.0
571976,2023-05-15,3,2,0,0,2,0,0,0,0,1,3.5,3.5,0.5,0.16666666666666666,1.8333333333333333,1.1666666666666667
571976,2023-05-16,4,3,1,0,1,1,0,1,0,1,3.4285714285714284,3.2857142857142856,0.42857142857142855,0.14285714285714285,1.8571428571428572,1.0
571976,2023-05-17,5,5,1,0,0,1,0,1,0,0,3.5,3.25,0.5,0.125,1.75,1.0
571976,2023-05-19,3,2,1,0,1,1,0,1,0,1,3.6666666666666665,3.4444444444444446,0.5555555555555556,0.1111111111111111,1.5555555555555556,1.0
571976,2023-05-20,4,4,0,0,1,0,0,0,0,1,3.6,3.3,0.6,0.1,1.5,1.0
571976,2023-05-22,4,3,0,0,1,0,0,0,0,1,3.6,3.3,0.6,0.1,1.5,1.0
571976,2023-05-23,4,3,0,0,0,0,0,0,0,0,3.6,3.2,0.5,0.0,1.4,0.6
572008,2023-05-09,1,1,0,0,0,0,0,0,0,0,2.0,2.0,1.0,0.0,0.0,1.0
572008,2023-05-10,3,3,0,0,1,0,0,0,0,1,1.5,1.5,0.5,0.0,0.0,0.5
572008,2023-05-13,2,2,0,0,2,0,0,0,0,1,2.0,2.0,0.3333333333333333,0.0,0.3333333333333333,0.3333333333333333
572008,2023-05-17,5,5,1,0,3,1,0,1,0,1,2.0,2.0,0.25,0.0,0.75,0.25
572008,2023-05-24,3,3,1,0,1,1,0,1,0,1,2.6,2.6,0.4,0.0,1.2,0.4
572008,2023-05-28,3,3,1,0,1,1,0,1,0,1,2.6666666666666665,2.6666666666666665,0.5,0.0,1.1666666666666667,0.5
572008,2023-05-31,3,3,0,0,3,0,0,0,0,1,2.7142857142857144,2.7142857142857144,0.5714285714285714,0.0,1.1428571428571428,0.5714285714285714
572041,2023-05-03,5,4,2,1,1,6,1,1,1,1,3.0,3.0,1.0,1.0,0.0,4.0
572041,2023-05-04,1,1,0,0,0,0,0,0,0,0,4.0,3.5,1.5,1.0,0.5,5.0
572041,2023-05-09,3,1,0,0,0,0,0,0,0,0,3.0,2.6666666666666665,1.0,0.6666666666666666,0.3333333333333333,3.3333333333333335
572041,2023-05-10,4,4,0,0,2,0,0,0,0,1,3.0,2.25,0.75,0.5,0.25,2.5
572041,2023-05-12,4,3,0,0,0,0,0,0,0,0,3.2,2.6,0.6,0.4,0.6,2.0
572041,2023-05-13,1,1,0,0,0,0,0,0,0,0,3.3333333333333335,2.6666666666666665,0.5,0.3333333333333333,0.5,1.6666666666666667
572041,2023-05-14,3,3,1,0,0,1,0,1,0,0,3.0,2.4285714285714284,0.42857142857142855,0.2857142857142857,0.42857142857142855,1.4285714285714286
572041,2023-05-15,2,2,2,0,0,2,0,1,1,0,3.0,2.5,0.5,0.25,0.375,1.375
572041,2023-05-16,2,2,0,0,1,0,0,0,0,1,2.888888888888889,2.4444444444444446,0.6666666666666666,0.2222222222222222,0.3333333333333333,1.4444444444444444
572041,2023-05-21,3,3,0,0,1,0,0,0,0,1,2.8,2.4,0.6,0.2,0.4,1.3
572041,2023-05-22,4,2,0,0,0,0,0,0,0,0,2.8,2.4,0.5,0.1,0.5,0.9
572041,2023-05-24,3,3,2,0,0,2,0,1,1,0,2.7,2.2,0.3,0.0,0.4,0.3
572041,2023-05-30,3,2,0,0,1,0,0,0,0,1,2.9,2.4,0.5,0.0,0.4,0.5
572041,2023-05-31,1,1,0,0,0,0,0,0,0,0,2.9,2.5,0.5,0.0,0.5,0.5
572191,2023-05-04,2,2,0,0,1,0,0,0,0,1,2.0,2.0,0.0,0.0,2.0,0.0
572191,2023-05-06,2,1,1,0,0,1,0,1,0,0,2.0,2.0,0.0,0.0,1.5,0.0
572191,2023-05-09,2,2,1,0,0,1,0,1,0,0,2.0,1.6666666666666667,0.3333333333333333,0.0,1.0,0.3333333333333333
572191,2023-05-10,2,2,0,0,0,0,0,0,0,0,2.0,1.75,0.5,0.0,0.75,0.5
572191,2023-05-12,1,1,1,0,0,1,0,1,0,0,2.0,1.8,0.4,0.0,0.6,0.4
572191,2023-05-13,1,1,0,0,0,0,0,0,0,0,1.8333333333333333,1.6666666666666667,0.5,0.0,0.5,0.5
572191,2023-05-14,1,1,1,1,0,4,1,1,1,0,1.7142857142857142,1.5714285714285714,0.42857142857142855,0.0,0.42857142857142855,0.42857142857142855
572191,2023-05-15,1,1,0,0,0,0,0,0,0,0,1.625,1.5,0.5,0.125,0.375,0.875
572191,2023-05-16,4,3,0,0,1,0,0,0,0,1,1.5555555555555556,1.4444444444444444,0.4444444444444444,0.1111111111111111,0.3333333333333333,0.7777777777777778
572191,2023-05-17,1,1,0,0,0,0,0,0,0,0,1.8,1.6,0.4,0.1,0.4,0.7
572191,2023-05-19,4,4,0,0,1,0,0,0,0,1,1.7,1.5,0.4,0.1,0.2,0.7
572191,2023-05-20,4,4,1,0,2,2,0,1,1,1,1.9,1.7,0.4,0.1,0.2,0.7
572191,2023-05-22,3,3,0,0,3,0,0,0,0,1,2.1,2.0,0.4,0.1,0.4,0.8
572191,2023-05-23,3,3,1,1,2,4,1,1,1,1,2.2,2.1,0.3,0.1,0.7,0.7
572191,2023-05-24,4,4,0,0,4,0,0,0,0,1,2.3,2.2,0.4,0.2,0.9,1.1
572191,2023-05-26,4,4,1,0,2,1,0,1,0,1,2.6,2.5,0.3,0.2,1.3,1.0
572191,2023-05-27,4,4,0,0,1,0,0,0,0,1,2.9,2.8,0.4,0.2,1.5,1.1
572191,2023-05-29,3,3,1,0,1,1,0,1,0,1,3.2,3.1,0.3,0.1,1.6,0.7
572191,2023-05-30,3,2,0,0,1,0,0,0,0,1,3.4,3.3,0.4,0.1,1.7,0.8
572191,2023-05-31,5,3,1,0,1,2,0,1,1,1,3.3,3.2,0.4,0.1,1.7,0.8
572204,2023-05-06,3,3,0,0,1,0,0,0,0,1,1.0,1.0,0.0,0.0,1.0,0.0
572204,2023-05-07,1,1,0,0,0,0,0,0,0,0,2.0,2.0,0.0,0.0,1.0,0.0
572204,2023-05-08,1,0,0,0,0,0,0,0,0,0,1.6666666666666667,1.6666666666666667,0.0,0.0,0.6666666666666666,0.0
572204,2023-05-09,4,3,0,0,2,0,0,0,0,1,1.5,1.25,0.0,0.0,0.5,0.0
572204,2023-05-10,2,1,0,0,0,0,0,0,0,0,2.0,1.6,0.0,0.0,0.8,0.0
572204,2023-05-12,3,2,0,0,1,0,0,0,0,1,2.0,1.5,0.0,0.0,0.6666666666666666,0.0
572204,2023-05-15,1,0,0,0,0,0,0,0,0,0,2.142857142857143,1.5714285714285714,0.0,0.0,0.7142857142857143,0.0
572204,2023-05-17,4,4,0,0,1,0,0,0,0,1,2.0,1.375,0.0,0.0,0.625,0.0
572204,2023-05-18,1,0,0,0,0,0,0,0,0,0,2.2222222222222223,1.6666666666666667,0.0,0.0,0.6666666666666666,0.0
572204,2023-05-19,3,3,0,0,2,0,0,0,0,1,2.1,1.5,0.0,0.0,0.6,0.0
572204,2023-05-21,1,1,0,0,1,0,0,0,0,1,2.3,1.7,0.0,0.0,0.7,0.0
572204,2023-05-27,1,1,0,0,1,0,0,0,0,1,2.1,1.5,0.0,0.0,0.7,0.0
572204,2023-05-28,4,3,3,1,0,6,1,1,1,0,2.1,1.5,0.0,0.0,0.8,0.0
572204,2023-05-31,3,3,1,0,2,1,0,1,0,1,2.4,1.8,0.3,0.1,0.8,0.6
572228,2023-05-04,1,1,0,0,1,0,0,0,0,1,3.0,1.0,0.0,0.0,1.0,0.0
572228,2023-05-05,4,4,1,0,2,1,0,1,0,1,2.0,1.0,0.0,0.0,1.0,0.0
572228,2023-05-09,2,2,1,0,1,1,0,1,0,1,2.6666666666666665,2.0,0.3333333333333333,0.0,1.3333333333333333,0.3333333333333333
572228,2023-05-10,3,3,1,0,2,2,0,1,1,1,2.5,2.0,0.5,0.0,1.25,0.5
572228,2023-05-12,3,2,1,0,1,1,0,1,0,1,2.6,2.2,0.6,0.0,1.4,0.8
572228,2023-05-13,2,2,0,0,2,0,0,0,0,1,2.6666666666666665,2.1666666666666665,0.6666666666666666,0.0,1.3333333333333333,0.8333333333333334
572233,2023-05-03,5,4,2,2,1,8,1,1,1,1,5.0,5.0,2.0,1.0,0.0,5.0
572233,2023-05-05,4,4,2,0,0,3,0,1,1,0,5.0,4.5,2.0,1.5,0.5,6.5
572233,2023-05-06,4,4,3,0,1,3,0,1,1,1,4.666666666666667,4.333333333333333,2.0,1.0,0.3333333333333333,5.333333333333333
572233,2023-05-07,5,5,1,1,1,4,1,1,1,1,4.5,4.25,2.25,0.75,0.5,4.75
572233,2023-05-08,4,4,2,1,0,6,1,1,1,0,4.6,4.4,2.0,0.8,0.6,4.6
572233,2023-05-09,4,3,0,0,1,0,0,0,0,1,4.5,4.333333333333333,2.0,0.8333333333333334,0.5,4.833333333333333
572233,2023-05-10,4,4,0,0,2,0,0,0,0,1,4.428571428571429,4.142857142857143,1.7142857142857142,0.7142857142857143,0.5714285714285714,4.142857142857143
572233,2023-05-11,4,3,1,0,0,1,0,1,0,0,4.375,4.125,1.5,0.625,0.75,3.625
572233,2023-05-12,3,2,0,0,1,0,0,0,0,1,4.333333333333333,4.0,1.4444444444444444,0.5555555555555556,0.6666666666666666,3.3333333333333335
572233,2023-05-13,2,2,0,0,0,0,0,0,0,0,4.2,3.8,1.3,0.5,0.7,3.0
572233,2023-05-14,4,1,0,0,0,0,0,0,0,0,3.9,3.5,1.1,0.4,0.7,2.5
572233,2023-05-16,6,5,2,1,1,5,1,1,1,1,3.8,3.2,0.9,0.2,0.6,1.7
572233,2023-05-17,4,4,1,1,3,4,1,1,1,1,4.0,3.3,0.9,0.3,0.7,1.9
572233,2023-05-19,3,3,0,0,0,0,0,0,0,0,4.0,3.3,0.7,0.4,0.9,2.0
572233,2023-05-20,4,4,0,0,2,0,0,0,0,1,3.8,3.1,0.6,0.3,0.8,1.6
572233,2023-05-21,4,4,2,0,1,3,0,1,1,1,3.8,3.1,0.4,0.2,1.0,1.0
572233,2023-05-22,5,5,1,0,2,2,0,1,1,1,3.8,3.2,0.6,0.2,1.0,1.3
572233,2023-05-23,4,3,0,0,2,0,0,0,0,1,3.9,3.3,0.7,0.2,1.0,1.5
572233,2023-05-24,5,4,0,0,1,0,0,0,0,1,3.9,3.3,0.6,0.2,1.2,1.4
572233,2023-05-26,4,4,0,0,0,0,0,0,0,0,4.1,3.5,0.6,0.2,1.2,1.4
572233,2023-05-27,3,3,1,0,0,1,0,1,0,0,4.3,3.7,0.6,0.2,1.2,1.4
572233,2023-05-28,4,4,1,0,1,1,0,1,0,1,4.2,3.9,0.7,0.2,1.2,1.5
572233,2023-05-29,4,4,1,0,0,1,0,1,0,0,4.0,3.8,0.6,0.1,1.2,1.1
572233,2023-05-30,4,2,0,0,1,0,0,0,0,1,4.0,3.8,0.6,0.0,0.9,0.8
572233,2023-05-31,4,4,1,1,2,4,1,1,1,1,4.1,3.7,0.6,0.0,1.0,0.8
572287,2023-05-02,4,4,0,0,4,0,0,0,0,1,4.0,3.0,0.0,0.0,3.0,0.0
572287,2023-05-05,3,3,0,0,1,0,0,0,0,1,4.0,3.5,0.0,0.0,3.5,0.0
572287,2023-05-06,3,3,0,0,2,0,0,0,0,1,3.6666666666666665,3.3333333333333335,0.0,0.0,2.6666666666666665,0.0
572287,2023-05-08,4,4,0,0,2,0,0,0,0,1,3.5,3.25,0.0,0.0,2.5,0.0
572287,2023-05-10,3,3,0,0,3,0,0,0,0,1,3.6,3.4,0.0,0.0,2.4,0.0
572287,2023-05-14,3,3,0,0,2,0,0,0,0,1,3.5,3.3333333333333335,0.0,0.0,2.5,0.0
572287,2023-05-16,2,2,0,0,2,0,0,0,0,1,3.4285714285714284,3.2857142857142856,0.0,0.0,2.4285714285714284,0.0
572287,2023-05-17,2,2,0,0,2,0,0,0,0,1,3.25,3.125,0.0,0.0,2.375,0.0
572287,2023-05-21,2,2,1,0,0,1,0,1,0,0,3.111111111111111,3.0,0.0,0.0,2.3333333333333335,0.0
572287,2023-05-22,3,3,1,1,0,4,1,1,1,0,3.0,2.9,0.1,0.0,2.1,0.1
572287,2023-05-23,4,4,0,0,2,0,0,0,0,1,2.9,2.9,0.2,0.1,1.8,0.5
572287,2023-05-26,3,3,2,0,0,2,0,1,1,0,2.9,2.9,0.2,0.1,1.6,0.5
572287,2023-05-28,3,3,2,0,1,2,0,1,1,1,2.9,2.9,0.4,0.1,1.5,0.7
572287,2023-05-30,3,2,0,0,1,0,0,0,0,1,2.9,2.9,0.6,0.1,1.4,0.9
572761,2023-05-02,3,3,0,0,1,0,0,0,0,1,4.0,3.0,1.0,0.0,1.0,1.0
572761,2023-05-03,4,4,1,0,1,1,0,1,0,1,3.5,3.0,0.5,0.0,1.0,0.5
572761,2023-05-05,2,2,0,0,2,0,0,0,0,1,3.6666666666666665,3.3333333333333335,0.6666666666666666,0.0,1.0,0.6666666666666666
572761,2023-05-06,4,4,0,0,2,0,0,0,0,1,3.25,3.0,0.5,0.0,1.25,0.5
572761,2023-05-09,4,3,1,0,1,1,0,1,0,1,3.4,3.2,0.4,0.0,1.4,0.4
572761,2023-05-10,5,5,0,0,3,0,0,0,0,1,3.5,3.1666666666666665,0.5,0.0,1.3333333333333333,0.5
572761,2023-05-11,1,1,0,0,0,0,0,0,0,0,3.7142857142857144,3.4285714285714284,0.42857142857142855,0.0,1.5714285714285714,0.42857142857142855
572761,2023-05-12,3,2,0,0,1,0,0,0,0,1,3.375,3.125,0.375,0.0,1.375,0.375
572761,2023-05-15,4,3,0,0,2,0,0,0,0,1,3.3333333333333335,3.0,0.3333333333333333,0.0,1.3333333333333333,0.3333333333333333
572761,2023-05-16,4,2,1,0,1,2,0,1,1,1,3.4,3.0,0.3,0.0,1.4,0.3
572761,2023-05-17,3,2,1,0,1,1,0,1,0,1,3.4,2.9,0.3,0.0,1.4,0.4
572761,2023-05-20,1,1,0,0,0,0,0,0,0,0,3.4,2.8,0.4,0.0,1.4,0.5
572761,2023-05-21,4,3,1,1,0,4,1,1,1,0,3.1,2.5,0.3,0.0,1.3,0.4
572761,2023-05-23,3,3,0,0,2,0,0,0,0,1,3.3,2.6,0.4,0.1,1.1,0.8
572761,2023-05-24,4,3,0,0,0,0,0,0,0,0,3.2,2.5,0.4,0.1,1.1,0.8
572761,2023-05-25,4,4,0,0,3,0,0,0,0,1,3.2,2.5,0.3,0.1,1.0,0.7
572761,2023-05-26,5,5,0,0,3,0,0,0,0,1,3.1,2.4,0.3,0.1,1.0,0.7
572761,2023-05-28,4,3,0,0,1,0,0,0,0,1,3.5,2.8,0.3,0.1,1.3,0.7
572761,2023-05-30,5,5,2,0,1,4,0,1,1,1,3.6,2.9,0.3,0.1,1.3,0.7
572816,2023-05-18,4,4,1,0,1,1,0,1,0,1,4.0,4.0,2.0,1.0,0.0,5.0
572816,2023-05-19,1,1,0,0,1,0,0,0,0,1,4.0,4.0,1.5,0.5,0.5,3.0
572816,2023-05-20,3,3,1,0,1,2,0,1,1,1,3.0,3.0,1.0,0.3333333333333333,0.6666666666666666,2.0
572816,2023-05-23,4,4,1,0,1,1,0,1,0,1,3.0,3.0,1.0,0.25,0.75,2.0
572816,2023-05-25,1,1,1,0,0,1,0,1,0,0,3.2,3.2,1.0,0.2,0.8,1.8
572816,2023-05-26,4,3,1,1,0,4,1,1,1,0,2.8333333333333335,2.8333333333333335,1.0,0.16666666666666666,0.6666666666666666,1.6666666666666667
572816,2023-05-27,4,4,2,0,1,3,0,1,1,1,3.0,2.857142857142857,1.0,0.2857142857142857,0.5714285714285714,2.0
572816,2023-05-29,4,3,1,0,0,2,0,1,1,0,3.125,3.0,1.125,0.25,0.625,2.125
572816,2023-05-30,4,4,0,0,1,0,0,0,0,1,3.2222222222222223,3.0,1.1111111111111112,0.2222222222222222,0.5555555555555556,2.111111111111111
572816,2023-05-31,4,3,0,0,1,0,0,0,0,1,3.3,3.1,1.0,0.2,0.6,1.9
573131,2023-05-16,3,3,0,0,1,0,0,0,0,1,1.0,1.0,0.0,0.0,0.0,0.0
573131,2023-05-17,2,2,0,0,0,0,0,0,0,0,2.0,2.0,0.0,0.0,0.5,0.0
573131,2023-05-19,3,2,2,0,0,2,0,1,1,0,2.0,2.0,0.0,0.0,0.3333333333333333,0.0
573131,2023-05-21,4,4,1,0,1,2,0,1,1,1,2.25,2.0,0.5,0.0,0.25,0.5
573131,2023-05-22,1,1,1,0,0,1,0,1,0,0,2.6,2.4,0.6,0.0,0.4,0.8
573131,2023-05-25,1,1,0,0,0,0,0,0,0,0,2.3333333333333335,2.1666666666666665,0.6666666666666666,0.0,0.3333333333333333,0.8333333333333334
573131,2023-05-26,4,3,1,0,0,1,0,1,0,0,2.142857142857143,2.0,0.5714285714285714,0.0,0.2857142857142857,0.7142857142857143
573131,2023-05-28,4,3,0,0,1,0,0,0,0,1,2.375,2.125,0.625,0.0,0.25,0.75
573131,2023-05-30,5,5,0,0,3,0,0,0,0,1,2.5555555555555554,2.2222222222222223,0.5555555555555556,0.0,0.3333333333333333,0.6666666666666666
573262,2023-05-17,5,4,0,0,2,0,0,0,0,1,4.0,4.0,0.0,0.0,4.0,0.0
573262,2023-05-19,3,2,0,0,0,0,0,0,0,0,4.5,4.0,0.0,0.0,3.0,0.0
573262,2023-05-21,4,4,0,0,2,0,0,0,0,1,4.0,3.3333333333333335,0.0,0.0,2.0,0.0
573262,2023-05-22,5,4,0,0,1,0,0,0,0,1,4.0,3.5,0.0,0.0,2.0,0.0
573262,2023-05-23,2,2,1,0,1,1,0,1,0,1,4.2,3.6,0.0,0.0,1.8,0.0
573262,2023-05-24,3,3,1,0,1,2,0,1,1,1,3.8333333333333335,3.3333333333333335,0.16666666666666666,0.0,1.6666666666666667,0.16666666666666666
573262,2023-05-25,5,5,1,0,1,1,0,1,0,1,3.7142857142857144,3.2857142857142856,0.2857142857142857,0.0,1.5714285714285714,0.42857142857142855
573262,2023-05-26,5,5,3,0,0,4,0,1,1,0,3.875,3.5,0.375,0.0,1.5,0.5
573262,2023-05-27,4,4,1,0,2,1,0,1,0,1,4.0,3.6666666666666665,0.6666666666666666,0.0,1.3333333333333333,0.8888888888888888
573262,2023-05-28,3,3,1,1,1,4,1,1,1,1,4.0,3.7,0.7,0.0,1.4,0.9
573262,2023-05-30,4,2,0,0,1,0,0,0,0,1,3.9,3.6,0.8,0.1,1.1,1.3
573262,2023-05-31,3,3,1,0,2,3,0,1,1,1,3.8,3.4,0.8,0.1,1.0,1.3
575929,2023-05-03,4,4,2,0,1,3,0,1,1,1,4.0,3.0,0.0,0.0,2.0,0.0
575929,2023-05-04,5,4,2,0,0,4,0,1,1,0,4.0,3.5,1.0,0.0,1.5,1.5
575929,2023-05-05,4,4,0,0,2,0,0,0,0,1,4.333333333333333,3.6666666666666665,1.3333333333333333,0.0,1.0,2.3333333333333335
575929,2023-05-06,5,5,1,0,2,1,0,1,0,1,4.25,3.75,1.0,0.0,1.25,1.75
575929,2023-05-07,4,4,0,0,2,0,0,0,0,1,4.4,4.0,1.0,0.0,1.4,1.6
575929,2023-05-08,4,4,2,0,0,3,0,1,1,0,4.333333333333333,4.0,0.8333333333333334,0.0,1.5,1.3333333333333333
575929,2023-05-09,4,3,0,0,1,0,0,0,0,1,4.285714285714286,4.0,1.0,0.0,1.2857142857142858,1.5714285714285714
575929,2023-05-10,5,4,1,0,2,1,0,1,0,1,4.25,3.875,0.875,0.0,1.25,1.375
575929,2023-05-12,4,4,1,1,1,4,1,1,1,1,4.333333333333333,3.888888888888889,0.8888888888888888,0.0,1.3333333333333333,1.3333333333333333
575929,2023-05-13,4,3,1,0,1,2,0,1,1,1,4.3,3.9,0.9,0.1,1.3,1.6
575929,2023-05-14,5,4,0,0,1,0,0,0,0,1,4.3,3.9,1.0,0.1,1.2,1.8
575929,2023-05-15,5,4,0,0,1,0,0,0,0,1,4.4,3.9,0.8,0.1,1.2,1.5
575929,2023-05-16,5,3,1,0,0,2,0,1,1,0,4.4,3.9,0.6,0.1,1.3,1.1
575929,2023-05-17,4,4,1,0,2,1,0,1,0,1,4.5,3.8,0.7,0.1,1.1,1.3
575929,2023-05-18,5,5,2,2,2,8,1,1,1,1,4.4,3.7,0.7,0.1,1.1,1.3
575929,2023-05-19,4,4,0,0,0,0,0,0,0,0,4.5,3.8,0.9,0.3,1.1,2.1
575929,2023-05-20,4,4,1,0,0,1,0,1,0,0,4.5,3.8,0.7,0.3,1.1,1.8
575929,2023-05-21,5,5,0,0,2,0,0,0,0,1,4.5,3.9,0.8,0.3,1.0,1.9
575929,2023-05-22,5,4,0,0,2,0,0,0,0,1,4.5,4.0,0.7,0.3,1.0,1.8
575929,2023-05-23,4,4,0,0,1,0,0,0,0,1,4.6,4.0,0.6,0.2,1.1,1.4
575929,2023-05-24,3,3,0,0,2,0,0,0,0,1,4.6,4.1,0.5,0.2,1.1,1.2
575929,2023-05-26,4,3,0,0,0,0,0,0,0,0,4.4,4.0,0.5,0.2,1.2,1.2
575929,2023-05-27,4,3,0,0,1,0,0,0,0,1,4.3,3.9,0.5,0.2,1.1,1.2
575929,2023-05-29,3,3,1,0,0,1,0,1,0,0,4.2,3.9,0.4,0.2,1.2,1.0
575929,2023-05-30,3,3,0,0,3,0,0,0,0,1,4.1,3.8,0.4,0.2,1.0,1.0
592178,2023-05-03,3,3,1,1,0,4,1,1,1,0,4.0,2.0,1.0,0.0,1.0,1.0
592178,2023-05-04,4,3,2,0,1,3,0,1,1,1,3.5,2.5,1.0,0.5,0.5,2.5
592178,2023-05-05,4,2,0,0,0,0,0,0,0,0,3.6666666666666665,2.6666666666666665,1.3333333333333333,0.3333333333333333,0.6666666666666666,2.6666666666666665
592178,2023-05-06,5,3,0,0,2,0,0,0,0,1,3.75,2.5,1.0,0.25,0.5,2.0
592178,2023-05-07,5,5,2,1,1,5,1,1,1,1,4.0,2.6,0.8,0.2,0.8,1.6
592178,2023-05-08,4,4,2,0,0,2,0,1,1,0,4.166666666666667,3.0,1.0,0.3333333333333333,0.8333333333333334,2.1666666666666665
592178,2023-05-09,5,5,2,0,0,2,0,1,1,0,4.142857142857143,3.142857142857143,1.1428571428571428,0.2857142857142857,0.7142857142857143,2.142857142857143
592178,2023-05-10,3,3,0,0,2,0,0,0,0,1,4.25,3.375,1.25,0.25,0.625,2.125
592178,2023-05-12,4,4,2,0,1,2,0,1,1,1,4.111111111111111,3.3333333333333335,1.1111111111111112,0.2222222222222222,0.7777777777777778,1.8888888888888888
592178,2023-05-13,5,5,0,0,2,0,0,0,0,1,4.1,3.4,1.2,0.2,0.8,1.9
592178,2023-05-14,4,4,2,0,1,2,0,1,1,1,4.2,3.7,1.1,0.2,0.9,1.8
592178,2023-05-15,5,5,0,0,1,0,0,0,0,1,4.3,3.8,1.2,0.1,1.0,1.6
592178,2023-05-17,5,4,2,0,0,2,0,1,1,0,4.4,4.0,1.0,0.1,1.0,1.3
592178,2023-05-19,4,4,0,0,0,0,0,0,0,0,4.5,4.2,1.2,0.1,1.0,1.5
592178,2023-05-20,3,1,0,0,0,0,0,0,0,0,4.4,4.3,1.2,0.1,0.8,1.5
592178,2023-05-21,3,3,1,0,0,1,0,1,0,0,4.2,3.9,1.0,0.0,0.7,1.0
592178,2023-05-22,4,4,1,0,0,2,0,1,1,0,4.1,3.8,0.9,0.0,0.7,0.9
592178,2023-05-24,4,4,0,0,0,0,0,0,0,0,4.0,3.7,0.8,0.0,0.7,0.9
592178,2023-05-25,5,4,0,0,0,0,0,0,0,0,4.1,3.8,0.8,0.0,0.5,0.9
592178,2023-05-26,4,4,0,0,2,0,0,0,0,1,4.2,3.8,0.6,0.0,0.4,0.7
592178,2023-05-28,5,3,1,0,0,1,0,1,0,0,4.1,3.7,0.6,0.0,0.4,0.7
592178,2023-05-29,5,4,0,0,0,0,0,0,0,0,4.2,3.6,0.5,0.0,0.3,0.6
592178,2023-05-30,4,4,1,0,3,1,0,1,0,1,4.2,3.5,0.5,0.0,0.2,0.6
592192,2023-05-03,8,7,2,1,0,5,1,1,1,0,5.0,4.0,1.0,0.0,1.0,1.0
592192,2023-05-04,3,3,0,0,1,0,0,0,0,1,6.5,5.5,1.5,0.5,0.5,3.0
592192,2023-05-06,4,4,1,0,1,1,0,1,0,1,5.333333333333333,4.666666666666667,1.0,0.3333333333333333,0.6666666666666666,2.0
592192,2023-05-07,5,5,1,0,1,2,0,1,1,1,5.0,4.5,1.0,0.25,0.75,1.75
592192,2023-05-09,2,2,0,0,0,0,0,0,0,0,5.0,4.6,1.0,0.2,0.8,1.8
592192,2023-05-11,4,4,1,0,1,1,0,1,0,1,4.5,4.166666666666667,0.8333333333333334,0.16666666666666666,0.6666666666666666,1.5
592192,2023-05-12,4,4,1,0,1,2,0,1,1,1,4.428571428571429,4.142857142857143,0.8571428571428571,0.14285714285714285,0.7142857142857143,1.4285714285714286
592192,2023-05-14,4,4,3,0,0,5,0,1,1,0,4.375,4.125,0.875,0.125,0.75,1.5
592192,2023-05-15,4,4,1,0,0,1,0,1,0,0,4.333333333333333,4.111111111111111,1.1111111111111112,0.1111111111111111,0.6666666666666666,1.8888888888888888
592192,2023-05-16,3,3,0,0,0,0,0,0,0,0,4.3,4.1,1.1,0.1,0.6,1.8
592192,2023-05-17,3,2,0,0,0,0,0,0,0,0,4.1,4.0,1.0,0.1,0.5,1.7
592192,2023-05-19,4,4,1,0,2,1,0,1,0,1,3.6,3.5,0.8,0.0,0.5,1.2
592192,2023-05-21,2,2,1,0,0,1,0,1,0,0,3.7,3.6,0.9,0.0,0.6,1.3
592192,2023-05-24,3,2,1,0,0,1,0,1,0,0,3.5,3.4,0.9,0.0,0.5,1.3
592192,2023-05-25,4,4,1,0,2,1,0,1,0,1,3.3,3.1,0.9,0.0,0.4,1.2
592192,2023-05-27,3,1,1,0,0,1,0,1,0,0,3.5,3.3,1.0,0.0,0.6,1.3
592192,2023-05-28,4,2,0,0,1,0,0,0,0,1,3.4,3.0,1.0,0.0,0.5,1.3
592192,2023-05-31,3,3,2,1,1,5,1,1,1,1,3.4,2.8,0.9,0.0,0.5,1.1
592200,2023-05-02,3,2,0,0,0,0,0,0,0,0,1.0,1.0,0.0,0.0,1.0,0.0
592200,2023-05-06,3,3,1,0,2,1,0,1,0,1,2.0,1.5,0.0,0.0,0.5,0.0
592200,2023-05-07,2,2,0,0,0,0,0,0,0,0,2.3333333333333335,2.0,0.3333333333333333,0.0,1.0,0.3333333333333333
592200,2023-05-11,3,3,0,0,2,0,0,0,0,1,2.25,2.0,0.25,0.0,0.75,0.25
592200,2023-05-13,4,3,0,0,0,0,0,0,0,0,2.4,2.2,0.2,0.0,1.0,0.2
592200,2023-05-16,3,2,0,0,0,0,0,0,0,0,2.6666666666666665,2.3333333333333335,0.16666666666666666,0.0,0.8333333333333334,0.16666666666666666
592200,2023-05-22,2,2,0,0,1,0,0,0,0,1,2.7142857142857144,2.2857142857142856,0.14285714285714285,0.0,0.7142857142857143,0.14285714285714285
592200,2023-05-26,4,4,1,0,2,1,0,1,0,1,2.625,2.25,0.125,0.0,0.75,0.125
592200,2023-05-27,4,4,1,0,2,1,0,1,0,1,2.7777777777777777,2.4444444444444446,0.2222222222222222,0.0,0.8888888888888888,0.2222222222222222
592200,2023-05-31,1,1,0,0,1,0,0,0,0,1,2.9,2.6,0.3,0.0,1.0,0.3
592206,2023-05-02,3,3,0,0,2,0,0,0,0,1,4.0,4.0,2.0,0.0,2.0,2.0
592206,2023-05-03,4,3,1,0,2,2,0,1,1,1,3.5,3.5,1.0,0.0,2.0,1.0
592206,2023-05-05,4,4,2,0,1,3,0,1,1,1,3.6666666666666665,3.3333333333333335,1.0,0.0,2.0,1.3333333333333333
592206,2023-05-06,4,4,0,0,0,0,0,0,0,0,3.75,3.5,1.25,0.0,1.75,1.75
592206,2023-05-07,4,4,1,0,1,2,0,1,1,1,3.8,3.6,1.0,0.0,1.4,1.4
592206,2023-05-09,4,4,3,1,1,7,1,1,1,1,3.8333333333333335,3.6666666666666665,1.0,0.0,1.3333333333333333,1.5
592206,2023-05-10,4,4,2,0,1,2,0,1,1,1,3.857142857142857,3.7142857142857144,1.2857142857142858,0.14285714285714285,1.2857142857142858,2.2857142857142856
592206,2023-05-12,4,4,0,0,1,0,0,0,0,1,3.875,3.75,1.375,0.125,1.25,2.25
592206,2023-05-13,5,4,3,0,1,3,0,1,1,1,3.888888888888889,3.7777777777777777,1.2222222222222223,0.1111111111111111,1.2222222222222223,2.0
592206,2023-05-14,3,3,0,0,1,0,0,0,0,1,4.0,3.8,1.4,0.1,1.2,2.1
592206,2023-05-15,4,4,0,0,3,0,0,0,0,1,3.9,3.7,1.2,0.1,1.1,1.9
592206,2023-05-16,5,5,1,0,1,1,0,1,0,1,4.0,3.8,1.2,0.1,1.2,1.9
592206,2023-05-17,4,4,1,0,1,1,0,1,0,1,4.1,4.0,1.2,0.1,1.1,1.8
592206,2023-05-19,4,2,0,0,0,0,0,0,0,0,4.1,4.0,1.1,0.1,1.1,1.6
592206,2023-05-20,4,4,1,0,1,1,0,1,0,1,4.1,3.8,1.1,0.1,1.1,1.6
592206,2023-05-21,4,4,2,0,0,3,0,1,1,0,4.1,3.8,1.1,0.1,1.1,1.5
592206,2023-05-22,5,5,0,0,3,0,0,0,0,1,4.1,3.8,1.0,0.0,1.0,1.1
592206,2023-05-23,4,3,1,0,1,2,0,1,1,1,4.2,3.9,0.8,0.0,1.2,0.9
592206,2023-05-24,5,4,0,0,1,0,0,0,0,1,4.2,3.8,0.9,0.0,1.2,1.1
592206,2023-05-25,4,4,2,0,1,2,0,1,1,1,4.2,3.8,0.6,0.0,1.2,0.8
592206,2023-05-26,5,5,2,0,0,4,0,1,1,0,4.3,3.9,0.8,0.0,1.2,1.0
592206,2023-05-27,5,4,2,0,2,3,0,1,1,1,4.4,4.0,1.0,0.0,0.9,1.4
592206,2023-05-28,4,4,1,0,1,2,0,1,1,1,4.4,3.9,1.1,0.0,1.0,1.6
592206,2023-05-30,3,3,0,0,1,0,0,0,0,1,4.4,3.9,1.1,0.0,1.0,1.7
592206,2023-05-31,4,4,0,0,1,0,0,0,0,1,4.3,4.0,1.1,0.0,1.1,1.7
592273,2023-05-03,4,4,1,1,2,4,1,1,1,1,4.0,4.0,1.0,0.0,2.0,1.0
592273,2023-05-05,4,4,1,0,0,1,0,1,0,0,4.0,4.0,1.0,0.5,2.0,2.5
592273,2023-05-06,4,3,2,1,0,6,1,1,1,0,4.0,4.0,1.0,0.3333333333333333,1.3333333333333333,2.0
592273,2023-05-07,4,4,0,0,2,0,0,0,0,1,4.0,3.75,1.25,0.5,1.0,3.0
592273,2023-05-08,4,4,1,0,1,3,0,1,1,1,4.0,3.8,1.0,0.4,1.2,2.4
592273,2023-05-09,3,3,0,0,1,0,0,0,0,1,4.0,3.8333333333333335,1.0,0.3333333333333333,1.1666666666666667,2.5
592273,2023-05-10,3,3,0,0,2,0,0,0,0,1,3.857142857142857,3.7142857142857144,0.8571428571428571,0.2857142857142857,1.1428571428571428,2.142857142857143
592273,2023-05-12,5,4,1,0,3,1,0,1,0,1,3.75,3.625,0.75,0.25,1.25,1.875
592273,2023-05-13,5,5,2,0,0,3,0,1,1,0,3.888888888888889,3.6666666666666665,0.7777777777777778,0.2222222222222222,1.4444444444444444,1.7777777777777777
592273,2023-05-14,4,3,0,0,1,0,0,0,0,1,4.0,3.8,0.9,0.2,1.3,1.9
592273,2023-05-16,4,4,1,0,0,1,0,1,0,0,4.0,3.7,0.8,0.2,1.2,1.8
592273,2023-05-17,3,3,1,0,1,1,0,1,0,1,4.0,3.7,0.8,0.1,1.0,1.5
592273,2023-05-18,5,5,1,0,2,1,0,1,0,1,3.9,3.6,0.8,0.1,1.1,1.5
592273,2023-05-19,3,3,1,0,0,2,0,1,1,0,4.0,3.8,0.7,0.0,1.3,1.0
592273,2023-05-20,4,3,1,0,0,2,0,1,1,0,3.9,3.7,0.8,0.0,1.1,1.2
592273,2023-05-22,3,2,2,0,0,3,0,1,1,0,3.9,3.6,0.8,0.0,1.0,1.1
592273,2023-05-23,4,4,0,0,1,0,0,0,0,1,3.9,3.5,1.0,0.0,0.9,1.4
592273,2023-05-24,4,4,2,0,0,3,0,1,1,0,4.0,3.6,1.0,0.0,0.8,1.4
592273,2023-05-26,3,3,1,1,0,4,1,1,1,0,3.9,3.6,1.1,0.0,0.5,1.6
592273,2023-05-27,5,4,2,0,1,4,0,1,1,1,3.7,3.4,1.0,0.1,0.5,1.7
592273,2023-05-28,4,3,0,0,1,0,0,0,0,1,3.8,3.5,1.2,0.1,0.5,2.1
592273,2023-05-29,5,4,2,1,2,5,1,1,1,1,3.8,3.4,1.1,0.1,0.6,2.0
592273,2023-05-30,4,3,0,0,1,0,0,0,0,1,4.0,3.5,1.2,0.2,0.7,2.4
592450,2023-05-10,5,4,3,0,1,4,0,1,1,1,4.0,2.0,0.0,0.0,0.0,0.0
592450,2023-05-11,4,4,0,0,3,0,0,0,0,1,4.5,3.0,1.5,0.0,0.5,2.0
592450,2023-05-12,3,2,0,0,1,0,0,0,0,1,4.333333333333333,3.3333333333333335,1.0,0.0,1.3333333333333333,1.3333333333333333
592450,2023-05-13,5,4,2,2,1,8,1,1,1,1,4.0,3.0,0.75,0.0,1.25,1.0
592450,2023-05-14,5,5,1,0,2,1,0,1,0,1,4.2,3.2,1.0,0.4,1.2,2.4
592450,2023-05-15,4,2,2,2,0,8,1,1,1,0,4.333333333333333,3.5,1.0,0.3333333333333333,1.3333333333333333,2.1666666666666665
592450,2023-05-16,5,5,1,1,3,4,1,1,1,1,4.285714285714286,3.2857142857142856,1.1428571428571428,0.5714285714285714,1.1428571428571428,3.0
592450,2023-05-17,4,3,1,0,1,1,0,1,0,1,4.375,3.5,1.125,0.625,1.375,3.125
592450,2023-05-18,4,4,2,1,1,6,1,1,1,1,4.333333333333333,3.4444444444444446,1.1111111111111112,0.5555555555555556,1.3333333333333333,2.888888888888889
592450,2023-05-19,5,4,1,1,2,4,1,1,1,1,4.3,3.5,1.2,0.6,1.3,3.2
592450,2023-05-20,5,4,4,0,0,5,0,1,1,0,4.4,3.7,1.3,0.7,1.5,3.6
592450,2023-05-23,5,4,1,1,0,4,1,1,1,0,4.4,3.7,1.4,0.7,1.4,3.7
592450,2023-05-24,5,2,0,0,0,0,0,0,0,0,4.5,3.7,1.5,0.8,1.1,4.1
592450,2023-05-25,4,3,0,0,1,0,0,0,0,1,4.7,3.7,1.5,0.8,1.0,4.1
592450,2023-05-26,4,4,1,0,3,2,0,1,1,1,4.6,3.6,1.3,0.6,1.0,3.3
592450,2023-05-27,3,3,1,0,1,1,0,1,0,1,4.5,3.5,1.3,0.6,1.1,3.4
592450,2023-05-28,4,4,2,1,2,5,1,1,1,1,4.4,3.6,1.2,0.4,1.2,2.7
592450,2023-05-29,5,4,3,2,0,10,1,1,1,0,4.3,3.5,1.3,0.4,1.1,2.8
592450,2023-05-30,5,3,1,1,2,4,1,1,1,1,4.4,3.6,1.5,0.6,1.0,3.7
592450,2023-05-31,3,3,0,0,1,0,0,0,0,1,4.5,3.5,1.4,0.6,1.1,3.5
592518,2023-05-02,5,5,1,0,0,1,0,1,0,0,4.0,3.0,1.0,0.0,2.0,1.0
592518,2023-05-05,5,3,2,0,0,2,0,1,1,0,4.5,4.0,1.0,0.0,1.0,1.0
592518,2023-05-06,4,4,0,0,1,0,0,0,0,1,4.666666666666667,3.6666666666666665,1.3333333333333333,0.0,0.6666666666666666,1.3333333333333333
592518,2023-05-07,5,5,3,0,1,4,0,1,1,1,4.5,3.75,1.0,0.0,0.75,1.0
592518,2023-05-09,5,5,2,1,2,5,1,1,1,1,4.6,4.0,1.4,0.0,0.8,1.6
592518,2023-05-10,4,3,0,0,0,0,0,0,0,0,4.666666666666667,4.166666666666667,1.5,0.16666666666666666,1.0,2.1666666666666665
592518,2023-05-11,4,4,1,0,0,2,0,1,1,0,4.571428571428571,4.0,1.2857142857142858,0.14285714285714285,0.8571428571428571,1.8571428571428572
592518,2023-05-12,2,2,0,0,1,0,0,0,0,1,4.5,4.0,1.25,0.125,0.75,1.875
592518,2023-05-13,3,3,0,0,0,0,0,0,0,0,4.222222222222222,3.7777777777777777,1.1111111111111112,0.1111111111111111,0.7777777777777778,1.6666666666666667
592518,2023-05-14,4,3,0,0,0,0,0,0,0,0,4.1,3.7,1.0,0.1,0.7,1.5
592518,2023-05-15,2,1,0,0,0,0,0,0,0,0,4.1,3.7,0.9,0.1,0.5,1.4
592626,2023-05-02,4,3,1,0,1,1,0,1,0,1,4.0,3.0,1.0,1.0,0.0,4.0
592626,2023-05-03,1,1,0,0,0,0,0,0,0,0,4.0,3.0,1.0,0.5,0.5,2.5
592626,2023-05-05,3,3,1,0,0,1,0,1,0,0,3.0,2.3333333333333335,0.6666666666666666,0.3333333333333333,0.3333333333333333,1.6666666666666667
592626,2023-05-06,4,4,0,0,1,0,0,0,0,1,3.0,2.5,0.75,0.25,0.25,1.5
592626,2023-05-07,4,4,0,0,3,0,0,0,0,1,3.2,2.8,0.6,0.2,0.4,1.2
592626,2023-05-08,3,2,1,1,0,4,1,1,1,0,3.3333333333333335,3.0,0.5,0.16666666666666666,0.8333333333333334,1.0
592626,2023-05-09,1,1,0,0,1,0,0,0,0,1,3.2857142857142856,2.857142857142857,0.5714285714285714,0.2857142857142857,0.7142857142857143,1.4285714285714286
592626,2023-05-10,5,4,1,0,0,2,0,1,1,0,3.0,2.625,0.5,0.25,0.75,1.25
592626,2023-05-12,4,1,1,1,0,4,1,1,1,0,3.2222222222222223,2.7777777777777777,0.5555555555555556,0.2222222222222222,0.6666666666666666,1.3333333333333333
592656,2023-05-02,4,3,0,0,2,0,0,0,0,1,4.0,4.0,0.0,0.0,2.0,0.0
592656,2023-05-05,3,3,0,0,3,0,0,0,0,1,4.0,3.5,0.0,0.0,2.0,0.0
592656,2023-05-06,3,3,0,0,1,0,0,0,0,1,3.6666666666666665,3.3333333333333335,0.0,0.0,2.3333333333333335,0.0
592656,2023-05-07,5,4,1,0,0,1,0,1,0,0,3.5,3.25,0.0,0.0,2.0,0.0
592656,2023-05-10,3,3,0,0,0,0,0,0,0,0,3.8,3.4,0.2,0.0,1.6,0.2
592656,2023-05-11,3,2,0,0,1,0,0,0,0,1,3.6666666666666665,3.3333333333333335,0.16666666666666666,0.0,1.3333333333333333,0.16666666666666666
592656,2023-05-12,4,4,1,0,2,1,0,1,0,1,3.5714285714285716,3.142857142857143,0.14285714285714285,0.0,1.2857142857142858,0.14285714285714285
592656,2023-05-13,4,4,2,0,1,3,0,1,1,1,3.625,3.25,0.25,0.0,1.375,0.25
592656,2023-05-14,3,2,0,0,0,0,0,0,0,0,3.6666666666666665,3.3333333333333335,0.4444444444444444,0.0,1.3333333333333333,0.5555555555555556
592656,2023-05-15,5,4,2,0,0,3,0,1,1,0,3.6,3.2,0.4,0.0,1.2,0.5
592656,2023-05-19,4,2,0,0,1,0,0,0,0,1,3.7,3.2,0.6,0.0,1.0,0.8
592663,2023-05-02,3,3,0,0,0,0,0,0,0,0,4.0,4.0,1.0,0.0,1.0,3.0
592663,2023-05-05,4,4,1,0,1,3,0,1,1,1,3.5,3.5,0.5,0.0,0.5,1.5
592663,2023-05-06,4,3,1,0,0,2,0,1,1,0,3.6666666666666665,3.6666666666666665,0.6666666666666666,0.0,0.6666666666666666,2.0
592663,2023-05-07,4,4,2,0,0,2,0,1,1,0,3.75,3.5,0.75,0.0,0.5,2.0
592663,2023-05-09,4,3,1,0,0,1,0,1,0,0,3.8,3.6,1.0,0.0,0.4,2.0
592663,2023-05-10,4,4,1,0,1,2,0,1,1,1,3.8333333333333335,3.5,1.0,0.0,0.3333333333333333,1.8333333333333333
592663,2023-05-12,2,2,1,0,0,2,0,1,1,0,3.857142857142857,3.5714285714285716,1.0,0.0,0.42857142857142855,1.8571428571428572
592663,2023-05-14,4,4,2,0,1,3,0,1,1,1,3.625,3.375,1.0,0.0,0.375,1.875
592663,2023-05-15,4,3,1,0,1,1,0,1,0,1,3.6666666666666665,3.4444444444444446,1.1111111111111112,0.0,0.4444444444444444,2.0
592663,2023-05-16,5,4,2,0,2,3,0,1,1,1,3.7,3.4,1.1,0.0,0.5,1.9
592663,2023-05-17,4,4,2,0,1,3,0,1,1,1,3.8,3.4,1.2,0.0,0.6,1.9
592663,2023-05-19,3,2,0,0,0,0,0,0,0,0,3.9,3.5,1.4,0.0,0.7,2.2
592663,2023-05-20,4,4,0,0,0,0,0,0,0,0,3.8,3.3,1.3,0.0,0.6,1.9
592663,2023-05-21,4,3,0,0,3,0,0,0,0,1,3.8,3.4,1.2,0.0,0.6,1.7
592663,2023-05-22,4,4,0,0,1,0,0,0,0,1,3.8,3.3,1.0,0.0,0.9,1.5
592663,2023-05-23,4,3,1,0,0,1,0,1,0,0,3.8,3.4,0.9,0.0,1.0,1.4
592663,2023-05-24,1,1,0,0,0,0,0,0,0,0,3.8,3.3,0.9,0.0,0.9,1.3
592663,2023-05-25,4,3,1,0,1,1,0,1,0,1,3.7,3.2,0.8,0.0,0.9,1.1
592663,2023-05-26,4,3,0,0,0,0,0,0,0,0,3.7,3.1,0.7,0.0,0.9,0.9
592663,2023-05-27,3,3,0,0,1,0,0,0,0,1,3.7,3.1,0.6,0.0,0.8,0.8
592663,2023-05-28,4,3,1,0,2,2,0,1,1,1,3.5,3.0,0.4,0.0,0.7,0.5
592663,2023-05-30,3,2,0,0,1,0,0,0,0,1,3.5,2.9,0.3,0.0,0.8,0.4
592663,2023-05-31,4,4,0,0,2,0,0,0,0,1,3.5,2.9,0.3,0.0,0.9,0.4
592669,2023-05-03,4,4,1,0,2,1,0,1,0,1,4.0,4.0,1.0,0.0,0.0,1.0
592669,2023-05-04,3,3,1,0,1,1,0,1,0,1,4.0,4.0,1.0,0.0,1.0,1.0
592669,2023-05-05,3,3,1,0,1,1,0,1,0,1,3.6666666666666665,3.6666666666666665,1.0,0.0,1.0,1.0
592669,2023-05-07,5,4,1,1,0,4,1,1,1,0,3.5,3.5,1.0,0.0,1.0,1.0
592669,2023-05-08,3,3,1,1,1,4,1,1,1,1,3.8,3.6,1.0,0.2,0.8,1.6
592669,2023-05-09,4,4,0,0,3,0,0,0,0,1,3.6666666666666665,3.5,1.0,0.3333333333333333,0.8333333333333334,2.0
592669,2023-05-10,4,2,2,1,0,5,1,1,1,0,3.7142857142857144,3.5714285714285716,0.8571428571428571,0.2857142857142857,1.1428571428571428,1.7142857142857142
592669,2023-05-12,4,4,1,0,1,1,0,1,0,1,3.75,3.375,1.0,0.375,1.0,2.125
592669,2023-05-13,5,5,2,0,1,2,0,1,1,1,3.7777777777777777,3.4444444444444446,1.0,0.3333333333333333,1.0,2.0
592669,2023-05-14,4,4,0,0,1,0,0,0,0,1,3.9,3.6,1.1,0.3,1.0,2.0
592669,2023-05-15,6,5,2,0,2,4,0,1,1,1,3.9,3.6,1.0,0.3,1.1,1.9
592669,2023-05-16,1,1,0,0,0,0,0,0,0,0,4.1,3.7,1.1,0.3,1.1,2.2
592669,2023-05-17,4,4,0,0,0,0,0,0,0,0,3.9,3.5,1.0,0.3,1.0,2.1
592669,2023-05-18,5,4,1,0,1,1,0,1,0,1,4.0,3.6,0.9,0.3,0.9,2.0
592669,2023-05-19,4,4,3,0,1,3,0,1,1,1,4.0,3.6,0.9,0.2,1.0,1.7
592669,2023-05-20,4,4,2,0,0,2,0,1,1,0,4.1,3.7,1.1,0.1,1.0,1.6
592669,2023-05-21,4,4,1,0,3,1,0,1,0,1,4.1,3.7,1.3,0.1,0.7,1.8
592669,2023-05-22,4,4,0,0,2,0,0,0,0,1,4.1,3.9,1.2,0.0,1.0,1.4
592669,2023-05-23,4,4,1,0,0,2,0,1,1,0,4.1,3.9,1.1,0.0,1.1,1.3
592669,2023-05-24,4,3,0,0,0,0,0,0,0,0,4.0,3.8,1.0,0.0,1.0,1.3
592669,2023-05-26,4,4,1,0,0,1,0,1,0,0,4.0,3.7,1.0,0.0,0.9,1.3
592669,2023-05-27,5,5,0,0,0,0,0,0,0,0,3.8,3.6,0.9,0.0,0.7,1.0
592669,2023-05-28,2,2,1,0,0,2,0,1,1,0,4.2,4.0,0.9,0.0,0.7,1.0
592669,2023-05-29,5,4,0,0,3,0,0,0,0,1,4.0,3.8,1.0,0.0,0.7,1.2
592669,2023-05-30,4,4,1,0,2,1,0,1,0,1,4.0,3.8,0.9,0.0,0.9,1.1
592696,2023-05-02,4,4,1,0,2,1,0,1,0,1,8.0,6.0,1.0,0.0,2.0,2.0
592696,2023-05-04,4,4,2,0,0,3,0,1,1,0,6.0,5.0,1.0,0.0,2.0,1.5
592696,2023-05-05,4,4,2,0,1,2,0,1,1,1,5.333333333333333,4.666666666666667,1.3333333333333333,0.0,1.3333333333333333,2.0
592696,2023-05-06,3,3,1,0,0,1,0,1,0,0,5.0,4.5,1.5,0.0,1.25,2.0
592696,2023-05-07,4,4,1,0,2,1,0,1,0,1,4.6,4.2,1.4,0.0,1.0,1.8
592696,2023-05-09,5,5,1,0,1,1,0,1,0,1,4.5,4.166666666666667,1.3333333333333333,0.0,1.1666666666666667,1.6666666666666667
592696,2023-05-10,4,4,2,0,1,3,0,1,1,1,4.571428571428571,4.285714285714286,1.2857142857142858,0.0,1.1428571428571428,1.5714285714285714
592696,2023-05-12,3,3,1,0,0,2,0,1,1,0,4.5,4.25,1.375,0.0,1.125,1.75
592696,2023-05-13,4,4,1,0,2,1,0,1,0,1,4.333333333333333,4.111111111111111,1.3333333333333333,0.0,1.0,1.7777777777777777
592696,2023-05-16,4,4,0,0,0,0,0,0,0,0,4.3,4.1,1.3,0.0,1.1,1.7
592696,2023-05-17,3,3,1,1,0,4,1,1,1,0,3.9,3.9,1.2,0.0,0.9,1.5
592696,2023-05-19,3,3,0,0,1,0,0,0,0,1,3.8,3.8,1.2,0.1,0.7,1.8
592696,2023-05-20,4,4,0,0,2,0,0,0,0,1,3.7,3.7,1.0,0.1,0.8,1.5
592696,2023-05-21,3,3,1,0,0,1,0,1,0,0,3.7,3.7,0.8,0.1,0.9,1.3
592696,2023-05-22,3,3,2,1,0,5,1,1,1,0,3.7,3.7,0.8,0.1,0.9,1.3
592696,2023-05-23,3,3,0,0,1,0,0,0,0,1,3.6,3.6,0.9,0.2,0.7,1.7
592696,2023-05-24,3,3,0,0,2,0,0,0,0,1,3.4,3.4,0.8,0.2,0.7,1.6
592696,2023-05-25,3,3,0,0,2,0,0,0,0,1,3.3,3.3,0.6,0.2,0.8,1.3
592696,2023-05-26,3,2,1,0,0,2,0,1,1,0,3.3,3.3,0.5,0.2,1.0,1.1
592696,2023-05-27,4,4,0,0,2,0,0,0,0,1,3.2,3.1,0.5,0.2,0.8,1.2
592696,2023-05-28,4,4,2,0,0,3,0,1,1,0,3.2,3.1,0.5,0.2,1.0,1.2
592696,2023-05-29,4,4,1,0,3,2,0,1,1,1,3.3,3.2,0.6,0.1,1.0,1.1
592696,2023-05-31,3,3,1,0,0,1,0,1,0,0,3.4,3.3,0.7,0.1,1.2,1.3
592885,2023-05-03,4,3,1,0,0,1,0,1,0,0,4.0,4.0,1.0,0.0,0.0,2.0
592885,2023-05-04,5,5,3,1,0,6,1,1,1,0,4.0,3.5,1.0,0.0,0.0,1.5
592885,2023-05-05,3,3,0,0,2,0,0,0,0,1,4.333333333333333,4.0,1.6666666666666667,0.3333333333333333,0.0,3.0
592885,2023-05-06,5,5,1,0,0,1,0,1,0,0,4.0,3.75,1.25,0.25,0.5,2.25
592885,2023-05-07,5,5,2,0,0,2,0,1,1,0,4.2,4.0,1.2,0.2,0.4,2.0
592885,2023-05-08,4,3,1,0,1,1,0,1,0,1,4.333333333333333,4.166666666666667,1.3333333333333333,0.16666666666666666,0.3333333333333333,2.0
592885,2023-05-09,4,3,1,0,0,1,0,1,0,0,4.285714285714286,4.0,1.2857142857142858,0.14285714285714285,0.42857142857142855,1.8571428571428572
592885,2023-05-10,3,3,0,0,0,0,0,0,0,0,4.25,3.875,1.25,0.125,0.375,1.75
592885,2023-05-12,3,3,2,0,0,2,0,1,1,0,4.111111111111111,3.7777777777777777,1.1111111111111112,0.1111111111111111,0.3333333333333333,1.5555555555555556
592885,2023-05-13,4,4,2,2,2,8,1,1,1,1,4.0,3.7,1.2,0.1,0.3,1.6
592885,2023-05-14,4,4,2,1,1,5,1,1,1,1,4.0,3.7,1.3,0.3,0.5,2.2
592885,2023-05-15,3,2,0,0,1,0,0,0,0,1,4.0,3.8,1.4,0.4,0.6,2.6
592885,2023-05-19,4,4,0,0,0,0,0,0,0,0,3.8,3.5,1.1,0.3,0.7,2.0
592885,2023-05-20,4,4,1,0,0,1,0,1,0,0,3.9,3.6,1.1,0.3,0.5,2.0
592885,2023-05-21,4,3,2,0,1,3,0,1,1,1,3.8,3.5,1.1,0.3,0.5,2.0
592885,2023-05-22,4,4,1,0,0,1,0,1,0,0,3.7,3.3,1.1,0.3,0.6,2.1
592885,2023-05-23,4,3,1,0,1,1,0,1,0,1,3.7,3.4,1.1,0.3,0.5,2.1
592885,2023-05-24,4,4,1,0,0,2,0,1,1,0,3.7,3.4,1.1,0.3,0.6,2.1
592885,2023-05-25,3,3,1,0,2,2,0,1,1,1,3.8,3.5,1.2,0.3,0.6,2.3
592885,2023-05-26,1,1,0,0,0,0,0,0,0,0,3.8,3.5,1.1,0.3,0.8,2.3
592885,2023-05-27,4,4,0,0,2,0,0,0,0,1,3.5,3.2,0.9,0.1,0.6,1.5
592885,2023-05-28,4,2,1,0,0,1,0,1,0,0,3.5,3.2,0.7,0.0,0.7,1.0
592885,2023-05-30,3,1,0,0,1,0,0,0,0,1,3.6,3.2,0.8,0.0,0.6,1.1
592885,2023-05-31,5,4,1,0,1,1,0,1,0,1,3.5,2.9,0.8,0.0,0.7,1.1
593160,2023-05-02,4,4,0,0,0,0,0,0,0,0,5.0,4.0,1.0,0.0,0.0,2.0
593160,2023-05-03,4,4,0,0,2,0,0,0,0,1,4.5,4.0,0.5,0.0,0.0,1.0
593160,2023-05-04,2,2,1,0,0,1,0,1,0,0,4.333333333333333,4.0,0.3333333333333333,0.0,0.6666666666666666,0.6666666666666666
593160,2023-05-05,3,3,2,0,0,3,0,1,1,0,3.75,3.5,0.5,0.0,0.5,0.75
593160,2023-05-06,4,4,0,0,2,0,0,0,0,1,3.6,3.4,0.8,0.0,0.4,1.2
593160,2023-05-07,5,5,2,1,1,5,1,1,1,1,3.6666666666666665,3.5,0.6666666666666666,0.0,0.6666666666666666,1.0
593160,2023-05-09,4,4,1,0,1,1,0,1,0,1,3.857142857142857,3.7142857142857144,0.8571428571428571,0.14285714285714285,0.7142857142857143,1.5714285714285714
593160,2023-05-10,4,4,1,0,2,1,0,1,0,1,3.875,3.75,0.875,0.125,0.75,1.5
593160,2023-05-12,3,3,1,0,2,1,0,1,0,1,3.888888888888889,3.7777777777777777,0.8888888888888888,0.1111111111111111,0.8888888888888888,1.4444444444444444
593160,2023-05-13,4,2,0,0,0,0,0,0,0,0,3.8,3.7,0.9,0.1,1.0,1.4
593160,2023-05-14,4,4,1,0,0,1,0,1,0,0,3.7,3.5,0.8,0.1,1.0,1.2
593160,2023-05-15,4,4,1,0,1,1,0,1,0,1,3.7,3.5,0.9,0.1,1.0,1.3
593160,2023-05-16,2,2,0,0,0,0,0,0,0,0,3.7,3.5,1.0,0.1,0.9,1.4
593160,2023-05-17,4,4,1,0,0,1,0,1,0,0,3.7,3.5,0.9,0.1,0.9,1.3
593160,2023-05-18,4,3,0,0,0,0,0,0,0,0,3.8,3.6,0.8,0.1,0.9,1.1
593160,2023-05-19,4,3,1,0,2,1,0,1,0,1,3.8,3.5,0.8,0.1,0.7,1.1
593160,2023-05-20,1,1,1,0,0,1,0,1,0,0,3.7,3.3,0.7,0.0,0.8,0.7
593160,2023-05-21,5,5,1,0,2,1,0,1,0,1,3.4,3.0,0.7,0.0,0.7,0.7
593160,2023-05-22,4,4,4,1,0,7,1,1,1,0,3.5,3.1,0.7,0.0,0.7,0.7
593160,2023-05-23,5,5,3,0,1,4,0,1,1,1,3.6,3.2,1.0,0.1,0.5,1.3
593160,2023-05-24,4,4,0,0,1,0,0,0,0,1,3.7,3.5,1.3,0.1,0.6,1.7
593160,2023-05-25,1,1,0,0,1,0,0,0,0,1,3.7,3.5,1.2,0.1,0.7,1.6
593160,2023-05-26,4,4,2,0,1,2,0,1,1,1,3.4,3.2,1.1,0.1,0.7,1.5
593160,2023-05-27,4,3,1,0,1,1,0,1,0,1,3.6,3.4,1.3,0.1,0.8,1.7
593160,2023-05-28,3,3,0,0,1,0,0,0,0,1,3.6,3.3,1.3,0.1,0.9,1.7
593160,2023-05-30,4,4,2,0,0,3,0,1,1,0,3.5,3.3,1.3,0.1,1.0,1.7
593160,2023-05-31,3,3,1,0,0,1,0,1,0,0,3.5,3.4,1.4,0.1,0.8,1.9
593428,2023-05-03,4,4,0,0,1,0,0,0,0,1,4.0,4.0,1.0,0.0,1.0,1.0
593428,2023-05-05,5,3,0,0,1,0,0,0,0,1,4.0,4.0,0.5,0.0,1.0,0.5
593428,2023-05-06,4,4,1,0,0,1,0,1,0,0,4.333333333333333,3.6666666666666665,0.3333333333333333,0.0,1.0,0.3333333333333333
593428,2023-05-07,4,3,1,0,0,2,0,1,1,0,4.25,3.75,0.5,0.0,0.75,0.5
593428,2023-05-09,4,4,0,0,2,0,0,0,0,1,4.2,3.6,0.6,0.0,0.6,0.8
593428,2023-05-10,5,4,1,0,2,1,0,1,0,1,4.166666666666667,3.6666666666666665,0.5,0.0,0.8333333333333334,0.6666666666666666
593428,2023-05-11,4,3,0,0,0,0,0,0,0,0,4.285714285714286,3.7142857142857144,0.5714285714285714,0.0,1.0,0.7142857142857143
593428,2023-05-12,4,4,1,0,1,2,0,1,1,1,4.25,3.625,0.5,0.0,0.875,0.625
593428,2023-05-13,3,3,1,0,0,1,0,1,0,0,4.222222222222222,3.6666666666666665,0.5555555555555556,0.0,0.8888888888888888,0.7777777777777778
593428,2023-05-14,4,4,1,0,2,2,0,1,1,1,4.1,3.6,0.6,0.0,0.8,0.8
593428,2023-05-15,4,2,1,0,0,1,0,1,0,0,4.1,3.6,0.6,0.0,0.9,0.9
593428,2023-05-16,4,3,1,0,1,1,0,1,0,1,4.1,3.4,0.7,0.0,0.8,1.0
593428,2023-05-17,5,4,2,0,0,2,0,1,1,0,4.0,3.4,0.8,0.0,0.8,1.1
593428,2023-05-19,4,4,0,0,1,0,0,0,0,1,4.1,3.4,0.9,0.0,0.8,1.2
593428,2023-05-20,4,4,0,0,0,0,0,0,0,0,4.1,3.5,0.8,0.0,0.9,1.0
593428,2023-05-21,4,3,0,0,2,0,0,0,0,1,4.1,3.5,0.8,0.0,0.7,1.0
593428,2023-05-23,4,4,2,1,2,5,1,1,1,1,4.0,3.4,0.7,0.0,0.7,0.9
593428,2023-05-24,4,4,0,0,4,0,0,0,0,1,4.0,3.5,0.9,0.1,0.9,1.4
593428,2023-05-25,5,5,1,0,2,1,0,1,0,1,4.0,3.5,0.8,0.1,1.2,1.2
593428,2023-05-26,5,4,2,0,0,2,0,1,1,0,4.2,3.7,0.8,0.1,1.4,1.2
593428,2023-05-27,1,1,0,0,0,0,0,0,0,0,4.3,3.7,0.9,0.1,1.2,1.2
593428,2023-05-28,3,3,0,0,1,0,0,0,0,1,4.0,3.6,0.8,0.1,1.2,1.1
593428,2023-05-30,5,5,2,0,1,2,0,1,1,1,3.9,3.6,0.7,0.1,1.2,1.0
593428,2023-05-31,3,3,1,0,0,1,0,1,0,0,3.9,3.7,0.7,0.1,1.3,1.0
593643,2023-05-03,1,1,0,0,0,0,0,0,0,0,1.0,1.0,0.0,0.0,0.0,0.0
593643,2023-05-04,5,5,1,0,2,2,0,1,1,1,1.0,1.0,0.0,0.0,0.0,0.0
593643,2023-05-05,4,4,0,0,1,0,0,0,0,1,2.3333333333333335,2.3333333333333335,0.3333333333333333,0.0,0.6666666666666666,0.6666666666666666
593643,2023-05-06,4,3,1,1,0,4,1,1,1,0,2.75,2.75,0.25,0.0,0.75,0.5
593643,2023-05-07,5,4,4,1,0,9,1,1,1,0,3.0,2.8,0.4,0.2,0.6,1.2
593643,2023-05-08,4,3,1,0,0,1,0,1,0,0,3.3333333333333335,3.0,1.0,0.3333333333333333,0.5,2.5
593643,2023-05-09,4,4,1,0,0,2,0,1,1,0,3.4285714285714284,3.0,1.0,0.2857142857142857,0.42857142857142855,2.2857142857142856
593643,2023-05-10,4,3,1,0,1,1,0,1,0,1,3.5,3.125,1.0,0.25,0.375,2.25
593643,2023-05-11,4,3,0,0,0,0,0,0,0,0,3.5555555555555554,3.111111111111111,1.0,0.2222222222222222,0.4444444444444444,2.111111111111111
593643,2023-05-12,1,1,0,0,1,0,0,0,0,1,3.6,3.1,0.9,0.2,0.4,1.9
593643,2023-05-13,4,4,1,0,2,1,0,1,0,1,3.6,3.1,0.9,0.2,0.5,1.9
593643,2023-05-14,4,4,0,0,2,0,0,0,0,1,3.9,3.4,1.0,0.2,0.7,2.0
593643,2023-05-16,4,4,2,0,0,2,0,1,1,0,3.8,3.3,0.9,0.2,0.7,1.8
593643,2023-05-17,3,2,0,0,0,0,0,0,0,0,3.8,3.3,1.1,0.2,0.6,2.0
593643,2023-05-18,3,3,0,0,0,0,0,0,0,0,3.7,3.2,1.0,0.1,0.6,1.6
593643,2023-05-20,3,3,0,0,1,0,0,0,0,1,3.5,3.1,0.6,0.0,0.6,0.7
593643,2023-05-21,1,1,0,0,0,0,0,0,0,0,3.4,3.1,0.5,0.0,0.7,0.6
593643,2023-05-26,5,5,1,0,1,1,0,1,0,1,3.1,2.8,0.4,0.0,0.7,0.4
593643,2023-05-28,2,2,0,0,0,0,0,0,0,0,3.2,3.0,0.4,0.0,0.7,0.4
593643,2023-05-31,2,2,1,0,0,2,0,1,1,0,3.0,2.9,0.4,0.0,0.7,0.4
593871,2023-05-03,5,4,2,0,0,2,0,1,1,0,4.0,3.0,0.0,0.0,2.0,0.0
593871,2023-05-04,6,6,1,0,1,1,0,1,0,1,4.5,3.5,1.0,0.0,1.0,1.0
593871,2023-05-05,4,4,1,0,0,1,0,1,0,0,5.0,4.333333333333333,1.0,0.0,1.0,1.0
593871,2023-05-06,4,4,1,0,1,1,0,1,0,1,4.75,4.25,1.0,0.0,0.75,1.0
593871,2023-05-07,4,4,0,0,2,0,0,0,0,1,4.6,4.2,1.0,0.0,0.8,1.0
593871,2023-05-09,4,4,1,0,1,1,0,1,0,1,4.5,4.166666666666667,0.8333333333333334,0.0,1.0,0.8333333333333334
593871,2023-05-10,4,4,1,0,1,2,0,1,1,1,4.428571428571429,4.142857142857143,0.8571428571428571,0.0,1.0,0.8571428571428571
593871,2023-05-11,4,4,1,0,2,1,0,1,0,1,4.375,4.125,0.875,0.0,1.0,1.0
593871,2023-05-12,4,4,0,0,0,0,0,0,0,0,4.333333333333333,4.111111111111111,0.8888888888888888,0.0,1.1111111111111112,1.0
593871,2023-05-13,5,5,1,1,2,4,1,1,1,1,4.3,4.1,0.8,0.0,1.0,0.9
593871,2023-05-14,5,2,1,0,0,2,0,1,1,0,4.4,4.3,0.9,0.1,1.0,1.3
593871,2023-05-15,6,5,3,1,2,7,1,1,1,1,4.4,4.1,0.8,0.1,1.0,1.3
593871,2023-05-17,3,3,1,0,0,1,0,1,0,0,4.4,4.0,1.0,0.2,1.1,1.9
595281,2023-05-02,4,4,2,0,0,2,0,1,1,0,3.0,2.0,0.0,0.0,0.0,0.0
595281,2023-05-03,3,3,1,0,2,2,0,1,1,1,3.5,3.0,1.0,0.0,0.0,1.0
595281,2023-05-04,4,3,0,0,0,0,0,0,0,0,3.3333333333333335,3.0,1.0,0.0,0.6666666666666666,1.3333333333333333
595281,2023-05-06,4,3,2,0,0,2,0,1,1,0,3.5,3.0,0.75,0.0,0.5,1.0
595281,2023-05-07,4,4,2,1,0,6,1,1,1,0,3.6,3.0,1.0,0.0,0.4,1.2
595281,2023-05-09,4,4,2,0,0,3,0,1,1,0,3.6666666666666665,3.1666666666666665,1.1666666666666667,0.16666666666666666,0.3333333333333333,2.0
595281,2023-05-10,3,2,0,0,1,0,0,0,0,1,3.7142857142857144,3.2857142857142856,1.2857142857142858,0.14285714285714285,0.2857142857142857,2.142857142857143
595281,2023-05-12,3,1,1,0,0,1,0,1,0,0,3.625,3.125,1.125,0.125,0.375,1.875
595281,2023-05-13,4,4,3,0,1,5,0,1,1,1,3.5555555555555554,2.888888888888889,1.1111111111111112,0.1111111111111111,0.3333333333333333,1.7777777777777777
595281,2023-05-15,3,3,2,0,0,3,0,1,1,0,3.6,3.0,1.3,0.1,0.4,2.1
595281,2023-05-16,4,4,2,1,0,5,1,1,1,0,3.6,3.1,1.5,0.1,0.4,2.4
595281,2023-05-19,4,4,1,0,1,1,0,1,0,1,3.6,3.1,1.5,0.2,0.4,2.7
595281,2023-05-20,4,4,1,0,1,1,0,1,0,1,3.7,3.2,1.5,0.2,0.3,2.6
595281,2023-05-21,4,4,1,0,1,1,0,1,0,1,3.7,3.3,1.6,0.2,0.4,2.7
595281,2023-05-22,3,3,0,0,1,0,0,0,0,1,3.7,3.4,1.5,0.2,0.5,2.6
595281,2023-05-23,6,5,2,0,2,2,0,1,1,1,3.6,3.3,1.3,0.1,0.6,2.0
595281,2023-05-25,2,2,1,0,0,1,0,1,0,0,3.8,3.4,1.3,0.1,0.8,1.9
595281,2023-05-26,3,3,2,1,0,7,1,1,1,0,3.7,3.4,1.4,0.1,0.7,2.0
595281,2023-05-31,3,3,1,0,0,3,0,1,1,0,3.7,3.6,1.5,0.2,0.7,2.6
595453,2023-05-03,3,3,1,0,1,1,0,1,0,1,4.0,4.0,2.0,0.0,1.0,2.0
595453,2023-05-05,1,1,1,0,0,2,0,1,1,0,3.5,3.5,1.5,0.0,1.0,1.5
595453,2023-05-06,2,2,0,0,1,0,0,0,0,1,2.6666666666666665,2.6666666666666665,1.3333333333333333,0.0,0.6666666666666666,1.6666666666666667
595453,2023-05-15,5,5,3,1,1,6,1,1,1,1,2.5,2.5,1.0,0.0,0.75,1.25
595453,2023-05-17,3,3,0,0,3,0,0,0,0,1,3.0,3.0,1.4,0.2,0.8,2.2
595453,2023-05-18,2,2,0,0,2,0,0,0,0,1,3.0,3.0,1.1666666666666667,0.16666666666666666,1.1666666666666667,1.8333333333333333
595453,2023-05-19,2,2,0,0,2,0,0,0,0,1,2.857142857142857,2.857142857142857,1.0,0.14285714285714285,1.2857142857142858,1.5714285714285714
595453,2023-05-20,1,1,0,0,1,0,0,0,0,1,2.75,2.75,0.875,0.125,1.375,1.375
595453,2023-05-21,2,2,0,0,1,0,0,0,0,1,2.5555555555555554,2.5555555555555554,0.7777777777777778,0.1111111111111111,1.3333333333333333,1.2222222222222223
595453,2023-05-24,4,3,0,0,1,0,0,0,0,1,2.5,2.5,0.7,0.1,1.3,1.1
595453,2023-05-26,2,1,1,0,0,1,0,1,0,0,2.5,2.4,0.5,0.1,1.3,0.9
595453,2023-05-27,2,1,0,0,1,0,0,0,0,1,2.4,2.2,0.5,0.1,1.2,0.9
595453,2023-05-28,1,1,1,0,0,1,0,1,0,0,2.5,2.2,0.4,0.1,1.3,0.7
595453,2023-05-30,2,1,0,0,0,0,0,0,0,0,2.4,2.1,0.5,0.1,1.2,0.8
595453,2023-05-31,1,1,1,1,0,4,1,1,1,0,2.1,1.7,0.2,0.0,1.1,0.2
595777,2023-05-03,5,5,1,0,2,2,0,1,1,1,4.0,4.0,1.0,0.0,0.0,1.0
595777,2023-05-04,4,3,0,0,0,0,0,0,0,0,4.5,4.5,1.0,0.0,1.0,1.5
595777,2023-05-05,4,2,0,0,2,0,0,0,0,1,4.333333333333333,4.0,0.6666666666666666,0.0,0.6666666666666666,1.0
595777,2023-05-07,6,5,2,0,2,3,0,1,1,1,4.25,3.5,0.5,0.0,1.0,0.75
595777,2023-05-08,4,3,0,0,1,0,0,0,0,1,4.6,3.8,0.8,0.0,1.2,1.2
595777,2023-05-09,4,4,2,2,1,8,1,1,1,1,4.5,3.6666666666666665,0.6666666666666666,0.0,1.1666666666666667,1.0
595777,2023-05-10,4,3,1,0,0,1,0,1,0,0,4.428571428571429,3.7142857142857144,0.8571428571428571,0.2857142857142857,1.1428571428571428,2.0
595777,2023-05-12,4,4,2,0,0,3,0,1,1,0,4.375,3.625,0.875,0.25,1.0,1.875
595777,2023-05-13,5,5,2,0,0,4,0,1,1,0,4.333333333333333,3.6666666666666665,1.0,0.2222222222222222,0.8888888888888888,2.0
595777,2023-05-14,4,3,0,0,0,0,0,0,0,0,4.4,3.8,1.1,0.2,0.8,2.2
595777,2023-05-16,3,2,0,0,0,0,0,0,0,0,4.4,3.7,1.0,0.2,0.8,2.1
595777,2023-05-17,5,5,2,0,0,3,0,1,1,0,4.2,3.4,0.9,0.2,0.6,1.9
595777,2023-05-20,5,5,3,0,1,3,0,1,1,1,4.3,3.6,1.1,0.2,0.6,2.2
595777,2023-05-21,5,5,2,0,0,2,0,1,1,0,4.4,3.9,1.4,0.2,0.5,2.5
595777,2023-05-22,4,4,2,0,0,4,0,1,1,0,4.3,3.9,1.4,0.2,0.3,2.4
595777,2023-05-23,4,3,0,0,0,0,0,0,0,0,4.3,4.0,1.6,0.2,0.2,2.8
595777,2023-05-24,4,4,1,0,1,2,0,1,1,1,4.3,3.9,1.4,0.0,0.1,2.0
595777,2023-05-26,4,4,1,0,2,1,0,1,0,1,4.3,4.0,1.4,0.0,0.2,2.1
595777,2023-05-27,5,4,1,0,0,3,0,1,1,0,4.3,4.0,1.3,0.0,0.4,1.9
595777,2023-05-28,5,5,1,0,1,1,0,1,0,1,4.3,3.9,1.2,0.0,0.4,1.8
595777,2023-05-29,4,3,1,0,0,1,0,1,0,0,4.4,4.1,1.3,0.0,0.5,1.9
595777,2023-05-30,5,4,0,0,2,0,0,0,0,1,4.5,4.2,1.4,0.0,0.5,2.0
595879,2023-05-04,4,3,1,1,0,4,1,1,1,0,7.0,6.0,2.0,1.0,0.0,5.0
595879,2023-05-05,5,4,3,1,0,6,1,1,1,0,5.5,4.5,1.5,1.0,0.0,4.5
595879,2023-05-06,5,4,1,0,0,1,0,1,0,0,5.333333333333333,4.333333333333333,2.0,1.0,0.0,5.0
595879,2023-05-07,4,4,1,0,0,1,0,1,0,0,5.25,4.25,1.75,0.75,0.0,4.0
595879,2023-05-08,5,5,1,0,1,1,0,1,0,1,5.0,4.2,1.6,0.6,0.0,3.4
595879,2023-05-09,5,5,0,0,3,0,0,0,0,1,5.0,4.333333333333333,1.5,0.5,0.16666666666666666,3.0
595879,2023-05-10,4,3,2,0,0,3,0,1,1,0,5.0,4.428571428571429,1.2857142857142858,0.42857142857142855,0.5714285714285714,2.5714285714285716
595879,2023-05-12,4,4,1,0,0,1,0,1,0,0,4.875,4.25,1.375,0.375,0.5,2.625
595879,2023-05-13,4,4,1,0,1,1,0,1,0,1,4.777777777777778,4.222222222222222,1.3333333333333333,0.3333333333333333,0.4444444444444444,2.4444444444444446
595879,2023-05-14,5,5,1,0,0,1,0,1,0,0,4.7,4.2,1.3,0.3,0.5,2.3
595879,2023-05-16,4,4,1,0,1,1,0,1,0,1,4.5,4.1,1.2,0.2,0.5,1.9
595879,2023-05-17,3,3,0,0,2,0,0,0,0,1,4.5,4.2,1.2,0.1,0.6,1.6
595879,2023-05-19,4,4,0,0,0,0,0,0,0,0,4.3,4.1,0.9,0.0,0.8,1.0
595879,2023-05-20,4,4,0,0,1,0,0,0,0,1,4.2,4.1,0.8,0.0,0.8,0.9
595879,2023-05-21,5,4,0,0,1,0,0,0,0,1,4.2,4.1,0.7,0.0,0.9,0.8
595879,2023-05-22,6,6,3,0,1,4,0,1,1,1,4.2,4.0,0.6,0.0,0.9,0.7
595879,2023-05-23,4,4,2,0,1,2,0,1,1,1,4.3,4.1,0.9,0.0,0.7,1.1
595879,2023-05-24,5,5,1,0,2,1,0,1,0,1,4.3,4.2,0.9,0.0,0.8,1.0
595879,2023-05-25,5,5,1,0,1,1,0,1,0,1,4.4,4.3,0.9,0.0,1.0,1.0
595879,2023-05-26,3,3,0,0,1,0,0,0,0,1,4.5,4.4,0.9,0.0,1.0,1.0
595879,2023-05-28,5,5,0,0,1,0,0,0,0,1,4.3,4.2,0.8,0.0,1.1,0.9
595879,2023-05-29,4,4,1,0,1,1,0,1,0,1,4.4,4.3,0.7,0.0,1.1,0.8
595879,2023-05-30,5,5,0,0,2,0,0,0,0,1,4.5,4.4,0.8,0.0,1.0,0.9
595879,2023-05-31,4,4,1,0,0,2,0,1,1,0,4.6,4.5,0.8,0.0,1.2,0.9
595956,2023-05-07,3,3,0,0,1,0,0,0,0,1,3.0,3.0,0.0,0.0,1.0,0.0
595956,2023-05-09,3,3,0,0,0,0,0,0,0,0,3.0,3.0,0.0,0.0,1.0,0.0
595956,2023-05-12,4,4,0,0,0,0,0,0,0,0,3.0,3.0,0.0,0.0,0.6666666666666666,0.0
595956,2023-05-13,2,2,0,0,1,0,0,0,0,1,3.25,3.25,0.0,0.0,0.5,0.0
595956,2023-05-18,4,4,1,0,2,1,0,1,0,1,3.0,3.0,0.0,0.0,0.6,0.0
595956,2023-05-19,4,4,2,0,1,2,0,1,1,1,3.1666666666666665,3.1666666666666665,0.16666666666666666,0.0,0.8333333333333334,0.16666666666666666
595956,2023-05-21,3,3,0,0,1,0,0,0,0,1,3.2857142857142856,3.2857142857142856,0.42857142857142855,0.0,0.8571428571428571,0.42857142857142855
595956,2023-05-24,1,1,0,0,1,0,0,0,0,1,3.25,3.25,0.375,0.0,0.875,0.375
595956,2023-05-27,2,2,0,0,1,0,0,0,0,1,3.0,3.0,0.3333333333333333,0.0,0.8888888888888888,0.3333333333333333
595956,2023-05-29,4,3,2,0,1,2,0,1,1,1,2.9,2.9,0.3,0.0,0.9,0.3
595956,2023-05-31,5,5,1,0,2,2,0,1,1,1,3.0,2.9,0.5,0.0,0.9,0.5
595978,2023-05-03,3,3,0,0,1,0,0,0,0,1,3.0,2.0,0.0,0.0,1.0,0.0
595978,2023-05-05,2,2,1,0,0,1,0,1,0,0,3.0,2.5,0.0,0.0,1.0,0.0
595978,2023-05-06,3,3,0,0,2,0,0,0,0,1,2.6666666666666665,2.3333333333333335,0.3333333333333333,0.0,0.6666666666666666,0.3333333333333333
595978,2023-05-08,3,3,1,0,0,2,0,1,1,0,2.75,2.5,0.25,0.0,1.0,0.25
595978,2023-05-10,3,3,0,0,2,0,0,0,0,1,2.8,2.6,0.4,0.0,0.8,0.6
595978,2023-05-12,2,2,0,0,0,0,0,0,0,0,2.8333333333333335,2.6666666666666665,0.3333333333333333,0.0,1.0,0.5
595978,2023-05-14,4,2,1,0,1,1,0,1,0,1,2.7142857142857144,2.5714285714285716,0.2857142857142857,0.0,0.8571428571428571,0.42857142857142855
595978,2023-05-17,4,4,2,0,0,3,0,1,1,0,2.875,2.5,0.375,0.0,0.875,0.5
595978,2023-05-19,4,4,0,0,0,0,0,0,0,0,3.0,2.6666666666666665,0.5555555555555556,0.0,0.7777777777777778,0.7777777777777778
595978,2023-05-20,3,3,1,0,1,1,0,1,0,1,3.1,2.8,0.5,0.0,0.7,0.7
595978,2023-05-22,4,4,0,0,2,0,0,0,0,1,3.1,2.9,0.6,0.0,0.7,0.8
595978,2023-05-23,1,1,0,0,0,0,0,0,0,0,3.2,3.0,0.6,0.0,0.8,0.8
595978,2023-05-26,3,3,1,0,0,1,0,1,0,0,3.1,2.9,0.5,0.0,0.8,0.7
595978,2023-05-28,3,2,1,0,0,1,0,1,0,0,3.1,2.9,0.6,0.0,0.6,0.8
595978,2023-05-29,3,3,0,0,0,0,0,0,0,0,3.1,2.8,0.6,0.0,0.6,0.7
595978,2023-05-31,2,2,0,0,1,0,0,0,0,1,3.1,2.8,0.6,0.0,0.4,0.7
596019,2023-05-03,8,8,2,1,2,5,1,1,1,1,9.0,6.0,1.0,0.0,2.0,1.0
596019,2023-05-04,3,3,0,0,2,0,0,0,0,1,8.5,7.0,1.5,0.5,2.0,3.0
596019,2023-05-05,4,4,1,0,2,1,0,1,0,1,6.666666666666667,5.666666666666667,1.0,0.3333333333333333,2.0,2.0
596019,2023-05-06,4,4,2,0,0,3,0,1,1,0,6.0,5.25,1.0,0.25,2.0,1.75
596019,2023-05-07,5,3,0,0,0,0,0,0,0,0,5.6,5.0,1.2,0.2,1.6,2.0
596019,2023-05-09,5,5,2,1,0,5,1,1,1,0,5.5,4.666666666666667,1.0,0.16666666666666666,1.3333333333333333,1.6666666666666667
596019,2023-05-10,4,4,1,0,1,1,0,1,0,1,5.428571428571429,4.714285714285714,1.1428571428571428,0.2857142857142857,1.1428571428571428,2.142857142857143
596019,2023-05-11,4,4,1,0,2,1,0,1,0,1,5.25,4.625,1.125,0.25,1.125,2.0
596019,2023-05-12,5,5,1,0,0,1,0,1,0,0,5.111111111111111,4.555555555555555,1.1111111111111112,0.2222222222222222,1.2222222222222223,1.8888888888888888
596019,2023-05-13,4,4,0,0,1,0,0,0,0,1,5.1,4.6,1.1,0.2,1.1,1.8
596019,2023-05-14,5,5,2,0,1,3,0,1,1,1,4.6,4.4,1.0,0.2,1.0,1.7
596019,2023-05-15,4,4,1,0,0,2,0,1,1,0,4.3,4.1,1.0,0.1,0.9,1.5
596019,2023-05-16,4,4,1,0,1,1,0,1,0,1,4.4,4.2,1.1,0.1,0.7,1.7
596019,2023-05-17,5,5,2,0,3,2,0,1,1,1,4.4,4.2,1.1,0.1,0.6,1.7
596019,2023-05-18,4,3,0,0,0,0,0,0,0,0,4.5,4.3,1.1,0.1,0.9,1.6
596019,2023-05-19,6,6,3,0,0,4,0,1,1,0,4.4,4.3,1.1,0.1,0.9,1.6
596019,2023-05-21,8,8,2,1,2,5,1,1,1,1,4.5,4.4,1.2,0.0,0.9,1.5
596019,2023-05-23,4,3,0,0,0,0,0,0,0,0,4.9,4.8,1.3,0.1,1.0,1.9
596019,2023-05-24,4,4,0,0,1,0,0,0,0,1,4.9,4.7,1.2,0.1,0.8,1.8
596019,2023-05-25,5,5,1,0,1,1,0,1,0,1,4.8,4.6,1.1,0.1,0.9,1.7
596019,2023-05-26,5,4,2,1,0,5,1,1,1,0,4.9,4.7,1.2,0.1,0.9,1.8
596019,2023-05-27,5,5,0,0,2,0,0,0,0,1,4.9,4.6,1.2,0.2,0.8,2.0
596019,2023-05-28,4,4,1,1,0,4,1,1,1,0,5.0,4.7,1.1,0.2,1.0,1.8
596019,2023-05-30,4,3,1,1,0,4,1,1,1,0,5.0,4.7,1.1,0.3,0.9,2.1
596019,2023-05-31,4,4,0,0,0,0,0,0,0,0,4.9,4.5,1.0,0.4,0.6,2.3
596059,2023-05-03,4,3,1,0,0,1,0,1,0,0,1.0,1.0,0.0,0.0,0.0,0.0
596059,2023-05-10,4,4,0,0,2,0,0,0,0,1,2.5,2.0,0.5,0.0,0.0,0.5
596059,2023-05-11,4,4,1,1,1,4,1,1,1,1,3.0,2.6666666666666665,0.3333333333333333,0.0,0.6666666666666666,0.3333333333333333
596059,2023-05-12,1,1,1,0,0,1,0,1,0,0,3.25,3.0,0.5,0.25,0.75,1.25
596059,2023-05-15,3,3,0,0,0,0,0,0,0,0,2.8,2.6,0.6,0.2,0.6,1.2
596059,2023-05-16,4,4,1,0,0,1,0,1,0,0,2.8333333333333335,2.6666666666666665,0.5,0.16666666666666666,0.5,1.0
596059,2023-05-17,4,2,1,0,1,1,0,1,0,1,3.0,2.857142857142857,0.5714285714285714,0.14285714285714285,0.42857142857142855,1.0
596059,2023-05-20,1,1,0,0,0,0,0,0,0,0,3.125,2.75,0.625,0.125,0.5,1.0
596059,2023-05-21,4,4,2,0,0,4,0,1,1,0,2.888888888888889,2.5555555555555554,0.5555555555555556,0.1111111111111111,0.4444444444444444,0.8888888888888888
596059,2023-05-23,3,2,1,0,1,1,0,1,0,1,3.0,2.7,0.7,0.1,0.4,1.2
596059,2023-05-24,4,4,2,1,0,5,1,1,1,0,3.2,2.8,0.8,0.1,0.5,1.3
596059,2023-05-25,5,5,2,1,0,6,1,1,1,0,3.2,2.9,0.9,0.2,0.5,1.7
596059,2023-05-26,5,4,1,0,1,1,0,1,0,1,3.3,3.0,1.1,0.3,0.3,2.3
596059,2023-05-27,5,5,0,0,1,0,0,0,0,1,3.4,3.0,1.1,0.2,0.3,2.0
596059,2023-05-28,4,4,1,1,1,4,1,1,1,1,3.8,3.4,1.0,0.2,0.4,1.9
596059,2023-05-30,4,3,0,0,1,0,0,0,0,1,3.9,3.5,1.1,0.3,0.5,2.3
596103,2023-05-07,3,2,0,0,1,0,0,0,0,1,4.0,4.0,2.0,0.0,1.0,2.0
596103,2023-05-09,2,2,1,0,0,1,0,1,0,0,3.5,3.0,1.0,0.0,1.0,1.0
596103,2023-05-10,3,2,0,0,0,0,0,0,0,0,3.0,2.6666666666666665,1.0,0.0,0.6666666666666666,1.0
596103,2023-05-29,6,6,3,1,0,7,1,1,1,0,3.0,2.5,0.75,0.0,0.5,0.75
596103,2023-05-30,1,1,0,0,0,0,0,0,0,0,3.6,3.2,1.2,0.2,0.4,2.0
596103,2023-05-31,1,1,0,0,0,0,0,0,0,0,3.1666666666666665,2.8333333333333335,1.0,0.16666666666666666,0.3333333333333333,1.6666666666666667
596117,2023-05-12,2,2,1,0,1,2,0,1,1,1,4.0,4.0,1.0,0.0,1.0,1.0
596117,2023-05-13,4,4,1,0,1,1,0,1,0,1,3.0,3.0,1.0,0.0,1.0,1.5
596117,2023-05-20,1,1,1,0,0,3,0,1,1,0,3.3333333333333335,3.3333333333333335,1.0,0.0,1.0,1.3333333333333333
596117,2023-05-24,3,3,1,0,2,1,0,1,0,1,2.75,2.75,1.0,0.0,0.75,1.75
596129,2023-05-03,5,5,1,0,0,2,0,1,1,0,7.0,5.0,2.0,0.0,2.0,3.0
596129,2023-05-04,1,1,0,0,1,0,0,0,0,1,6.0,5.0,1.5,0.0,1.0,2.5
596129,2023-05-05,3,3,1,0,1,1,0,1,0,1,4.333333333333333,3.6666666666666665,1.0,0.0,1.0,1.6666666666666667
596129,2023-05-06,1,1,0,0,0,0,0,0,0,0,4.0,3.5,1.0,0.0,1.0,1.5
596129,2023-05-07,5,4,1,1,2,4,1,1,1,1,3.4,3.0,0.8,0.0,0.8,1.2
596129,2023-05-09,4,2,0,0,0,0,0,0,0,0,3.6666666666666665,3.1666666666666665,0.8333333333333334,0.16666666666666666,1.0,1.6666666666666667
596129,2023-05-10,4,4,2,0,1,2,0,1,1,1,3.7142857142857144,3.0,0.7142857142857143,0.14285714285714285,0.8571428571428571,1.4285714285714286
596129,2023-05-11,4,4,0,0,2,0,0,0,0,1,3.75,3.125,0.875,0.125,0.875,1.5
596129,2023-05-13,4,4,1,0,1,1,0,1,0,1,3.7777777777777777,3.2222222222222223,0.7777777777777778,0.1111111111111111,1.0,1.3333333333333333
596129,2023-05-16,2,2,0,0,0,0,0,0,0,0,3.8,3.3,0.8,0.1,1.0,1.3
596129,2023-05-17,2,1,0,0,1,0,0,0,0,1,3.3,3.0,0.6,0.1,0.8,1.0
596129,2023-05-18,3,3,0,0,2,0,0,0,0,1,3.0,2.6,0.5,0.1,0.9,0.8
596129,2023-05-19,1,1,0,0,1,0,0,0,0,1,3.2,2.8,0.5,0.1,1.0,0.8
596129,2023-05-21,4,2,1,0,0,1,0,1,0,0,3.0,2.6,0.4,0.1,1.0,0.7
596129,2023-05-23,2,2,0,0,0,0,0,0,0,0,3.3,2.7,0.5,0.1,1.0,0.8
596129,2023-05-24,3,3,0,0,1,0,0,0,0,1,3.0,2.5,0.4,0.0,0.8,0.4
596129,2023-05-25,4,3,1,0,2,1,0,1,0,1,2.9,2.6,0.4,0.0,0.9,0.4
596129,2023-05-26,4,4,0,0,1,0,0,0,0,1,2.9,2.5,0.3,0.0,1.0,0.3
596129,2023-05-30,1,1,0,0,1,0,0,0,0,1,2.9,2.5,0.3,0.0,0.9,0.3
596129,2023-05-31,3,1,0,0,0,0,0,0,0,0,2.6,2.2,0.2,0.0,0.9,0.2
596142,2023-05-23,3,3,0,0,1,0,0,0,0,1,4.0,3.0,1.0,0.0,2.0,1.0
596142,2023-05-30,4,4,1,0,1,1,0,1,0,1,3.5,3.0,0.5,0.0,1.5,0.5
596142,2023-05-31,3,3,1,1,1,4,1,1,1,1,3.6666666666666665,3.3333333333333335,0.6666666666666666,0.0,1.3333333333333333,0.6666666666666666
596146,2023-05-03,5,4,1,0,2,1,0,1,0,1,4.0,3.0,0.0,0.0,0.0,0.0
596146,2023-05-04,6,4,1,0,1,1,0,1,0,1,4.5,3.5,0.5,0.0,1.0,0.5
596146,2023-05-05,4,4,1,1,1,4,1,1,1,1,5.0,3.6666666666666665,0.6666666666666666,0.0,1.0,0.6666666666666666
596146,2023-05-06,4,4,1,1,1,4,1,1,1,1,4.75,3.75,0.75,0.25,1.0,1.5
596146,2023-05-07,4,4,0,0,0,0,0,0,0,0,4.6,3.8,0.8,0.4,1.0,2.0
596146,2023-05-09,5,4,0,0,1,0,0,0,0,1,4.5,3.8333333333333335,0.6666666666666666,0.3333333333333333,0.8333333333333334,1.6666666666666667
596146,2023-05-10,4,4,2,1,1,6,1,1,1,1,4.571428571428571,3.857142857142857,0.5714285714285714,0.2857142857142857,0.8571428571428571,1.4285714285714286
596146,2023-05-11,4,4,0,0,0,0,0,0,0,0,4.5,3.875,0.75,0.375,0.875,2.0
596146,2023-05-12,1,1,0,0,0,0,0,0,0,0,4.444444444444445,3.888888888888889,0.6666666666666666,0.3333333333333333,0.7777777777777778,1.7777777777777777
596146,2023-05-29,5,5,0,0,2,0,0,0,0,1,4.1,3.6,0.6,0.3,0.7,1.6
596146,2023-05-30,4,4,0,0,2,0,0,0,0,1,4.2,3.8,0.6,0.3,0.9,1.6
596146,2023-05-31,5,5,1,0,0,1,0,1,0,0,4.1,3.8,0.5,0.3,0.9,1.5
598265,2023-05-04,1,0,0,0,0,0,0,0,0,0,1.0,1.0,0.0,0.0,0.0,0.0
598265,2023-05-05,4,4,0,0,0,0,0,0,0,0,1.0,0.5,0.0,0.0,0.0,0.0
598265,2023-05-06,2,2,1,0,1,2,0,1,1,1,2.0,1.6666666666666667,0.0,0.0,0.0,0.0
598265,2023-05-07,3,3,1,0,0,1,0,1,0,0,2.0,1.75,0.25,0.0,0.25,0.5
598265,2023-05-08,4,4,3,0,1,5,0,1,1,1,2.2,2.0,0.4,0.0,0.2,0.6
598265,2023-05-09,3,3,0,0,2,0,0,0,0,1,2.5,2.3333333333333335,0.8333333333333334,0.0,0.3333333333333333,1.3333333333333333
598265,2023-05-11,3,2,0,0,0,0,0,0,0,0,2.5714285714285716,2.4285714285714284,0.7142857142857143,0.0,0.5714285714285714,1.1428571428571428
598265,2023-05-12,3,3,0,0,1,0,0,0,0,1,2.625,2.375,0.625,0.0,0.5,1.0
598265,2023-05-13,4,4,0,0,1,0,0,0,0,1,2.6666666666666665,2.4444444444444446,0.5555555555555556,0.0,0.5555555555555556,0.8888888888888888
598265,2023-05-15,3,3,0,0,2,0,0,0,0,1,2.8,2.6,0.5,0.0,0.6,0.8
598265,2023-05-17,3,3,0,0,2,0,0,0,0,1,3.0,2.8,0.5,0.0,0.8,0.8
598265,2023-05-19,2,2,0,0,0,0,0,0,0,0,3.2,3.1,0.5,0.0,1.0,0.8
598265,2023-05-21,3,3,0,0,0,0,0,0,0,0,3.0,2.9,0.5,0.0,1.0,0.8
598265,2023-05-22,3,3,1,1,0,4,1,1,1,0,3.1,3.0,0.4,0.0,0.9,0.6
598265,2023-05-23,4,4,1,0,2,1,0,1,0,1,3.1,3.0,0.4,0.1,0.9,0.9
598265,2023-05-24,4,4,0,0,2,0,0,0,0,1,3.1,3.0,0.2,0.1,1.0,0.5
598265,2023-05-28,3,3,0,0,1,0,0,0,0,1,3.2,3.1,0.2,0.1,1.0,0.5
598265,2023-05-29,1,1,0,0,1,0,0,0,0,1,3.2,3.2,0.2,0.1,1.1,0.5
600869,2023-05-02,4,4,1,0,1,2,0,1,1,1,4.0,4.0,0.0,0.0,1.0,0.0
600869,2023-05-03,4,4,1,0,2,1,0,1,0,1,4.0,4.0,0.5,0.0,1.0,1.0
600869,2023-05-04,3,3,0,0,1,0,0,0,0,1,4.0,4.0,0.6666666666666666,0.0,1.3333333333333333,1.0
600869,2023-05-05,3,3,1,0,1,1,0,1,0,1,3.75,3.75,0.5,0.0,1.25,0.75
600869,2023-05-08,4,4,0,0,0,0,0,0,0,0,3.6,3.6,0.6,0.0,1.2,0.8
600869,2023-05-09,4,4,0,0,0,0,0,0,0,0,3.6666666666666665,3.6666666666666665,0.5,0.0,1.0,0.6666666666666666
600869,2023-05-10,3,3,1,0,1,2,0,1,1,1,3.7142857142857144,3.7142857142857144,0.42857142857142855,0.0,0.8571428571428571,0.5714285714285714
600869,2023-05-12,4,3,0,0,2,0,0,0,0,1,3.625,3.625,0.5,0.0,0.875,0.75
600869,2023-05-13,4,2,1,0,0,2,0,1,1,0,3.6666666666666665,3.5555555555555554,0.4444444444444444,0.0,1.0,0.6666666666666666
600869,2023-05-14,5,3,0,0,1,0,0,0,0,1,3.7,3.4,0.5,0.0,0.9,0.8
600869,2023-05-15,4,4,2,0,0,4,0,1,1,0,3.8,3.3,0.5,0.0,0.9,0.8
600869,2023-05-16,4,3,3,0,0,4,0,1,1,0,3.8,3.3,0.6,0.0,0.8,1.0
600869,2023-05-17,4,4,3,0,0,4,0,1,1,0,3.8,3.2,0.8,0.0,0.6,1.3
600869,2023-05-18,4,4,2,1,1,6,1,1,1,1,3.9,3.3,1.1,0.0,0.5,1.7
600869,2023-05-19,4,4,0,0,1,0,0,0,0,1,4.0,3.4,1.2,0.1,0.5,2.2
600869,2023-05-20,4,4,2,1,0,6,1,1,1,0,4.0,3.4,1.2,0.1,0.6,2.2
600869,2023-05-21,5,5,4,0,0,4,0,1,1,0,4.0,3.4,1.4,0.2,0.6,2.8
600869,2023-05-23,3,2,0,0,1,0,0,0,0,1,4.2,3.6,1.7,0.2,0.5,3.0
600869,2023-05-24,4,4,0,0,1,0,0,0,0,1,4.1,3.5,1.7,0.2,0.4,3.0
600869,2023-05-25,5,4,1,0,1,2,0,1,1,1,4.1,3.7,1.6,0.2,0.5,2.8
600869,2023-05-26,6,5,1,0,2,3,0,1,1,1,4.1,3.8,1.7,0.2,0.5,3.0
600869,2023-05-27,5,4,2,0,1,3,0,1,1,1,4.3,3.9,1.6,0.2,0.7,2.9
600869,2023-05-29,4,4,1,0,1,1,0,1,0,1,4.4,4.0,1.5,0.2,0.8,2.8
600869,2023-05-30,4,2,0,0,1,0,0,0,0,1,4.4,4.0,1.3,0.2,0.9,2.5
600869,2023-05-31,4,3,2,1,1,5,1,1,1,1,4.4,3.8,1.1,0.1,0.9,1.9
602104,2023-05-03,2,2,0,0,1,0,0,0,0,1,5.0,4.0,1.0,0.0,1.0,1.0
602104,2023-05-04,2,2,2,0,0,3,0,1,1,0,3.5,3.0,0.5,0.0,1.0,0.5
602104,2023-05-05,5,5,3,0,2,3,0,1,1,1,3.0,2.6666666666666665,1.0,0.0,0.6666666666666666,1.3333333333333333
602104,2023-05-06,4,4,0,0,3,0,0,0,0,1,3.5,3.25,1.5,0.0,1.0,1.75
602104,2023-05-07,5,4,0,0,1,0,0,0,0,1,3.6,3.4,1.2,0.0,1.4,1.4
602104,2023-05-08,4,2,1,0,0,1,0,1,0,0,3.8333333333333335,3.5,1.0,0.0,1.3333333333333333,1.1666666666666667
602104,2023-05-26,1,1,0,0,0,0,0,0,0,0,3.857142857142857,3.2857142857142856,1.0,0.0,1.1428571428571428,1.1428571428571428
602104,2023-05-27,3,3,1,0,1,2,0,1,1,1,3.5,3.0,0.875,0.0,1.0,1.0
602104,2023-05-28,2,2,0,0,1,0,0,0,0,1,3.4444444444444446,3.0,0.8888888888888888,0.0,1.0,1.1111111111111112
602104,2023-05-29,4,4,0,0,1,0,0,0,0,1,3.3,2.9,0.8,0.0,1.0,1.0
602104,2023-05-30,4,3,1,0,1,2,0,1,1,1,3.2,2.9,0.7,0.0,1.0,0.9
605113,2023-05-03,3,3,0,0,0,0,0,0,0,0,1.0,1.0,0.0,0.0,1.0,0.0
605113,2023-05-06,3,3,0,0,1,0,0,0,0,1,2.0,2.0,0.0,0.0,0.5,0.0
605113,2023-05-08,4,4,1,0,1,1,0,1,0,1,2.3333333333333335,2.3333333333333335,0.0,0.0,0.6666666666666666,0.0
605113,2023-05-09,4,4,2,0,0,2,0,1,1,0,2.75,2.75,0.25,0.0,0.75,0.25
605113,2023-05-10,1,1,1,0,0,1,0,1,0,0,3.0,3.0,0.6,0.0,0.6,0.6
605113,2023-05-12,4,1,1,0,0,1,0,1,0,0,2.6666666666666665,2.6666666666666665,0.6666666666666666,0.0,0.5,0.6666666666666666
605113,2023-05-16,6,6,1,0,2,2,0,1,1,1,2.857142857142857,2.4285714285714284,0.7142857142857143,0.0,0.42857142857142855,0.7142857142857143
605113,2023-05-19,1,1,0,0,1,0,0,0,0,1,3.25,2.875,0.75,0.0,0.625,0.875
605113,2023-05-23,1,1,0,0,1,0,0,0,0,1,3.0,2.6666666666666665,0.6666666666666666,0.0,0.6666666666666666,0.7777777777777778
605113,2023-05-24,4,4,0,0,3,0,0,0,0,1,2.8,2.5,0.6,0.0,0.7,0.7
605113,2023-05-26,2,2,0,0,0,0,0,0,0,0,3.1,2.8,0.6,0.0,0.9,0.7
605113,2023-05-29,1,1,0,0,1,0,0,0,0,1,3.0,2.7,0.6,0.0,0.9,0.7
605113,2023-05-30,3,3,0,0,0,0,0,0,0,0,2.8,2.5,0.6,0.0,0.9,0.7
605119,2023-05-04,4,4,3,0,0,5,0,1,1,0,4.0,4.0,0.0,0.0,0.0,0.0
605119,2023-05-05,4,3,0,0,2,0,0,0,0,1,4.0,4.0,1.5,0.0,0.0,2.5
605119,2023-05-06,4,2,0,0,1,0,0,0,0,1,4.0,3.6666666666666665,1.0,0.0,0.6666666666666666,1.6666666666666667
605119,2023-05-07,5,4,1,0,2,1,0,1,0,1,4.0,3.25,0.75,0.0,0.75,1.25
605119,2023-05-08,4,4,1,0,1,1,0,1,0,1,4.2,3.4,0.8,0.0,1.0,1.2
605119,2023-05-09,3,3,0,0,1,0,0,0,0,1,4.166666666666667,3.5,0.8333333333333334,0.0,1.0,1.1666666666666667
605119,2023-05-10,2,2,0,0,1,0,0,0,0,1,4.0,3.4285714285714284,0.7142857142857143,0.0,1.0,1.0
605119,2023-05-12,3,3,2,0,0,2,0,1,1,0,3.75,3.25,0.625,0.0,1.0,0.875
605119,2023-05-13,4,3,1,0,0,1,0,1,0,0,3.6666666666666665,3.2222222222222223,0.7777777777777778,0.0,0.8888888888888888,1.0
605119,2023-05-15,3,3,0,0,1,0,0,0,0,1,3.7,3.2,0.8,0.0,0.8,1.0
605119,2023-05-16,4,3,1,1,0,4,1,1,1,0,3.6,3.1,0.8,0.0,0.9,1.0
605119,2023-05-17,4,2,0,0,2,0,0,0,0,1,3.6,3.0,0.6,0.1,0.9,0.9
605119,2023-05-19,3,3,0,0,0,0,0,0,0,0,3.6,2.9,0.6,0.1,0.9,0.9
605119,2023-05-20,4,3,1,1,0,4,1,1,1,0,3.5,3.0,0.6,0.1,0.8,0.9
605119,2023-05-21,4,2,1,0,0,1,0,1,0,0,3.4,2.9,0.6,0.2,0.6,1.2
605119,2023-05-22,4,4,0,0,2,0,0,0,0,1,3.4,2.7,0.6,0.2,0.5,1.2
605119,2023-05-23,4,4,2,0,2,3,0,1,1,1,3.5,2.8,0.6,0.2,0.6,1.2
605119,2023-05-24,3,3,1,1,1,4,1,1,1,1,3.7,3.0,0.8,0.2,0.7,1.5
605119,2023-05-25,4,4,0,0,3,0,0,0,0,1,3.7,3.0,0.7,0.3,0.8,1.7
605119,2023-05-26,3,2,1,0,0,1,0,1,0,0,3.7,3.1,0.6,0.3,1.1,1.6
605119,2023-05-27,4,4,2,0,1,3,0,1,1,1,3.7,3.0,0.7,0.3,1.0,1.7
605119,2023-05-28,4,4,1,0,1,2,0,1,1,1,3.7,3.1,0.8,0.2,1.1,1.6
605119,2023-05-30,4,2,0,0,0,0,0,0,0,0,3.7,3.3,0.9,0.2,1.0,1.8
605119,2023-05-31,4,2,0,0,1,0,0,0,0,1,3.8,3.2,0.9,0.2,1.0,1.8
605131,2023-05-08,4,4,1,0,2,2,0,1,1,1,5.0,4.0,0.0,0.0,2.0,0.0
605131,2023-05-10,4,2,0,0,1,0,0,0,0,1,4.5,4.0,0.5,0.0,2.0,1.0
605131,2023-05-14,2,2,0,0,0,0,0,0,0,0,4.333333333333333,3.3333333333333335,0.3333333333333333,0.0,1.6666666666666667,0.6666666666666666
605131,2023-05-16,4,4,1,0,1,1,0,1,0,1,3.75,3.0,0.25,0.0,1.25,0.5
605131,2023-05-20,3,3,0,0,0,0,0,0,0,0,3.8,3.2,0.4,0.0,1.2,0.6
605131,2023-05-21,1,1,0,0,0,0,0,0,0,0,3.6666666666666665,3.1666666666666665,0.3333333333333333,0.0,1.0,0.5
605131,2023-05-28,4,4,0,0,1,0,0,0,0,1,3.2857142857142856,2.857142857142857,0.2857142857142857,0.0,0.8571428571428571,0.42857142857142855
605131,2023-05-30,4,4,1,0,0,1,0,1,0,0,3.375,3.0,0.25,0.0,0.875,0.375
605137,2023-05-02,4,2,1,0,0,1,0,1,0,0,4.0,2.0,0.0,0.0,0.0,0.0
605137,2023-05-03,4,3,1,0,0,1,0,1,0,0,4.0,2.0,0.5,0.0,0.0,0.5
605137,2023-05-05,3,3,0,0,0,0,0,0,0,0,4.0,2.3333333333333335,0.6666666666666666,0.0,0.0,0.6666666666666666
605137,2023-05-06,4,4,2,0,2,2,0,1,1,1,3.75,2.5,0.5,0.0,0.0,0.5
605137,2023-05-07,4,4,2,0,0,2,0,1,1,0,3.8,2.8,0.8,0.0,0.4,0.8
605137,2023-05-08,4,3,1,0,0,1,0,1,0,0,3.8333333333333335,3.0,1.0,0.0,0.3333333333333333,1.0
605137,2023-05-09,3,3,0,0,1,0,0,0,0,1,3.857142857142857,3.0,1.0,0.0,0.2857142857142857,1.0
605137,2023-05-10,4,2,0,0,1,0,0,0,0,1,3.75,3.0,0.875,0.0,0.375,0.875
605137,2023-05-12,4,3,1,0,1,1,0,1,0,1,3.7777777777777777,2.888888888888889,0.7777777777777778,0.0,0.4444444444444444,0.7777777777777778
605137,2023-05-13,3,2,1,0,1,1,0,1,0,1,3.8,2.9,0.8,0.0,0.5,0.8
605137,2023-05-14,4,4,1,0,1,1,0,1,0,1,3.7,2.9,0.9,0.0,0.6,0.9
605137,2023-05-16,4,4,1,0,0,1,0,1,0,0,3.7,3.1,0.9,0.0,0.7,0.9
605137,2023-05-17,4,3,1,0,1,2,0,1,1,1,3.7,3.2,0.9,0.0,0.7,0.9
605137,2023-05-18,4,4,1,0,1,1,0,1,0,1,3.8,3.2,1.0,0.0,0.8,1.1
605137,2023-05-19,4,3,1,0,0,1,0,1,0,0,3.8,3.2,0.9,0.0,0.7,1.0
605137,2023-05-21,3,3,1,0,1,1,0,1,0,1,3.8,3.1,0.8,0.0,0.7,0.9
605137,2023-05-22,3,2,0,0,1,0,0,0,0,1,3.7,3.1,0.8,0.0,0.8,0.9
605137,2023-05-23,4,3,1,0,1,1,0,1,0,1,3.7,3.0,0.8,0.0,0.8,0.9
605137,2023-05-24,3,3,0,0,1,0,0,0,0,1,3.7,3.1,0.9,0.0,0.8,1.0
605137,2023-05-26,4,4,0,0,0,0,0,0,0,0,3.6,3.1,0.8,0.0,0.8,0.9
605137,2023-05-27,4,4,0,0,0,0,0,0,0,0,3.7,3.3,0.7,0.0,0.7,0.8
605137,2023-05-28,4,4,2,0,2,3,0,1,1,1,3.7,3.3,0.6,0.0,0.6,0.7
605137,2023-05-30,4,3,1,0,0,1,0,1,0,0,3.7,3.3,0.7,0.0,0.8,0.9
605137,2023-05-31,5,4,1,1,3,4,1,1,1,1,3.7,3.3,0.7,0.0,0.7,0.8
605141,2023-05-02,4,4,3,0,0,3,0,1,1,0,5.0,5.0,3.0,1.0,1.0,7.0
605141,2023-05-03,5,4,1,0,1,1,0,1,0,1,4.5,4.5,3.0,0.5,0.5,5.0
605141,2023-05-05,4,3,0,0,1,0,0,0,0,1,4.666666666666667,4.333333333333333,2.3333333333333335,0.3333333333333333,0.6666666666666666,3.6666666666666665
605141,2023-05-06,4,4,0,0,1,0,0,0,0,1,4.5,4.0,1.75,0.25,0.75,2.75
605141,2023-05-07,5,4,1,1,2,4,1,1,1,1,4.4,4.0,1.4,0.2,0.8,2.2
605141,2023-05-08,4,4,1,0,0,2,0,1,1,0,4.5,4.0,1.3333333333333333,0.3333333333333333,1.0,2.5
605141,2023-05-09,5,4,1,1,1,4,1,1,1,1,4.428571428571429,4.0,1.2857142857142858,0.2857142857142857,0.8571428571428571,2.4285714285714284
605141,2023-05-10,5,4,0,0,0,0,0,0,0,0,4.5,4.0,1.25,0.375,0.875,2.625
605141,2023-05-12,4,3,1,1,0,4,1,1,1,0,4.555555555555555,4.0,1.1111111111111112,0.3333333333333333,0.7777777777777778,2.3333333333333335
605141,2023-05-13,4,3,1,0,0,2,0,1,1,0,4.5,3.9,1.1,0.4,0.7,2.5
605141,2023-05-14,4,3,1,1,0,4,1,1,1,0,4.4,3.7,0.9,0.3,0.6,2.0
605141,2023-05-15,6,5,0,0,2,0,0,0,0,1,4.4,3.6,0.7,0.4,0.6,2.1
605141,2023-05-16,5,4,1,0,1,2,0,1,1,1,4.5,3.7,0.6,0.4,0.7,2.0
605141,2023-05-17,5,4,2,0,1,4,0,1,1,1,4.6,3.8,0.7,0.4,0.7,2.2
605141,2023-05-18,3,3,1,0,0,2,0,1,1,0,4.7,3.8,0.9,0.4,0.7,2.6
605141,2023-05-19,4,3,1,1,0,4,1,1,1,0,4.5,3.7,0.9,0.3,0.5,2.4
605141,2023-05-20,5,5,1,0,1,1,0,1,0,1,4.5,3.6,0.9,0.4,0.5,2.6
605141,2023-05-22,5,4,1,0,1,1,0,1,0,1,4.5,3.7,0.9,0.3,0.5,2.3
605141,2023-05-23,5,3,1,0,1,2,0,1,1,1,4.5,3.7,1.0,0.3,0.6,2.4
605141,2023-05-24,5,5,2,1,1,5,1,1,1,1,4.6,3.7,1.0,0.2,0.7,2.2
605141,2023-05-26,5,3,0,0,1,0,0,0,0,1,4.7,3.9,1.1,0.3,0.8,2.5
605141,2023-05-27,5,5,1,0,1,1,0,1,0,1,4.8,3.9,1.0,0.2,0.9,2.1
605141,2023-05-28,4,4,0,0,1,0,0,0,0,1,4.7,3.9,1.1,0.2,0.8,2.2
605141,2023-05-29,4,3,1,0,0,1,0,1,0,0,4.6,3.9,1.0,0.2,0.8,2.0
605141,2023-05-30,4,4,2,0,0,2,0,1,1,0,4.5,3.8,0.9,0.2,0.7,1.7
605141,2023-05-31,5,5,2,2,0,8,1,1,1,0,4.6,3.9,1.0,0.2,0.7,1.7
605170,2023-05-05,4,4,0,0,2,0,0,0,0,1,3.0,3.0,2.0,0.0,0.0,2.0
605170,2023-05-09,4,3,1,1,0,4,1,1,1,0,3.5,3.5,1.0,0.0,1.0,1.0
605170,2023-05-14,4,4,0,0,2,0,0,0,0,1,3.6666666666666665,3.3333333333333335,1.0,0.3333333333333333,0.6666666666666666,2.0
605170,2023-05-17,4,4,1,0,2,1,0,1,0,1,3.75,3.5,0.75,0.25,1.0,1.5
605170,2023-05-20,4,4,0,0,3,0,0,0,0,1,3.8,3.6,0.8,0.2,1.2,1.4
605170,2023-05-23,4,4,0,0,3,0,0,0,0,1,3.8333333333333335,3.6666666666666665,0.6666666666666666,0.16666666666666666,1.5,1.1666666666666667
605170,2023-05-25,3,3,0,0,1,0,0,0,0,1,3.857142857142857,3.7142857142857144,0.5714285714285714,0.14285714285714285,1.7142857142857142,1.0
605170,2023-05-27,3,3,1,0,2,1,0,1,0,1,3.75,3.625,0.5,0.125,1.625,0.875
605170,2023-05-31,4,3,0,0,0,0,0,0,0,0,3.6666666666666665,3.5555555555555554,0.5555555555555556,0.1111111111111111,1.6666666666666667,0.8888888888888888
605204,2023-05-03,2,2,0,0,1,0,0,0,0,1,4.0,3.0,1.0,0.0,0.0,1.0
605204,2023-05-05,4,3,1,1,1,4,1,1,1,1,3.0,2.5,0.5,0.0,0.5,0.5
605204,2023-05-06,4,4,2,0,1,2,0,1,1,1,3.3333333333333335,2.6666666666666665,0.6666666666666666,0.3333333333333333,0.6666666666666666,1.6666666666666667
605204,2023-05-07,1,1,0,0,1,0,0,0,0,1,3.5,3.0,1.0,0.25,0.75,1.75
605204,2023-05-08,3,2,1,0,1,1,0,1,0,1,3.0,2.6,0.8,0.2,0.8,1.4
605204,2023-05-09,4,4,1,0,0,1,0,1,0,0,3.0,2.5,0.8333333333333334,0.16666666666666666,0.8333333333333334,1.3333333333333333
605204,2023-05-10,5,3,1,0,1,1,0,1,0,1,3.142857142857143,2.7142857142857144,0.8571428571428571,0.14285714285714285,0.7142857142857143,1.2857142857142858
605204,2023-05-11,4,4,2,0,0,2,0,1,1,0,3.375,2.75,0.875,0.125,0.75,1.25
605204,2023-05-12,5,5,3,0,1,4,0,1,1,1,3.4444444444444446,2.888888888888889,1.0,0.1111111111111111,0.6666666666666666,1.3333333333333333
605204,2023-05-13,3,3,0,0,0,0,0,0,0,0,3.6,3.1,1.2,0.1,0.7,1.6
605204,2023-05-14,4,3,0,0,1,0,0,0,0,1,3.5,3.1,1.1,0.1,0.7,1.5
605204,2023-05-15,4,3,1,0,1,2,0,1,1,1,3.7,3.2,1.1,0.1,0.7,1.5
605204,2023-05-16,4,4,0,0,3,0,0,0,0,1,3.7,3.2,1.1,0.0,0.7,1.3
605204,2023-05-17,1,1,1,0,0,1,0,1,0,0,3.7,3.2,0.9,0.0,0.9,1.1
605204,2023-05-19,4,2,0,0,0,0,0,0,0,0,3.7,3.2,1.0,0.0,0.8,1.2
605204,2023-05-20,3,3,0,0,2,0,0,0,0,1,3.8,3.2,0.9,0.0,0.7,1.1
605204,2023-05-21,4,3,2,1,1,6,1,1,1,1,3.7,3.1,0.8,0.0,0.9,1.0
605204,2023-05-22,3,3,1,0,1,2,0,1,1,1,3.6,3.1,0.9,0.1,0.9,1.5
605204,2023-05-23,5,4,0,0,1,0,0,0,0,1,3.5,3.0,0.8,0.1,1.0,1.5
605204,2023-05-25,5,5,0,0,4,0,0,0,0,1,3.5,2.9,0.5,0.1,1.0,1.1
605204,2023-05-26,6,6,3,1,0,8,1,1,1,0,3.7,3.1,0.5,0.1,1.4,1.1
605204,2023-05-27,4,3,1,0,2,1,0,1,0,1,3.9,3.4,0.8,0.2,1.3,1.9
605204,2023-05-28,4,4,0,0,3,0,0,0,0,1,3.9,3.4,0.8,0.2,1.4,1.8
605204,2023-05-29,6,4,2,0,0,2,0,1,1,0,3.9,3.4,0.8,0.2,1.4,1.8
605204,2023-05-30,4,1,0,0,0,0,0,0,0,0,4.4,3.7,0.9,0.2,1.4,1.9
605204,2023-05-31,3,3,2,0,1,2,0,1,1,1,4.4,3.6,0.9,0.2,1.4,1.9
605421,2023-05-18,3,3,0,0,1,0,0,0,0,1,4.0,4.0,4.0,0.0,0.0,5.0
605612,2023-05-04,1,1,1,0,0,1,0,1,0,0,2.0,2.0,1.0,0.0,1.0,2.0
605612,2023-05-05,3,3,1,0,0,1,0,1,0,0,1.5,1.5,1.0,0.0,0.5,1.5
605612,2023-05-06,4,2,1,0,0,1,0,1,0,0,2.0,2.0,1.0,0.0,0.3333333333333333,1.3333333333333333
605612,2023-05-08,3,3,0,0,0,0,0,0,0,0,2.5,2.0,1.0,0.0,0.25,1.25
605612,2023-05-09,4,3,1,0,0,2,0,1,1,0,2.6,2.2,0.8,0.0,0.2,1.0
605612,2023-05-12,1,1,0,0,0,0,0,0,0,0,2.8333333333333335,2.3333333333333335,0.8333333333333334,0.0,0.16666666666666666,1.1666666666666667
605612,2023-05-14,3,3,0,0,2,0,0,0,0,1,2.5714285714285716,2.142857142857143,0.7142857142857143,0.0,0.14285714285714285,1.0
605612,2023-05-15,4,4,3,0,0,4,0,1,1,0,2.625,2.25,0.625,0.0,0.375,0.875
605612,2023-05-16,1,1,1,0,0,1,0,1,0,0,2.7777777777777777,2.4444444444444446,0.8888888888888888,0.0,0.3333333333333333,1.2222222222222223
605612,2023-05-17,4,4,2,0,0,3,0,1,1,0,2.6,2.3,0.9,0.0,0.3,1.2
605612,2023-05-20,4,4,2,0,2,3,0,1,1,1,2.8,2.5,1.0,0.0,0.2,1.3
605612,2023-05-22,4,4,0,0,2,0,0,0,0,1,3.1,2.8,1.1,0.0,0.4,1.5
605612,2023-05-23,4,4,1,0,1,1,0,1,0,1,3.2,2.9,1.0,0.0,0.6,1.4
605612,2023-05-24,3,3,0,0,0,0,0,0,0,0,3.2,3.1,1.0,0.0,0.7,1.4
605612,2023-05-26,3,3,1,0,0,1,0,1,0,0,3.2,3.1,1.0,0.0,0.7,1.4
605612,2023-05-27,4,4,2,0,0,2,0,1,1,0,3.1,3.1,1.0,0.0,0.7,1.3
605612,2023-05-28,5,5,2,0,2,2,0,1,1,1,3.4,3.4,1.2,0.0,0.7,1.5
605612,2023-05-29,4,4,0,0,1,0,0,0,0,1,3.6,3.6,1.4,0.0,0.7,1.7
605612,2023-05-30,4,4,1,0,1,2,0,1,1,1,3.6,3.6,1.1,0.0,0.8,1.3
606115,2023-05-09,4,4,3,0,0,4,0,1,1,0,3.0,3.0,1.0,0.0,2.0,2.0
606115,2023-05-10,2,2,0,0,2,0,0,0,0,1,3.5,3.5,2.0,0.0,1.0,3.0
606115,2023-05-12,3,3,0,0,1,0,0,0,0,1,3.0,3.0,1.3333333333333333,0.0,1.3333333333333333,2.0
606115,2023-05-13,3,3,1,0,0,2,0,1,1,0,3.0,3.0,1.0,0.0,1.25,1.5
606115,2023-05-14,4,4,1,0,0,1,0,1,0,0,3.0,3.0,1.0,0.0,1.0,1.6
606115,2023-05-15,4,2,2,1,0,6,1,1,1,0,3.1666666666666665,3.1666666666666665,1.0,0.0,0.8333333333333334,1.5
606115,2023-05-16,4,4,2,0,0,3,0,1,1,0,3.2857142857142856,3.0,1.1428571428571428,0.14285714285714285,0.7142857142857143,2.142857142857143
606115,2023-05-17,3,2,1,1,0,4,1,1,1,0,3.375,3.125,1.25,0.125,0.625,2.25
606115,2023-05-19,4,4,1,0,1,1,0,1,0,1,3.3333333333333335,3.0,1.2222222222222223,0.2222222222222222,0.5555555555555556,2.4444444444444446
606115,2023-05-20,3,3,0,0,2,0,0,0,0,1,3.4,3.1,1.2,0.2,0.6,2.3
606115,2023-05-21,3,3,0,0,1,0,0,0,0,1,3.4,3.1,1.1,0.2,0.6,2.1
606115,2023-05-22,3,3,2,0,0,2,0,1,1,0,3.3,3.0,0.8,0.2,0.7,1.7
606115,2023-05-23,3,3,1,0,0,1,0,1,0,0,3.4,3.1,1.0,0.2,0.5,1.9
606115,2023-05-24,3,2,0,0,0,0,0,0,0,0,3.4,3.1,1.1,0.2,0.4,2.0
606115,2023-05-25,4,3,1,0,1,1,0,1,0,1,3.4,3.0,1.0,0.2,0.4,1.8
606115,2023-05-26,4,4,2,0,0,2,0,1,1,0,3.4,2.9,1.0,0.2,0.5,1.8
606115,2023-05-27,3,3,0,0,2,0,0,0,0,1,3.4,3.1,1.0,0.1,0.5,1.4
606115,2023-05-28,4,4,2,0,0,2,0,1,1,0,3.3,3.0,0.8,0.1,0.7,1.1
606115,2023-05-29,4,4,0,0,2,0,0,0,0,1,3.4,3.2,0.9,0.0,0.7,0.9
606115,2023-05-30,3,3,0,0,1,0,0,0,0,1,3.4,3.2,0.8,0.0,0.8,0.8
606115,2023-05-31,4,3,3,0,0,3,0,1,1,0,3.4,3.2,0.8,0.0,0.7,0.8
606132,2023-05-04,5,4,1,0,2,2,0,1,1,1,4.0,4.0,1.0,0.0,1.0,1.0
606132,2023-05-05,4,4,1,0,1,1,0,1,0,1,4.5,4.0,1.0,0.0,1.5,1.5
606132,2023-05-06,4,3,1,0,0,1,0,1,0,0,4.333333333333333,4.0,1.0,0.0,1.3333333333333333,1.3333333333333333
606132,2023-05-07,4,4,1,0,0,1,0,1,0,0,4.25,3.75,1.0,0.0,1.0,1.25
606132,2023-05-10,2,2,1,0,1,2,0,1,1,1,4.2,3.8,1.0,0.0,0.8,1.2
606132,2023-05-12,1,1,0,0,0,0,0,0,0,0,3.8333333333333335,3.5,1.0,0.0,0.8333333333333334,1.3333333333333333
606132,2023-05-13,1,1,0,0,0,0,0,0,0,0,3.4285714285714284,3.142857142857143,0.8571428571428571,0.0,0.7142857142857143,1.1428571428571428
606132,2023-05-15,4,4,1,0,0,1,0,1,0,0,3.125,2.875,0.75,0.0,0.625,1.0
606132,2023-05-17,2,2,1,0,1,1,0,1,0,1,3.2222222222222223,3.0,0.7777777777777778,0.0,0.5555555555555556,1.0
606132,2023-05-20,4,4,1,0,1,1,0,1,0,1,3.1,2.9,0.8,0.0,0.6,1.0
606132,2023-05-21,4,3,2,0,1,2,0,1,1,1,3.1,2.9,0.8,0.0,0.6,1.0
606132,2023-05-22,1,1,0,0,0,0,0,0,0,0,3.0,2.8,0.9,0.0,0.5,1.0
606132,2023-05-24,4,3,1,0,0,1,0,1,0,0,2.7,2.5,0.8,0.0,0.4,0.9
606132,2023-05-26,5,5,2,0,0,2,0,1,1,0,2.7,2.5,0.8,0.0,0.4,0.9
606132,2023-05-27,4,4,0,0,2,0,0,0,0,1,2.8,2.6,0.9,0.0,0.4,1.0
606132,2023-05-28,1,1,0,0,0,0,0,0,0,0,3.0,2.8,0.8,0.0,0.5,0.8
606132,2023-05-30,5,5,3,0,0,6,0,1,1,0,3.0,2.8,0.8,0.0,0.5,0.8
606132,2023-05-31,1,1,0,0,0,0,0,0,0,0,3.4,3.2,1.1,0.0,0.5,1.4
606192,2023-05-03,5,5,2,0,3,3,0,1,1,1,4.0,4.0,0.0,0.0,3.0,0.0
606192,2023-05-04,3,2,1,0,1,2,0,1,1,1,4.5,4.5,1.0,0.0,3.0,1.5
606192,2023-05-05,4,4,2,0,1,2,0,1,1,1,4.0,3.6666666666666665,1.0,0.0,2.3333333333333335,1.6666666666666667
606192,2023-05-06,4,4,1,0,1,1,0,1,0,1,4.0,3.75,1.25,0.0,2.0,1.75
606192,2023-05-07,4,3,1,0,0,1,0,1,0,0,4.0,3.8,1.2,0.0,1.8,1.6
606192,2023-05-08,4,4,1,0,3,1,0,1,0,1,4.0,3.6666666666666665,1.1666666666666667,0.0,1.5,1.5
606192,2023-05-09,4,3,0,0,1,0,0,0,0,1,4.0,3.7142857142857144,1.1428571428571428,0.0,1.7142857142857142,1.4285714285714286
606192,2023-05-10,4,4,0,0,3,0,0,0,0,1,4.0,3.625,1.0,0.0,1.625,1.25
606192,2023-05-12,5,5,1,0,1,1,0,1,0,1,4.0,3.6666666666666665,0.8888888888888888,0.0,1.7777777777777777,1.1111111111111112
606192,2023-05-13,4,4,3,1,1,6,1,1,1,1,4.1,3.8,0.9,0.0,1.7,1.1
606192,2023-05-14,5,4,1,0,2,1,0,1,0,1,4.1,3.8,1.2,0.1,1.5,1.7
606192,2023-05-15,4,3,2,0,1,2,0,1,1,1,4.1,3.7,1.1,0.1,1.4,1.5
606192,2023-05-16,4,4,2,0,0,4,0,1,1,0,4.2,3.8,1.2,0.1,1.4,1.5
606192,2023-05-17,4,4,0,0,3,0,0,0,0,1,4.2,3.8,1.2,0.1,1.3,1.7
606192,2023-05-19,3,3,2,0,1,2,0,1,1,1,4.2,3.8,1.1,0.1,1.5,1.6
606192,2023-05-20,4,3,1,0,1,1,0,1,0,1,4.1,3.8,1.2,0.1,1.6,1.7
606192,2023-05-21,3,3,1,0,1,1,0,1,0,1,4.1,3.7,1.2,0.1,1.4,1.7
606192,2023-05-22,5,5,0,0,3,0,0,0,0,1,4.0,3.7,1.3,0.1,1.4,1.8
606192,2023-05-23,3,3,0,0,1,0,0,0,0,1,4.1,3.8,1.3,0.1,1.4,1.8
606192,2023-05-24,4,4,1,1,2,4,1,1,1,1,3.9,3.6,1.2,0.1,1.4,1.7
606192,2023-05-25,3,3,1,0,0,1,0,1,0,0,3.9,3.6,1.0,0.1,1.5,1.5
606192,2023-05-26,4,4,0,0,1,0,0,0,0,1,3.7,3.5,1.0,0.1,1.3,1.5
606192,2023-05-27,4,4,1,0,1,2,0,1,1,1,3.7,3.6,0.8,0.1,1.3,1.3
606192,2023-05-28,4,4,1,0,2,1,0,1,0,1,3.7,3.6,0.7,0.1,1.4,1.1
606192,2023-05-29,4,4,1,0,1,1,0,1,0,1,3.7,3.6,0.8,0.1,1.3,1.2
606192,2023-05-30,5,4,1,0,1,2,0,1,1,1,3.8,3.7,0.7,0.1,1.3,1.1
606192,2023-05-31,3,3,0,0,1,0,0,0,0,1,3.9,3.8,0.7,0.1,1.3,1.2
606466,2023-05-03,5,3,1,1,1,4,1,1,1,1,5.0,3.0,2.0,1.0,0.0,5.0
606466,2023-05-05,4,2,0,0,0,0,0,0,0,0,5.0,3.0,1.5,1.0,0.5,4.5
606466,2023-05-06,5,5,1,0,1,1,0,1,0,1,4.666666666666667,2.6666666666666665,1.0,0.6666666666666666,0.3333333333333333,3.0
606466,2023-05-07,5,4,2,0,1,4,0,1,1,1,4.75,3.25,1.0,0.5,0.5,2.5
606466,2023-05-08,5,5,1,0,0,1,0,1,0,0,4.8,3.4,1.2,0.4,0.6,2.8
606466,2023-05-09,5,5,1,0,1,2,0,1,1,1,4.833333333333333,3.6666666666666665,1.1666666666666667,0.3333333333333333,0.5,2.5
606466,2023-05-10,5,3,1,0,2,1,0,1,0,1,4.857142857142857,3.857142857142857,1.1428571428571428,0.2857142857142857,0.5714285714285714,2.4285714285714284
606466,2023-05-11,3,3,1,0,0,1,0,1,0,0,4.875,3.75,1.125,0.25,0.75,2.25
606466,2023-05-12,5,4,1,0,1,1,0,1,0,1,4.666666666666667,3.6666666666666665,1.1111111111111112,0.2222222222222222,0.6666666666666666,2.111111111111111
606466,2023-05-13,4,4,2,0,0,2,0,1,1,0,4.7,3.7,1.1,0.2,0.7,2.0
606466,2023-05-14,4,3,0,0,1,0,0,0,0,1,4.6,3.8,1.1,0.1,0.7,1.7
606466,2023-05-15,5,5,1,0,2,1,0,1,0,1,4.5,3.8,1.0,0.0,0.7,1.3
606466,2023-05-16,7,7,3,0,2,3,0,1,1,1,4.6,4.1,1.1,0.0,0.9,1.4
606466,2023-05-17,2,2,2,0,0,2,0,1,1,0,4.8,4.3,1.3,0.0,1.0,1.6
606466,2023-05-19,4,2,0,0,0,0,0,0,0,0,4.5,4.1,1.3,0.0,0.9,1.4
606466,2023-05-20,4,4,2,1,1,5,1,1,1,1,4.4,3.8,1.2,0.0,0.9,1.3
606466,2023-05-21,4,4,1,0,1,1,0,1,0,1,4.3,3.7,1.3,0.1,0.9,1.6
606466,2023-05-22,4,3,1,0,2,1,0,1,0,1,4.2,3.8,1.3,0.1,0.8,1.6
606466,2023-05-23,5,5,1,0,1,3,0,1,1,1,4.3,3.8,1.3,0.1,1.0,1.6
606466,2023-05-24,5,5,2,0,0,2,0,1,1,0,4.3,3.9,1.3,0.1,1.0,1.8
606466,2023-05-26,3,3,1,0,0,1,0,1,0,0,4.4,4.0,1.3,0.1,1.0,1.8
606466,2023-05-27,4,4,1,1,1,4,1,1,1,1,4.3,4.0,1.4,0.1,0.9,1.9
606466,2023-05-28,4,4,2,0,1,2,0,1,1,1,4.2,3.9,1.4,0.2,0.8,2.2
606466,2023-05-30,4,4,1,1,0,4,1,1,1,0,3.9,3.6,1.3,0.2,0.7,2.1
606466,2023-05-31,5,5,1,0,1,1,0,1,0,1,4.1,3.8,1.2,0.3,0.7,2.3
606992,2023-05-04,3,3,1,0,0,1,0,1,0,0,8.0,8.0,4.0,2.0,3.0,11.0
606992,2023-05-05,5,4,1,0,2,1,0,1,0,1,5.5,5.5,2.5,1.0,1.5,6.0
606992,2023-05-06,5,4,1,0,2,1,0,1,0,1,5.333333333333333,5.0,2.0,0.6666666666666666,1.6666666666666667,4.333333333333333
606992,2023-05-07,3,3,1,0,0,1,0,1,0,0,5.25,4.75,1.75,0.5,1.75,3.5
606992,2023-05-08,4,4,3,0,0,3,0,1,1,0,4.8,4.4,1.6,0.4,1.4,3.0
606992,2023-05-09,1,1,0,0,1,0,0,0,0,1,4.666666666666667,4.333333333333333,1.8333333333333333,0.3333333333333333,1.1666666666666667,3.0
606992,2023-05-12,3,3,0,0,0,0,0,0,0,0,4.142857142857143,3.857142857142857,1.5714285714285714,0.2857142857142857,1.1428571428571428,2.5714285714285716
606992,2023-05-13,3,3,0,0,1,0,0,0,0,1,4.0,3.75,1.375,0.25,1.0,2.25
606992,2023-05-16,4,4,1,0,0,1,0,1,0,0,3.888888888888889,3.6666666666666665,1.2222222222222223,0.2222222222222222,1.0,2.0
606992,2023-05-17,3,3,0,0,3,0,0,0,0,1,3.9,3.7,1.2,0.2,0.9,1.9
606992,2023-05-19,4,3,0,0,1,0,0,0,0,1,3.4,3.2,0.8,0.0,0.9,0.8
606992,2023-05-20,3,3,1,0,1,1,0,1,0,1,3.5,3.2,0.7,0.0,1.0,0.7
606992,2023-05-22,5,5,0,0,1,0,0,0,0,1,3.3,3.1,0.7,0.0,0.9,0.7
606992,2023-05-23,1,1,0,0,1,0,0,0,0,1,3.3,3.2,0.6,0.0,0.8,0.6
606992,2023-05-24,4,3,1,0,0,1,0,1,0,0,3.1,3.0,0.5,0.0,0.9,0.5
606992,2023-05-25,5,4,1,0,2,2,0,1,1,1,3.1,2.9,0.3,0.0,0.9,0.3
606992,2023-05-27,4,4,1,0,0,1,0,1,0,0,3.5,3.2,0.4,0.0,1.0,0.5
606992,2023-05-28,5,4,0,0,2,0,0,0,0,1,3.6,3.3,0.5,0.0,1.0,0.6
606992,2023-05-29,3,2,0,0,0,0,0,0,0,0,3.8,3.4,0.5,0.0,1.1,0.6
606992,2023-05-30,4,3,0,0,2,0,0,0,0,1,3.7,3.2,0.4,0.0,1.1,0.5
606992,2023-05-31,1,1,0,0,0,0,0,0,0,0,3.8,3.2,0.4,0.0,1.0,0.5
607043,2023-05-03,9,9,1,0,3,2,0,1,1,1,9.0,9.0,2.0,0.0,4.0,4.0
607043,2023-05-04,4,4,1,0,1,1,0,1,0,1,9.0,9.0,1.5,0.0,3.5,3.0
607043,2023-05-05,4,3,2,1,1,6,1,1,1,1,7.333333333333333,7.333333333333333,1.3333333333333333,0.0,2.6666666666666665,2.3333333333333335
607043,2023-05-06,4,4,2,0,1,2,0,1,1,1,6.5,6.25,1.5,0.25,2.25,3.25
607043,2023-05-07,5,3,0,0,1,0,0,0,0,1,6.0,5.8,1.6,0.2,2.0,3.0
607043,2023-05-09,5,4,0,0,1,0,0,0,0,1,5.833333333333333,5.333333333333333,1.3333333333333333,0.16666666666666666,1.8333333333333333,2.5
607043,2023-05-10,5,5,3,0,1,3,0,1,1,1,5.714285714285714,5.142857142857143,1.1428571428571428,0.14285714285714285,1.7142857142857142,2.142857142857143
607043,2023-05-11,4,3,1,0,1,1,0,1,0,1,5.625,5.125,1.375,0.125,1.625,2.25
607043,2023-05-12,5,4,2,0,0,2,0,1,1,0,5.444444444444445,4.888888888888889,1.3333333333333333,0.1111111111111111,1.5555555555555556,2.111111111111111
607043,2023-05-13,5,4,2,0,1,3,0,1,1,1,5.4,4.8,1.4,0.1,1.4,2.1
607043,2023-05-14,4,4,1,0,0,1,0,1,0,0,5.0,4.3,1.4,0.1,1.1,2.0
607043,2023-05-15,5,5,1,0,1,1,0,1,0,1,4.5,3.8,1.4,0.1,0.8,1.9
607043,2023-05-16,4,4,0,0,1,0,0,0,0,1,4.6,3.9,1.4,0.1,0.8,1.9
607043,2023-05-17,5,5,0,0,2,0,0,0,0,1,4.6,4.0,1.2,0.0,0.8,1.3
607043,2023-05-18,4,4,1,0,1,1,0,1,0,1,4.7,4.1,1.0,0.0,0.9,1.1
607043,2023-05-19,6,5,1,0,2,1,0,1,0,1,4.6,4.2,1.1,0.0,0.9,1.2
607043,2023-05-21,9,9,2,1,1,5,1,1,1,1,4.7,4.3,1.2,0.0,1.0,1.3
607043,2023-05-23,4,4,3,0,1,4,0,1,1,1,5.1,4.7,1.1,0.1,1.0,1.5
607043,2023-05-24,3,3,0,0,2,0,0,0,0,1,5.1,4.8,1.3,0.1,1.0,1.8
607043,2023-05-25,6,6,2,0,2,4,0,1,1,1,4.9,4.7,1.1,0.1,1.2,1.6
607043,2023-05-26,5,2,2,0,0,6,0,1,1,0,5.0,4.9,1.1,0.1,1.3,1.7
607043,2023-05-27,5,5,1,0,1,1,0,1,0,1,5.1,4.7,1.2,0.1,1.3,2.2
607043,2023-05-28,5,3,2,0,1,2,0,1,1,1,5.1,4.7,1.2,0.1,1.3,2.2
607043,2023-05-30,4,4,0,0,1,0,0,0,0,1,5.2,4.6,1.4,0.1,1.3,2.4
607043,2023-05-31,4,4,0,0,2,0,0,0,0,1,5.1,4.5,1.4,0.1,1.2,2.4
607054,2023-05-03,4,4,1,0,1,1,0,1,0,1,4.0,4.0,1.0,0.0,2.0,1.0
607054,2023-05-04,3,3,0,0,1,0,0,0,0,1,4.0,4.0,1.0,0.0,1.5,1.0
607054,2023-05-05,4,4,0,0,1,0,0,0,0,1,3.6666666666666665,3.6666666666666665,0.6666666666666666,0.0,1.3333333333333333,0.6666666666666666
607054,2023-05-06,3,2,1,0,0,1,0,1,0,0,3.75,3.75,0.5,0.0,1.25,0.5
607054,2023-05-08,2,1,1,0,0,1,0,1,0,0,3.6,3.4,0.6,0.0,1.0,0.6
607054,2023-05-09,4,4,1,0,2,1,0,1,0,1,3.3333333333333335,3.0,0.6666666666666666,0.0,0.8333333333333334,0.6666666666666666
607054,2023-05-10,4,4,2,1,1,5,1,1,1,1,3.4285714285714284,3.142857142857143,0.7142857142857143,0.0,1.0,0.7142857142857143
607054,2023-05-11,3,3,0,0,1,0,0,0,0,1,3.5,3.25,0.875,0.125,1.0,1.25
607054,2023-05-12,3,2,0,0,2,0,0,0,0,1,3.4444444444444446,3.2222222222222223,0.7777777777777778,0.1111111111111111,1.0,1.1111111111111112
607054,2023-05-13,3,2,1,0,0,1,0,1,0,0,3.4,3.1,0.7,0.1,1.1,1.0
607054,2023-05-15,3,3,1,1,1,4,1,1,1,1,3.3,2.9,0.7,0.1,0.9,1.0
607054,2023-05-16,2,2,0,0,1,0,0,0,0,1,3.2,2.8,0.7,0.2,0.9,1.3
607054,2023-05-17,4,2,1,0,0,1,0,1,0,0,3.1,2.7,0.7,0.2,0.9,1.3
607054,2023-05-19,4,4,1,0,0,1,0,1,0,0,3.1,2.5,0.8,0.2,0.8,1.4
607054,2023-05-20,4,4,1,0,2,1,0,1,0,1,3.2,2.7,0.8,0.2,0.8,1.4
607054,2023-05-22,4,4,0,0,2,0,0,0,0,1,3.4,3.0,0.8,0.2,1.0,1.4
607054,2023-05-23,3,3,0,0,1,0,0,0,0,1,3.4,3.0,0.7,0.2,1.0,1.3
607054,2023-05-24,3,3,1,0,1,1,0,1,0,1,3.3,2.9,0.5,0.1,1.0,0.8
607054,2023-05-25,3,3,0,0,1,0,0,0,0,1,3.3,2.9,0.6,0.1,1.0,0.9
607054,2023-05-26,3,3,0,0,1,0,0,0,0,1,3.3,3.0,0.6,0.1,0.9,0.9
607054,2023-05-28,4,3,0,0,1,0,0,0,0,1,3.3,3.1,0.5,0.1,1.0,0.8
607054,2023-05-29,4,4,1,0,0,1,0,1,0,0,3.4,3.1,0.4,0.0,1.0,0.4
607054,2023-05-30,1,1,0,0,1,0,0,0,0,1,3.6,3.3,0.5,0.0,0.9,0.5
607054,2023-05-31,3,2,0,0,0,0,0,0,0,0,3.3,3.2,0.4,0.0,1.0,0.4
607208,2023-05-02,4,3,1,1,1,4,1,1,1,1,4.0,4.0,1.0,0.0,1.0,1.0
607208,2023-05-03,5,5,1,0,1,2,0,1,1,1,4.0,3.5,1.0,0.5,1.0,2.5
607208,2023-05-05,4,4,1,0,2,1,0,1,0,1,4.333333333333333,4.0,1.0,0.3333333333333333,1.0,2.3333333333333335
607208,2023-05-06,5,5,2,1,1,6,1,1,1,1,4.25,4.0,1.0,0.25,1.25,2.0
607208,2023-05-07,4,3,1,0,1,1,0,1,0,1,4.4,4.2,1.2,0.4,1.2,2.8
607208,2023-05-09,4,4,1,0,2,1,0,1,0,1,4.333333333333333,4.0,1.1666666666666667,0.3333333333333333,1.1666666666666667,2.5
607208,2023-05-10,5,4,1,0,2,2,0,1,1,1,4.285714285714286,4.0,1.1428571428571428,0.2857142857142857,1.2857142857142858,2.2857142857142856
607208,2023-05-12,4,4,1,0,2,2,0,1,1,1,4.375,4.0,1.125,0.25,1.375,2.25
607208,2023-05-13,5,3,0,0,0,0,0,0,0,0,4.333333333333333,4.0,1.1111111111111112,0.2222222222222222,1.4444444444444444,2.2222222222222223
607208,2023-05-14,4,4,2,0,1,2,0,1,1,1,4.4,3.9,1.0,0.2,1.3,2.0
607208,2023-05-15,5,5,1,0,2,2,0,1,1,1,4.4,3.9,1.1,0.2,1.3,2.1
607208,2023-05-16,5,5,1,0,2,1,0,1,0,1,4.5,4.1,1.1,0.1,1.4,1.9
607208,2023-05-17,5,5,2,0,2,2,0,1,1,1,4.5,4.1,1.1,0.1,1.5,1.8
607208,2023-05-19,4,4,0,0,1,0,0,0,0,1,4.6,4.2,1.2,0.1,1.5,1.9
607208,2023-05-21,4,4,1,0,2,2,0,1,1,1,4.5,4.1,1.0,0.0,1.5,1.3
607208,2023-05-22,5,4,1,0,1,1,0,1,0,1,4.5,4.2,1.0,0.0,1.6,1.4
607208,2023-05-23,4,4,0,0,1,0,0,0,0,1,4.6,4.2,1.0,0.0,1.5,1.4
607208,2023-05-24,5,5,1,1,1,4,1,1,1,1,4.5,4.2,0.9,0.0,1.4,1.2
607208,2023-05-25,5,5,0,0,0,0,0,0,0,0,4.6,4.3,0.9,0.1,1.3,1.4
607208,2023-05-26,5,4,1,0,0,2,0,1,1,0,4.6,4.5,0.9,0.1,1.3,1.4
607208,2023-05-27,5,5,2,0,1,3,0,1,1,1,4.7,4.5,0.8,0.1,1.2,1.4
607208,2023-05-28,4,4,0,0,0,0,0,0,0,0,4.7,4.5,0.9,0.1,1.1,1.5
607208,2023-05-30,3,3,0,0,0,0,0,0,0,0,4.6,4.4,0.8,0.1,0.9,1.4
607208,2023-05-31,4,4,0,0,0,0,0,0,0,0,4.4,4.2,0.6,0.1,0.7,1.2
607680,2023-05-03,5,5,3,0,1,3,0,1,1,1,7.0,7.0,1.0,1.0,2.0,4.0
607680,2023-05-04,4,3,1,0,0,1,0,1,0,0,6.0,6.0,2.0,0.5,1.5,3.5
607680,2023-05-06,1,1,1,1,0,4,1,1,1,0,5.333333333333333,5.0,1.6666666666666667,0.3333333333333333,1.0,2.6666666666666665
607680,2023-05-07,1,1,0,0,1,0,0,0,0,1,4.25,4.0,1.5,0.5,0.75,3.0
607680,2023-05-14,4,3,1,1,1,4,1,1,1,1,3.6,3.4,1.2,0.4,0.8,2.4
607680,2023-05-15,5,5,2,1,0,5,1,1,1,0,3.6666666666666665,3.3333333333333335,1.1666666666666667,0.5,0.8333333333333334,2.6666666666666665
607680,2023-05-16,2,2,0,0,1,0,0,0,0,1,3.857142857142857,3.5714285714285716,1.2857142857142858,0.5714285714285714,0.7142857142857143,3.0
607680,2023-05-17,1,1,0,0,0,0,0,0,0,0,3.625,3.375,1.125,0.5,0.75,2.625
607680,2023-05-19,1,1,0,0,0,0,0,0,0,0,3.3333333333333335,3.111111111111111,1.0,0.4444444444444444,0.6666666666666666,2.3333333333333335
607680,2023-05-21,1,1,0,0,1,0,0,0,0,1,3.1,2.9,0.9,0.4,0.6,2.1
607680,2023-05-23,1,1,0,0,0,0,0,0,0,0,2.5,2.3,0.8,0.3,0.5,1.7
607680,2023-05-25,1,1,0,0,1,0,0,0,0,1,2.1,1.9,0.5,0.3,0.4,1.4
607680,2023-05-26,1,1,0,0,0,0,0,0,0,0,1.8,1.7,0.4,0.3,0.5,1.3
607680,2023-05-28,1,1,0,0,1,0,0,0,0,1,1.8,1.7,0.3,0.2,0.5,0.9
607680,2023-05-30,3,3,2,1,0,6,1,1,1,0,1.8,1.7,0.3,0.2,0.5,0.9
607680,2023-05-31,1,1,0,0,1,0,0,0,0,1,1.7,1.7,0.4,0.2,0.4,1.1
607732,2023-05-05,2,2,0,0,0,0,0,0,0,0,3.0,3.0,0.0,0.0,1.0,0.0
607732,2023-05-07,2,2,0,0,0,0,0,0,0,0,2.5,2.5,0.0,0.0,0.5,0.0
607732,2023-05-10,3,3,0,0,1,0,0,0,0,1,2.3333333333333335,2.3333333333333335,0.0,0.0,0.3333333333333333,0.0
607732,2023-05-12,3,3,1,0,0,1,0,1,0,0,2.5,2.5,0.0,0.0,0.5,0.0
607732,2023-05-13,4,4,0,0,1,0,0,0,0,1,2.6,2.6,0.2,0.0,0.4,0.2
607732,2023-05-17,3,3,1,0,2,1,0,1,0,1,2.8333333333333335,2.8333333333333335,0.16666666666666666,0.0,0.5,0.16666666666666666
607732,2023-05-19,3,3,0,0,1,0,0,0,0,1,2.857142857142857,2.857142857142857,0.2857142857142857,0.0,0.7142857142857143,0.2857142857142857
607732,2023-05-22,4,3,1,0,0,1,0,1,0,0,2.875,2.875,0.25,0.0,0.75,0.25
607732,2023-05-24,4,3,2,0,1,4,0,1,1,1,3.0,2.888888888888889,0.3333333333333333,0.0,0.6666666666666666,0.3333333333333333
607732,2023-05-27,5,4,1,0,2,1,0,1,0,1,3.1,2.9,0.5,0.0,0.7,0.7
607732,2023-05-30,3,2,0,0,1,0,0,0,0,1,3.3,3.0,0.6,0.0,0.8,0.8
608070,2023-05-02,5,4,2,0,0,2,0,1,1,0,4.0,4.0,1.0,0.0,0.0,1.0
608070,2023-05-03,3,3,1,0,0,1,0,1,0,0,4.5,4.0,1.5,0.0,0.0,1.5
608070,2023-05-05,4,4,1,0,0,1,0,1,0,0,4.0,3.6666666666666665,1.3333333333333333,0.0,0.0,1.3333333333333333
608070,2023-05-06,4,4,1,0,0,1,0,1,0,0,4.0,3.75,1.25,0.0,0.0,1.25
608070,2023-05-07,4,4,1,0,0,1,0,1,0,0,4.0,3.8,1.2,0.0,0.0,1.2
608070,2023-05-08,3,3,1,1,0,4,1,1,1,0,4.0,3.8333333333333335,1.1666666666666667,0.0,0.0,1.1666666666666667
608070,2023-05-09,3,2,0,0,1,0,0,0,0,1,3.857142857142857,3.7142857142857144,1.1428571428571428,0.14285714285714285,0.0,1.5714285714285714
608070,2023-05-10,4,4,0,0,0,0,0,0,0,0,3.75,3.5,1.0,0.125,0.125,1.375
608070,2023-05-12,4,3,2,0,0,3,0,1,1,0,3.7777777777777777,3.5555555555555554,0.8888888888888888,0.1111111111111111,0.1111111111111111,1.2222222222222223
608070,2023-05-13,4,4,2,0,1,3,0,1,1,1,3.8,3.5,1.0,0.1,0.1,1.4
608070,2023-05-14,3,3,1,0,0,2,0,1,1,0,3.8,3.5,1.1,0.1,0.2,1.6
608070,2023-05-19,5,3,0,0,0,0,0,0,0,0,3.6,3.4,1.0,0.1,0.2,1.6
608070,2023-05-21,7,6,2,2,0,8,1,1,1,0,3.8,3.4,0.9,0.1,0.2,1.5
608070,2023-05-22,3,3,0,0,0,0,0,0,0,0,4.1,3.6,1.0,0.3,0.2,2.2
608070,2023-05-23,4,4,1,0,0,3,0,1,1,0,4.0,3.5,0.9,0.3,0.2,2.1
608070,2023-05-24,4,4,0,0,1,0,0,0,0,1,4.0,3.5,0.9,0.3,0.2,2.3
608070,2023-05-26,4,4,1,0,0,1,0,1,0,0,4.1,3.6,0.8,0.2,0.3,1.9
608070,2023-05-27,5,5,2,0,2,2,0,1,1,1,4.2,3.8,0.9,0.2,0.2,2.0
608070,2023-05-28,5,5,2,0,0,3,0,1,1,0,4.3,3.9,1.1,0.2,0.4,2.2
608070,2023-05-29,4,4,1,0,1,2,0,1,1,1,4.4,4.1,1.1,0.2,0.4,2.2
608070,2023-05-30,5,5,1,0,0,1,0,1,0,0,4.4,4.1,1.0,0.2,0.4,2.1
608070,2023-05-31,6,6,3,0,1,5,0,1,1,1,4.6,4.3,1.0,0.2,0.4,2.0
608324,2023-05-02,4,4,0,0,1,0,0,0,0,1,5.0,5.0,1.0,0.0,0.0,1.0
608324,2023-05-03,3,3,1,1,0,4,1,1,1,0,4.5,4.5,0.5,0.0,0.5,0.5
608324,2023-05-05,4,2,0,0,0,0,0,0,0,0,4.0,4.0,0.6666666666666666,0.3333333333333333,0.3333333333333333,1.6666666666666667
608324,2023-05-06,4,4,0,0,0,0,0,0,0,0,4.0,3.5,0.5,0.25,0.25,1.25
608324,2023-05-07,4,4,0,0,1,0,0,0,0,1,4.0,3.6,0.4,0.2,0.2,1.0
608324,2023-05-08,4,4,2,0,0,4,0,1,1,0,4.0,3.6666666666666665,0.3333333333333333,0.16666666666666666,0.3333333333333333,0.8333333333333334
608324,2023-05-09,3,3,2,0,0,2,0,1,1,0,4.0,3.7142857142857144,0.5714285714285714,0.14285714285714285,0.2857142857142857,1.2857142857142858
608324,2023-05-10,4,3,0,0,0,0,0,0,0,0,3.875,3.625,0.75,0.125,0.25,1.375
608324,2023-05-12,5,4,0,0,0,0,0,0,0,0,3.888888888888889,3.5555555555555554,0.6666666666666666,0.1111111111111111,0.2222222222222222,1.2222222222222223
608324,2023-05-13,4,4,1,0,0,1,0,1,0,0,4.0,3.6,0.6,0.1,0.2,1.1
608324,2023-05-14,4,4,1,0,0,1,0,1,0,0,3.9,3.5,0.6,0.1,0.2,1.1
608324,2023-05-15,4,4,2,1,0,5,1,1,1,0,3.9,3.5,0.7,0.1,0.1,1.2
608324,2023-05-16,4,1,0,0,0,0,0,0,0,0,4.0,3.6,0.8,0.1,0.1,1.3
608324,2023-05-17,4,4,3,1,1,7,1,1,1,1,4.0,3.5,0.8,0.1,0.1,1.3
608324,2023-05-19,5,5,1,0,1,1,0,1,0,1,4.0,3.5,1.1,0.2,0.2,2.0
608324,2023-05-20,4,4,1,0,0,1,0,1,0,0,4.1,3.6,1.2,0.2,0.2,2.1
608324,2023-05-21,3,3,0,0,1,0,0,0,0,1,4.1,3.6,1.1,0.2,0.2,1.8
608324,2023-05-22,6,6,2,0,0,2,0,1,1,0,4.1,3.6,0.9,0.2,0.3,1.6
608324,2023-05-23,4,3,0,0,2,0,0,0,0,1,4.3,3.9,1.1,0.2,0.3,1.8
608324,2023-05-24,4,4,1,0,0,2,0,1,1,0,4.2,3.8,1.1,0.2,0.5,1.8
608324,2023-05-26,4,4,2,0,0,2,0,1,1,0,4.2,3.8,1.1,0.2,0.5,1.9
608324,2023-05-27,4,4,3,0,0,4,0,1,1,0,4.2,3.8,1.2,0.2,0.5,2.0
608324,2023-05-28,5,5,1,0,1,1,0,1,0,1,4.2,3.8,1.3,0.1,0.5,1.9
608324,2023-05-29,3,3,1,0,1,1,0,1,0,1,4.3,4.2,1.4,0.1,0.6,2.0
608324,2023-05-30,4,4,2,1,1,5,1,1,1,1,4.2,4.1,1.2,0.0,0.6,1.4
608324,2023-05-31,4,4,2,0,1,2,0,1,1,1,4.1,4.0,1.3,0.1,0.6,1.8
608336,2023-05-03,2,2,0,0,0,0,0,0,0,0,4.0,4.0,0.0,0.0,2.0,0.0
608336,2023-05-04,5,2,0,0,0,0,0,0,0,0,3.0,3.0,0.0,0.0,1.0,0.0
608336,2023-05-05,4,4,0,0,2,0,0,0,0,1,3.6666666666666665,2.6666666666666665,0.0,0.0,0.6666666666666666,0.0
608336,2023-05-06,1,1,0,0,1,0,0,0,0,1,3.75,3.0,0.0,0.0,1.0,0.0
608336,2023-05-07,4,2,0,0,1,0,0,0,0,1,3.2,2.6,0.0,0.0,1.0,0.0
608336,2023-05-09,4,4,1,0,1,1,0,1,0,1,3.3333333333333335,2.5,0.0,0.0,1.0,0.0
608336,2023-05-10,2,2,0,0,2,0,0,0,0,1,3.4285714285714284,2.7142857142857144,0.14285714285714285,0.0,1.0,0.14285714285714285
608336,2023-05-11,4,3,2,0,1,3,0,1,1,1,3.25,2.625,0.125,0.0,1.125,0.125
608336,2023-05-12,1,1,0,0,1,0,0,0,0,1,3.3333333333333335,2.6666666666666665,0.3333333333333333,0.0,1.1111111111111112,0.4444444444444444
608336,2023-05-13,5,5,2,1,1,6,1,1,1,1,3.1,2.5,0.3,0.0,1.1,0.4
608336,2023-05-14,5,5,1,1,0,4,1,1,1,0,3.2,2.6,0.5,0.1,1.0,1.0
608336,2023-05-15,3,3,0,0,1,0,0,0,0,1,3.5,2.9,0.6,0.2,1.0,1.4
608336,2023-05-16,4,4,2,0,1,2,0,1,1,1,3.3,3.0,0.6,0.2,1.1,1.4
608336,2023-05-17,4,4,1,1,2,4,1,1,1,1,3.3,3.0,0.8,0.2,1.0,1.6
608336,2023-05-19,1,1,0,0,1,0,0,0,0,1,3.6,3.3,0.9,0.3,1.1,2.0
608336,2023-05-20,4,4,1,1,2,4,1,1,1,1,3.3,3.2,0.9,0.3,1.1,2.0
608336,2023-05-21,4,2,0,0,2,0,0,0,0,1,3.3,3.2,0.9,0.4,1.2,2.3
608336,2023-05-22,3,3,0,0,2,0,0,0,0,1,3.5,3.2,0.9,0.4,1.2,2.3
608336,2023-05-23,3,2,1,0,0,1,0,1,0,0,3.4,3.2,0.7,0.4,1.3,2.0
608336,2023-05-26,2,0,0,0,0,0,0,0,0,0,3.6,3.3,0.8,0.4,1.2,2.1
608336,2023-05-27,5,4,0,0,4,0,0,0,0,1,3.3,2.8,0.6,0.3,1.1,1.5
608336,2023-05-28,4,3,1,0,2,1,0,1,0,1,3.3,2.7,0.5,0.2,1.5,1.1
608336,2023-05-29,6,5,1,0,3,1,0,1,0,1,3.4,2.7,0.6,0.2,1.6,1.2
608336,2023-05-30,5,4,0,0,2,0,0,0,0,1,3.6,2.8,0.5,0.2,1.8,1.1
608336,2023-05-31,5,4,0,0,3,0,0,0,0,1,3.7,2.8,0.4,0.1,1.8,0.7
608369,2023-05-19,4,4,1,0,0,2,0,1,1,0,4.0,3.0,0.0,0.0,1.0,0.0
608369,2023-05-20,4,4,3,1,0,7,1,1,1,0,4.0,3.5,0.5,0.0,0.5,1.0
608369,2023-05-21,5,5,3,1,2,7,1,1,1,1,4.0,3.6666666666666665,1.3333333333333333,0.3333333333333333,0.3333333333333333,3.0
608369,2023-05-22,4,3,0,0,3,0,0,0,0,1,4.25,4.0,1.75,0.5,0.75,4.0
608369,2023-05-23,4,4,1,0,1,1,0,1,0,1,4.2,3.8,1.4,0.4,1.2,3.2
608369,2023-05-24,5,4,1,0,1,1,0,1,0,1,4.166666666666667,3.8333333333333335,1.3333333333333333,0.3333333333333333,1.1666666666666667,2.8333333333333335
608369,2023-05-26,5,4,1,1,1,4,1,1,1,1,4.285714285714286,3.857142857142857,1.2857142857142858,0.2857142857142857,1.1428571428571428,2.5714285714285716
608369,2023-05-27,5,5,1,0,1,1,0,1,0,1,4.375,3.875,1.25,0.375,1.125,2.75
608369,2023-05-28,3,3,1,0,1,2,0,1,1,1,4.444444444444445,4.0,1.2222222222222223,0.3333333333333333,1.1111111111111112,2.5555555555555554
608369,2023-05-29,4,4,2,1,0,5,1,1,1,0,4.3,3.9,1.2,0.3,1.1,2.5
608369,2023-05-30,5,5,0,0,0,0,0,0,0,0,4.3,4.0,1.4,0.4,1.0,3.0
608369,2023-05-31,5,5,2,0,1,2,0,1,1,1,4.4,4.1,1.3,0.4,1.0,2.8
608385,2023-05-03,1,1,0,0,0,0,0,0,0,0,4.0,3.0,2.0,0.0,1.0,2.0
608385,2023-05-04,5,5,2,0,1,2,0,1,1,1,2.5,2.0,1.0,0.0,0.5,1.0
608385,2023-05-05,1,0,0,0,0,0,0,0,0,0,3.3333333333333335,3.0,1.3333333333333333,0.0,0.6666666666666666,1.3333333333333333
608385,2023-05-06,4,3,0,0,0,0,0,0,0,0,2.75,2.25,1.0,0.0,0.5,1.0
608385,2023-05-07,5,4,1,0,2,1,0,1,0,1,3.0,2.4,0.8,0.0,0.4,0.8
608385,2023-05-08,4,3,0,0,1,0,0,0,0,1,3.3333333333333335,2.6666666666666665,0.8333333333333334,0.0,0.6666666666666666,0.8333333333333334
608385,2023-05-09,2,1,0,0,1,0,0,0,0,1,3.4285714285714284,2.7142857142857144,0.7142857142857143,0.0,0.7142857142857143,0.7142857142857143
608385,2023-05-10,1,1,0,0,1,0,0,0,0,1,3.25,2.5,0.625,0.0,0.75,0.625
608385,2023-05-13,2,2,0,0,1,0,0,0,0,1,3.0,2.3333333333333335,0.5555555555555556,0.0,0.7777777777777778,0.5555555555555556
608385,2023-05-14,3,2,0,0,1,0,0,0,0,1,2.9,2.3,0.5,0.0,0.8,0.5
608385,2023-05-15,4,4,2,0,1,2,0,1,1,1,2.8,2.2,0.3,0.0,0.8,0.3
608385,2023-05-16,1,1,0,0,0,0,0,0,0,0,3.1,2.5,0.5,0.0,0.9,0.5
608385,2023-05-17,2,1,1,0,0,1,0,1,0,0,2.7,2.1,0.3,0.0,0.8,0.3
608385,2023-05-19,1,1,1,0,0,1,0,1,0,0,2.8,2.2,0.4,0.0,0.8,0.4
608385,2023-05-20,4,4,0,0,2,0,0,0,0,1,2.5,2.0,0.5,0.0,0.8,0.5
608385,2023-05-22,4,3,0,0,1,0,0,0,0,1,2.4,2.0,0.4,0.0,0.8,0.4
608385,2023-05-23,4,4,1,0,2,1,0,1,0,1,2.4,2.0,0.4,0.0,0.8,0.4
608385,2023-05-24,3,3,0,0,0,0,0,0,0,0,2.6,2.3,0.5,0.0,0.9,0.5
608385,2023-05-25,3,3,0,0,1,0,0,0,0,1,2.8,2.5,0.5,0.0,0.8,0.5
608385,2023-05-26,2,2,0,0,1,0,0,0,0,1,2.9,2.6,0.5,0.0,0.8,0.5
608385,2023-05-27,4,4,0,0,2,0,0,0,0,1,2.8,2.6,0.5,0.0,0.8,0.5
608596,2023-05-06,3,3,2,0,1,3,0,1,1,1,2.0,2.0,0.0,0.0,0.0,0.0
608596,2023-05-09,4,3,2,1,1,6,1,1,1,1,2.5,2.5,1.0,0.0,0.5,1.5
608596,2023-05-12,4,3,1,0,0,2,0,1,1,0,3.0,2.6666666666666665,1.3333333333333333,0.3333333333333333,0.6666666666666666,3.0
608596,2023-05-14,3,3,0,0,1,0,0,0,0,1,3.25,2.75,1.25,0.25,0.5,2.75
608596,2023-05-20,3,3,1,0,2,1,0,1,0,1,3.2,2.8,1.0,0.2,0.6,2.2
608596,2023-05-21,2,2,0,0,0,0,0,0,0,0,3.1666666666666665,2.8333333333333335,1.0,0.16666666666666666,0.8333333333333334,2.0
608596,2023-05-23,3,3,1,0,0,2,0,1,1,0,3.0,2.7142857142857144,0.8571428571428571,0.14285714285714285,0.7142857142857143,1.7142857142857142
608596,2023-05-25,3,3,0,0,1,0,0,0,0,1,3.0,2.75,0.875,0.125,0.625,1.75
608596,2023-05-28,3,2,0,0,1,0,0,0,0,1,3.0,2.7777777777777777,0.7777777777777778,0.1111111111111111,0.6666666666666666,1.5555555555555556
608596,2023-05-30,2,1,1,0,0,2,0,1,1,0,3.0,2.7,0.7,0.1,0.7,1.4
608671,2023-05-03,4,4,1,0,1,2,0,1,1,1,3.0,3.0,1.0,0.0,0.0,1.0
608671,2023-05-05,1,1,0,0,1,0,0,0,0,1,3.5,3.5,1.0,0.0,0.5,1.5
608671,2023-05-06,5,5,3,0,1,4,0,1,1,1,2.6666666666666665,2.6666666666666665,0.6666666666666666,0.0,0.6666666666666666,1.0
608671,2023-05-07,1,1,0,0,0,0,0,0,0,0,3.25,3.25,1.25,0.0,0.75,1.75
608671,2023-05-28,3,3,0,0,2,0,0,0,0,1,2.8,2.8,1.0,0.0,0.6,1.4
608671,2023-05-29,2,2,1,0,1,1,0,1,0,1,2.8333333333333335,2.8333333333333335,0.8333333333333334,0.0,0.8333333333333334,1.1666666666666667
608671,2023-05-30,4,3,1,0,0,2,0,1,1,0,2.7142857142857144,2.7142857142857144,0.8571428571428571,0.0,0.8571428571428571,1.1428571428571428
608701,2023-05-06,5,5,2,0,3,3,0,1,1,1,3.0,3.0,2.0,0.0,1.0,2.0
608701,2023-05-09,1,1,0,0,1,0,0,0,0,1,4.0,4.0,2.0,0.0,2.0,2.5
608701,2023-05-10,3,3,0,0,1,0,0,0,0,1,3.0,3.0,1.3333333333333333,0.0,1.6666666666666667,1.6666666666666667
608701,2023-05-13,4,4,3,0,0,4,0,1,1,0,3.0,3.0,1.0,0.0,1.5,1.25
608701,2023-05-15,1,0,0,0,0,0,0,0,0,0,3.2,3.2,1.4,0.0,1.2,1.8
608701,2023-05-17,5,4,2,0,1,2,0,1,1,1,2.8333333333333335,2.6666666666666665,1.1666666666666667,0.0,1.0,1.5
608701,2023-05-19,3,2,1,0,0,2,0,1,1,0,3.142857142857143,2.857142857142857,1.2857142857142858,0.0,1.0,1.5714285714285714
608701,2023-05-23,1,0,0,0,0,0,0,0,0,0,3.125,2.75,1.25,0.0,0.875,1.625
608701,2023-05-24,5,4,2,0,0,2,0,1,1,0,2.888888888888889,2.4444444444444446,1.1111111111111112,0.0,0.7777777777777778,1.4444444444444444
608701,2023-05-26,5,4,1,0,1,1,0,1,0,1,3.1,2.6,1.2,0.0,0.7,1.5
608701,2023-05-28,1,0,0,0,0,0,0,0,0,0,3.3,2.7,1.1,0.0,0.7,1.4
608701,2023-05-31,4,4,1,0,1,2,0,1,1,1,2.9,2.2,0.9,0.0,0.4,1.1
608841,2023-05-02,4,4,0,0,1,0,0,0,0,1,3.0,3.0,0.0,0.0,1.0,0.0
608841,2023-05-03,4,4,2,0,1,2,0,1,1,1,3.5,3.5,0.0,0.0,1.0,0.0
608841,2023-05-04,3,3,1,0,0,1,0,1,0,0,3.6666666666666665,3.6666666666666665,0.6666666666666666,0.0,1.0,0.6666666666666666
608841,2023-05-05,4,4,0,0,3,0,0,0,0,1,3.5,3.5,0.75,0.0,0.75,0.75
608841,2023-05-06,5,5,1,0,1,1,0,1,0,1,3.6,3.6,0.6,0.0,1.2,0.6
608841,2023-05-07,5,5,3,1,0,6,1,1,1,0,3.8333333333333335,3.8333333333333335,0.6666666666666666,0.0,1.1666666666666667,0.6666666666666666
608841,2023-05-08,4,4,2,0,1,2,0,1,1,1,4.0,4.0,1.0,0.14285714285714285,1.0,1.4285714285714286
608841,2023-05-09,3,3,1,0,0,2,0,1,1,0,4.0,4.0,1.125,0.125,1.0,1.5
608841,2023-05-10,5,4,2,0,0,2,0,1,1,0,3.888888888888889,3.888888888888889,1.1111111111111112,0.1111111111111111,0.8888888888888888,1.5555555555555556
608841,2023-05-12,4,4,1,0,1,1,0,1,0,1,4.0,3.9,1.2,0.1,0.8,1.6
608841,2023-05-13,4,4,1,0,0,1,0,1,0,0,4.1,4.0,1.3,0.1,0.8,1.7
608841,2023-05-14,5,4,1,0,2,1,0,1,0,1,4.1,4.0,1.4,0.1,0.7,1.8
608841,2023-05-15,5,5,4,0,1,7,0,1,1,1,4.2,4.0,1.3,0.1,0.8,1.7
608841,2023-05-16,4,3,0,0,0,0,0,0,0,0,4.4,4.2,1.6,0.1,0.9,2.3
608841,2023-05-19,4,4,1,0,2,2,0,1,1,1,4.4,4.1,1.6,0.1,0.6,2.3
608841,2023-05-20,4,4,0,0,2,0,0,0,0,1,4.3,4.0,1.6,0.1,0.7,2.4
608841,2023-05-21,5,5,3,0,1,3,0,1,1,1,4.2,3.9,1.3,0.0,0.9,1.8
608841,2023-05-23,4,4,1,0,1,2,0,1,1,1,4.3,4.0,1.4,0.0,0.9,1.9
608841,2023-05-24,3,2,1,0,0,1,0,1,0,0,4.4,4.1,1.4,0.0,1.0,1.9
608841,2023-05-25,5,5,2,0,1,2,0,1,1,1,4.2,3.9,1.3,0.0,1.0,1.8
608841,2023-05-26,6,5,3,0,0,4,0,1,1,0,4.3,4.0,1.4,0.0,1.0,1.9
608841,2023-05-27,5,4,0,0,1,0,0,0,0,1,4.5,4.1,1.6,0.0,1.0,2.2
608841,2023-05-28,5,3,0,0,0,0,0,0,0,0,4.5,4.1,1.5,0.0,0.9,2.1
608841,2023-05-29,4,4,1,0,1,1,0,1,0,1,4.5,3.9,1.1,0.0,0.8,1.4
608841,2023-05-30,4,4,1,0,0,1,0,1,0,0,4.5,4.0,1.2,0.0,0.9,1.5
608841,2023-05-31,5,5,3,0,0,4,0,1,1,0,4.5,4.0,1.2,0.0,0.7,1.4
609280,2023-05-05,4,4,0,0,0,0,0,0,0,0,4.0,4.0,0.0,0.0,2.0,0.0
609280,2023-05-06,4,4,0,0,0,0,0,0,0,0,4.0,4.0,0.0,0.0,1.0,0.0
609280,2023-05-07,4,4,1,0,0,2,0,1,1,0,4.0,4.0,0.0,0.0,0.6666666666666666,0.0
609280,2023-05-09,1,1,0,0,1,0,0,0,0,1,4.0,4.0,0.25,0.0,0.5,0.5
609280,2023-05-10,2,2,0,0,1,0,0,0,0,1,3.4,3.4,0.2,0.0,0.6,0.4
609280,2023-05-12,1,1,0,0,0,0,0,0,0,0,3.1666666666666665,3.1666666666666665,0.16666666666666666,0.0,0.6666666666666666,0.3333333333333333
609280,2023-05-13,3,3,0,0,0,0,0,0,0,0,2.857142857142857,2.857142857142857,0.14285714285714285,0.0,0.5714285714285714,0.2857142857142857
621020,2023-05-02,5,5,2,0,1,3,0,1,1,1,5.0,5.0,3.0,1.0,0.0,7.0
621020,2023-05-03,3,3,0,0,1,0,0,0,0,1,5.0,5.0,2.5,0.5,0.5,5.0
621020,2023-05-04,4,4,0,0,1,0,0,0,0,1,4.333333333333333,4.333333333333333,1.6666666666666667,0.3333333333333333,0.6666666666666666,3.3333333333333335
621020,2023-05-05,4,4,1,0,2,1,0,1,0,1,4.25,4.25,1.25,0.25,0.75,2.5
621020,2023-05-06,5,3,1,0,1,1,0,1,0,1,4.2,4.2,1.2,0.2,1.0,2.2
621020,2023-05-07,6,6,0,0,3,0,0,0,0,1,4.333333333333333,4.0,1.1666666666666667,0.16666666666666666,1.0,2.0
621020,2023-05-08,4,3,1,0,1,2,0,1,1,1,4.571428571428571,4.285714285714286,1.0,0.14285714285714285,1.2857142857142858,1.7142857142857142
621020,2023-05-09,5,5,3,1,0,8,1,1,1,0,4.5,4.125,1.0,0.125,1.25,1.75
621020,2023-05-10,5,5,2,0,1,4,0,1,1,1,4.555555555555555,4.222222222222222,1.2222222222222223,0.2222222222222222,1.1111111111111112,2.4444444444444446
621020,2023-05-12,5,3,0,0,2,0,0,0,0,1,4.6,4.3,1.3,0.2,1.1,2.6
621020,2023-05-13,4,4,0,0,1,0,0,0,0,1,4.6,4.1,1.0,0.1,1.3,1.9
621020,2023-05-14,4,4,1,0,0,2,0,1,1,0,4.5,4.0,0.8,0.1,1.3,1.6
621020,2023-05-15,4,4,2,0,1,2,0,1,1,1,4.6,4.1,0.9,0.1,1.2,1.8
621020,2023-05-16,4,4,0,0,1,0,0,0,0,1,4.6,4.1,1.1,0.1,1.2,2.0
621020,2023-05-17,6,6,1,0,1,3,0,1,1,1,4.6,4.1,1.0,0.1,1.1,1.9
621020,2023-05-19,6,4,0,0,0,0,0,0,0,0,4.7,4.4,1.0,0.1,1.1,2.1
621020,2023-05-20,3,3,1,1,1,4,1,1,1,1,4.7,4.2,1.0,0.1,0.8,2.1
621020,2023-05-21,4,2,1,0,0,1,0,1,0,0,4.6,4.2,1.0,0.2,0.8,2.3
621020,2023-05-23,4,4,1,0,2,1,0,1,0,1,4.5,3.9,0.8,0.1,0.8,1.6
621020,2023-05-24,4,4,1,0,0,2,0,1,1,0,4.4,3.8,0.7,0.1,0.9,1.3
621020,2023-05-25,4,4,1,1,1,4,1,1,1,1,4.3,3.9,0.8,0.1,0.7,1.5
621020,2023-05-26,3,3,0,0,2,0,0,0,0,1,4.3,3.9,0.9,0.2,0.7,1.9
621020,2023-05-27,5,5,2,0,1,4,0,1,1,1,4.2,3.8,0.8,0.2,0.9,1.7
621020,2023-05-28,5,4,2,0,0,2,0,1,1,0,4.3,3.9,0.8,0.2,0.9,1.9
621020,2023-05-29,3,3,1,0,0,1,0,1,0,0,4.4,3.9,1.0,0.2,0.8,2.1
621020,2023-05-30,4,3,1,0,1,1,0,1,0,1,4.1,3.6,1.0,0.2,0.7,1.9
621020,2023-05-31,4,4,0,0,1,0,0,0,0,1,3.9,3.5,1.1,0.2,0.8,2.0
621028,2023-05-02,4,4,0,0,0,0,0,0,0,0,4.0,4.0,1.0,0.0,0.0,1.0
621028,2023-05-03,4,4,1,0,0,1,0,1,0,0,4.0,4.0,0.5,0.0,0.0,0.5
621028,2023-05-05,2,2,1,0,0,1,0,1,0,0,4.0,4.0,0.6666666666666666,0.0,0.0,0.6666666666666666
621028,2023-05-07,4,4,1,0,0,1,0,1,0,0,3.5,3.5,0.75,0.0,0.0,0.75
621028,2023-05-09,4,3,1,0,0,1,0,1,0,0,3.6,3.6,0.8,0.0,0.0,0.8
621028,2023-05-11,3,3,1,0,0,1,0,1,0,0,3.6666666666666665,3.5,0.8333333333333334,0.0,0.0,0.8333333333333334
621028,2023-05-13,4,4,0,0,0,0,0,0,0,0,3.5714285714285716,3.4285714285714284,0.8571428571428571,0.0,0.0,0.8571428571428571
621028,2023-05-14,4,3,2,0,0,3,0,1,1,0,3.625,3.5,0.75,0.0,0.0,0.75
621028,2023-05-17,5,4,1,0,0,1,0,1,0,0,3.6666666666666665,3.4444444444444446,0.8888888888888888,0.0,0.0,1.0
621028,2023-05-21,3,3,1,0,1,1,0,1,0,1,3.8,3.5,0.9,0.0,0.0,1.0
621028,2023-05-22,1,1,0,0,1,0,0,0,0,1,3.7,3.4,0.9,0.0,0.1,1.0
621028,2023-05-23,4,4,2,0,1,2,0,1,1,1,3.4,3.1,0.9,0.0,0.2,1.0
621028,2023-05-24,5,4,2,0,1,3,0,1,1,1,3.4,3.1,1.0,0.0,0.3,1.1
621028,2023-05-26,5,4,2,0,2,4,0,1,1,1,3.7,3.3,1.1,0.0,0.4,1.3
621028,2023-05-28,5,2,2,0,0,2,0,1,1,0,3.8,3.3,1.2,0.0,0.6,1.6
621028,2023-05-30,5,4,0,0,1,0,0,0,0,1,3.9,3.2,1.3,0.0,0.6,1.7
621028,2023-05-31,5,4,2,0,0,2,0,1,1,0,4.1,3.3,1.2,0.0,0.7,1.6
621035,2023-05-03,4,3,2,0,1,4,0,1,1,1,5.0,4.0,2.0,0.0,2.0,4.0
621035,2023-05-05,1,1,0,0,1,0,0,0,0,1,4.5,3.5,2.0,0.0,1.5,4.0
621035,2023-05-06,4,4,1,1,0,4,1,1,1,0,3.3333333333333335,2.6666666666666665,1.3333333333333333,0.0,1.3333333333333333,2.6666666666666665
621035,2023-05-07,4,4,1,0,1,1,0,1,0,1,3.5,3.0,1.25,0.25,1.0,3.0
621035,2023-05-08,1,1,1,1,0,4,1,1,1,0,3.6,3.2,1.2,0.2,1.0,2.6
621035,2023-05-09,4,3,0,0,0,0,0,0,0,0,3.1666666666666665,2.8333333333333335,1.1666666666666667,0.3333333333333333,0.8333333333333334,2.8333333333333335
621035,2023-05-10,5,4,0,0,2,0,0,0,0,1,3.2857142857142856,2.857142857142857,1.0,0.2857142857142857,0.7142857142857143,2.4285714285714284
621035,2023-05-12,2,2,1,0,0,2,0,1,1,0,3.5,3.0,0.875,0.25,0.875,2.125
621035,2023-05-14,3,3,0,0,1,0,0,0,0,1,3.3333333333333335,2.888888888888889,0.8888888888888888,0.2222222222222222,0.7777777777777778,2.111111111111111
621035,2023-05-16,1,1,0,0,0,0,0,0,0,0,3.3,2.9,0.8,0.2,0.8,1.9
621035,2023-05-17,4,4,0,0,1,0,0,0,0,1,2.9,2.6,0.6,0.2,0.6,1.5
621035,2023-05-19,3,3,1,0,2,2,0,1,1,1,2.9,2.7,0.4,0.2,0.6,1.1
621035,2023-05-20,3,3,0,0,1,0,0,0,0,1,3.1,2.9,0.5,0.2,0.7,1.3
621035,2023-05-21,2,2,1,0,1,1,0,1,0,1,3.0,2.8,0.4,0.1,0.8,0.9
621035,2023-05-22,1,1,0,0,1,0,0,0,0,1,2.8,2.6,0.4,0.1,0.8,0.9
621035,2023-05-24,4,4,1,0,2,1,0,1,0,1,2.8,2.6,0.3,0.0,0.9,0.5
621035,2023-05-26,2,2,1,0,1,2,0,1,1,1,2.8,2.7,0.4,0.0,1.1,0.6
621035,2023-05-27,2,2,0,0,2,0,0,0,0,1,2.5,2.5,0.5,0.0,1.0,0.8
621035,2023-05-28,4,3,3,2,0,9,1,1,1,0,2.5,2.5,0.4,0.0,1.2,0.6
621035,2023-05-29,3,3,0,0,0,0,0,0,0,0,2.6,2.5,0.7,0.2,1.1,1.5
621035,2023-05-31,5,3,1,0,1,1,0,1,0,1,2.8,2.7,0.7,0.2,1.1,1.5
621043,2023-05-03,5,5,1,0,2,2,0,1,1,1,4.0,3.0,1.0,0.0,0.0,2.0
621043,2023-05-04,5,4,1,1,2,4,1,1,1,1,4.5,4.0,1.0,0.0,1.0,2.0
621043,2023-05-05,4,4,0,0,1,0,0,0,0,1,4.666666666666667,4.0,1.0,0.3333333333333333,1.3333333333333333,2.6666666666666665
621043,2023-05-06,4,4,1,1,0,4,1,1,1,0,4.5,4.0,0.75,0.25,1.25,2.0
621043,2023-05-07,4,4,0,0,0,0,0,0,0,0,4.4,4.0,0.8,0.4,1.0,2.4
621043,2023-05-09,5,5,0,0,2,0,0,0,0,1,4.333333333333333,4.0,0.6666666666666666,0.3333333333333333,0.8333333333333334,2.0
621043,2023-05-10,4,3,1,0,0,2,0,1,1,0,4.428571428571429,4.142857142857143,0.5714285714285714,0.2857142857142857,1.0,1.7142857142857142
621043,2023-05-11,4,4,1,0,2,2,0,1,1,1,4.375,4.0,0.625,0.25,0.875,1.75
621043,2023-05-12,2,2,1,0,1,2,0,1,1,1,4.333333333333333,4.0,0.6666666666666666,0.2222222222222222,1.0,1.7777777777777777
621043,2023-05-13,5,5,2,1,2,5,1,1,1,1,4.1,3.8,0.7,0.2,1.0,1.8
621043,2023-05-14,5,5,2,0,1,3,0,1,1,1,4.2,4.0,0.8,0.3,1.2,2.1
621043,2023-05-15,5,4,0,0,2,0,0,0,0,1,4.2,4.0,0.9,0.3,1.1,2.2
621043,2023-05-16,4,4,1,0,2,1,0,1,0,1,4.2,4.0,0.8,0.2,1.1,1.8
621043,2023-05-17,4,4,1,0,2,1,0,1,0,1,4.2,4.0,0.9,0.2,1.2,1.9
621043,2023-05-19,4,1,0,0,1,0,0,0,0,1,4.2,4.0,0.9,0.1,1.4,1.6
621043,2023-05-20,5,2,1,0,0,1,0,1,0,0,4.2,3.7,0.9,0.1,1.5,1.6
621043,2023-05-21,3,3,1,0,1,2,0,1,1,1,4.2,3.4,1.0,0.1,1.3,1.7
621043,2023-05-22,4,4,2,0,1,3,0,1,1,1,4.1,3.4,1.0,0.1,1.4,1.7
621043,2023-05-26,5,3,1,0,0,1,0,1,0,0,4.1,3.4,1.1,0.1,1.3,1.8
621043,2023-05-28,4,4,1,0,0,1,0,1,0,0,4.4,3.5,1.1,0.1,1.2,1.7
621043,2023-05-29,6,5,0,0,2,0,0,0,0,1,4.3,3.4,1.0,0.0,1.0,1.3
621043,2023-05-30,3,3,1,0,2,1,0,1,0,1,4.4,3.4,0.8,0.0,1.1,1.0
621433,2023-05-04,5,5,1,0,1,1,0,1,0,1,1.0,1.0,0.0,0.0,1.0,0.0
621433,2023-05-07,1,1,0,0,1,0,0,0,0,1,3.0,3.0,0.5,0.0,1.0,0.5
621438,2023-05-03,4,3,0,0,1,0,0,0,0,1,2.0,2.0,0.0,0.0,1.0,0.0
621438,2023-05-04,4,4,1,1,0,4,1,1,1,0,3.0,2.5,0.0,0.0,1.0,0.0
621438,2023-05-05,2,2,1,0,0,1,0,1,0,0,3.3333333333333335,3.0,0.3333333333333333,0.3333333333333333,0.6666666666666666,1.3333333333333333
621438,2023-05-06,1,1,0,0,0,0,0,0,0,0,3.0,2.75,0.5,0.25,0.5,1.25
621438,2023-05-07,2,2,1,0,0,1,0,1,0,0,2.6,2.4,0.4,0.2,0.4,1.0
621438,2023-05-08,4,4,2,0,0,2,0,1,1,0,2.5,2.3333333333333335,0.5,0.16666666666666666,0.3333333333333333,1.0
621438,2023-05-09,4,4,1,0,0,1,0,1,0,0,2.7142857142857144,2.5714285714285716,0.7142857142857143,0.14285714285714285,0.2857142857142857,1.1428571428571428
621438,2023-05-10,3,3,0,0,1,0,0,0,0,1,2.875,2.75,0.75,0.125,0.25,1.125
621438,2023-05-12,3,3,1,0,2,1,0,1,0,1,2.888888888888889,2.7777777777777777,0.6666666666666666,0.1111111111111111,0.3333333333333333,1.0
621438,2023-05-14,3,2,0,0,1,0,0,0,0,1,2.9,2.8,0.7,0.1,0.5,1.0
621438,2023-05-15,4,4,0,0,1,0,0,0,0,1,3.0,2.8,0.7,0.1,0.5,1.0
621438,2023-05-16,4,4,0,0,1,0,0,0,0,1,3.0,2.9,0.7,0.1,0.5,1.0
621438,2023-05-17,4,3,2,0,0,3,0,1,1,0,3.0,2.9,0.6,0.0,0.6,0.6
621438,2023-05-19,4,4,0,0,1,0,0,0,0,1,3.2,3.0,0.7,0.0,0.6,0.8
621438,2023-05-20,3,3,0,0,2,0,0,0,0,1,3.5,3.3,0.7,0.0,0.7,0.8
621438,2023-05-22,3,3,1,0,1,2,0,1,1,1,3.6,3.4,0.6,0.0,0.9,0.7
621438,2023-05-25,2,2,1,0,1,2,0,1,1,1,3.5,3.3,0.5,0.0,1.0,0.7
621438,2023-05-26,4,4,1,0,2,1,0,1,0,1,3.3,3.1,0.5,0.0,1.1,0.8
621438,2023-05-27,4,4,0,0,2,0,0,0,0,1,3.4,3.2,0.6,0.0,1.2,0.9
621438,2023-05-28,3,3,0,0,3,0,0,0,0,1,3.5,3.3,0.5,0.0,1.2,0.8
621438,2023-05-30,2,2,0,0,0,0,0,0,0,0,3.5,3.4,0.5,0.0,1.4,0.8
621439,2023-05-03,4,2,1,0,0,2,0,1,1,0,5.0,4.0,1.0,0.0,2.0,1.0
621439,2023-05-04,6,4,1,1,2,4,1,1,1,1,4.5,3.0,1.0,0.0,1.0,1.5
621439,2023-05-05,4,3,0,0,3,0,0,0,0,1,5.0,3.3333333333333335,1.0,0.3333333333333333,1.3333333333333333,2.3333333333333335
621439,2023-05-06,5,4,0,0,1,0,0,0,0,1,4.75,3.25,0.75,0.25,1.75,1.75
621439,2023-05-07,4,3,0,0,0,0,0,0,0,0,4.8,3.4,0.6,0.2,1.6,1.4
621439,2023-05-09,4,3,0,0,1,0,0,0,0,1,4.666666666666667,3.3333333333333335,0.5,0.16666666666666666,1.3333333333333333,1.1666666666666667
621439,2023-05-10,4,4,0,0,0,0,0,0,0,0,4.571428571428571,3.2857142857142856,0.42857142857142855,0.14285714285714285,1.2857142857142858,1.0
621439,2023-05-11,4,3,0,0,1,0,0,0,0,1,4.5,3.375,0.375,0.125,1.125,0.875
621439,2023-05-12,4,3,0,0,0,0,0,0,0,0,4.444444444444445,3.3333333333333335,0.3333333333333333,0.1111111111111111,1.1111111111111112,0.7777777777777778
621439,2023-05-14,5,5,2,0,2,2,0,1,1,1,4.4,3.3,0.3,0.1,1.0,0.7
621439,2023-05-15,6,6,2,0,2,3,0,1,1,1,4.4,3.4,0.4,0.1,1.0,0.8
621439,2023-05-16,5,4,2,0,1,3,0,1,1,1,4.6,3.8,0.5,0.1,1.2,0.9
621439,2023-05-17,4,3,1,1,0,4,1,1,1,0,4.5,3.8,0.6,0.0,1.1,0.8
621439,2023-05-19,4,4,1,0,1,1,0,1,0,1,4.5,3.8,0.7,0.1,0.8,1.2
621439,2023-05-20,3,1,0,0,0,0,0,0,0,0,4.4,3.8,0.8,0.1,0.8,1.3
621439,2023-05-22,4,3,0,0,1,0,0,0,0,1,4.3,3.6,0.8,0.1,0.8,1.3
621439,2023-05-23,4,4,2,1,1,5,1,1,1,1,4.3,3.6,0.8,0.1,0.8,1.3
621439,2023-05-24,4,4,1,0,2,1,0,1,0,1,4.3,3.6,1.0,0.2,0.9,1.8
621439,2023-05-26,5,5,0,0,2,0,0,0,0,1,4.3,3.7,1.1,0.2,1.0,1.9
621439,2023-05-27,5,5,1,0,1,1,0,1,0,1,4.4,3.9,1.1,0.2,1.2,1.9
621439,2023-05-28,4,4,0,0,3,0,0,0,0,1,4.4,3.9,1.0,0.2,1.1,1.8
621439,2023-05-30,3,2,0,0,1,0,0,0,0,1,4.2,3.7,0.8,0.2,1.2,1.5
621458,2023-05-20,1,1,0,0,1,0,0,0,0,1,2.0,2.0,0.0,0.0,1.0,0.0
621458,2023-05-25,1,1,0,0,0,0,0,0,0,0,1.5,1.5,0.0,0.0,1.0,0.0
621458,2023-05-26,1,1,0,0,1,0,0,0,0,1,1.3333333333333333,1.3333333333333333,0.0,0.0,0.6666666666666666,0.0
621458,2023-05-29,2,2,0,0,2,0,0,0,0,1,1.25,1.25,0.0,0.0,0.75,0.0
621458,2023-05-31,1,0,0,0,0,0,0,0,0,0,1.4,1.4,0.0,0.0,1.0,0.0
621493,2023-05-03,4,4,2,0,1,2,0,1,1,1,4.0,4.0,1.0,1.0,1.0,4.0
621493,2023-05-04,4,3,3,0,0,4,0,1,1,0,4.0,4.0,1.5,0.5,1.0,3.0
621493,2023-05-05,4,4,0,0,1,0,0,0,0,1,4.0,3.6666666666666665,2.0,0.3333333333333333,0.6666666666666666,3.3333333333333335
621493,2023-05-06,4,4,1,0,0,1,0,1,0,0,4.0,3.75,1.5,0.25,0.75,2.5
621493,2023-05-07,5,3,1,0,0,1,0,1,0,0,4.0,3.8,1.4,0.2,0.6,2.2
621493,2023-05-08,4,4,3,0,0,4,0,1,1,0,4.166666666666667,3.6666666666666665,1.3333333333333333,0.16666666666666666,0.5,2.0
621493,2023-05-09,4,4,0,0,2,0,0,0,0,1,4.142857142857143,3.7142857142857144,1.5714285714285714,0.14285714285714285,0.42857142857142855,2.2857142857142856
621493,2023-05-10,4,4,0,0,3,0,0,0,0,1,4.125,3.75,1.375,0.125,0.625,2.0
621493,2023-05-12,5,5,1,0,1,1,0,1,0,1,4.111111111111111,3.7777777777777777,1.2222222222222223,0.1111111111111111,0.8888888888888888,1.7777777777777777
621493,2023-05-14,3,3,2,0,0,2,0,1,1,0,4.2,3.9,1.2,0.1,0.9,1.7
621493,2023-05-15,6,6,2,0,2,2,0,1,1,1,4.1,3.8,1.3,0.0,0.8,1.5
621493,2023-05-16,4,4,1,0,1,1,0,1,0,1,4.3,4.0,1.3,0.0,0.9,1.5
621493,2023-05-17,3,3,0,0,1,0,0,0,0,1,4.3,4.1,1.1,0.0,1.0,1.2
621493,2023-05-18,2,2,0,0,1,0,0,0,0,1,4.2,4.0,1.1,0.0,1.0,1.2
621493,2023-05-19,3,2,0,0,2,0,0,0,0,1,4.0,3.8,1.0,0.0,1.1,1.1
621493,2023-05-20,4,4,0,0,0,0,0,0,0,0,3.8,3.7,0.9,0.0,1.3,1.0
621493,2023-05-23,1,1,1,0,0,2,0,1,1,0,3.8,3.7,0.6,0.0,1.3,0.6
621493,2023-05-24,4,4,0,0,0,0,0,0,0,0,3.5,3.4,0.7,0.0,1.1,0.8
621493,2023-05-26,5,5,1,0,4,1,0,1,0,1,3.5,3.4,0.7,0.0,0.8,0.8
621493,2023-05-27,1,1,0,0,0,0,0,0,0,0,3.5,3.4,0.7,0.0,1.1,0.8
621493,2023-05-28,3,2,0,0,1,0,0,0,0,1,3.3,3.2,0.5,0.0,1.1,0.6
621493,2023-05-30,4,4,2,1,1,6,1,1,1,1,3.0,2.8,0.3,0.0,1.0,0.4
621493,2023-05-31,5,4,2,1,1,5,1,1,1,1,3.0,2.8,0.4,0.1,1.0,0.9
621512,2023-05-03,3,3,1,0,0,1,0,1,0,0,2.0,2.0,0.0,0.0,0.0,0.0
621512,2023-05-05,3,3,0,0,2,0,0,0,0,1,2.5,2.5,0.5,0.0,0.0,0.5
621512,2023-05-31,3,3,1,0,1,1,0,1,0,1,2.6666666666666665,2.6666666666666665,0.3333333333333333,0.0,0.6666666666666666,0.3333333333333333
621550,2023-05-02,4,4,1,1,2,4,1,1,1,1,4.0,3.0,0.0,0.0,2.0,0.0
621550,2023-05-03,3,1,0,0,0,0,0,0,0,0,4.0,3.5,0.5,0.5,2.0,2.0
621550,2023-05-04,4,4,1,0,3,1,0,1,0,1,3.6666666666666665,2.6666666666666665,0.3333333333333333,0.3333333333333333,1.3333333333333333,1.3333333333333333
621550,2023-05-05,4,4,0,0,4,0,0,0,0,1,3.75,3.0,0.5,0.25,1.75,1.25
621550,2023-05-07,1,0,0,0,0,0,0,0,0,0,3.8,3.2,0.4,0.2,2.2,1.0
621550,2023-05-08,3,1,1,0,0,1,0,1,0,0,3.3333333333333335,2.6666666666666665,0.3333333333333333,0.16666666666666666,1.8333333333333333,0.8333333333333334
621550,2023-05-10,4,3,1,1,0,4,1,1,1,0,3.2857142857142856,2.4285714285714284,0.42857142857142855,0.14285714285714285,1.5714285714285714,0.8571428571428571
621550,2023-05-12,4,3,2,0,1,2,0,1,1,1,3.375,2.5,0.5,0.25,1.375,1.25
621550,2023-05-14,4,4,0,0,2,0,0,0,0,1,3.4444444444444446,2.5555555555555554,0.6666666666666666,0.2222222222222222,1.3333333333333333,1.3333333333333333
621550,2023-05-15,4,3,1,0,2,2,0,1,1,1,3.5,2.7,0.6,0.2,1.4,1.2
621550,2023-05-16,1,1,0,0,1,0,0,0,0,1,3.5,2.7,0.7,0.2,1.4,1.4
621550,2023-05-17,5,5,1,0,3,2,0,1,1,1,3.2,2.4,0.6,0.1,1.3,1.0
621550,2023-05-19,2,2,0,0,2,0,0,0,0,1,3.4,2.8,0.7,0.1,1.6,1.2
621550,2023-05-20,4,4,0,0,3,0,0,0,0,1,3.2,2.6,0.6,0.1,1.5,1.1
621550,2023-05-21,1,1,0,0,0,0,0,0,0,0,3.2,2.6,0.6,0.1,1.4,1.1
621550,2023-05-23,4,4,0,0,4,0,0,0,0,1,3.2,2.7,0.6,0.1,1.4,1.1
621550,2023-05-25,4,4,0,0,1,0,0,0,0,1,3.3,3.0,0.5,0.1,1.8,1.0
621550,2023-05-27,2,2,1,0,0,1,0,1,0,0,3.3,3.1,0.4,0.0,1.9,0.6
621550,2023-05-28,4,3,2,2,1,8,1,1,1,1,3.1,3.0,0.3,0.0,1.8,0.5
621550,2023-05-29,1,1,0,0,0,0,0,0,0,0,3.1,2.9,0.5,0.2,1.7,1.3
621550,2023-05-30,4,4,0,0,0,0,0,0,0,0,2.8,2.7,0.4,0.2,1.5,1.1
621550,2023-05-31,2,2,0,0,0,0,0,0,0,0,3.1,3.0,0.4,0.2,1.4,1.1
621563,2023-05-08,3,3,0,0,1,0,0,0,0,1,1.0,1.0,1.0,0.0,0.0,3.0
621563,2023-05-09,4,4,0,0,1,0,0,0,0,1,2.0,2.0,0.5,0.0,0.5,1.5
621563,2023-05-10,4,4,1,0,0,2,0,1,1,0,2.6666666666666665,2.6666666666666665,0.3333333333333333,0.0,0.6666666666666666,1.0
621563,2023-05-12,4,4,1,0,2,3,0,1,1,1,3.0,3.0,0.5,0.0,0.5,1.25
621563,2023-05-13,4,4,0,0,1,0,0,0,0,1,3.2,3.2,0.6,0.0,0.8,1.6
621563,2023-05-16,4,4,1,0,1,1,0,1,0,1,3.3333333333333335,3.3333333333333335,0.5,0.0,0.8333333333333334,1.3333333333333333
621563,2023-05-18,4,4,1,0,1,1,0,1,0,1,3.4285714285714284,3.4285714285714284,0.5714285714285714,0.0,0.8571428571428571,1.2857142857142858
621563,2023-05-19,3,2,0,0,0,0,0,0,0,0,3.5,3.5,0.625,0.0,0.875,1.25
621563,2023-05-20,3,2,0,0,2,0,0,0,0,1,3.4444444444444446,3.3333333333333335,0.5555555555555556,0.0,0.7777777777777778,1.1111111111111112
621563,2023-05-21,1,1,1,0,0,1,0,1,0,0,3.4,3.2,0.5,0.0,0.9,1.0
621563,2023-05-22,3,2,1,0,0,1,0,1,0,0,3.4,3.2,0.5,0.0,0.9,0.8
621563,2023-05-23,1,1,0,0,1,0,0,0,0,1,3.4,3.1,0.6,0.0,0.8,0.9
621563,2023-05-24,3,3,1,0,1,2,0,1,1,1,3.1,2.8,0.6,0.0,0.8,0.9
621563,2023-05-26,1,0,0,0,0,0,0,0,0,0,3.0,2.7,0.6,0.0,0.9,0.9
621563,2023-05-27,4,3,1,0,2,1,0,1,0,1,2.7,2.3,0.5,0.0,0.7,0.6
621563,2023-05-31,1,1,0,0,1,0,0,0,0,1,2.7,2.2,0.6,0.0,0.8,0.7
621566,2023-05-02,5,3,1,0,2,1,0,1,0,1,9.0,7.0,1.0,0.0,2.0,1.0
621566,2023-05-03,5,5,1,0,2,1,0,1,0,1,7.0,5.0,1.0,0.0,2.0,1.0
621566,2023-05-04,5,5,1,1,2,4,1,1,1,1,6.333333333333333,5.0,1.0,0.0,2.0,1.0
621566,2023-05-05,5,4,1,0,1,1,0,1,0,1,6.0,5.0,1.0,0.25,2.0,1.75
621566,2023-05-06,3,2,1,0,1,1,0,1,0,1,5.8,4.8,1.0,0.2,1.8,1.6
621566,2023-05-07,4,4,1,1,1,4,1,1,1,1,5.333333333333333,4.333333333333333,1.0,0.16666666666666666,1.6666666666666667,1.5
621566,2023-05-09,5,2,1,1,1,4,1,1,1,1,5.142857142857143,4.285714285714286,1.0,0.2857142857142857,1.5714285714285714,1.8571428571428572
621566,2023-05-10,4,4,0,0,1,0,0,0,0,1,5.125,4.0,1.0,0.375,1.5,2.125
621566,2023-05-12,4,3,0,0,1,0,0,0,0,1,5.0,4.0,0.8888888888888888,0.3333333333333333,1.4444444444444444,1.8888888888888888
621566,2023-05-13,5,3,0,0,1,0,0,0,0,1,4.9,3.9,0.8,0.3,1.4,1.7
621566,2023-05-14,5,4,0,0,2,0,0,0,0,1,4.5,3.5,0.7,0.3,1.3,1.6
621566,2023-05-15,4,3,1,0,1,2,0,1,1,1,4.5,3.6,0.6,0.3,1.3,1.5
621566,2023-05-16,4,3,2,0,0,2,0,1,1,0,4.4,3.4,0.6,0.3,1.2,1.6
621566,2023-05-17,4,4,0,0,2,0,0,0,0,1,4.3,3.2,0.7,0.2,1.0,1.4
621566,2023-05-19,4,4,2,1,0,6,1,1,1,0,4.2,3.2,0.6,0.2,1.1,1.3
621566,2023-05-20,4,4,2,1,1,6,1,1,1,1,4.3,3.4,0.7,0.3,1.0,1.8
621566,2023-05-21,4,3,1,0,1,2,0,1,1,1,4.3,3.4,0.8,0.3,1.0,2.0
621566,2023-05-22,5,4,0,0,2,0,0,0,0,1,4.2,3.5,0.8,0.2,1.0,1.8
621566,2023-05-23,4,4,0,0,2,0,0,0,0,1,4.3,3.5,0.8,0.2,1.1,1.8
621566,2023-05-24,4,4,1,1,1,4,1,1,1,1,4.3,3.6,0.8,0.2,1.2,1.8
621566,2023-05-25,5,3,1,0,0,1,0,1,0,0,4.2,3.7,0.9,0.3,1.2,2.2
621566,2023-05-26,4,3,0,0,0,0,0,0,0,0,4.2,3.6,1.0,0.3,1.0,2.3
621566,2023-05-27,4,4,0,0,1,0,0,0,0,1,4.2,3.6,0.9,0.3,0.9,2.1
621566,2023-05-28,5,5,3,2,0,9,1,1,1,0,4.2,3.7,0.7,0.3,1.0,1.9
621566,2023-05-29,4,3,1,1,1,4,1,1,1,1,4.3,3.8,1.0,0.5,0.8,2.8
621566,2023-05-30,4,4,1,0,2,1,0,1,0,1,4.3,3.7,0.9,0.5,0.9,2.6
621566,2023-05-31,4,4,0,0,1,0,0,0,0,1,4.3,3.7,0.8,0.4,1.0,2.1
622110,2023-05-05,5,3,1,0,0,1,0,1,0,0,1.0,1.0,0.0,0.0,0.0,0.0
622110,2023-05-10,4,4,1,0,2,1,0,1,0,1,3.0,2.0,0.5,0.0,0.0,0.5
622110,2023-05-11,1,1,1,0,0,1,0,1,0,0,3.3333333333333335,2.6666666666666665,0.6666666666666666,0.0,0.6666666666666666,0.6666666666666666
622110,2023-05-13,3,3,0,0,1,0,0,0,0,1,2.75,2.25,0.75,0.0,0.5,0.75
622110,2023-05-16,3,3,1,0,2,1,0,1,0,1,2.8,2.4,0.6,0.0,0.6,0.6
622110,2023-05-17,1,1,0,0,1,0,0,0,0,1,2.8333333333333335,2.5,0.6666666666666666,0.0,0.8333333333333334,0.6666666666666666
622110,2023-05-21,3,3,1,0,0,1,0,1,0,0,2.5714285714285716,2.2857142857142856,0.5714285714285714,0.0,0.8571428571428571,0.5714285714285714
622110,2023-05-24,4,4,0,0,2,0,0,0,0,1,2.625,2.375,0.625,0.0,0.75,0.625
622110,2023-05-26,4,2,1,0,0,1,0,1,0,0,2.7777777777777777,2.5555555555555554,0.5555555555555556,0.0,0.8888888888888888,0.5555555555555556
622110,2023-05-29,1,1,0,0,0,0,0,0,0,0,2.9,2.5,0.6,0.0,0.8,0.6
622534,2023-05-04,3,2,0,0,1,0,0,0,0,1,3.0,2.0,1.0,0.0,1.0,1.0
622534,2023-05-06,4,4,2,0,1,3,0,1,1,1,3.0,2.0,0.5,0.0,1.0,0.5
622534,2023-05-07,2,1,0,0,0,0,0,0,0,0,3.3333333333333335,2.6666666666666665,1.0,0.0,1.0,1.3333333333333333
622534,2023-05-09,4,2,1,0,0,1,0,1,0,0,3.0,2.25,0.75,0.0,0.75,1.0
622534,2023-05-11,5,4,1,0,0,1,0,1,0,0,3.2,2.2,0.8,0.0,0.6,1.0
622534,2023-05-12,1,1,0,0,0,0,0,0,0,0,3.5,2.5,0.8333333333333334,0.0,0.5,1.0
622534,2023-05-13,2,1,0,0,1,0,0,0,0,1,3.142857142857143,2.2857142857142856,0.7142857142857143,0.0,0.42857142857142855,0.8571428571428571
622534,2023-05-16,5,5,1,0,1,1,0,1,0,1,3.0,2.125,0.625,0.0,0.5,0.75
622534,2023-05-18,1,1,0,0,0,0,0,0,0,0,3.2222222222222223,2.4444444444444446,0.6666666666666666,0.0,0.5555555555555556,0.7777777777777778
622534,2023-05-20,4,4,2,0,1,2,0,1,1,1,3.0,2.3,0.6,0.0,0.5,0.7
622534,2023-05-21,4,3,1,0,1,1,0,1,0,1,3.1,2.5,0.7,0.0,0.5,0.8
622534,2023-05-24,5,5,2,0,0,4,0,1,1,0,3.2,2.6,0.8,0.0,0.5,0.9
622534,2023-05-25,4,4,0,0,1,0,0,0,0,1,3.3,2.7,0.8,0.0,0.4,1.0
622534,2023-05-26,1,1,0,0,0,0,0,0,0,0,3.5,3.0,0.8,0.0,0.5,1.0
622534,2023-05-27,4,4,1,0,0,1,0,1,0,0,3.2,2.9,0.7,0.0,0.5,0.9
622534,2023-05-30,4,4,1,0,0,1,0,1,0,0,3.1,2.9,0.7,0.0,0.5,0.9
622534,2023-05-31,4,2,1,0,0,1,0,1,0,0,3.4,3.2,0.8,0.0,0.5,1.0
622569,2023-05-14,4,3,1,0,1,1,0,1,0,1,3.0,3.0,2.0,0.0,0.0,3.0
622569,2023-05-15,4,4,2,0,1,2,0,1,1,1,3.5,3.0,1.5,0.0,0.5,2.0
622569,2023-05-16,4,4,1,0,1,1,0,1,0,1,3.6666666666666665,3.3333333333333335,1.6666666666666667,0.0,0.6666666666666666,2.0
622569,2023-05-17,5,5,2,0,1,4,0,1,1,1,3.75,3.5,1.5,0.0,0.75,1.75
622569,2023-05-19,4,4,0,0,0,0,0,0,0,0,4.0,3.8,1.6,0.0,0.8,2.2
622569,2023-05-21,2,2,0,0,0,0,0,0,0,0,4.0,3.8333333333333335,1.3333333333333333,0.0,0.6666666666666666,1.8333333333333333
622569,2023-05-22,2,2,0,0,0,0,0,0,0,0,3.7142857142857144,3.5714285714285716,1.1428571428571428,0.0,0.5714285714285714,1.5714285714285714
622569,2023-05-24,4,4,1,0,0,1,0,1,0,0,3.5,3.375,1.0,0.0,0.5,1.375
622569,2023-05-27,3,2,0,0,0,0,0,0,0,0,3.5555555555555554,3.4444444444444446,1.0,0.0,0.4444444444444444,1.3333333333333333
622761,2023-05-03,2,2,0,0,1,0,0,0,0,1,5.0,5.0,1.0,0.0,2.0,1.0
622761,2023-05-04,5,4,1,0,1,1,0,1,0,1,3.5,3.5,0.5,0.0,1.5,0.5
622761,2023-05-05,4,4,0,0,2,0,0,0,0,1,4.0,3.6666666666666665,0.6666666666666666,0.0,1.3333333333333333,0.6666666666666666
622761,2023-05-06,4,4,1,0,3,2,0,1,1,1,4.0,3.75,0.5,0.0,1.5,0.5
622761,2023-05-08,4,4,1,0,2,1,0,1,0,1,4.0,3.8,0.6,0.0,1.8,0.8
622761,2023-05-09,3,3,0,0,0,0,0,0,0,0,4.0,3.8333333333333335,0.6666666666666666,0.0,1.8333333333333333,0.8333333333333334
622761,2023-05-10,4,4,0,0,1,0,0,0,0,1,3.857142857142857,3.7142857142857144,0.5714285714285714,0.0,1.5714285714285714,0.7142857142857143
622761,2023-05-12,3,3,0,0,0,0,0,0,0,0,3.875,3.75,0.5,0.0,1.5,0.625
622761,2023-05-13,3,3,0,0,0,0,0,0,0,0,3.7777777777777777,3.6666666666666665,0.4444444444444444,0.0,1.3333333333333333,0.5555555555555556
622761,2023-05-15,3,2,0,0,0,0,0,0,0,0,3.7,3.6,0.4,0.0,1.2,0.5
622761,2023-05-16,4,3,1,0,2,1,0,1,0,1,3.5,3.3,0.3,0.0,1.0,0.4
622761,2023-05-18,3,3,0,0,0,0,0,0,0,0,3.7,3.4,0.4,0.0,1.1,0.5
622761,2023-05-19,4,4,1,0,2,1,0,1,0,1,3.5,3.3,0.3,0.0,1.0,0.4
622761,2023-05-20,4,4,0,0,2,0,0,0,0,1,3.5,3.3,0.4,0.0,1.0,0.5
622761,2023-05-21,1,1,0,0,0,0,0,0,0,0,3.5,3.3,0.3,0.0,0.9,0.3
622761,2023-05-23,4,3,0,0,1,0,0,0,0,1,3.2,3.0,0.2,0.0,0.7,0.2
622761,2023-05-24,4,3,1,0,1,1,0,1,0,1,3.3,3.0,0.2,0.0,0.8,0.2
622761,2023-05-25,4,4,0,0,1,0,0,0,0,1,3.3,2.9,0.3,0.0,0.8,0.3
622761,2023-05-26,3,3,0,0,3,0,0,0,0,1,3.4,3.0,0.3,0.0,0.9,0.3
622761,2023-05-27,3,3,1,0,0,1,0,1,0,0,3.4,3.0,0.3,0.0,1.2,0.3
622761,2023-05-28,3,3,1,0,0,1,0,1,0,0,3.4,3.1,0.4,0.0,1.2,0.4
622761,2023-05-29,3,3,0,0,1,0,0,0,0,1,3.3,3.1,0.4,0.0,1.0,0.4
622761,2023-05-30,4,4,1,0,1,1,0,1,0,1,3.3,3.1,0.4,0.0,1.1,0.4
622761,2023-05-31,4,4,1,0,0,2,0,1,1,0,3.3,3.1,0.4,0.0,1.0,0.4
623912,2023-05-03,3,3,1,0,2,1,0,1,0,1,4.0,3.0,2.0,1.0,1.0,5.0
623912,2023-05-05,4,4,0,0,0,0,0,0,0,0,3.5,3.0,1.5,0.5,1.5,3.0
623912,2023-05-06,1,1,1,0,0,1,0,1,0,0,3.6666666666666665,3.3333333333333335,1.0,0.3333333333333333,1.0,2.0
623912,2023-05-07,5,5,2,0,2,3,0,1,1,1,3.0,2.75,1.0,0.25,0.75,1.75
623912,2023-05-09,4,4,0,0,1,0,0,0,0,1,3.4,3.2,1.2,0.2,1.0,2.0
623912,2023-05-10,4,4,1,0,1,1,0,1,0,1,3.5,3.3333333333333335,1.0,0.16666666666666666,1.0,1.6666666666666667
623912,2023-05-12,5,5,2,0,2,2,0,1,1,1,3.5714285714285716,3.4285714285714284,1.0,0.14285714285714285,1.0,1.5714285714285714
623912,2023-05-13,3,3,0,0,0,0,0,0,0,0,3.75,3.625,1.125,0.125,1.125,1.625
623912,2023-05-16,5,5,3,0,0,3,0,1,1,0,3.6666666666666665,3.5555555555555554,1.0,0.1111111111111111,1.0,1.4444444444444444
623912,2023-05-17,1,1,1,0,0,1,0,1,0,0,3.8,3.7,1.2,0.1,0.9,1.6
623912,2023-05-18,4,4,1,0,1,1,0,1,0,1,3.5,3.5,1.1,0.0,0.8,1.2
623912,2023-05-19,3,3,0,0,0,0,0,0,0,0,3.6,3.6,1.1,0.0,0.7,1.2
623912,2023-05-20,4,4,1,1,1,4,1,1,1,1,3.5,3.5,1.1,0.0,0.7,1.2
623912,2023-05-21,4,3,1,0,1,2,0,1,1,1,3.8,3.8,1.1,0.1,0.8,1.5
623912,2023-05-23,3,2,0,0,0,0,0,0,0,0,3.7,3.6,1.0,0.1,0.7,1.4
623912,2023-05-24,5,5,0,0,3,0,0,0,0,1,3.6,3.4,1.0,0.1,0.6,1.4
623912,2023-05-25,4,4,0,0,1,0,0,0,0,1,3.7,3.5,0.9,0.1,0.8,1.3
623912,2023-05-27,5,5,2,1,0,5,1,1,1,0,3.6,3.4,0.7,0.1,0.7,1.1
623912,2023-05-28,5,5,2,0,2,2,0,1,1,1,3.8,3.6,0.9,0.2,0.7,1.6
623912,2023-05-30,4,4,1,0,0,1,0,1,0,0,3.8,3.6,0.8,0.2,0.9,1.5
623912,2023-05-31,3,3,0,0,1,0,0,0,0,1,4.1,3.9,0.8,0.2,0.9,1.5
623993,2023-05-03,4,4,2,0,0,2,0,1,1,0,6.0,5.0,2.0,0.0,2.0,2.0
623993,2023-05-04,5,5,2,1,2,5,1,1,1,1,5.0,4.5,2.0,0.0,1.0,2.0
623993,2023-05-05,5,5,2,2,1,8,1,1,1,1,5.0,4.666666666666667,2.0,0.3333333333333333,1.3333333333333333,3.0
623993,2023-05-06,4,4,2,0,1,4,0,1,1,1,5.0,4.75,2.0,0.75,1.25,4.25
623993,2023-05-07,5,4,2,0,0,2,0,1,1,0,4.8,4.6,2.0,0.6,1.2,4.2
623993,2023-05-08,4,3,1,0,1,2,0,1,1,1,4.833333333333333,4.5,2.0,0.5,1.0,3.8333333333333335
623993,2023-05-09,4,4,1,0,1,1,0,1,0,1,4.714285714285714,4.285714285714286,1.8571428571428572,0.42857142857142855,1.0,3.5714285714285716
623993,2023-05-10,4,4,1,0,1,2,0,1,1,1,4.625,4.25,1.75,0.375,1.0,3.25
623993,2023-05-12,4,2,0,0,2,0,0,0,0,1,4.555555555555555,4.222222222222222,1.6666666666666667,0.3333333333333333,1.0,3.111111111111111
623993,2023-05-13,4,4,0,0,0,0,0,0,0,0,4.5,4.0,1.5,0.3,1.1,2.8
623993,2023-05-14,4,3,1,0,0,1,0,1,0,0,4.3,3.9,1.3,0.3,0.9,2.6
623993,2023-05-15,4,4,2,1,1,5,1,1,1,1,4.3,3.8,1.2,0.3,0.9,2.5
623993,2023-05-16,4,4,0,0,3,0,0,0,0,1,4.2,3.7,1.2,0.3,0.8,2.5
623993,2023-05-17,4,4,2,0,1,2,0,1,1,1,4.1,3.6,1.0,0.1,1.0,1.7
623993,2023-05-18,4,3,1,1,0,4,1,1,1,0,4.1,3.6,1.0,0.1,1.0,1.5
623993,2023-05-19,4,2,1,1,0,4,1,1,1,0,4.0,3.5,0.9,0.2,1.0,1.7
623993,2023-05-20,5,4,1,0,1,1,0,1,0,1,4.0,3.4,0.9,0.3,0.9,1.9
623993,2023-05-21,4,3,0,0,1,0,0,0,0,1,4.1,3.4,0.9,0.3,0.9,1.9
623993,2023-05-23,4,3,0,0,2,0,0,0,0,1,4.1,3.3,0.8,0.3,0.9,1.7
623993,2023-05-24,4,3,1,0,0,1,0,1,0,0,4.1,3.4,0.8,0.3,0.9,1.7
623993,2023-05-25,4,3,3,0,0,3,0,1,1,0,4.1,3.3,0.9,0.3,0.9,1.8
623993,2023-05-26,2,2,0,0,2,0,0,0,0,1,4.1,3.3,1.1,0.3,0.9,2.0
623993,2023-05-28,4,3,0,0,2,0,0,0,0,1,3.9,3.1,0.9,0.2,1.0,1.5
623993,2023-05-29,4,4,3,0,1,4,0,1,1,1,3.9,3.0,0.9,0.2,0.9,1.5
623993,2023-05-30,4,4,3,0,0,7,0,1,1,0,3.9,3.0,1.0,0.2,0.9,1.7
623993,2023-05-31,5,5,1,1,0,4,1,1,1,0,3.9,3.1,1.2,0.1,0.9,2.0
624413,2023-05-03,7,6,2,0,1,3,0,1,1,1,9.0,8.0,1.0,1.0,4.0,4.0
624413,2023-05-04,3,3,0,0,2,0,0,0,0,1,8.0,7.0,1.5,0.5,2.5,3.5
624413,2023-05-05,3,3,0,0,0,0,0,0,0,0,6.333333333333333,5.666666666666667,1.0,0.3333333333333333,2.3333333333333335,2.3333333333333335
624413,2023-05-06,4,3,1,0,0,1,0,1,0,0,5.5,5.0,0.75,0.25,1.75,1.75
624413,2023-05-07,5,3,0,0,1,0,0,0,0,1,5.2,4.6,0.8,0.2,1.4,1.6
624413,2023-05-09,4,3,1,1,0,4,1,1,1,0,5.166666666666667,4.333333333333333,0.6666666666666666,0.16666666666666666,1.3333333333333333,1.3333333333333333
624413,2023-05-10,4,2,1,1,1,4,1,1,1,1,5.0,4.142857142857143,0.7142857142857143,0.2857142857142857,1.1428571428571428,1.7142857142857142
624413,2023-05-11,4,3,0,0,1,0,0,0,0,1,4.875,3.875,0.75,0.375,1.125,2.0
624413,2023-05-12,5,4,1,0,1,1,0,1,0,1,4.777777777777778,3.7777777777777777,0.6666666666666666,0.3333333333333333,1.1111111111111112,1.7777777777777777
624413,2023-05-13,4,4,1,0,1,1,0,1,0,1,4.8,3.8,0.7,0.3,1.1,1.7
624413,2023-05-14,5,2,0,0,2,0,0,0,0,1,4.3,3.4,0.7,0.2,0.8,1.4
624413,2023-05-15,3,3,1,0,1,1,0,1,0,1,4.1,3.0,0.5,0.2,0.9,1.1
624413,2023-05-16,4,4,1,1,0,4,1,1,1,0,4.1,3.0,0.6,0.2,0.8,1.2
624413,2023-05-17,4,4,1,1,0,4,1,1,1,0,4.2,3.1,0.7,0.3,0.8,1.6
624413,2023-05-18,4,3,1,1,0,4,1,1,1,0,4.2,3.2,0.7,0.4,0.8,1.9
624413,2023-05-19,5,5,1,1,1,4,1,1,1,1,4.1,3.2,0.8,0.5,0.7,2.3
624413,2023-05-21,7,7,1,0,1,1,0,1,0,1,4.2,3.4,0.8,0.5,0.8,2.3
624413,2023-05-23,4,3,1,1,1,4,1,1,1,1,4.5,3.9,0.8,0.4,0.8,2.0
624413,2023-05-24,3,3,1,0,0,1,0,1,0,0,4.5,3.9,0.9,0.5,0.8,2.4
624413,2023-05-25,5,2,2,1,0,5,1,1,1,0,4.3,3.8,0.9,0.5,0.7,2.4
624413,2023-05-26,5,4,0,0,1,0,0,0,0,1,4.4,3.6,1.0,0.6,0.6,2.8
624413,2023-05-27,5,5,2,1,1,5,1,1,1,1,4.4,3.8,1.0,0.6,0.5,2.8
624413,2023-05-28,5,5,2,0,0,5,0,1,1,0,4.6,4.0,1.1,0.7,0.5,3.2
624413,2023-05-30,4,4,0,0,1,0,0,0,0,1,4.7,4.1,1.2,0.6,0.5,3.3
624413,2023-05-31,4,4,1,0,0,1,0,1,0,0,4.7,4.1,1.1,0.5,0.6,2.9
624414,2023-05-05,1,1,0,0,0,0,0,0,0,0,4.0,4.0,1.0,1.0,0.0,4.0
624414,2023-05-06,4,4,2,0,1,3,0,1,1,1,2.5,2.5,0.5,0.5,0.0,2.0
624415,2023-05-04,2,2,0,0,0,0,0,0,0,0,4.0,4.0,1.0,0.0,2.0,2.0
624415,2023-05-06,5,5,2,0,2,2,0,1,1,1,3.0,3.0,0.5,0.0,1.0,1.0
624415,2023-05-10,2,2,0,0,1,0,0,0,0,1,3.6666666666666665,3.6666666666666665,1.0,0.0,1.3333333333333333,1.3333333333333333
624415,2023-05-16,3,3,0,0,1,0,0,0,0,1,3.25,3.25,0.75,0.0,1.25,1.0
624415,2023-05-17,1,1,0,0,0,0,0,0,0,0,3.2,3.2,0.6,0.0,1.2,0.8
624415,2023-05-21,2,1,0,0,1,0,0,0,0,1,2.8333333333333335,2.8333333333333335,0.5,0.0,1.0,0.6666666666666666
624415,2023-05-23,1,1,1,0,0,1,0,1,0,0,2.7142857142857144,2.5714285714285716,0.42857142857142855,0.0,1.0,0.5714285714285714
624415,2023-05-24,2,2,1,1,1,4,1,1,1,1,2.5,2.375,0.5,0.0,0.875,0.625
624415,2023-05-25,3,3,1,0,0,1,0,1,0,0,2.4444444444444446,2.3333333333333335,0.5555555555555556,0.1111111111111111,0.8888888888888888,1.0
624415,2023-05-27,4,3,1,1,1,4,1,1,1,1,2.5,2.4,0.6,0.1,0.8,1.0
624415,2023-05-28,3,3,0,0,2,0,0,0,0,1,2.5,2.3,0.6,0.2,0.7,1.2
624415,2023-05-30,4,3,2,0,1,2,0,1,1,1,2.6,2.4,0.6,0.2,0.9,1.2
624415,2023-05-31,3,3,1,0,0,2,0,1,1,0,2.5,2.2,0.6,0.2,0.8,1.2
624424,2023-05-02,3,2,1,0,0,1,0,1,0,0,4.0,4.0,0.0,0.0,1.0,0.0
624424,2023-05-03,4,3,0,0,3,0,0,0,0,1,3.5,3.0,0.5,0.0,0.5,0.5
624424,2023-05-05,4,3,0,0,1,0,0,0,0,1,3.6666666666666665,3.0,0.3333333333333333,0.0,1.3333333333333333,0.3333333333333333
624424,2023-05-06,3,2,0,0,0,0,0,0,0,0,3.75,3.0,0.25,0.0,1.25,0.25
624424,2023-05-07,4,4,0,0,2,0,0,0,0,1,3.6,2.8,0.2,0.0,1.0,0.2
624424,2023-05-08,3,2,0,0,0,0,0,0,0,0,3.6666666666666665,3.0,0.16666666666666666,0.0,1.1666666666666667,0.16666666666666666
624424,2023-05-09,2,1,0,0,0,0,0,0,0,0,3.5714285714285716,2.857142857142857,0.14285714285714285,0.0,1.0,0.14285714285714285
624424,2023-05-10,4,4,1,1,0,4,1,1,1,0,3.375,2.625,0.125,0.0,0.875,0.125
624424,2023-05-11,3,1,0,0,0,0,0,0,0,0,3.4444444444444446,2.7777777777777777,0.2222222222222222,0.1111111111111111,0.7777777777777778,0.5555555555555556
624424,2023-05-12,4,4,2,1,0,5,1,1,1,0,3.4,2.6,0.2,0.1,0.7,0.5
624424,2023-05-13,4,4,2,0,0,3,0,1,1,0,3.4,2.6,0.4,0.2,0.6,1.0
624424,2023-05-14,4,4,1,1,1,4,1,1,1,1,3.5,2.8,0.5,0.2,0.6,1.2
624424,2023-05-15,4,3,2,1,0,5,1,1,1,0,3.5,2.9,0.6,0.3,0.4,1.6
624424,2023-05-16,4,4,3,0,0,3,0,1,1,0,3.5,2.9,0.8,0.4,0.3,2.1
624424,2023-05-17,5,5,0,0,1,0,0,0,0,1,3.6,3.1,1.1,0.4,0.3,2.4
624424,2023-05-19,4,3,1,0,0,1,0,1,0,0,3.7,3.2,1.1,0.4,0.2,2.4
624424,2023-05-20,4,4,0,0,4,0,0,0,0,1,3.8,3.3,1.2,0.4,0.2,2.5
624424,2023-05-22,4,3,1,1,1,4,1,1,1,1,4.0,3.6,1.2,0.4,0.6,2.5
624424,2023-05-23,5,5,2,1,2,6,1,1,1,1,4.0,3.5,1.2,0.4,0.7,2.5
624424,2023-05-24,5,5,1,0,2,1,0,1,0,1,4.2,3.9,1.4,0.5,0.9,3.1
624424,2023-05-25,5,4,4,1,0,7,1,1,1,0,4.3,4.0,1.3,0.4,1.1,2.7
624424,2023-05-26,3,2,1,0,0,1,0,1,0,0,4.4,4.0,1.5,0.5,1.1,3.1
624424,2023-05-27,4,3,0,0,2,0,0,0,0,1,4.3,3.8,1.5,0.4,1.0,2.8
624424,2023-05-28,4,3,2,0,0,2,0,1,1,0,4.3,3.8,1.3,0.3,1.2,2.3
624424,2023-05-30,4,4,2,0,0,2,0,1,1,0,4.3,3.7,1.2,0.3,1.2,2.2
624428,2023-05-04,5,3,2,0,0,2,0,1,1,0,3.0,2.0,1.0,0.0,0.0,1.0
624428,2023-05-05,1,1,0,0,0,0,0,0,0,0,4.0,2.5,1.5,0.0,0.0,1.5
624428,2023-05-06,4,4,1,0,1,1,0,1,0,1,3.0,2.0,1.0,0.0,0.0,1.0
624428,2023-05-07,4,3,1,0,0,2,0,1,1,0,3.25,2.5,1.0,0.0,0.25,1.0
624428,2023-05-08,3,2,0,0,1,0,0,0,0,1,3.4,2.6,1.0,0.0,0.2,1.2
624428,2023-05-09,4,3,0,0,0,0,0,0,0,0,3.3333333333333335,2.5,0.8333333333333334,0.0,0.3333333333333333,1.0
624428,2023-05-10,4,4,1,0,0,2,0,1,1,0,3.4285714285714284,2.5714285714285716,0.7142857142857143,0.0,0.2857142857142857,0.8571428571428571
624428,2023-05-12,4,2,0,0,0,0,0,0,0,0,3.5,2.75,0.75,0.0,0.25,1.0
624428,2023-05-13,3,3,1,0,0,1,0,1,0,0,3.5555555555555554,2.6666666666666665,0.6666666666666666,0.0,0.2222222222222222,0.8888888888888888
624428,2023-05-14,4,4,1,0,1,1,0,1,0,1,3.5,2.7,0.7,0.0,0.2,0.9
624428,2023-05-15,4,4,1,1,0,4,1,1,1,0,3.6,2.9,0.7,0.0,0.3,0.9
624428,2023-05-16,4,3,0,0,1,0,0,0,0,1,3.5,3.0,0.6,0.1,0.3,1.1
624428,2023-05-17,3,3,1,0,0,1,0,1,0,0,3.8,3.2,0.6,0.1,0.4,1.1
624428,2023-05-18,2,2,1,0,0,1,0,1,0,0,3.7,3.1,0.6,0.1,0.3,1.1
624428,2023-05-19,4,4,1,1,0,4,1,1,1,0,3.5,3.0,0.6,0.1,0.3,1.0
624428,2023-05-20,4,4,3,0,1,5,0,1,1,1,3.6,3.2,0.7,0.2,0.2,1.4
624428,2023-05-21,5,5,2,0,0,2,0,1,1,0,3.6,3.3,1.0,0.2,0.3,1.9
624428,2023-05-23,5,5,2,0,0,3,0,1,1,0,3.7,3.4,1.1,0.2,0.3,1.9
624428,2023-05-24,4,4,1,1,0,4,1,1,1,0,3.8,3.7,1.3,0.2,0.3,2.2
624428,2023-05-25,4,4,1,0,0,2,0,1,1,0,3.9,3.8,1.3,0.3,0.3,2.5
624428,2023-05-26,3,3,0,0,0,0,0,0,0,0,3.9,3.8,1.3,0.3,0.2,2.6
624428,2023-05-27,3,3,1,0,1,1,0,1,0,1,3.8,3.7,1.2,0.2,0.2,2.2
624428,2023-05-28,1,1,0,0,0,0,0,0,0,0,3.7,3.7,1.3,0.2,0.2,2.3
624428,2023-05-29,4,4,0,0,2,0,0,0,0,1,3.5,3.5,1.2,0.2,0.2,2.2
624428,2023-05-30,5,5,2,0,0,2,0,1,1,0,3.7,3.7,1.1,0.2,0.4,2.1
624428,2023-05-31,5,5,1,0,1,2,0,1,1,1,3.8,3.8,1.2,0.1,0.4,1.9
624431,2023-05-02,3,2,0,0,1,0,0,0,0,1,3.0,3.0,1.0,1.0,0.0,4.0
624431,2023-05-03,1,1,1,0,0,1,0,1,0,0,3.0,2.5,0.5,0.5,0.5,2.0
624431,2023-05-05,4,3,0,0,0,0,0,0,0,0,2.3333333333333335,2.0,0.6666666666666666,0.3333333333333333,0.3333333333333333,1.6666666666666667
624431,2023-05-07,5,4,0,0,0,0,0,0,0,0,2.75,2.25,0.5,0.25,0.25,1.25
624431,2023-05-08,3,3,1,0,0,1,0,1,0,0,3.2,2.6,0.4,0.2,0.2,1.0
624431,2023-05-09,4,3,0,0,0,0,0,0,0,0,3.1666666666666665,2.6666666666666665,0.5,0.16666666666666666,0.16666666666666666,1.0
624431,2023-05-11,2,2,0,0,1,0,0,0,0,1,3.2857142857142856,2.7142857142857144,0.42857142857142855,0.14285714285714285,0.14285714285714285,0.8571428571428571
624431,2023-05-12,3,3,1,0,0,1,0,1,0,0,3.125,2.625,0.375,0.125,0.25,0.75
624431,2023-05-13,1,1,0,0,0,0,0,0,0,0,3.111111111111111,2.6666666666666665,0.4444444444444444,0.1111111111111111,0.2222222222222222,0.7777777777777778
624431,2023-05-14,4,4,0,0,1,0,0,0,0,1,2.9,2.5,0.4,0.1,0.2,0.7
624431,2023-05-16,3,3,3,0,0,3,0,1,1,0,3.0,2.6,0.3,0.0,0.3,0.3
624431,2023-05-17,4,4,0,0,1,0,0,0,0,1,3.0,2.7,0.6,0.0,0.2,0.6
624431,2023-05-30,5,4,0,0,2,0,0,0,0,1,3.3,3.0,0.5,0.0,0.3,0.5
624503,2023-05-03,2,2,1,1,0,4,1,1,1,0,2.0,2.0,1.0,1.0,0.0,4.0
624503,2023-05-04,3,3,1,0,0,2,0,1,1,0,2.0,2.0,1.0,1.0,0.0,4.0
624503,2023-05-05,3,3,0,0,1,0,0,0,0,1,2.3333333333333335,2.3333333333333335,1.0,0.6666666666666666,0.0,3.3333333333333335
624503,2023-05-06,2,2,0,0,1,0,0,0,0,1,2.5,2.5,0.75,0.5,0.25,2.5
624503,2023-05-07,2,2,0,0,1,0,0,0,0,1,2.4,2.4,0.6,0.4,0.4,2.0
624503,2023-05-09,1,1,1,0,0,1,0,1,0,0,2.3333333333333335,2.3333333333333335,0.5,0.3333333333333333,0.5,1.6666666666666667
624503,2023-05-10,2,2,1,0,1,1,0,1,0,1,2.142857142857143,2.142857142857143,0.5714285714285714,0.2857142857142857,0.42857142857142855,1.5714285714285714
624503,2023-05-11,3,3,0,0,0,0,0,0,0,0,2.125,2.125,0.625,0.25,0.5,1.5
624503,2023-05-12,3,3,1,0,0,1,0,1,0,0,2.2222222222222223,2.2222222222222223,0.5555555555555556,0.2222222222222222,0.4444444444444444,1.3333333333333333
624503,2023-05-13,4,4,0,0,1,0,0,0,0,1,2.3,2.3,0.6,0.2,0.4,1.3
624503,2023-05-14,5,5,2,0,1,4,0,1,1,1,2.5,2.5,0.5,0.1,0.5,0.9
624503,2023-05-15,1,1,1,0,0,1,0,1,0,0,2.8,2.8,0.6,0.0,0.6,0.9
624503,2023-05-17,2,2,0,0,1,0,0,0,0,1,2.6,2.6,0.6,0.0,0.6,0.8
624512,2023-05-04,4,4,2,0,1,2,0,1,1,1,4.0,4.0,2.0,0.0,1.0,2.0
624512,2023-05-06,3,2,1,0,1,1,0,1,0,1,4.0,4.0,2.0,0.0,1.0,2.0
624512,2023-05-09,4,4,0,0,3,0,0,0,0,1,3.6666666666666665,3.3333333333333335,1.6666666666666667,0.0,1.0,1.6666666666666667
624512,2023-05-12,1,1,0,0,1,0,0,0,0,1,3.75,3.5,1.25,0.0,1.5,1.25
624512,2023-05-13,1,1,0,0,0,0,0,0,0,0,3.2,3.0,1.0,0.0,1.4,1.0
624512,2023-05-14,4,4,0,0,1,0,0,0,0,1,2.8333333333333335,2.6666666666666665,0.8333333333333334,0.0,1.1666666666666667,0.8333333333333334
624512,2023-05-16,4,4,1,0,1,1,0,1,0,1,3.0,2.857142857142857,0.7142857142857143,0.0,1.1428571428571428,0.7142857142857143
624512,2023-05-21,3,3,2,0,0,2,0,1,1,0,3.125,3.0,0.75,0.0,1.125,0.75
624512,2023-05-23,2,2,0,0,2,0,0,0,0,1,3.111111111111111,3.0,0.8888888888888888,0.0,1.0,0.8888888888888888
624512,2023-05-27,3,3,0,0,1,0,0,0,0,1,3.0,2.9,0.8,0.0,1.1,0.8
624512,2023-05-28,1,1,0,0,1,0,0,0,0,1,2.9,2.8,0.6,0.0,1.1,0.6
624512,2023-05-30,4,4,2,0,1,4,0,1,1,1,2.6,2.5,0.4,0.0,1.1,0.4
624585,2023-05-03,5,5,0,0,3,0,0,0,0,1,4.0,4.0,0.0,0.0,2.0,0.0
624585,2023-05-04,5,5,3,1,1,7,1,1,1,1,4.5,4.5,0.0,0.0,2.5,0.0
624585,2023-05-05,3,3,0,0,1,0,0,0,0,1,4.666666666666667,4.666666666666667,1.0,0.3333333333333333,2.0,2.3333333333333335
624585,2023-05-06,3,2,2,1,0,5,1,1,1,0,4.25,4.25,0.75,0.25,1.75,1.75
624585,2023-05-07,5,5,1,0,3,1,0,1,0,1,4.0,3.8,1.0,0.4,1.4,2.4
624585,2023-05-08,3,2,1,0,0,1,0,1,0,0,4.166666666666667,4.0,1.0,0.3333333333333333,1.6666666666666667,2.1666666666666665
624585,2023-05-09,4,4,2,2,1,8,1,1,1,1,4.0,3.7142857142857144,1.0,0.2857142857142857,1.4285714285714286,2.0
624585,2023-05-10,4,4,1,0,3,1,0,1,0,1,4.0,3.75,1.125,0.5,1.375,2.75
624585,2023-05-12,4,3,1,0,0,1,0,1,0,0,4.0,3.7777777777777777,1.1111111111111112,0.4444444444444444,1.5555555555555556,2.5555555555555554
624585,2023-05-13,5,4,2,0,1,2,0,1,1,1,4.0,3.7,1.1,0.4,1.4,2.4
624585,2023-05-14,3,3,0,0,1,0,0,0,0,1,4.1,3.7,1.3,0.4,1.3,2.6
624585,2023-05-16,5,5,1,1,0,4,1,1,1,0,3.9,3.5,1.3,0.4,1.1,2.6
624585,2023-05-17,4,3,1,1,0,4,1,1,1,0,3.9,3.5,1.1,0.4,1.0,2.3
624585,2023-05-18,4,4,0,0,3,0,0,0,0,1,4.0,3.5,1.2,0.5,0.9,2.7
624585,2023-05-19,4,3,0,0,2,0,0,0,0,1,4.1,3.7,1.0,0.4,1.2,2.2
624585,2023-05-20,4,4,1,0,2,1,0,1,0,1,4.0,3.5,0.9,0.4,1.1,2.1
624585,2023-05-21,5,5,4,1,0,7,1,1,1,0,4.1,3.7,0.9,0.4,1.3,2.1
624585,2023-05-22,5,4,0,0,0,0,0,0,0,0,4.2,3.8,1.1,0.3,1.2,2.0
624585,2023-05-23,5,5,2,1,1,6,1,1,1,1,4.3,3.8,1.0,0.3,0.9,1.9
624585,2023-05-24,4,3,2,1,0,5,1,1,1,0,4.4,4.0,1.1,0.4,1.0,2.4
624585,2023-05-25,5,5,3,1,0,6,1,1,1,0,4.3,3.9,1.1,0.5,0.9,2.7
624585,2023-05-26,5,5,1,1,1,4,1,1,1,1,4.5,4.1,1.4,0.6,0.8,3.3
624585,2023-05-27,5,4,1,1,3,4,1,1,1,1,4.5,4.1,1.4,0.6,0.9,3.3
624585,2023-05-28,4,4,0,0,1,0,0,0,0,1,4.6,4.2,1.4,0.6,1.2,3.3
624585,2023-05-30,4,2,0,0,2,0,0,0,0,1,4.6,4.2,1.4,0.6,1.0,3.3
624585,2023-05-31,4,2,0,0,2,0,0,0,0,1,4.6,4.1,1.4,0.6,1.0,3.3
624641,2023-05-02,2,2,1,0,0,1,0,1,0,0,3.0,2.0,0.0,0.0,0.0,0.0
624641,2023-05-03,3,3,1,0,0,1,0,1,0,0,2.5,2.0,0.5,0.0,0.0,0.5
624641,2023-05-05,4,3,1,0,2,1,0,1,0,1,2.6666666666666665,2.3333333333333335,0.6666666666666666,0.0,0.0,0.6666666666666666
624641,2023-05-06,4,4,2,0,0,2,0,1,1,0,3.0,2.5,0.75,0.0,0.5,0.75
624641,2023-05-07,3,3,1,0,0,1,0,1,0,0,3.2,2.8,1.0,0.0,0.4,1.0
624641,2023-05-09,4,4,1,0,1,1,0,1,0,1,3.1666666666666665,2.8333333333333335,1.0,0.0,0.3333333333333333,1.0
624641,2023-05-10,3,3,0,0,0,0,0,0,0,0,3.2857142857142856,3.0,1.0,0.0,0.42857142857142855,1.0
624641,2023-05-12,4,4,0,0,1,0,0,0,0,1,3.25,3.0,0.875,0.0,0.375,0.875
624641,2023-05-14,3,3,0,0,1,0,0,0,0,1,3.3333333333333335,3.111111111111111,0.7777777777777778,0.0,0.4444444444444444,0.7777777777777778
624641,2023-05-15,3,3,0,0,0,0,0,0,0,0,3.3,3.1,0.7,0.0,0.5,0.7
624641,2023-05-19,2,2,1,0,1,1,0,1,0,1,3.3,3.2,0.7,0.0,0.5,0.7
624641,2023-05-20,4,4,3,0,0,4,0,1,1,0,3.3,3.2,0.7,0.0,0.6,0.7
624641,2023-05-21,3,3,1,0,0,2,0,1,1,0,3.4,3.3,0.9,0.0,0.6,1.0
624641,2023-05-22,1,1,0,0,1,0,0,0,0,1,3.3,3.3,0.9,0.0,0.4,1.1
624641,2023-05-23,2,2,0,0,0,0,0,0,0,0,3.0,3.0,0.7,0.0,0.5,0.9
624641,2023-05-25,3,3,0,0,0,0,0,0,0,0,2.9,2.9,0.6,0.0,0.5,0.8
624641,2023-05-28,3,3,0,0,2,0,0,0,0,1,2.8,2.8,0.5,0.0,0.4,0.7
624641,2023-05-31,3,3,1,1,2,4,1,1,1,1,2.8,2.8,0.5,0.0,0.6,0.7
628451,2023-05-04,3,3,1,0,0,2,0,1,1,0,6.0,6.0,3.0,0.0,0.0,3.0
628451,2023-05-05,3,3,1,0,0,2,0,1,1,0,4.5,4.5,2.0,0.0,0.0,2.5
628451,2023-05-06,2,2,1,0,0,1,0,1,0,0,4.0,4.0,1.6666666666666667,0.0,0.0,2.3333333333333335
628451,2023-05-07,2,2,1,0,0,2,0,1,1,0,3.5,3.5,1.5,0.0,0.0,2.0
628451,2023-05-08,3,2,2,1,0,5,1,1,1,0,3.2,3.2,1.4,0.0,0.0,2.0
628451,2023-05-09,2,2,0,0,0,0,0,0,0,0,3.1666666666666665,3.0,1.5,0.16666666666666666,0.0,2.5
628451,2023-05-10,4,4,2,0,0,3,0,1,1,0,3.0,2.857142857142857,1.2857142857142858,0.14285714285714285,0.0,2.142857142857143
628451,2023-05-12,3,3,1,0,0,1,0,1,0,0,3.125,3.0,1.375,0.125,0.0,2.25
628451,2023-05-13,3,3,0,0,1,0,0,0,0,1,3.111111111111111,3.0,1.3333333333333333,0.1111111111111111,0.0,2.111111111111111
628451,2023-05-14,4,3,1,0,1,2,0,1,1,1,3.1,3.0,1.2,0.1,0.1,1.9
628451,2023-05-16,3,3,0,0,2,0,0,0,0,1,2.9,2.7,1.0,0.1,0.2,1.8
628451,2023-05-17,4,4,0,0,2,0,0,0,0,1,2.9,2.7,0.9,0.1,0.4,1.6
628451,2023-05-19,4,4,0,0,0,0,0,0,0,0,3.0,2.8,0.8,0.1,0.6,1.4
628451,2023-05-20,4,4,0,0,0,0,0,0,0,0,3.2,3.0,0.7,0.1,0.6,1.3
628451,2023-05-21,5,4,0,0,0,0,0,0,0,0,3.4,3.2,0.6,0.1,0.6,1.1
628451,2023-05-22,4,4,0,0,2,0,0,0,0,1,3.6,3.4,0.4,0.0,0.6,0.6
628451,2023-05-23,1,1,0,0,0,0,0,0,0,0,3.8,3.6,0.4,0.0,0.8,0.6
628451,2023-05-24,3,3,0,0,0,0,0,0,0,0,3.5,3.3,0.2,0.0,0.8,0.3
628451,2023-05-25,4,4,0,0,2,0,0,0,0,1,3.5,3.3,0.1,0.0,0.8,0.2
628451,2023-05-27,4,4,1,0,0,1,0,1,0,0,3.6,3.4,0.1,0.0,0.9,0.2
628451,2023-05-29,3,3,0,0,1,0,0,0,0,1,3.6,3.5,0.1,0.0,0.8,0.1
628451,2023-05-30,2,2,1,1,0,4,1,1,1,0,3.6,3.5,0.1,0.0,0.7,0.1
630105,2023-05-02,4,4,1,0,1,1,0,1,0,1,5.0,5.0,2.0,0.0,1.0,2.0
630105,2023-05-03,4,3,2,0,0,2,0,1,1,0,4.5,4.5,1.5,0.0,1.0,1.5
630105,2023-05-05,3,2,1,0,0,1,0,1,0,0,4.333333333333333,4.0,1.6666666666666667,0.0,0.6666666666666666,1.6666666666666667
630105,2023-05-06,4,1,0,0,0,0,0,0,0,0,4.0,3.5,1.5,0.0,0.5,1.5
630105,2023-05-07,4,4,1,0,1,1,0,1,0,1,4.0,3.0,1.2,0.0,0.4,1.2
630105,2023-05-09,5,3,0,0,1,0,0,0,0,1,4.0,3.1666666666666665,1.1666666666666667,0.0,0.5,1.1666666666666667
630105,2023-05-10,5,1,0,0,0,0,0,0,0,0,4.142857142857143,3.142857142857143,1.0,0.0,0.5714285714285714,1.0
630105,2023-05-11,4,4,0,0,1,0,0,0,0,1,4.25,2.875,0.875,0.0,0.5,0.875
630105,2023-05-12,4,4,1,0,1,1,0,1,0,1,4.222222222222222,3.0,0.7777777777777778,0.0,0.5555555555555556,0.7777777777777778
630105,2023-05-13,4,4,0,0,2,0,0,0,0,1,4.2,3.1,0.8,0.0,0.6,0.8
630105,2023-05-14,4,4,0,0,1,0,0,0,0,1,4.1,3.0,0.6,0.0,0.7,0.6
630105,2023-05-15,5,4,0,0,2,0,0,0,0,1,4.1,3.0,0.5,0.0,0.7,0.5
630105,2023-05-16,3,3,1,0,2,3,0,1,1,1,4.2,3.1,0.3,0.0,0.9,0.3
630105,2023-05-17,5,3,2,1,1,5,1,1,1,1,4.2,3.2,0.3,0.0,1.1,0.5
630105,2023-05-19,4,4,1,0,2,1,0,1,0,1,4.3,3.4,0.5,0.1,1.2,1.0
630105,2023-05-20,4,3,0,0,2,0,0,0,0,1,4.3,3.4,0.5,0.1,1.3,1.0
630105,2023-05-21,2,2,0,0,0,0,0,0,0,0,4.2,3.4,0.5,0.1,1.4,1.0
630105,2023-05-23,5,2,1,1,1,4,1,1,1,1,3.9,3.5,0.5,0.1,1.4,1.0
630105,2023-05-24,4,4,0,0,1,0,0,0,0,1,4.0,3.3,0.6,0.2,1.4,1.4
630105,2023-05-25,5,4,1,0,1,1,0,1,0,1,4.0,3.3,0.5,0.2,1.4,1.3
630105,2023-05-26,5,3,1,0,1,1,0,1,0,1,4.1,3.3,0.6,0.2,1.3,1.4
630105,2023-05-27,4,4,1,0,0,1,0,1,0,0,4.2,3.2,0.7,0.2,1.3,1.5
630105,2023-05-28,4,3,1,1,2,4,1,1,1,1,4.1,3.2,0.8,0.2,1.1,1.6
630105,2023-05-30,6,6,0,0,3,0,0,0,0,1,4.2,3.2,0.8,0.3,1.1,1.7
630105,2023-05-31,3,3,0,0,2,0,0,0,0,1,4.3,3.5,0.6,0.2,1.3,1.2
640449,2023-05-22,2,1,0,0,0,0,0,0,0,0,3.0,3.0,1.0,0.0,1.0,1.0
640449,2023-05-23,4,3,1,0,0,1,0,1,0,0,2.5,2.0,0.5,0.0,0.5,0.5
640449,2023-05-24,4,3,1,0,2,1,0,1,0,1,3.0,2.3333333333333335,0.6666666666666666,0.0,0.3333333333333333,0.6666666666666666
640449,2023-05-26,5,5,2,0,1,4,0,1,1,1,3.25,2.5,0.75,0.0,0.75,0.75
640449,2023-05-27,3,3,0,0,1,0,0,0,0,1,3.6,3.0,1.0,0.0,0.8,1.4
640449,2023-05-28,4,3,0,0,1,0,0,0,0,1,3.5,3.0,0.8333333333333334,0.0,0.8333333333333334,1.1666666666666667
640449,2023-05-31,2,2,1,0,0,1,0,1,0,0,3.5714285714285716,3.0,0.7142857142857143,0.0,0.8571428571428571,1.0
640458,2023-05-19,2,2,0,0,0,0,0,0,0,0,4.0,4.0,3.0,0.0,0.0,4.0
640458,2023-05-21,4,4,3,0,0,4,0,1,1,0,3.0,3.0,1.5,0.0,0.0,2.0
640458,2023-05-22,3,3,1,0,0,1,0,1,0,0,3.3333333333333335,3.3333333333333335,2.0,0.0,0.0,2.6666666666666665
640458,2023-05-23,2,2,1,0,0,1,0,1,0,0,3.25,3.25,1.75,0.0,0.0,2.25
640458,2023-05-24,4,4,1,0,1,2,0,1,1,1,3.0,3.0,1.6,0.0,0.0,2.0
640458,2023-05-25,4,4,0,0,2,0,0,0,0,1,3.1666666666666665,3.1666666666666665,1.5,0.0,0.16666666666666666,2.0
640458,2023-05-27,1,0,0,0,0,0,0,0,0,0,3.2857142857142856,3.2857142857142856,1.2857142857142858,0.0,0.42857142857142855,1.7142857142857142
640458,2023-05-29,3,3,0,0,1,0,0,0,0,1,3.0,2.875,1.125,0.0,0.375,1.5
640492,2023-05-20,3,3,0,0,0,0,0,0,0,0,2.0,2.0,0.0,0.0,1.0,0.0
640492,2023-05-28,2,2,1,0,1,1,0,1,0,1,2.5,2.5,0.0,0.0,0.5,0.0
641313,2023-05-03,5,4,3,0,0,3,0,1,1,0,5.0,4.0,0.0,0.0,1.0,0.0
641313,2023-05-04,2,2,0,0,1,0,0,0,0,1,5.0,4.0,1.5,0.0,0.5,1.5
641313,2023-05-05,4,4,0,0,3,0,0,0,0,1,4.0,3.3333333333333335,1.0,0.0,0.6666666666666666,1.0
641313,2023-05-06,4,4,1,0,1,1,0,1,0,1,4.0,3.5,0.75,0.0,1.25,0.75
641313,2023-05-07,5,4,1,0,1,1,0,1,0,1,4.0,3.6,0.8,0.0,1.2,0.8
641313,2023-05-08,5,5,1,0,1,1,0,1,0,1,4.166666666666667,3.6666666666666665,0.8333333333333334,0.0,1.1666666666666667,0.8333333333333334
641313,2023-05-10,3,2,1,0,0,1,0,1,0,0,4.285714285714286,3.857142857142857,0.8571428571428571,0.0,1.1428571428571428,0.8571428571428571
641313,2023-05-11,4,4,0,0,1,0,0,0,0,1,4.125,3.625,0.875,0.0,1.0,0.875
641313,2023-05-12,4,4,0,0,0,0,0,0,0,0,4.111111111111111,3.6666666666666665,0.7777777777777778,0.0,1.0,0.7777777777777778
641313,2023-05-13,4,4,3,0,0,3,0,1,1,0,4.1,3.7,0.7,0.0,0.9,0.7
641313,2023-05-14,5,5,1,0,1,1,0,1,0,1,4.0,3.7,1.0,0.0,0.8,1.0
641313,2023-05-16,5,5,1,0,2,1,0,1,0,1,4.0,3.8,0.8,0.0,0.9,0.8
641313,2023-05-17,4,4,2,0,1,2,0,1,1,1,4.3,4.1,0.9,0.0,1.0,0.9
641313,2023-05-18,4,4,1,0,0,1,0,1,0,0,4.3,4.1,1.1,0.0,0.8,1.1
641313,2023-05-19,3,3,0,0,0,0,0,0,0,0,4.3,4.1,1.1,0.0,0.7,1.1
641313,2023-05-20,2,2,0,0,1,0,0,0,0,1,4.1,4.0,1.0,0.0,0.6,1.0
641313,2023-05-21,1,1,1,0,0,1,0,1,0,0,3.8,3.7,0.9,0.0,0.6,0.9
641313,2023-05-22,4,3,0,0,0,0,0,0,0,0,3.6,3.6,0.9,0.0,0.6,0.9
641313,2023-05-23,5,5,1,0,2,1,0,1,0,1,3.6,3.5,0.9,0.0,0.5,0.9
641313,2023-05-24,4,4,1,0,0,1,0,1,0,0,3.7,3.6,1.0,0.0,0.7,1.0
641313,2023-05-25,4,4,1,0,3,1,0,1,0,1,3.7,3.6,0.8,0.0,0.7,0.8
641313,2023-05-26,6,5,4,0,0,4,0,1,1,0,3.6,3.5,0.8,0.0,0.9,0.8
641313,2023-05-27,4,4,0,0,0,0,0,0,0,0,3.7,3.5,1.1,0.0,0.7,1.1
641313,2023-05-28,5,5,3,0,0,4,0,1,1,0,3.7,3.5,0.9,0.0,0.6,0.9
641313,2023-05-29,4,4,1,0,1,1,0,1,0,1,3.8,3.6,1.1,0.0,0.6,1.2
641313,2023-05-30,4,4,0,0,1,0,0,0,0,1,3.9,3.7,1.2,0.0,0.7,1.3
641313,2023-05-31,4,3,1,0,0,2,0,1,1,0,4.1,3.9,1.2,0.0,0.7,1.3
641343,2023-05-05,3,3,0,0,1,0,0,0,0,1,4.0,3.0,1.0,1.0,1.0,4.0
641343,2023-05-06,1,1,0,0,1,0,0,0,0,1,3.5,3.0,0.5,0.5,1.0,2.0
641343,2023-05-07,2,2,0,0,2,0,0,0,0,1,2.6666666666666665,2.3333333333333335,0.3333333333333333,0.3333333333333333,1.0,1.3333333333333333
641343,2023-05-09,4,2,1,1,1,4,1,1,1,1,2.5,2.25,0.25,0.25,1.25,1.0
641343,2023-05-10,1,1,0,0,0,0,0,0,0,0,2.8,2.2,0.4,0.4,1.2,1.6
641343,2023-05-11,4,4,2,0,2,2,0,1,1,1,2.5,2.0,0.3333333333333333,0.3333333333333333,1.0,1.3333333333333333
641343,2023-05-12,1,1,1,0,0,1,0,1,0,0,2.7142857142857144,2.2857142857142856,0.5714285714285714,0.2857142857142857,1.1428571428571428,1.4285714285714286
641343,2023-05-13,4,3,1,0,1,1,0,1,0,1,2.5,2.125,0.625,0.25,1.0,1.375
641343,2023-05-14,2,2,1,0,1,1,0,1,0,1,2.6666666666666665,2.2222222222222223,0.6666666666666666,0.2222222222222222,1.0,1.3333333333333333
641343,2023-05-15,5,4,0,0,2,0,0,0,0,1,2.6,2.2,0.7,0.2,1.0,1.3
641343,2023-05-16,4,2,0,0,2,0,0,0,0,1,2.7,2.3,0.6,0.1,1.1,0.9
641343,2023-05-17,3,3,0,0,0,0,0,0,0,0,2.8,2.2,0.6,0.1,1.2,0.9
641343,2023-05-19,3,3,0,0,1,0,0,0,0,1,3.0,2.4,0.6,0.1,1.1,0.9
641343,2023-05-20,2,2,0,0,0,0,0,0,0,0,3.1,2.5,0.6,0.1,1.0,0.9
641343,2023-05-21,3,2,0,0,2,0,0,0,0,1,2.9,2.5,0.5,0.0,0.9,0.5
641343,2023-05-23,1,1,1,0,0,2,0,1,1,0,3.1,2.6,0.5,0.0,1.1,0.5
641343,2023-05-24,3,3,0,0,2,0,0,0,0,1,2.8,2.3,0.4,0.0,0.9,0.5
641343,2023-05-25,1,1,0,0,1,0,0,0,0,1,3.0,2.5,0.3,0.0,1.1,0.4
641343,2023-05-26,1,1,0,0,0,0,0,0,0,0,2.7,2.3,0.2,0.0,1.1,0.3
641343,2023-05-29,5,4,3,1,1,8,1,1,1,1,2.6,2.2,0.1,0.0,1.0,0.2
641343,2023-05-30,5,3,1,0,1,1,0,1,0,1,2.6,2.2,0.4,0.1,0.9,1.0
641343,2023-05-31,4,3,0,0,2,0,0,0,0,1,2.7,2.3,0.5,0.1,0.8,1.1
641355,2023-05-02,4,4,2,0,0,3,0,1,1,0,5.0,4.0,1.0,0.0,1.0,1.0
641355,2023-05-03,4,4,0,0,3,0,0,0,0,1,4.5,4.0,1.5,0.0,0.5,2.0
641355,2023-05-04,4,4,2,0,1,2,0,1,1,1,4.333333333333333,4.0,1.0,0.0,1.3333333333333333,1.3333333333333333
641355,2023-05-05,4,4,1,0,2,2,0,1,1,1,4.25,4.0,1.25,0.0,1.25,1.5
641355,2023-05-06,3,3,1,0,1,2,0,1,1,1,4.2,4.0,1.2,0.0,1.4,1.6
641355,2023-05-07,5,5,2,0,1,3,0,1,1,1,4.0,3.8333333333333335,1.1666666666666667,0.0,1.3333333333333333,1.6666666666666667
641355,2023-05-08,3,3,1,0,1,1,0,1,0,1,4.142857142857143,4.0,1.2857142857142858,0.0,1.2857142857142858,1.8571428571428572
641355,2023-05-09,5,3,0,0,0,0,0,0,0,0,4.0,3.875,1.25,0.0,1.25,1.75
641355,2023-05-10,5,5,1,0,1,1,0,1,0,1,4.111111111111111,3.7777777777777777,1.1111111111111112,0.0,1.1111111111111112,1.5555555555555556
641355,2023-05-12,5,4,0,0,1,0,0,0,0,1,4.2,3.9,1.1,0.0,1.1,1.5
641355,2023-05-13,5,5,0,0,2,0,0,0,0,1,4.2,3.9,1.0,0.0,1.1,1.4
641355,2023-05-15,3,3,1,0,0,1,0,1,0,0,4.3,4.0,0.8,0.0,1.3,1.1
641432,2023-05-02,4,4,1,1,0,4,1,1,1,0,3.0,3.0,0.0,0.0,0.0,0.0
641432,2023-05-03,3,2,2,1,0,5,1,1,1,0,3.5,3.5,0.5,0.5,0.0,2.0
641432,2023-05-05,3,2,0,0,1,0,0,0,0,1,3.3333333333333335,3.0,1.0,0.6666666666666666,0.0,3.0
641432,2023-05-06,4,3,1,0,0,1,0,1,0,0,3.25,2.75,0.75,0.5,0.25,2.25
641432,2023-05-10,1,1,0,0,0,0,0,0,0,0,3.4,2.8,0.8,0.4,0.2,2.0
641432,2023-05-11,3,3,1,0,0,2,0,1,1,0,3.0,2.5,0.6666666666666666,0.3333333333333333,0.16666666666666666,1.6666666666666667
641432,2023-05-13,1,1,0,0,0,0,0,0,0,0,3.0,2.5714285714285716,0.7142857142857143,0.2857142857142857,0.14285714285714285,1.7142857142857142
641432,2023-05-14,3,3,0,0,0,0,0,0,0,0,2.75,2.375,0.625,0.25,0.125,1.5
641432,2023-05-15,5,4,1,1,1,4,1,1,1,1,2.7777777777777777,2.4444444444444446,0.5555555555555556,0.2222222222222222,0.1111111111111111,1.3333333333333333
641432,2023-05-17,4,3,1,0,0,1,0,1,0,0,3.0,2.6,0.6,0.3,0.2,1.6
641432,2023-05-19,4,4,0,0,1,0,0,0,0,1,3.1,2.6,0.7,0.3,0.2,1.7
641432,2023-05-21,4,3,1,0,0,1,0,1,0,0,3.1,2.6,0.6,0.2,0.3,1.3
641432,2023-05-23,4,4,0,0,1,0,0,0,0,1,3.2,2.7,0.5,0.1,0.3,0.9
641432,2023-05-24,1,0,0,0,0,0,0,0,0,0,3.3,2.9,0.5,0.1,0.3,0.9
641432,2023-05-25,4,3,2,0,0,3,0,1,1,0,3.0,2.6,0.4,0.1,0.3,0.8
641432,2023-05-26,4,4,1,0,1,1,0,1,0,1,3.3,2.8,0.6,0.1,0.3,1.1
641432,2023-05-28,4,4,2,0,0,3,0,1,1,0,3.4,2.9,0.6,0.1,0.4,1.0
641432,2023-05-29,5,5,2,0,0,4,0,1,1,0,3.7,3.2,0.8,0.1,0.4,1.3
641432,2023-05-30,5,5,2,0,0,2,0,1,1,0,3.9,3.4,1.0,0.1,0.4,1.7
641432,2023-05-31,4,4,0,0,0,0,0,0,0,0,3.9,3.5,1.1,0.0,0.3,1.5
641487,2023-05-03,4,3,1,0,0,1,0,1,0,0,4.0,3.0,0.0,0.0,0.0,0.0
641487,2023-05-04,4,2,0,0,1,0,0,0,0,1,4.0,3.0,0.5,0.0,0.0,0.5
641487,2023-05-05,4,4,1,0,2,1,0,1,0,1,4.0,2.6666666666666665,0.3333333333333333,0.0,0.3333333333333333,0.3333333333333333
641487,2023-05-06,4,3,1,0,0,2,0,1,1,0,4.0,3.0,0.5,0.0,0.75,0.5
641487,2023-05-07,3,3,2,0,1,2,0,1,1,1,4.0,3.0,0.6,0.0,0.6,0.8
641487,2023-05-10,4,3,1,0,1,1,0,1,0,1,3.8333333333333335,3.0,0.8333333333333334,0.0,0.6666666666666666,1.0
641487,2023-05-12,5,4,1,0,1,1,0,1,0,1,3.857142857142857,3.0,0.8571428571428571,0.0,0.7142857142857143,1.0
641487,2023-05-13,4,4,1,0,1,1,0,1,0,1,4.0,3.125,0.875,0.0,0.75,1.0
641487,2023-05-14,5,5,2,0,0,2,0,1,1,0,4.0,3.2222222222222223,0.8888888888888888,0.0,0.7777777777777778,1.0
641487,2023-05-15,5,5,1,0,1,2,0,1,1,1,4.1,3.4,1.0,0.0,0.7,1.1
641487,2023-05-16,5,4,0,0,1,0,0,0,0,1,4.2,3.6,1.1,0.0,0.8,1.3
641487,2023-05-17,3,2,0,0,0,0,0,0,0,0,4.3,3.7,1.0,0.0,0.9,1.2
641487,2023-05-19,4,4,2,0,0,3,0,1,1,0,4.2,3.7,1.0,0.0,0.8,1.2
641487,2023-05-20,5,4,2,0,1,2,0,1,1,1,4.2,3.7,1.1,0.0,0.6,1.4
641487,2023-05-21,4,4,0,0,1,0,0,0,0,1,4.3,3.8,1.2,0.0,0.7,1.4
641487,2023-05-22,5,5,1,0,1,1,0,1,0,1,4.4,3.9,1.0,0.0,0.7,1.2
641487,2023-05-23,4,3,1,1,0,4,1,1,1,0,4.5,4.1,1.0,0.0,0.7,1.2
641487,2023-05-24,5,5,2,0,2,2,0,1,1,1,4.4,4.0,1.0,0.1,0.6,1.5
641487,2023-05-25,3,3,0,0,1,0,0,0,0,1,4.5,4.1,1.1,0.1,0.7,1.6
641487,2023-05-26,5,5,2,1,0,5,1,1,1,0,4.3,3.9,0.9,0.1,0.8,1.4
641487,2023-05-27,4,4,2,0,1,3,0,1,1,1,4.3,3.9,1.0,0.2,0.7,1.7
641487,2023-05-28,5,4,1,0,1,1,0,1,0,1,4.2,3.9,1.2,0.2,0.7,2.0
641487,2023-05-29,5,5,1,0,1,1,0,1,0,1,4.4,4.1,1.3,0.2,0.8,2.1
641487,2023-05-30,5,5,1,0,1,1,0,1,0,1,4.5,4.2,1.2,0.2,0.9,1.9
641487,2023-05-31,4,4,1,0,1,1,0,1,0,1,4.5,4.3,1.1,0.2,0.9,1.8
641505,2023-05-25,5,3,3,0,0,5,0,1,1,0,4.0,4.0,3.0,1.0,1.0,6.0
641505,2023-05-26,5,4,1,0,1,1,0,1,0,1,4.5,3.5,3.0,0.5,0.5,5.5
641505,2023-05-27,4,4,0,0,1,0,0,0,0,1,4.666666666666667,3.6666666666666665,2.3333333333333335,0.3333333333333333,0.6666666666666666,4.0
641505,2023-05-28,5,5,1,0,2,1,0,1,0,1,4.5,3.75,1.75,0.25,0.75,3.0
641505,2023-05-31,2,2,0,0,1,0,0,0,0,1,4.6,4.0,1.6,0.2,1.0,2.6
641511,2023-05-07,4,4,2,0,1,2,0,1,1,1,1.0,1.0,0.0,0.0,1.0,0.0
641511,2023-05-09,4,3,0,0,2,0,0,0,0,1,2.5,2.5,1.0,0.0,1.0,1.0
641511,2023-05-13,3,3,0,0,0,0,0,0,0,0,3.0,2.6666666666666665,0.6666666666666666,0.0,1.3333333333333333,0.6666666666666666
641511,2023-05-16,3,3,1,0,2,1,0,1,0,1,3.0,2.75,0.5,0.0,1.0,0.5
641511,2023-05-20,1,1,0,0,1,0,0,0,0,1,3.0,2.8,0.6,0.0,1.2,0.6
641511,2023-05-21,3,3,0,0,1,0,0,0,0,1,2.6666666666666665,2.5,0.5,0.0,1.1666666666666667,0.5
641511,2023-05-24,4,4,2,0,0,2,0,1,1,0,2.7142857142857144,2.5714285714285716,0.42857142857142855,0.0,1.1428571428571428,0.42857142857142855
641511,2023-05-27,3,2,0,0,2,0,0,0,0,1,2.875,2.75,0.625,0.0,1.0,0.625
641511,2023-05-30,3,3,1,0,2,1,0,1,0,1,2.888888888888889,2.6666666666666665,0.5555555555555556,0.0,1.1111111111111112,0.5555555555555556
641525,2023-05-20,4,3,0,0,0,0,0,0,0,0,3.0,3.0,0.0,0.0,1.0,0.0
641525,2023-05-23,2,2,1,1,0,4,1,1,1,0,3.5,3.0,0.0,0.0,0.5,0.0
641525,2023-05-25,5,4,2,0,0,3,0,1,1,0,3.0,2.6666666666666665,0.3333333333333333,0.3333333333333333,0.3333333333333333,1.3333333333333333
641525,2023-05-26,4,2,2,0,0,2,0,1,1,0,3.5,3.0,0.75,0.25,0.25,1.75
641525,2023-05-27,4,4,0,0,1,0,0,0,0,1,3.6,2.8,1.0,0.2,0.2,1.8
641525,2023-05-31,3,3,0,0,2,0,0,0,0,1,3.6666666666666665,3.0,0.8333333333333334,0.16666666666666666,0.3333333333333333,1.5
641531,2023-05-05,4,2,2,0,0,5,0,1,1,0,1.0,1.0,0.0,0.0,1.0,0.0
641531,2023-05-06,4,3,0,0,1,0,0,0,0,1,2.5,1.5,1.0,0.0,0.5,2.5
641531,2023-05-09,3,3,1,0,0,1,0,1,0,0,3.0,2.0,0.6666666666666666,0.0,0.6666666666666666,1.6666666666666667
641531,2023-05-12,3,2,1,0,1,1,0,1,0,1,3.0,2.25,0.75,0.0,0.5,1.5
641531,2023-05-14,4,3,1,1,1,4,1,1,1,1,3.0,2.2,0.8,0.0,0.6,1.4
641531,2023-05-15,3,3,0,0,1,0,0,0,0,1,3.1666666666666665,2.3333333333333335,0.8333333333333334,0.16666666666666666,0.6666666666666666,1.8333333333333333
641531,2023-05-19,3,3,0,0,1,0,0,0,0,1,3.142857142857143,2.4285714285714284,0.7142857142857143,0.14285714285714285,0.7142857142857143,1.5714285714285714
641553,2023-05-13,2,2,0,0,1,0,0,0,0,1,2.0,2.0,0.0,0.0,1.0,0.0
641553,2023-05-19,2,2,0,0,0,0,0,0,0,0,2.0,2.0,0.0,0.0,1.0,0.0
641584,2023-05-02,4,4,2,0,0,2,0,1,1,0,1.0,1.0,0.0,0.0,1.0,0.0
641584,2023-05-03,4,3,0,0,2,0,0,0,0,1,2.5,2.5,1.0,0.0,0.5,1.0
641584,2023-05-05,4,3,1,0,0,1,0,1,0,0,3.0,2.6666666666666665,0.6666666666666666,0.0,1.0,0.6666666666666666
641584,2023-05-09,1,1,0,0,1,0,0,0,0,1,3.25,2.75,0.75,0.0,0.75,0.75
641584,2023-05-10,3,3,1,0,1,2,0,1,1,1,2.8,2.4,0.6,0.0,0.8,0.6
641584,2023-05-11,4,4,2,0,2,2,0,1,1,1,2.8333333333333335,2.5,0.6666666666666666,0.0,0.8333333333333334,0.8333333333333334
641584,2023-05-12,5,4,2,2,0,8,1,1,1,0,3.0,2.7142857142857144,0.8571428571428571,0.0,1.0,1.0
641584,2023-05-13,3,3,2,1,1,5,1,1,1,1,3.25,2.875,1.0,0.25,0.875,1.875
641584,2023-05-14,1,1,0,0,0,0,0,0,0,0,3.2222222222222223,2.888888888888889,1.1111111111111112,0.3333333333333333,0.8888888888888888,2.2222222222222223
641584,2023-05-15,5,5,2,0,0,2,0,1,1,0,3.0,2.7,1.0,0.3,0.8,2.0
641584,2023-05-16,4,3,2,0,0,2,0,1,1,0,3.4,3.1,1.2,0.3,0.7,2.2
641584,2023-05-17,3,2,0,0,0,0,0,0,0,0,3.4,3.0,1.2,0.3,0.7,2.2
641584,2023-05-19,3,3,1,0,1,2,0,1,1,1,3.3,2.9,1.2,0.3,0.5,2.2
641584,2023-05-20,5,4,1,0,0,1,0,1,0,0,3.2,2.9,1.2,0.3,0.6,2.3
641584,2023-05-21,4,4,1,0,0,1,0,1,0,0,3.6,3.2,1.3,0.3,0.5,2.4
641584,2023-05-22,2,2,0,0,0,0,0,0,0,0,3.7,3.3,1.3,0.3,0.4,2.3
641584,2023-05-23,4,4,1,0,0,2,0,1,1,0,3.5,3.1,1.1,0.3,0.2,2.1
641584,2023-05-25,3,3,0,0,1,0,0,0,0,1,3.4,3.1,1.0,0.1,0.2,1.5
641584,2023-05-27,5,5,1,0,1,1,0,1,0,1,3.4,3.1,0.8,0.0,0.2,1.0
641584,2023-05-28,5,5,0,0,1,0,0,0,0,1,3.8,3.5,0.9,0.0,0.3,1.1
641584,2023-05-30,5,4,1,0,1,2,0,1,1,1,3.8,3.5,0.7,0.0,0.4,0.9
641584,2023-05-31,2,2,0,0,1,0,0,0,0,1,3.9,3.6,0.6,0.0,0.5,0.9
641645,2023-05-03,3,3,0,0,0,0,0,0,0,0,2.0,2.0,0.0,0.0,2.0,0.0
641645,2023-05-06,1,1,0,0,1,0,0,0,0,1,2.5,2.5,0.0,0.0,1.0,0.0
641645,2023-05-07,4,4,2,0,1,2,0,1,1,1,2.0,2.0,0.0,0.0,1.0,0.0
641645,2023-05-09,1,1,0,0,1,0,0,0,0,1,2.5,2.5,0.5,0.0,1.0,0.5
641645,2023-05-10,4,3,2,0,0,3,0,1,1,0,2.2,2.2,0.4,0.0,1.0,0.4
641645,2023-05-13,4,4,0,0,1,0,0,0,0,1,2.5,2.3333333333333335,0.6666666666666666,0.0,0.8333333333333334,0.8333333333333334
641645,2023-05-15,1,1,0,0,0,0,0,0,0,0,2.7142857142857144,2.5714285714285716,0.5714285714285714,0.0,0.8571428571428571,0.7142857142857143
641658,2023-05-04,3,3,0,0,0,0,0,0,0,0,4.0,4.0,1.0,0.0,2.0,1.0
641658,2023-05-05,2,2,1,0,0,1,0,1,0,0,3.5,3.5,0.5,0.0,1.0,0.5
641658,2023-05-07,1,1,0,0,0,0,0,0,0,0,3.0,3.0,0.6666666666666666,0.0,0.6666666666666666,0.6666666666666666
641658,2023-05-08,1,1,1,0,0,2,0,1,1,0,2.5,2.5,0.5,0.0,0.5,0.5
641658,2023-05-10,3,3,1,0,1,1,0,1,0,1,2.2,2.2,0.6,0.0,0.4,0.8
641658,2023-05-13,1,1,0,0,1,0,0,0,0,1,2.3333333333333335,2.3333333333333335,0.6666666666666666,0.0,0.5,0.8333333333333334
641658,2023-05-14,4,4,1,0,2,2,0,1,1,1,2.142857142857143,2.142857142857143,0.5714285714285714,0.0,0.5714285714285714,0.7142857142857143
641658,2023-05-16,5,5,1,0,1,2,0,1,1,1,2.375,2.375,0.625,0.0,0.75,0.875
641658,2023-05-17,2,2,0,0,1,0,0,0,0,1,2.6666666666666665,2.6666666666666665,0.6666666666666666,0.0,0.7777777777777778,1.0
641658,2023-05-18,1,1,0,0,0,0,0,0,0,0,2.6,2.6,0.6,0.0,0.8,0.9
641658,2023-05-19,4,4,1,0,1,1,0,1,0,1,2.3,2.3,0.5,0.0,0.6,0.8
641658,2023-05-20,3,2,0,0,2,0,0,0,0,1,2.4,2.4,0.6,0.0,0.7,0.9
641658,2023-05-21,3,3,1,0,0,1,0,1,0,0,2.5,2.4,0.5,0.0,0.9,0.8
641658,2023-05-22,3,3,1,0,0,1,0,1,0,0,2.7,2.6,0.6,0.0,0.9,0.9
641658,2023-05-23,3,3,0,0,2,0,0,0,0,1,2.9,2.8,0.6,0.0,0.9,0.8
641658,2023-05-24,2,2,1,0,0,1,0,1,0,0,2.9,2.8,0.5,0.0,1.0,0.7
641658,2023-05-25,5,3,1,0,1,1,0,1,0,1,3.0,2.9,0.6,0.0,0.9,0.8
641658,2023-05-27,3,2,1,0,1,1,0,1,0,1,3.1,2.8,0.6,0.0,0.8,0.7
641658,2023-05-28,4,3,1,0,0,1,0,1,0,0,2.9,2.5,0.6,0.0,0.8,0.6
641658,2023-05-30,3,2,0,0,1,0,0,0,0,1,3.1,2.6,0.7,0.0,0.7,0.7
641658,2023-05-31,2,2,0,0,1,0,0,0,0,1,3.3,2.7,0.7,0.0,0.8,0.7
641680,2023-05-03,5,5,1,1,2,4,1,1,1,1,4.0,4.0,1.0,0.0,2.0,1.0
641680,2023-05-05,5,5,2,0,1,2,0,1,1,1,4.5,4.5,1.0,0.5,2.0,2.5
641680,2023-05-06,5,5,2,0,1,2,0,1,1,1,4.666666666666667,4.666666666666667,1.3333333333333333,0.3333333333333333,1.6666666666666667,2.3333333333333335
641680,2023-05-07,5,4,2,0,0,2,0,1,1,0,4.75,4.75,1.5,0.25,1.5,2.25
641680,2023-05-08,3,3,1,0,1,1,0,1,0,1,4.8,4.6,1.6,0.2,1.2,2.2
641680,2023-05-09,4,4,2,0,1,2,0,1,1,1,4.5,4.333333333333333,1.5,0.16666666666666666,1.1666666666666667,2.0
641680,2023-05-10,4,4,1,0,1,2,0,1,1,1,4.428571428571429,4.285714285714286,1.5714285714285714,0.14285714285714285,1.1428571428571428,2.0
641680,2023-05-11,4,4,1,0,1,2,0,1,1,1,4.375,4.25,1.5,0.125,1.125,2.0
641680,2023-05-12,5,5,2,0,2,2,0,1,1,1,4.333333333333333,4.222222222222222,1.4444444444444444,0.1111111111111111,1.1111111111111112,2.0
641680,2023-05-14,5,5,1,0,1,1,0,1,0,1,4.4,4.3,1.5,0.1,1.2,2.0
641680,2023-05-15,3,3,1,0,0,1,0,1,0,0,4.5,4.4,1.5,0.1,1.1,2.0
641680,2023-05-16,3,3,1,0,0,1,0,1,0,0,4.3,4.2,1.5,0.0,0.9,1.7
641680,2023-05-17,4,2,0,0,2,0,0,0,0,1,4.1,4.0,1.4,0.0,0.8,1.6
641680,2023-05-19,4,4,0,0,1,0,0,0,0,1,4.0,3.7,1.2,0.0,0.9,1.4
641680,2023-05-21,5,5,1,0,1,1,0,1,0,1,3.9,3.7,1.0,0.0,1.0,1.2
641680,2023-05-22,3,3,0,0,0,0,0,0,0,0,4.1,3.9,1.0,0.0,1.0,1.2
641680,2023-05-23,4,4,0,0,0,0,0,0,0,0,4.0,3.8,0.8,0.0,0.9,1.0
641680,2023-05-24,2,2,0,0,1,0,0,0,0,1,4.0,3.8,0.7,0.0,0.8,0.8
641680,2023-05-27,4,4,2,0,0,2,0,1,1,0,3.8,3.6,0.6,0.0,0.8,0.6
641680,2023-05-28,3,3,1,0,1,2,0,1,1,1,3.7,3.5,0.6,0.0,0.6,0.6
641680,2023-05-29,4,4,1,0,1,1,0,1,0,1,3.5,3.3,0.6,0.0,0.6,0.7
641680,2023-05-30,4,4,2,0,0,3,0,1,1,0,3.6,3.4,0.6,0.0,0.7,0.7
641680,2023-05-31,3,3,1,0,0,1,0,1,0,0,3.7,3.5,0.7,0.0,0.7,0.9
641820,2023-05-02,2,1,0,0,1,0,0,0,0,1,4.0,4.0,1.0,0.0,2.0,2.0
641820,2023-05-03,4,4,2,0,0,2,0,1,1,0,3.0,2.5,0.5,0.0,1.5,1.0
641820,2023-05-04,4,4,1,0,0,2,0,1,1,0,3.3333333333333335,3.0,1.0,0.0,1.0,1.3333333333333333
641820,2023-05-05,3,3,1,0,1,1,0,1,0,1,3.5,3.25,1.0,0.0,0.75,1.5
641820,2023-05-06,4,4,1,0,2,2,0,1,1,1,3.4,3.2,1.0,0.0,0.8,1.4
641820,2023-05-07,1,1,0,0,0,0,0,0,0,0,3.5,3.3333333333333335,1.0,0.0,1.0,1.5
641820,2023-05-08,4,4,0,0,2,0,0,0,0,1,3.142857142857143,3.0,0.8571428571428571,0.0,0.8571428571428571,1.2857142857142858
641820,2023-05-10,4,1,1,0,0,1,0,1,0,0,3.25,3.125,0.75,0.0,1.0,1.125
641820,2023-05-12,3,3,1,0,2,1,0,1,0,1,3.3333333333333335,2.888888888888889,0.7777777777777778,0.0,0.8888888888888888,1.1111111111111112
641820,2023-05-14,4,3,0,0,2,0,0,0,0,1,3.3,2.9,0.8,0.0,1.0,1.1
641820,2023-05-15,4,3,1,0,1,1,0,1,0,1,3.3,2.8,0.7,0.0,1.0,0.9
641820,2023-05-16,1,1,0,0,0,0,0,0,0,0,3.5,3.0,0.8,0.0,1.0,1.0
641820,2023-05-17,5,5,2,0,1,2,0,1,1,1,3.2,2.7,0.6,0.0,1.0,0.8
641820,2023-05-19,2,2,1,0,0,1,0,1,0,0,3.3,2.8,0.7,0.0,1.1,0.8
641820,2023-05-20,4,3,0,0,0,0,0,0,0,0,3.2,2.7,0.7,0.0,1.0,0.8
641820,2023-05-21,2,1,0,0,1,0,0,0,0,1,3.2,2.6,0.6,0.0,0.8,0.6
641820,2023-05-26,3,3,0,0,2,0,0,0,0,1,3.3,2.6,0.6,0.0,0.9,0.6
641820,2023-05-27,3,2,0,0,1,0,0,0,0,1,3.2,2.5,0.6,0.0,0.9,0.6
641820,2023-05-28,4,3,2,0,1,3,0,1,1,1,3.1,2.6,0.5,0.0,1.0,0.5
641820,2023-05-30,3,3,0,0,2,0,0,0,0,1,3.2,2.6,0.6,0.0,0.9,0.7
641820,2023-05-31,1,1,1,0,0,1,0,1,0,0,3.1,2.6,0.6,0.0,0.9,0.7
641857,2023-05-03,3,3,0,0,3,0,0,0,0,1,4.0,3.0,0.0,0.0,3.0,0.0
641857,2023-05-05,4,4,1,0,0,1,0,1,0,0,3.5,3.0,0.0,0.0,3.0,0.0
641857,2023-05-06,4,4,0,0,2,0,0,0,0,1,3.6666666666666665,3.3333333333333335,0.3333333333333333,0.0,2.0,0.3333333333333333
641857,2023-05-07,5,4,1,0,1,2,0,1,1,1,3.75,3.5,0.25,0.0,2.0,0.25
641857,2023-05-08,4,4,0,0,1,0,0,0,0,1,4.0,3.6,0.4,0.0,1.8,0.6
641857,2023-05-09,3,3,1,0,0,3,0,1,1,0,4.0,3.6666666666666665,0.3333333333333333,0.0,1.6666666666666667,0.5
641857,2023-05-10,3,3,1,0,0,1,0,1,0,0,3.857142857142857,3.5714285714285716,0.42857142857142855,0.0,1.4285714285714286,0.8571428571428571
641857,2023-05-12,4,4,2,0,2,3,0,1,1,1,3.75,3.5,0.5,0.0,1.25,0.875
641857,2023-05-13,3,2,2,0,0,4,0,1,1,0,3.7777777777777777,3.5555555555555554,0.6666666666666666,0.0,1.3333333333333333,1.1111111111111112
641857,2023-05-14,3,3,0,0,0,0,0,0,0,0,3.7,3.4,0.8,0.0,1.2,1.4
641857,2023-05-15,5,3,1,0,2,1,0,1,0,1,3.6,3.4,0.8,0.0,0.9,1.4
641857,2023-05-17,4,4,0,0,1,0,0,0,0,1,3.8,3.4,0.9,0.0,0.8,1.5
641857,2023-05-19,4,4,3,0,0,4,0,1,1,0,3.8,3.4,0.8,0.0,0.9,1.4
641857,2023-05-20,3,3,1,0,1,1,0,1,0,1,3.8,3.4,1.1,0.0,0.7,1.8
641857,2023-05-21,4,3,0,0,2,0,0,0,0,1,3.6,3.3,1.1,0.0,0.7,1.7
641857,2023-05-22,4,4,0,0,3,0,0,0,0,1,3.6,3.2,1.1,0.0,0.8,1.7
641857,2023-05-23,4,3,0,0,1,0,0,0,0,1,3.7,3.3,1.0,0.0,1.1,1.4
641857,2023-05-24,4,3,0,0,1,0,0,0,0,1,3.8,3.3,0.9,0.0,1.2,1.3
641857,2023-05-25,5,3,2,0,1,3,0,1,1,1,3.8,3.2,0.7,0.0,1.1,1.0
641857,2023-05-26,4,3,1,1,0,4,1,1,1,0,4.0,3.3,0.7,0.0,1.2,0.9
641857,2023-05-27,4,4,2,1,1,5,1,1,1,1,4.1,3.3,0.8,0.1,1.2,1.3
641857,2023-05-28,5,4,3,1,1,7,1,1,1,1,4.0,3.4,0.9,0.2,1.1,1.7
641857,2023-05-29,5,5,4,1,1,9,1,1,1,1,4.1,3.4,1.2,0.3,1.1,2.4
641857,2023-05-30,4,3,1,0,2,1,0,1,0,1,4.2,3.5,1.3,0.4,1.2,2.9
641857,2023-05-31,4,3,0,0,1,0,0,0,0,1,4.3,3.5,1.3,0.4,1.3,2.9
641933,2023-05-03,1,1,0,0,0,0,0,0,0,0,4.0,4.0,1.0,0.0,2.0,1.0
641933,2023-05-04,4,4,0,0,2,0,0,0,0,1,2.5,2.5,0.5,0.0,1.0,0.5
641943,2023-05-10,1,1,0,0,1,0,0,0,0,1,2.0,2.0,0.0,0.0,0.0,0.0
641943,2023-05-14,3,3,0,0,0,0,0,0,0,0,1.5,1.5,0.0,0.0,0.5,0.0
641943,2023-05-16,2,2,0,0,2,0,0,0,0,1,2.0,2.0,0.0,0.0,0.3333333333333333,0.0
641943,2023-05-19,5,4,3,0,1,3,0,1,1,1,2.0,2.0,0.0,0.0,0.75,0.0
641943,2023-05-20,2,2,1,0,1,1,0,1,0,1,2.6,2.4,0.6,0.0,0.8,0.6
641943,2023-05-23,3,3,1,0,0,1,0,1,0,0,2.5,2.3333333333333335,0.6666666666666666,0.0,0.8333333333333334,0.6666666666666666
641943,2023-05-27,2,2,0,0,0,0,0,0,0,0,2.5714285714285716,2.4285714285714284,0.7142857142857143,0.0,0.7142857142857143,0.7142857142857143
641943,2023-05-28,1,0,0,0,0,0,0,0,0,0,2.5,2.375,0.625,0.0,0.625,0.625
641943,2023-05-29,3,3,2,0,0,5,0,1,1,0,2.3333333333333335,2.111111111111111,0.5555555555555556,0.0,0.5555555555555556,0.5555555555555556
641943,2023-05-30,2,1,0,0,0,0,0,0,0,0,2.4,2.2,0.7,0.0,0.5,1.0
642086,2023-05-02,4,4,1,0,0,1,0,1,0,0,3.0,3.0,3.0,0.0,0.0,4.0
642086,2023-05-03,2,2,0,0,1,0,0,0,0,1,3.5,3.5,2.0,0.0,0.0,2.5
642086,2023-05-04,3,3,2,0,0,2,0,1,1,0,3.0,3.0,1.3333333333333333,0.0,0.3333333333333333,1.6666666666666667
642086,2023-05-05,2,1,0,0,0,0,0,0,0,0,3.0,3.0,1.5,0.0,0.25,1.75
642086,2023-05-06,4,4,0,0,0,0,0,0,0,0,2.8,2.6,1.2,0.0,0.2,1.4
642086,2023-05-07,5,3,1,0,1,1,0,1,0,1,3.0,2.8333333333333335,1.0,0.0,0.16666666666666666,1.1666666666666667
642086,2023-05-08,4,2,1,0,0,1,0,1,0,0,3.2857142857142856,2.857142857142857,1.0,0.0,0.2857142857142857,1.1428571428571428
642086,2023-05-09,4,3,3,0,0,3,0,1,1,0,3.375,2.75,1.0,0.0,0.25,1.125
642086,2023-05-10,5,4,1,0,1,1,0,1,0,1,3.4444444444444446,2.7777777777777777,1.2222222222222223,0.0,0.2222222222222222,1.3333333333333333
642086,2023-05-12,4,3,0,0,1,0,0,0,0,1,3.6,2.9,1.2,0.0,0.3,1.3
642086,2023-05-13,3,3,2,0,0,2,0,1,1,0,3.7,2.9,0.9,0.0,0.4,0.9
642086,2023-05-14,5,4,0,0,1,0,0,0,0,1,3.6,2.8,1.0,0.0,0.4,1.0
642086,2023-05-15,4,3,2,0,1,2,0,1,1,1,3.9,3.0,1.0,0.0,0.4,1.0
642086,2023-05-16,4,4,2,0,1,2,0,1,1,1,4.0,3.0,1.0,0.0,0.5,1.0
642086,2023-05-17,3,3,1,0,0,1,0,1,0,0,4.2,3.3,1.2,0.0,0.6,1.2
642086,2023-05-18,4,3,1,0,0,2,0,1,1,0,4.1,3.2,1.3,0.0,0.6,1.3
642086,2023-05-19,4,2,0,0,0,0,0,0,0,0,4.0,3.2,1.3,0.0,0.5,1.4
642086,2023-05-20,4,4,0,0,1,0,0,0,0,1,4.0,3.2,1.2,0.0,0.5,1.3
642086,2023-05-21,4,4,1,0,1,1,0,1,0,1,4.0,3.3,0.9,0.0,0.6,1.0
642086,2023-05-23,4,4,2,0,1,2,0,1,1,1,3.9,3.3,0.9,0.0,0.6,1.0
642086,2023-05-24,4,4,2,0,0,2,0,1,1,0,3.9,3.4,1.1,0.0,0.6,1.2
642086,2023-05-25,5,5,2,0,1,3,0,1,1,1,4.0,3.5,1.1,0.0,0.6,1.2
642086,2023-05-26,5,4,0,0,1,0,0,0,0,1,4.0,3.6,1.3,0.0,0.6,1.5
642086,2023-05-27,4,3,1,0,0,1,0,1,0,0,4.1,3.7,1.1,0.0,0.6,1.3
642086,2023-05-28,4,3,2,0,0,2,0,1,1,0,4.1,3.6,1.0,0.0,0.5,1.2
642086,2023-05-29,4,4,1,0,1,2,0,1,1,1,4.2,3.6,1.1,0.0,0.5,1.3
642086,2023-05-30,4,4,0,0,0,0,0,0,0,0,4.2,3.7,1.1,0.0,0.6,1.3
642086,2023-05-31,4,4,0,0,1,0,0,0,0,1,4.2,3.9,1.1,0.0,0.6,1.3
642133,2023-05-03,4,4,1,0,1,1,0,1,0,1,4.0,4.0,2.0,0.0,0.0,4.0
642133,2023-05-04,4,4,1,1,2,4,1,1,1,1,4.0,4.0,1.5,0.0,0.5,2.5
642133,2023-05-05,1,1,0,0,1,0,0,0,0,1,4.0,4.0,1.3333333333333333,0.3333333333333333,1.0,3.0
642133,2023-05-06,4,3,0,0,2,0,0,0,0,1,3.25,3.25,1.0,0.25,1.0,2.25
642133,2023-05-07,4,3,1,0,0,1,0,1,0,0,3.4,3.2,0.8,0.2,1.2,1.8
642133,2023-05-08,4,4,0,0,1,0,0,0,0,1,3.5,3.1666666666666665,0.8333333333333334,0.16666666666666666,1.0,1.6666666666666667
642133,2023-05-09,3,3,1,1,1,4,1,1,1,1,3.5714285714285716,3.2857142857142856,0.7142857142857143,0.14285714285714285,1.0,1.4285714285714286
642133,2023-05-12,4,3,1,0,1,1,0,1,0,1,3.5,3.25,0.75,0.25,1.0,1.75
642133,2023-05-13,3,2,1,0,1,1,0,1,0,1,3.5555555555555554,3.2222222222222223,0.7777777777777778,0.2222222222222222,1.0,1.6666666666666667
642133,2023-05-14,4,4,1,0,2,1,0,1,0,1,3.5,3.1,0.8,0.2,1.0,1.6
642133,2023-05-15,4,2,2,0,0,2,0,1,1,0,3.5,3.1,0.7,0.2,1.2,1.3
642133,2023-05-16,1,1,0,0,1,0,0,0,0,1,3.5,2.9,0.8,0.2,1.1,1.4
642133,2023-05-17,1,1,0,0,1,0,0,0,0,1,3.2,2.6,0.7,0.1,1.0,1.0
642133,2023-05-19,1,1,0,0,1,0,0,0,0,1,3.2,2.6,0.7,0.1,1.0,1.0
642133,2023-05-20,4,3,0,0,1,0,0,0,0,1,2.9,2.4,0.7,0.1,0.9,1.0
642133,2023-05-21,3,2,1,1,0,4,1,1,1,0,2.9,2.4,0.6,0.1,1.0,0.9
642133,2023-05-22,3,3,2,1,0,5,1,1,1,0,2.8,2.2,0.7,0.2,0.9,1.3
642133,2023-05-23,4,4,1,0,0,1,0,1,0,0,2.8,2.2,0.8,0.2,0.8,1.4
642133,2023-05-24,3,3,1,0,1,1,0,1,0,1,2.8,2.3,0.8,0.2,0.7,1.4
642133,2023-05-25,3,3,1,0,1,1,0,1,0,1,2.8,2.4,0.8,0.2,0.7,1.4
642133,2023-05-27,4,4,1,0,1,1,0,1,0,1,2.7,2.3,0.8,0.2,0.6,1.4
642133,2023-05-28,4,3,0,0,0,0,0,0,0,0,2.7,2.5,0.7,0.2,0.7,1.3
642133,2023-05-30,2,2,0,0,1,0,0,0,0,1,3.0,2.7,0.7,0.2,0.6,1.3
642133,2023-05-31,4,4,0,0,0,0,0,0,0,0,3.1,2.8,0.7,0.2,0.6,1.3
642136,2023-05-05,2,2,0,0,1,0,0,0,0,1,5.0,5.0,3.0,0.0,0.0,3.0
642136,2023-05-07,4,4,3,0,0,3,0,1,1,0,3.5,3.5,1.5,0.0,0.5,1.5
642136,2023-05-08,4,2,1,0,0,1,0,1,0,0,3.6666666666666665,3.6666666666666665,2.0,0.0,0.3333333333333333,2.0
642136,2023-05-10,4,4,1,0,2,1,0,1,0,1,3.75,3.25,1.75,0.0,0.25,1.75
642136,2023-05-12,4,3,2,0,0,2,0,1,1,0,3.8,3.4,1.6,0.0,0.6,1.6
642136,2023-05-13,3,2,0,0,1,0,0,0,0,1,3.8333333333333335,3.3333333333333335,1.6666666666666667,0.0,0.5,1.6666666666666667
642136,2023-05-14,3,3,0,0,1,0,0,0,0,1,3.7142857142857144,3.142857142857143,1.4285714285714286,0.0,0.5714285714285714,1.4285714285714286
642136,2023-05-15,5,4,1,0,2,2,0,1,1,1,3.625,3.125,1.25,0.0,0.625,1.25
642136,2023-05-16,4,4,2,0,1,2,0,1,1,1,3.7777777777777777,3.2222222222222223,1.2222222222222223,0.0,0.7777777777777778,1.3333333333333333
642136,2023-05-17,2,2,1,0,0,1,0,1,0,0,3.8,3.3,1.3,0.0,0.8,1.4
642136,2023-05-18,2,2,0,0,2,0,0,0,0,1,3.5,3.0,1.1,0.0,0.8,1.2
642136,2023-05-19,2,2,0,0,2,0,0,0,0,1,3.5,3.0,1.1,0.0,0.9,1.2
642136,2023-05-20,2,2,0,0,1,0,0,0,0,1,3.3,2.8,0.8,0.0,1.1,0.9
642136,2023-05-21,2,1,1,0,0,2,0,1,1,0,3.1,2.8,0.7,0.0,1.2,0.8
642136,2023-05-22,2,2,1,0,1,1,0,1,0,1,2.9,2.5,0.7,0.0,1.0,0.9
642136,2023-05-23,4,4,1,1,2,4,1,1,1,1,2.7,2.4,0.6,0.0,1.1,0.8
642136,2023-05-26,1,1,0,0,1,0,0,0,0,1,2.8,2.6,0.7,0.1,1.2,1.2
642136,2023-05-27,3,3,1,0,1,1,0,1,0,1,2.6,2.4,0.7,0.1,1.2,1.2
642136,2023-05-28,3,2,0,0,1,0,0,0,0,1,2.4,2.3,0.7,0.1,1.1,1.1
642136,2023-05-29,5,5,3,1,1,6,1,1,1,1,2.3,2.1,0.5,0.1,1.1,0.9
642136,2023-05-30,2,1,0,0,1,0,0,0,0,1,2.6,2.4,0.7,0.2,1.2,1.4
642136,2023-05-31,5,4,1,0,0,1,0,1,0,0,2.6,2.3,0.7,0.2,1.1,1.4
642336,2023-05-05,3,3,1,0,0,2,0,1,1,0,4.0,4.0,1.0,0.0,1.0,2.0
642336,2023-05-08,4,3,0,0,0,0,0,0,0,0,3.5,3.5,1.0,0.0,0.5,2.0
642336,2023-05-11,4,3,1,0,0,2,0,1,1,0,3.6666666666666665,3.3333333333333335,0.6666666666666666,0.0,0.3333333333333333,1.3333333333333333
642336,2023-05-13,4,4,2,0,1,2,0,1,1,1,3.75,3.25,0.75,0.0,0.25,1.5
642336,2023-05-17,4,4,0,0,3,0,0,0,0,1,3.8,3.4,1.0,0.0,0.4,1.6
642336,2023-05-19,3,2,1,0,0,1,0,1,0,0,3.8333333333333335,3.5,0.8333333333333334,0.0,0.8333333333333334,1.3333333333333333
642336,2023-05-21,3,3,0,0,0,0,0,0,0,0,3.7142857142857144,3.2857142857142856,0.8571428571428571,0.0,0.7142857142857143,1.2857142857142858
642336,2023-05-23,3,3,1,0,1,2,0,1,1,1,3.625,3.25,0.75,0.0,0.625,1.125
642336,2023-05-25,4,4,0,0,3,0,0,0,0,1,3.5555555555555554,3.2222222222222223,0.7777777777777778,0.0,0.6666666666666666,1.2222222222222223
642336,2023-05-28,4,4,0,0,2,0,0,0,0,1,3.6,3.3,0.7,0.0,0.9,1.1
642336,2023-05-30,2,2,1,0,0,1,0,1,0,0,3.6,3.3,0.6,0.0,1.0,0.9
642350,2023-05-03,4,3,1,0,1,1,0,1,0,1,3.0,3.0,1.0,0.0,1.0,1.0
642350,2023-05-05,2,1,0,0,1,0,0,0,0,1,3.5,3.0,1.0,0.0,1.0,1.0
642350,2023-05-06,1,1,0,0,0,0,0,0,0,0,3.0,2.3333333333333335,0.6666666666666666,0.0,1.0,0.6666666666666666
642350,2023-05-07,4,3,1,1,1,4,1,1,1,1,2.5,2.0,0.5,0.0,0.75,0.5
642350,2023-05-08,4,4,0,0,2,0,0,0,0,1,2.8,2.2,0.6,0.2,0.8,1.2
642350,2023-05-10,3,3,0,0,1,0,0,0,0,1,3.0,2.5,0.5,0.16666666666666666,1.0,1.0
642350,2023-05-12,4,4,2,1,1,5,1,1,1,1,3.0,2.5714285714285716,0.42857142857142855,0.14285714285714285,1.0,0.8571428571428571
642350,2023-05-13,4,3,0,0,1,0,0,0,0,1,3.125,2.75,0.625,0.25,1.0,1.375
642350,2023-05-14,3,3,1,0,1,2,0,1,1,1,3.2222222222222223,2.7777777777777777,0.5555555555555556,0.2222222222222222,1.0,1.2222222222222223
642350,2023-05-16,4,3,1,1,1,4,1,1,1,1,3.2,2.8,0.6,0.2,1.0,1.3
642350,2023-05-17,5,5,1,1,1,4,1,1,1,1,3.3,2.8,0.6,0.3,1.0,1.6
642350,2023-05-19,3,3,2,0,1,2,0,1,1,1,3.4,3.0,0.6,0.4,1.0,1.9
642350,2023-05-20,4,4,0,0,2,0,0,0,0,1,3.5,3.2,0.8,0.4,1.0,2.1
642350,2023-05-22,3,3,1,1,0,4,1,1,1,0,3.8,3.5,0.8,0.4,1.2,2.1
642350,2023-05-23,3,3,1,0,0,1,0,1,0,0,3.7,3.5,0.8,0.4,1.1,2.1
642350,2023-05-24,3,3,2,1,0,5,1,1,1,0,3.6,3.4,0.9,0.4,0.9,2.2
642350,2023-05-26,4,4,2,1,0,5,1,1,1,0,3.6,3.4,1.1,0.5,0.8,2.7
642350,2023-05-27,4,4,0,0,3,0,0,0,0,1,3.6,3.4,1.1,0.5,0.7,2.7
642350,2023-05-28,5,4,1,0,2,3,0,1,1,1,3.6,3.5,1.1,0.5,0.9,2.7
642350,2023-05-29,3,3,0,0,2,0,0,0,0,1,3.8,3.6,1.1,0.5,1.0,2.8
642350,2023-05-31,4,3,1,1,1,4,1,1,1,1,3.7,3.6,1.0,0.4,1.1,2.4
642708,2023-05-02,5,4,1,0,1,1,0,1,0,1,4.0,4.0,2.0,0.0,0.0,2.0
642708,2023-05-03,5,5,1,0,3,1,0,1,0,1,4.5,4.0,1.5,0.0,0.5,1.5
642708,2023-05-05,4,4,0,0,3,0,0,0,0,1,4.666666666666667,4.333333333333333,1.3333333333333333,0.0,1.3333333333333333,1.3333333333333333
642708,2023-05-06,4,3,0,0,1,0,0,0,0,1,4.5,4.25,1.0,0.0,1.75,1.0
642708,2023-05-08,4,3,1,0,2,1,0,1,0,1,4.4,4.0,0.8,0.0,1.6,0.8
642708,2023-05-09,4,4,4,0,0,6,0,1,1,0,4.333333333333333,3.8333333333333335,0.8333333333333334,0.0,1.6666666666666667,0.8333333333333334
642708,2023-05-10,4,4,0,0,2,0,0,0,0,1,4.285714285714286,3.857142857142857,1.2857142857142858,0.0,1.4285714285714286,1.5714285714285714
642708,2023-05-12,5,5,3,0,0,6,0,1,1,0,4.25,3.875,1.125,0.0,1.5,1.375
642708,2023-05-13,3,3,3,0,0,4,0,1,1,0,4.333333333333333,4.0,1.3333333333333333,0.0,1.3333333333333333,1.8888888888888888
642708,2023-05-14,4,4,0,0,0,0,0,0,0,0,4.2,3.9,1.5,0.0,1.2,2.1
642708,2023-05-16,4,4,1,0,2,1,0,1,0,1,4.2,3.9,1.3,0.0,1.2,1.9
642708,2023-05-17,4,4,0,0,2,0,0,0,0,1,4.1,3.9,1.3,0.0,1.3,1.9
642708,2023-05-18,4,4,0,0,0,0,0,0,0,0,4.0,3.8,1.2,0.0,1.2,1.8
642708,2023-05-19,4,4,2,0,0,2,0,1,1,0,4.0,3.8,1.2,0.0,0.9,1.8
642708,2023-05-21,8,7,1,0,1,1,0,1,0,1,4.0,3.9,1.4,0.0,0.8,2.0
642708,2023-05-22,4,4,1,0,0,1,0,1,0,0,4.4,4.3,1.4,0.0,0.7,2.0
642708,2023-05-23,4,3,0,0,0,0,0,0,0,0,4.4,4.3,1.1,0.0,0.7,1.5
642708,2023-05-24,4,4,0,0,3,0,0,0,0,1,4.4,4.2,1.1,0.0,0.5,1.5
642708,2023-05-26,4,3,1,0,2,2,0,1,1,1,4.3,4.1,0.8,0.0,0.8,0.9
642708,2023-05-27,5,5,2,0,0,4,0,1,1,0,4.4,4.1,0.6,0.0,1.0,0.7
642708,2023-05-28,5,4,1,0,0,1,0,1,0,0,4.5,4.2,0.8,0.0,1.0,1.1
642708,2023-05-29,2,2,0,0,0,0,0,0,0,0,4.6,4.2,0.8,0.0,0.8,1.1
642708,2023-05-30,5,4,1,0,0,1,0,1,0,0,4.4,4.0,0.8,0.0,0.6,1.1
642708,2023-05-31,6,5,0,0,0,0,0,0,0,0,4.5,4.0,0.9,0.0,0.6,1.2
642715,2023-05-03,4,4,0,0,1,0,0,0,0,1,3.0,3.0,0.0,0.0,1.0,0.0
642715,2023-05-04,5,5,0,0,1,0,0,0,0,1,3.5,3.5,0.0,0.0,1.0,0.0
642715,2023-05-05,4,3,2,0,0,2,0,1,1,0,4.0,4.0,0.0,0.0,1.0,0.0
642715,2023-05-06,4,4,1,0,1,1,0,1,0,1,4.0,3.75,0.5,0.0,0.75,0.5
642715,2023-05-07,5,3,2,1,0,5,1,1,1,0,4.0,3.8,0.6,0.0,0.8,0.6
642715,2023-05-08,4,4,1,1,0,4,1,1,1,0,4.166666666666667,3.6666666666666665,0.8333333333333334,0.16666666666666666,0.6666666666666666,1.3333333333333333
642715,2023-05-09,4,4,0,0,1,0,0,0,0,1,4.142857142857143,3.7142857142857144,0.8571428571428571,0.2857142857142857,0.5714285714285714,1.7142857142857142
642715,2023-05-10,3,3,1,0,0,1,0,1,0,0,4.125,3.75,0.75,0.25,0.625,1.5
642715,2023-05-12,4,3,0,0,2,0,0,0,0,1,4.0,3.6666666666666665,0.7777777777777778,0.2222222222222222,0.5555555555555556,1.4444444444444444
642715,2023-05-13,4,4,1,0,1,1,0,1,0,1,4.0,3.6,0.7,0.2,0.7,1.3
642715,2023-05-14,4,4,0,0,2,0,0,0,0,1,4.1,3.7,0.8,0.2,0.7,1.4
642715,2023-05-15,4,4,0,0,3,0,0,0,0,1,4.1,3.7,0.8,0.2,0.8,1.4
642715,2023-05-16,4,3,1,0,1,2,0,1,1,1,4.0,3.6,0.8,0.2,1.0,1.4
642715,2023-05-17,5,4,0,0,2,0,0,0,0,1,4.0,3.6,0.7,0.2,1.1,1.4
642715,2023-05-19,4,4,1,0,2,1,0,1,0,1,4.1,3.6,0.6,0.2,1.2,1.3
642715,2023-05-20,4,4,1,0,0,1,0,1,0,0,4.0,3.7,0.5,0.1,1.4,0.9
642715,2023-05-21,4,4,1,1,1,4,1,1,1,1,4.0,3.7,0.5,0.0,1.4,0.6
642715,2023-05-22,3,3,0,0,2,0,0,0,0,1,4.0,3.7,0.6,0.1,1.4,1.0
642715,2023-05-23,4,4,0,0,1,0,0,0,0,1,4.0,3.7,0.5,0.1,1.6,0.9
642715,2023-05-24,4,4,1,1,1,4,1,1,1,1,4.0,3.8,0.5,0.1,1.5,0.9
642715,2023-05-25,4,4,1,0,1,2,0,1,1,1,4.0,3.8,0.5,0.2,1.5,1.2
642715,2023-05-26,1,0,0,0,0,0,0,0,0,0,4.0,3.8,0.6,0.2,1.4,1.4
642731,2023-05-02,5,3,2,0,0,2,0,1,1,0,4.0,4.0,0.0,0.0,2.0,0.0
642731,2023-05-03,3,2,1,0,1,1,0,1,0,1,4.5,3.5,1.0,0.0,1.0,1.0
642731,2023-05-05,4,4,1,0,0,1,0,1,0,0,4.0,3.0,1.0,0.0,1.0,1.0
642731,2023-05-06,4,4,1,1,0,4,1,1,1,0,4.0,3.25,1.0,0.0,0.75,1.0
642731,2023-05-07,5,5,3,1,1,6,1,1,1,1,4.0,3.4,1.0,0.2,0.6,1.6
642731,2023-05-08,3,3,1,0,1,1,0,1,0,1,4.166666666666667,3.6666666666666665,1.3333333333333333,0.3333333333333333,0.6666666666666666,2.3333333333333335
642731,2023-05-09,5,5,1,0,1,1,0,1,0,1,4.0,3.5714285714285716,1.2857142857142858,0.2857142857142857,0.7142857142857143,2.142857142857143
642731,2023-05-11,5,4,0,0,2,0,0,0,0,1,4.125,3.75,1.25,0.25,0.75,2.0
642731,2023-05-12,5,5,0,0,2,0,0,0,0,1,4.222222222222222,3.7777777777777777,1.1111111111111112,0.2222222222222222,0.8888888888888888,1.7777777777777777
642731,2023-05-13,4,4,0,0,2,0,0,0,0,1,4.3,3.9,1.0,0.2,1.0,1.6
642731,2023-05-14,4,4,2,0,1,4,0,1,1,1,4.3,3.9,1.0,0.2,1.0,1.6
642731,2023-05-15,4,4,1,0,1,3,0,1,1,1,4.2,4.0,1.0,0.2,1.1,1.8
642731,2023-05-16,4,4,1,0,1,1,0,1,0,1,4.3,4.2,1.0,0.2,1.1,2.0
642731,2023-05-17,5,4,2,0,0,2,0,1,1,0,4.3,4.2,1.0,0.2,1.2,2.0
642731,2023-05-19,4,4,1,0,1,1,0,1,0,1,4.4,4.2,1.1,0.1,1.2,1.8
642731,2023-05-20,4,4,1,0,1,1,0,1,0,1,4.3,4.1,0.9,0.0,1.2,1.3
642731,2023-05-21,4,4,1,0,2,2,0,1,1,1,4.4,4.2,0.9,0.0,1.2,1.3
642731,2023-05-23,5,5,1,0,2,2,0,1,1,1,4.3,4.1,0.9,0.0,1.3,1.4
642731,2023-05-24,5,5,2,0,1,3,0,1,1,1,4.3,4.2,1.0,0.0,1.3,1.6
642731,2023-05-25,5,5,0,0,2,0,0,0,0,1,4.3,4.2,1.2,0.0,1.2,1.9
642851,2023-05-10,4,3,1,0,2,1,0,1,0,1,5.0,3.0,1.0,0.0,1.0,1.0
642851,2023-05-15,4,4,1,0,1,1,0,1,0,1,4.5,3.0,1.0,0.0,1.5,1.0
642851,2023-05-21,3,3,0,0,3,0,0,0,0,1,4.333333333333333,3.3333333333333335,1.0,0.0,1.3333333333333333,1.0
642851,2023-05-25,3,2,0,0,1,0,0,0,0,1,4.0,3.25,0.75,0.0,1.75,0.75
642851,2023-05-28,4,4,1,0,1,2,0,1,1,1,3.8,3.0,0.6,0.0,1.6,0.6
642851,2023-05-31,2,2,0,0,1,0,0,0,0,1,3.8333333333333335,3.1666666666666665,0.6666666666666666,0.0,1.5,0.8333333333333334
643217,2023-05-03,4,4,1,0,1,1,0,1,0,1,4.0,4.0,1.0,0.0,0.0,1.0
643217,2023-05-04,4,4,1,0,0,1,0,1,0,0,4.0,4.0,1.0,0.0,0.5,1.0
643217,2023-05-05,4,4,0,0,1,0,0,0,0,1,4.0,4.0,1.0,0.0,0.3333333333333333,1.0
643217,2023-05-06,4,4,1,0,0,2,0,1,1,0,4.0,4.0,0.75,0.0,0.5,0.75
643217,2023-05-07,5,5,2,0,1,3,0,1,1,1,4.0,4.0,0.8,0.0,0.4,1.0
643217,2023-05-08,3,3,1,0,1,1,0,1,0,1,4.166666666666667,4.166666666666667,1.0,0.0,0.5,1.3333333333333333
643217,2023-05-09,4,4,0,0,0,0,0,0,0,0,4.0,4.0,1.0,0.0,0.5714285714285714,1.2857142857142858
643217,2023-05-10,4,3,0,0,2,0,0,0,0,1,4.0,4.0,0.875,0.0,0.5,1.125
643217,2023-05-11,4,4,2,0,0,3,0,1,1,0,4.0,3.888888888888889,0.7777777777777778,0.0,0.6666666666666666,1.0
643217,2023-05-12,4,4,0,0,1,0,0,0,0,1,4.0,3.9,0.9,0.0,0.6,1.2
643217,2023-05-13,4,3,2,0,0,3,0,1,1,0,4.0,3.9,0.8,0.0,0.7,1.1
643217,2023-05-14,4,2,1,0,1,2,0,1,1,1,4.0,3.8,0.9,0.0,0.6,1.3
643217,2023-05-16,4,4,2,0,1,2,0,1,1,1,4.0,3.6,0.9,0.0,0.7,1.4
643217,2023-05-17,4,4,2,0,0,3,0,1,1,0,4.0,3.6,1.1,0.0,0.7,1.6
643217,2023-05-18,4,3,1,0,1,2,0,1,1,1,4.0,3.6,1.2,0.0,0.7,1.7
643217,2023-05-19,4,4,1,0,1,1,0,1,0,1,3.9,3.4,1.1,0.0,0.7,1.6
643217,2023-05-20,4,3,1,0,0,1,0,1,0,0,4.0,3.5,1.1,0.0,0.7,1.6
643217,2023-05-21,4,3,1,0,1,1,0,1,0,1,4.0,3.4,1.2,0.0,0.7,1.7
643217,2023-05-22,4,4,1,0,1,2,0,1,1,1,4.0,3.4,1.3,0.0,0.6,1.8
643217,2023-05-23,4,4,1,0,0,2,0,1,1,0,4.0,3.4,1.2,0.0,0.7,1.7
643217,2023-05-24,4,4,0,0,0,0,0,0,0,0,4.0,3.4,1.3,0.0,0.6,1.9
643217,2023-05-25,4,4,1,0,0,1,0,1,0,0,4.0,3.5,1.1,0.0,0.6,1.6
643217,2023-05-26,6,5,2,0,0,4,0,1,1,0,4.0,3.7,1.1,0.0,0.5,1.5
643217,2023-05-27,4,3,0,0,2,0,0,0,0,1,4.2,3.8,1.1,0.0,0.4,1.7
643217,2023-05-29,3,3,1,0,0,2,0,1,1,0,4.2,3.7,0.9,0.0,0.6,1.4
643217,2023-05-30,3,3,0,0,1,0,0,0,0,1,4.1,3.7,0.9,0.0,0.5,1.4
643217,2023-05-31,3,3,1,0,1,1,0,1,0,1,4.0,3.6,0.8,0.0,0.5,1.3
643265,2023-05-16,5,4,1,0,1,2,0,1,1,1,4.0,4.0,2.0,0.0,1.0,3.0
643265,2023-05-17,4,4,0,0,3,0,0,0,0,1,4.5,4.0,1.5,0.0,1.0,2.5
643265,2023-05-18,4,3,1,0,0,1,0,1,0,0,4.333333333333333,4.0,1.0,0.0,1.6666666666666667,1.6666666666666667
643265,2023-05-19,4,3,0,0,1,0,0,0,0,1,4.25,3.75,1.0,0.0,1.25,1.5
643265,2023-05-20,4,4,0,0,1,0,0,0,0,1,4.2,3.6,0.8,0.0,1.2,1.2
643265,2023-05-21,4,4,0,0,1,0,0,0,0,1,4.166666666666667,3.6666666666666665,0.6666666666666666,0.0,1.1666666666666667,1.0
643265,2023-05-22,5,5,1,0,3,2,0,1,1,1,4.142857142857143,3.7142857142857144,0.5714285714285714,0.0,1.1428571428571428,0.8571428571428571
643265,2023-05-23,5,5,1,1,1,4,1,1,1,1,4.25,3.875,0.625,0.0,1.375,1.0
643265,2023-05-24,5,5,0,0,1,0,0,0,0,1,4.333333333333333,4.0,0.6666666666666666,0.1111111111111111,1.3333333333333333,1.3333333333333333
643265,2023-05-25,1,1,1,1,0,4,1,1,1,0,4.4,4.1,0.6,0.1,1.3,1.2
643265,2023-05-26,5,5,1,0,4,1,0,1,0,1,4.1,3.8,0.5,0.2,1.2,1.3
643265,2023-05-28,4,4,1,0,2,1,0,1,0,1,4.1,3.9,0.5,0.2,1.5,1.2
643265,2023-05-30,5,5,1,0,1,1,0,1,0,1,4.1,3.9,0.6,0.2,1.4,1.3
643289,2023-05-02,4,4,0,0,1,0,0,0,0,1,5.0,5.0,3.0,0.0,1.0,4.0
643289,2023-05-03,2,2,1,0,1,1,0,1,0,1,4.5,4.5,1.5,0.0,1.0,2.0
643289,2023-05-05,4,4,0,0,1,0,0,0,0,1,3.6666666666666665,3.6666666666666665,1.3333333333333333,0.0,1.0,1.6666666666666667
643289,2023-05-06,5,5,2,0,1,2,0,1,1,1,3.75,3.75,1.0,0.0,1.0,1.25
643289,2023-05-07,4,4,0,0,1,0,0,0,0,1,4.0,4.0,1.2,0.0,1.0,1.4
643289,2023-05-08,4,4,1,0,0,1,0,1,0,0,4.0,4.0,1.0,0.0,1.0,1.1666666666666667
643289,2023-05-09,3,3,1,0,1,1,0,1,0,1,4.0,4.0,1.0,0.0,0.8571428571428571,1.1428571428571428
643289,2023-05-12,5,4,2,0,1,3,0,1,1,1,3.875,3.875,1.0,0.0,0.875,1.125
643289,2023-05-13,4,4,1,0,1,1,0,1,0,1,4.0,3.888888888888889,1.1111111111111112,0.0,0.8888888888888888,1.3333333333333333
643289,2023-05-14,4,4,1,0,1,1,0,1,0,1,4.0,3.9,1.1,0.0,0.9,1.3
643289,2023-05-15,4,4,3,0,0,3,0,1,1,0,3.9,3.8,0.9,0.0,0.9,1.0
643289,2023-05-16,4,4,2,0,1,4,0,1,1,1,3.9,3.8,1.2,0.0,0.8,1.3
643289,2023-05-17,1,0,0,0,0,0,0,0,0,0,4.1,4.0,1.3,0.0,0.8,1.6
643289,2023-05-22,6,4,1,1,0,4,1,1,1,0,3.8,3.6,1.3,0.0,0.7,1.6
643289,2023-05-23,1,1,0,0,1,0,0,0,0,1,3.9,3.5,1.2,0.1,0.6,1.8
643289,2023-05-24,3,3,0,0,1,0,0,0,0,1,3.6,3.2,1.2,0.1,0.6,1.8
643289,2023-05-26,4,4,0,0,2,0,0,0,0,1,3.5,3.1,1.1,0.1,0.7,1.7
643289,2023-05-29,4,4,2,0,0,2,0,1,1,0,3.6,3.2,1.0,0.1,0.8,1.6
643289,2023-05-31,4,3,0,0,0,0,0,0,0,0,3.5,3.2,1.0,0.1,0.7,1.5
643376,2023-05-02,4,3,1,0,1,1,0,1,0,1,5.0,3.0,0.0,0.0,0.0,0.0
643376,2023-05-04,4,3,0,0,1,0,0,0,0,1,4.5,3.0,0.5,0.0,0.5,0.5
643376,2023-05-05,4,4,0,0,3,0,0,0,0,1,4.333333333333333,3.0,0.3333333333333333,0.0,0.6666666666666666,0.3333333333333333
643376,2023-05-07,5,5,2,0,1,3,0,1,1,1,4.25,3.25,0.25,0.0,1.25,0.25
643376,2023-05-09,1,1,0,0,0,0,0,0,0,0,4.4,3.6,0.6,0.0,1.2,0.8
643376,2023-05-10,4,4,0,0,2,0,0,0,0,1,3.8333333333333335,3.1666666666666665,0.5,0.0,1.0,0.6666666666666666
643376,2023-05-13,4,4,1,0,0,2,0,1,1,0,3.857142857142857,3.2857142857142856,0.42857142857142855,0.0,1.1428571428571428,0.5714285714285714
643376,2023-05-14,5,5,2,0,0,2,0,1,1,0,3.875,3.375,0.5,0.0,1.0,0.75
643376,2023-05-16,4,4,1,0,0,2,0,1,1,0,4.0,3.5555555555555554,0.6666666666666666,0.0,0.8888888888888888,0.8888888888888888
643376,2023-05-17,4,3,1,1,1,4,1,1,1,1,4.0,3.6,0.7,0.0,0.8,1.0
643376,2023-05-18,4,4,1,0,1,1,0,1,0,1,3.9,3.6,0.8,0.1,0.9,1.4
643376,2023-05-19,3,3,2,0,0,2,0,1,1,0,3.9,3.7,0.8,0.1,0.9,1.4
643376,2023-05-20,4,4,1,1,1,4,1,1,1,1,3.8,3.7,1.0,0.1,0.8,1.6
643376,2023-05-21,1,0,0,0,0,0,0,0,0,0,3.8,3.7,1.1,0.2,0.6,2.0
643376,2023-05-22,3,3,0,0,0,0,0,0,0,0,3.4,3.2,0.9,0.2,0.5,1.7
643376,2023-05-23,6,6,3,1,1,8,1,1,1,1,3.6,3.4,0.9,0.2,0.5,1.7
643376,2023-05-24,2,2,0,0,1,0,0,0,0,1,3.8,3.6,1.2,0.3,0.4,2.5
643393,2023-05-03,4,4,1,0,0,2,0,1,1,0,3.0,2.0,1.0,0.0,0.0,1.0
643393,2023-05-04,4,4,0,0,1,0,0,0,0,1,3.5,3.0,1.0,0.0,0.0,1.5
643393,2023-05-05,5,4,3,0,0,5,0,1,1,0,3.6666666666666665,3.3333333333333335,0.6666666666666666,0.0,0.3333333333333333,1.0
643393,2023-05-06,4,3,0,0,0,0,0,0,0,0,4.0,3.5,1.25,0.0,0.25,2.0
643393,2023-05-08,2,2,1,0,0,1,0,1,0,0,4.0,3.4,1.0,0.0,0.2,1.6
643393,2023-05-09,4,4,0,0,2,0,0,0,0,1,3.6666666666666665,3.1666666666666665,1.0,0.0,0.16666666666666666,1.5
643393,2023-05-10,4,4,0,0,1,0,0,0,0,1,3.7142857142857144,3.2857142857142856,0.8571428571428571,0.0,0.42857142857142855,1.2857142857142858
643393,2023-05-11,3,3,0,0,0,0,0,0,0,0,3.75,3.375,0.75,0.0,0.5,1.125
643393,2023-05-13,3,3,0,0,0,0,0,0,0,0,3.6666666666666665,3.3333333333333335,0.6666666666666666,0.0,0.4444444444444444,1.0
643393,2023-05-16,1,1,0,0,0,0,0,0,0,0,3.6,3.3,0.6,0.0,0.4,0.9
643393,2023-05-17,4,3,1,0,0,1,0,1,0,0,3.4,3.2,0.5,0.0,0.4,0.8
643393,2023-05-19,1,1,0,0,0,0,0,0,0,0,3.4,3.1,0.5,0.0,0.4,0.7
643393,2023-05-20,3,3,1,0,1,1,0,1,0,1,3.1,2.8,0.5,0.0,0.3,0.7
643393,2023-05-22,4,4,0,0,3,0,0,0,0,1,2.9,2.7,0.3,0.0,0.4,0.3
643393,2023-05-24,2,1,0,0,0,0,0,0,0,0,2.9,2.8,0.3,0.0,0.7,0.3
643393,2023-05-25,3,3,0,0,0,0,0,0,0,0,2.9,2.7,0.2,0.0,0.7,0.2
643393,2023-05-27,3,2,0,0,0,0,0,0,0,0,2.8,2.6,0.2,0.0,0.5,0.2
643393,2023-05-28,1,1,0,0,0,0,0,0,0,0,2.7,2.4,0.2,0.0,0.4,0.2
643393,2023-05-29,1,1,0,0,0,0,0,0,0,0,2.5,2.2,0.2,0.0,0.4,0.2
643396,2023-05-03,3,3,1,0,0,1,0,1,0,0,2.0,2.0,0.0,0.0,0.0,0.0
643396,2023-05-05,1,1,0,0,1,0,0,0,0,1,2.5,2.5,0.5,0.0,0.0,0.5
643396,2023-05-06,4,4,2,0,0,3,0,1,1,0,2.0,2.0,0.3333333333333333,0.0,0.3333333333333333,0.3333333333333333
643396,2023-05-07,3,3,0,0,0,0,0,0,0,0,2.5,2.5,0.75,0.0,0.25,1.0
643396,2023-05-08,3,3,0,0,1,0,0,0,0,1,2.6,2.6,0.6,0.0,0.2,0.8
643396,2023-05-09,3,3,1,0,0,2,0,1,1,0,2.6666666666666665,2.6666666666666665,0.5,0.0,0.3333333333333333,0.6666666666666666
643396,2023-05-10,4,2,0,0,0,0,0,0,0,0,2.7142857142857144,2.7142857142857144,0.5714285714285714,0.0,0.2857142857142857,0.8571428571428571
643396,2023-05-12,1,1,0,0,1,0,0,0,0,1,2.875,2.625,0.5,0.0,0.25,0.75
643396,2023-05-13,2,2,0,0,0,0,0,0,0,0,2.6666666666666665,2.4444444444444446,0.4444444444444444,0.0,0.3333333333333333,0.6666666666666666
643396,2023-05-16,4,3,2,1,1,6,1,1,1,1,2.6,2.4,0.4,0.0,0.3,0.6
643396,2023-05-20,4,4,1,1,1,4,1,1,1,1,2.8,2.5,0.6,0.1,0.4,1.2
643396,2023-05-21,3,2,0,0,1,0,0,0,0,1,2.9,2.6,0.6,0.2,0.5,1.5
643396,2023-05-24,4,4,2,1,0,7,1,1,1,0,3.1,2.7,0.6,0.2,0.5,1.5
643396,2023-05-26,3,3,0,0,2,0,0,0,0,1,3.1,2.7,0.6,0.3,0.5,1.9
643396,2023-05-27,4,4,1,0,0,1,0,1,0,0,3.1,2.7,0.6,0.3,0.7,1.9
643396,2023-05-28,4,4,1,0,0,1,0,1,0,0,3.2,2.8,0.7,0.3,0.6,2.0
643396,2023-05-29,5,5,2,0,2,3,0,1,1,1,3.3,2.9,0.7,0.3,0.6,1.9
643396,2023-05-30,5,5,4,0,0,4,0,1,1,0,3.4,3.2,0.9,0.3,0.8,2.2
643396,2023-05-31,4,4,0,0,0,0,0,0,0,0,3.8,3.6,1.3,0.3,0.7,2.6
643446,2023-05-03,8,7,1,0,0,1,0,1,0,0,8.0,7.0,3.0,1.0,0.0,6.0
643446,2023-05-04,3,3,0,0,1,0,0,0,0,1,8.0,7.0,2.0,0.5,0.0,3.5
643446,2023-05-05,3,3,0,0,0,0,0,0,0,0,6.333333333333333,5.666666666666667,1.3333333333333333,0.3333333333333333,0.3333333333333333,2.3333333333333335
643446,2023-05-06,1,1,0,0,1,0,0,0,0,1,5.5,5.0,1.0,0.25,0.25,1.75
643446,2023-05-07,5,5,3,0,0,3,0,1,1,0,4.6,4.2,0.8,0.2,0.4,1.4
643446,2023-05-09,4,4,0,0,1,0,0,0,0,1,4.666666666666667,4.333333333333333,1.1666666666666667,0.16666666666666666,0.3333333333333333,1.6666666666666667
643446,2023-05-10,4,4,1,0,1,1,0,1,0,1,4.571428571428571,4.285714285714286,1.0,0.14285714285714285,0.42857142857142855,1.4285714285714286
643446,2023-05-11,4,4,0,0,0,0,0,0,0,0,4.5,4.25,1.0,0.125,0.5,1.375
643446,2023-05-12,5,5,2,0,0,2,0,1,1,0,4.444444444444445,4.222222222222222,0.8888888888888888,0.1111111111111111,0.4444444444444444,1.2222222222222223
643446,2023-05-13,5,4,0,0,1,0,0,0,0,1,4.5,4.3,1.0,0.1,0.4,1.3
643446,2023-05-14,5,5,1,0,1,1,0,1,0,1,4.2,4.0,0.7,0.0,0.5,0.7
643446,2023-05-15,4,4,2,0,0,2,0,1,1,0,3.9,3.8,0.7,0.0,0.6,0.7
643446,2023-05-16,4,4,2,0,0,2,0,1,1,0,4.0,3.9,0.9,0.0,0.5,0.9
643446,2023-05-17,3,3,1,0,1,1,0,1,0,1,4.1,4.0,1.1,0.0,0.5,1.1
643446,2023-05-18,4,4,2,0,1,2,0,1,1,1,4.3,4.2,1.2,0.0,0.5,1.2
643446,2023-05-19,5,4,1,0,1,1,0,1,0,1,4.2,4.1,1.1,0.0,0.6,1.1
643446,2023-05-21,8,6,3,0,1,3,0,1,1,1,4.3,4.1,1.2,0.0,0.6,1.2
643446,2023-05-23,1,1,0,0,1,0,0,0,0,1,4.7,4.3,1.4,0.0,0.6,1.4
643446,2023-05-24,4,4,0,0,0,0,0,0,0,0,4.4,4.0,1.4,0.0,0.7,1.4
643446,2023-05-25,5,4,3,0,0,3,0,1,1,0,4.3,3.9,1.2,0.0,0.7,1.2
643446,2023-05-26,3,3,0,0,0,0,0,0,0,0,4.3,3.9,1.5,0.0,0.6,1.5
643446,2023-05-27,5,4,2,0,0,2,0,1,1,0,4.1,3.7,1.4,0.0,0.5,1.4
643446,2023-05-28,1,1,1,0,0,1,0,1,0,0,4.2,3.7,1.4,0.0,0.5,1.4
643446,2023-05-30,2,2,0,0,0,0,0,0,0,0,3.9,3.4,1.3,0.0,0.5,1.3
643446,2023-05-31,4,4,1,0,0,1,0,1,0,0,3.8,3.3,1.2,0.0,0.4,1.2
643565,2023-05-20,1,1,1,0,0,1,0,1,0,0,1.0,1.0,0.0,0.0,0.0,0.0
643565,2023-05-21,4,2,0,0,1,0,0,0,0,1,1.0,1.0,0.5,0.0,0.0,0.5
643565,2023-05-23,3,2,1,0,0,2,0,1,1,0,2.0,1.3333333333333333,0.3333333333333333,0.0,0.3333333333333333,0.3333333333333333
643565,2023-05-24,4,4,2,0,2,2,0,1,1,1,2.25,1.5,0.5,0.0,0.25,0.75
643565,2023-05-25,4,3,0,0,1,0,0,0,0,1,2.6,2.0,0.8,0.0,0.6,1.0
643565,2023-05-26,4,3,0,0,1,0,0,0,0,1,2.8333333333333335,2.1666666666666665,0.6666666666666666,0.0,0.6666666666666666,0.8333333333333334
643565,2023-05-27,4,3,1,0,1,1,0,1,0,1,3.0,2.2857142857142856,0.5714285714285714,0.0,0.7142857142857143,0.7142857142857143
643565,2023-05-28,4,4,3,0,0,3,0,1,1,0,3.125,2.375,0.625,0.0,0.75,0.75
643565,2023-05-29,3,2,0,0,1,0,0,0,0,1,3.2222222222222223,2.5555555555555554,0.8888888888888888,0.0,0.6666666666666666,1.0
643565,2023-05-30,4,3,2,0,0,2,0,1,1,0,3.2,2.5,0.8,0.0,0.7,0.9
643565,2023-05-31,3,2,1,0,0,1,0,1,0,0,3.5,2.7,1.0,0.0,0.7,1.1
644433,2023-05-07,2,2,0,0,1,0,0,0,0,1,4.0,4.0,1.0,0.0,1.0,2.0
645277,2023-05-02,5,4,2,1,0,6,1,1,1,0,7.0,7.0,1.0,0.0,1.0,2.0
645277,2023-05-03,5,5,4,1,0,9,1,1,1,0,6.0,5.5,1.5,0.5,0.5,4.0
645277,2023-05-04,5,5,3,0,0,4,0,1,1,0,5.666666666666667,5.333333333333333,2.3333333333333335,0.6666666666666666,0.3333333333333333,5.666666666666667
645277,2023-05-05,3,3,2,0,0,2,0,1,1,0,5.5,5.25,2.5,0.5,0.25,5.25
645277,2023-05-06,4,4,1,0,1,1,0,1,0,1,5.0,4.8,2.4,0.4,0.2,4.6
645277,2023-05-07,5,5,0,0,3,0,0,0,0,1,4.833333333333333,4.666666666666667,2.1666666666666665,0.3333333333333333,0.3333333333333333,4.0
645277,2023-05-09,4,4,1,0,0,1,0,1,0,0,4.857142857142857,4.714285714285714,1.8571428571428572,0.2857142857142857,0.7142857142857143,3.4285714285714284
645277,2023-05-10,4,4,0,0,1,0,0,0,0,1,4.75,4.625,1.75,0.25,0.625,3.125
645277,2023-05-12,3,2,0,0,0,0,0,0,0,0,4.666666666666667,4.555555555555555,1.5555555555555556,0.2222222222222222,0.6666666666666666,2.7777777777777777
645277,2023-05-13,4,4,0,0,0,0,0,0,0,0,4.5,4.3,1.4,0.2,0.6,2.5
645277,2023-05-14,5,5,1,1,2,4,1,1,1,1,4.2,4.0,1.3,0.2,0.5,2.3
645277,2023-05-15,5,5,2,0,0,4,0,1,1,0,4.2,4.1,1.2,0.2,0.7,2.1
645277,2023-05-16,4,3,1,0,2,1,0,1,0,1,4.2,4.1,1.0,0.1,0.7,1.6
645277,2023-05-17,4,4,1,0,1,1,0,1,0,1,4.1,3.9,0.8,0.1,0.9,1.3
645277,2023-05-19,4,3,1,0,0,1,0,1,0,0,4.2,4.0,0.7,0.1,1.0,1.2
645277,2023-05-20,4,3,0,0,2,0,0,0,0,1,4.2,3.9,0.7,0.1,0.9,1.2
645277,2023-05-21,3,3,0,0,0,0,0,0,0,0,4.1,3.7,0.7,0.1,0.8,1.2
645277,2023-05-22,4,4,0,0,1,0,0,0,0,1,4.0,3.6,0.6,0.1,0.8,1.1
645277,2023-05-23,4,4,2,0,0,3,0,1,1,0,4.0,3.6,0.6,0.1,0.8,1.1
645277,2023-05-24,4,2,0,0,0,0,0,0,0,0,4.1,3.8,0.8,0.1,0.8,1.4
645277,2023-05-25,4,4,2,0,0,2,0,1,1,0,4.1,3.6,0.8,0.1,0.8,1.4
645277,2023-05-26,3,3,0,0,0,0,0,0,0,0,4.0,3.5,0.9,0.0,0.6,1.2
645277,2023-05-27,3,2,0,0,0,0,0,0,0,0,3.8,3.3,0.7,0.0,0.6,0.8
645277,2023-05-28,5,5,2,0,0,2,0,1,1,0,3.7,3.2,0.6,0.0,0.4,0.7
645277,2023-05-29,4,4,1,0,0,2,0,1,1,0,3.8,3.3,0.7,0.0,0.3,0.8
645277,2023-05-30,3,3,0,0,0,0,0,0,0,0,3.8,3.4,0.7,0.0,0.3,0.9
645277,2023-05-31,4,4,1,1,1,4,1,1,1,1,3.7,3.4,0.7,0.0,0.1,0.9
645302,2023-05-02,2,2,2,0,0,2,0,1,1,0,3.0,3.0,0.0,0.0,0.0,0.0
645302,2023-05-03,3,2,2,0,0,2,0,1,1,0,2.5,2.5,1.0,0.0,0.0,1.0
645302,2023-05-05,3,3,0,0,1,0,0,0,0,1,2.6666666666666665,2.3333333333333335,1.3333333333333333,0.0,0.0,1.3333333333333333
645302,2023-05-06,1,0,0,0,0,0,0,0,0,0,2.75,2.5,1.0,0.0,0.25,1.0
645444,2023-05-07,3,3,0,0,1,0,0,0,0,1,2.0,0.0,0.0,0.0,0.0,0.0
645444,2023-05-10,3,3,0,0,2,0,0,0,0,1,2.5,1.5,0.0,0.0,0.5,0.0
645444,2023-05-13,2,2,1,0,0,1,0,1,0,0,2.6666666666666665,2.0,0.0,0.0,1.0,0.0
645444,2023-05-17,4,2,0,0,1,0,0,0,0,1,2.5,2.0,0.25,0.0,0.75,0.25
645444,2023-05-21,1,1,1,0,0,2,0,1,1,0,2.8,2.0,0.2,0.0,0.8,0.2
645444,2023-05-24,3,3,1,0,1,2,0,1,1,1,2.5,1.8333333333333333,0.3333333333333333,0.0,0.6666666666666666,0.5
645444,2023-05-26,3,3,2,0,0,2,0,1,1,0,2.5714285714285716,2.0,0.42857142857142855,0.0,0.7142857142857143,0.7142857142857143
646240,2023-05-02,4,4,0,0,0,0,0,0,0,0,3.0,2.0,1.0,0.0,0.0,1.0
646240,2023-05-03,5,5,1,0,1,1,0,1,0,1,3.5,3.0,0.5,0.0,0.0,0.5
646240,2023-05-04,5,5,3,1,0,7,1,1,1,0,4.0,3.6666666666666665,0.6666666666666666,0.0,0.3333333333333333,0.6666666666666666
646240,2023-05-05,4,3,1,0,2,1,0,1,0,1,4.25,4.0,1.25,0.25,0.25,2.25
646240,2023-05-06,5,5,3,0,1,4,0,1,1,1,4.2,3.8,1.2,0.2,0.6,2.0
646240,2023-05-07,3,3,0,0,1,0,0,0,0,1,4.333333333333333,4.0,1.5,0.16666666666666666,0.6666666666666666,2.3333333333333335
646240,2023-05-09,4,3,0,0,2,0,0,0,0,1,4.142857142857143,3.857142857142857,1.2857142857142858,0.14285714285714285,0.7142857142857143,2.0
646240,2023-05-10,2,2,1,0,1,1,0,1,0,1,4.125,3.75,1.125,0.125,0.875,1.75
646240,2023-05-12,4,4,1,0,0,2,0,1,1,0,3.888888888888889,3.5555555555555554,1.1111111111111112,0.1111111111111111,0.8888888888888888,1.6666666666666667
646240,2023-05-13,4,4,1,0,0,1,0,1,0,0,3.9,3.6,1.1,0.1,0.8,1.7
646240,2023-05-14,4,4,2,0,1,2,0,1,1,1,4.0,3.8,1.1,0.1,0.8,1.7
646240,2023-05-15,3,3,2,0,0,3,0,1,1,0,4.0,3.8,1.3,0.1,0.9,1.9
646240,2023-05-16,4,4,0,0,2,0,0,0,0,1,3.8,3.6,1.4,0.1,0.8,2.1
646240,2023-05-17,5,5,2,0,1,3,0,1,1,1,3.7,3.5,1.1,0.0,1.0,1.4
646240,2023-05-19,4,4,2,2,1,8,1,1,1,1,3.8,3.7,1.2,0.0,0.9,1.6
646240,2023-05-20,4,4,0,0,1,0,0,0,0,1,3.7,3.6,1.1,0.2,0.9,2.0
646240,2023-05-21,3,3,0,0,2,0,0,0,0,1,3.8,3.7,1.1,0.2,0.9,2.0
646240,2023-05-22,3,3,1,0,0,1,0,1,0,0,3.7,3.7,1.1,0.2,0.9,2.0
646240,2023-05-23,4,4,0,0,1,0,0,0,0,1,3.8,3.8,1.1,0.2,0.8,2.0
646240,2023-05-24,4,4,1,0,0,1,0,1,0,0,3.8,3.8,1.0,0.2,0.9,1.8
646240,2023-05-28,5,5,0,0,2,0,0,0,0,1,3.8,3.8,1.0,0.2,0.9,1.8
646240,2023-05-30,5,5,2,0,1,2,0,1,1,1,3.9,3.9,0.8,0.2,1.0,1.6
646240,2023-05-31,5,4,1,0,1,2,0,1,1,1,4.1,4.1,0.8,0.2,1.1,1.5
647304,2023-05-02,4,4,1,0,1,2,0,1,1,1,4.0,4.0,1.0,0.0,1.0,1.0
647304,2023-05-03,4,3,0,0,3,0,0,0,0,1,4.0,4.0,1.0,0.0,1.0,1.5
647304,2023-05-05,4,4,1,0,2,2,0,1,1,1,4.0,3.6666666666666665,0.6666666666666666,0.0,1.6666666666666667,1.0
647304,2023-05-06,4,4,1,0,1,1,0,1,0,1,4.0,3.75,0.75,0.0,1.75,1.25
647304,2023-05-07,4,4,0,0,0,0,0,0,0,0,4.0,3.8,0.8,0.0,1.6,1.2
647304,2023-05-08,2,2,0,0,0,0,0,0,0,0,4.0,3.8333333333333335,0.6666666666666666,0.0,1.3333333333333333,1.0
647304,2023-05-09,4,4,0,0,0,0,0,0,0,0,3.7142857142857144,3.5714285714285716,0.5714285714285714,0.0,1.1428571428571428,0.8571428571428571
647304,2023-05-12,4,3,1,1,0,4,1,1,1,0,3.75,3.625,0.5,0.0,1.0,0.75
647304,2023-05-13,4,4,2,1,1,5,1,1,1,1,3.7777777777777777,3.5555555555555554,0.5555555555555556,0.1111111111111111,0.8888888888888888,1.1111111111111112
647304,2023-05-14,4,4,2,1,0,5,1,1,1,0,3.8,3.6,0.7,0.2,0.9,1.5
647304,2023-05-16,2,2,1,0,0,1,0,1,0,0,3.8,3.6,0.8,0.3,0.8,1.9
647304,2023-05-19,5,5,3,1,0,6,1,1,1,0,3.6,3.4,0.8,0.3,0.7,1.8
647304,2023-05-21,7,7,0,0,2,0,0,0,0,1,3.7,3.6,1.1,0.4,0.4,2.4
647304,2023-05-23,4,4,1,0,1,2,0,1,1,1,4.0,3.9,1.0,0.4,0.4,2.2
647304,2023-05-24,3,3,1,0,1,1,0,1,0,1,4.0,3.9,1.0,0.4,0.4,2.3
647304,2023-05-26,4,4,1,0,0,1,0,1,0,0,3.9,3.8,1.1,0.4,0.5,2.4
647304,2023-05-27,4,3,2,0,0,2,0,1,1,0,4.1,4.0,1.2,0.4,0.5,2.5
647304,2023-05-28,1,1,0,0,0,0,0,0,0,0,4.1,3.9,1.4,0.4,0.5,2.7
647304,2023-05-29,4,4,0,0,3,0,0,0,0,1,3.8,3.7,1.3,0.3,0.5,2.3
647304,2023-05-30,4,3,2,0,0,3,0,1,1,0,3.8,3.7,1.1,0.2,0.7,1.8
647304,2023-05-31,5,5,4,1,0,9,1,1,1,0,3.8,3.6,1.1,0.1,0.7,1.6
647351,2023-05-31,4,4,2,1,2,5,1,1,1,1,1.0,0.0,0.0,0.0,0.0,0.0
649557,2023-05-15,1,1,0,0,0,0,0,0,0,0,4.0,4.0,2.0,0.0,1.0,2.0
649557,2023-05-16,5,5,1,0,0,1,0,1,0,0,2.5,2.5,1.0,0.0,0.5,1.0
649557,2023-05-17,1,1,0,0,1,0,0,0,0,1,3.3333333333333335,3.3333333333333335,1.0,0.0,0.3333333333333333,1.0
649557,2023-05-19,4,4,2,0,1,2,0,1,1,1,2.75,2.75,0.75,0.0,0.5,0.75
649557,2023-05-21,3,3,1,0,1,1,0,1,0,1,3.0,3.0,1.0,0.0,0.6,1.0
649557,2023-05-23,3,3,0,0,0,0,0,0,0,0,3.0,3.0,1.0,0.0,0.6666666666666666,1.0
649557,2023-05-24,3,3,2,0,0,3,0,1,1,0,3.0,3.0,0.8571428571428571,0.0,0.5714285714285714,0.8571428571428571
649557,2023-05-26,3,3,1,0,1,1,0,1,0,1,3.0,3.0,1.0,0.0,0.5,1.125
649557,2023-05-27,4,2,1,0,0,2,0,1,1,0,3.0,3.0,1.0,0.0,0.5555555555555556,1.1111111111111112
649557,2023-05-28,2,2,1,0,0,1,0,1,0,0,3.1,2.9,1.0,0.0,0.5,1.2
649557,2023-05-29,4,3,0,0,0,0,0,0,0,0,2.9,2.7,0.9,0.0,0.4,1.1
649557,2023-05-30,3,3,0,0,0,0,0,0,0,0,3.2,2.9,0.9,0.0,0.4,1.1
649557,2023-05-31,1,1,0,0,0,0,0,0,0,0,3.0,2.7,0.8,0.0,0.4,1.0
650333,2023-05-03,3,3,1,0,0,2,0,1,1,0,3.0,3.0,1.0,0.0,0.0,1.0
650333,2023-05-04,3,3,1,0,0,1,0,1,0,0,3.0,3.0,1.0,0.0,0.0,1.5
650333,2023-05-05,4,4,3,0,1,3,0,1,1,1,3.0,3.0,1.0,0.0,0.0,1.3333333333333333
650333,2023-05-06,4,4,1,0,1,1,0,1,0,1,3.25,3.25,1.5,0.0,0.25,1.75
650333,2023-05-07,6,5,1,0,1,1,0,1,0,1,3.4,3.4,1.4,0.0,0.4,1.6
650333,2023-05-08,4,4,1,0,0,1,0,1,0,0,3.8333333333333335,3.6666666666666665,1.3333333333333333,0.0,0.5,1.5
650333,2023-05-09,4,4,1,0,0,1,0,1,0,0,3.857142857142857,3.7142857142857144,1.2857142857142858,0.0,0.42857142857142855,1.4285714285714286
650333,2023-05-10,4,3,0,0,1,0,0,0,0,1,3.875,3.75,1.25,0.0,0.375,1.375
650333,2023-05-12,3,3,0,0,0,0,0,0,0,0,3.888888888888889,3.6666666666666665,1.1111111111111112,0.0,0.4444444444444444,1.2222222222222223
650333,2023-05-13,4,4,1,0,0,2,0,1,1,0,3.8,3.6,1.0,0.0,0.4,1.1
650333,2023-05-14,4,4,2,0,0,2,0,1,1,0,3.9,3.7,1.0,0.0,0.4,1.2
650333,2023-05-16,4,4,2,0,0,3,0,1,1,0,4.0,3.8,1.1,0.0,0.4,1.2
650333,2023-05-17,4,4,2,0,0,3,0,1,1,0,4.1,3.9,1.2,0.0,0.4,1.4
650333,2023-05-18,4,4,0,0,0,0,0,0,0,0,4.1,3.9,1.1,0.0,0.3,1.4
650333,2023-05-19,4,4,3,0,0,4,0,1,1,0,4.1,3.9,1.0,0.0,0.2,1.3
650333,2023-05-20,2,2,1,0,0,1,0,1,0,0,3.9,3.8,1.2,0.0,0.1,1.6
650333,2023-05-21,2,2,0,0,0,0,0,0,0,0,3.7,3.6,1.2,0.0,0.1,1.6
650333,2023-05-22,4,4,2,0,0,2,0,1,1,0,3.5,3.4,1.1,0.0,0.1,1.5
650333,2023-05-23,5,5,0,0,0,0,0,0,0,0,3.5,3.5,1.3,0.0,0.0,1.7
650333,2023-05-24,2,2,1,0,0,2,0,1,1,0,3.7,3.7,1.3,0.0,0.0,1.7
650333,2023-05-26,5,4,2,0,0,2,0,1,1,0,3.5,3.5,1.3,0.0,0.0,1.7
650333,2023-05-27,5,4,1,0,1,1,0,1,0,1,3.6,3.5,1.3,0.0,0.0,1.7
650333,2023-05-28,4,3,2,0,0,2,0,1,1,0,3.7,3.5,1.2,0.0,0.1,1.5
650333,2023-05-30,3,3,2,0,0,2,0,1,1,0,3.7,3.4,1.2,0.0,0.1,1.4
650333,2023-05-31,3,2,2,0,0,2,0,1,1,0,3.6,3.3,1.4,0.0,0.1,1.6
650391,2023-05-03,4,4,2,0,1,2,0,1,1,1,4.0,4.0,1.0,1.0,1.0,4.0
650391,2023-05-04,5,5,3,1,0,6,1,1,1,0,4.0,4.0,1.5,0.5,1.0,3.0
650391,2023-05-05,4,4,1,0,2,1,0,1,0,1,4.333333333333333,4.333333333333333,2.0,0.6666666666666666,0.6666666666666666,4.0
650391,2023-05-28,5,3,1,0,0,2,0,1,1,0,4.25,4.25,1.75,0.5,1.0,3.25
650391,2023-05-29,4,4,2,1,1,5,1,1,1,1,4.4,4.0,1.6,0.4,0.8,3.0
650391,2023-05-30,4,3,1,0,0,1,0,1,0,0,4.333333333333333,4.0,1.6666666666666667,0.5,0.8333333333333334,3.3333333333333335
650391,2023-05-31,5,5,1,0,1,2,0,1,1,1,4.285714285714286,3.857142857142857,1.5714285714285714,0.42857142857142855,0.7142857142857143,3.0
650402,2023-05-02,4,4,1,0,0,2,0,1,1,0,4.0,4.0,1.0,0.0,0.0,1.0
650402,2023-05-03,4,4,0,0,1,0,0,0,0,1,4.0,4.0,1.0,0.0,0.0,1.5
650402,2023-05-05,4,4,1,0,0,2,0,1,1,0,4.0,4.0,0.6666666666666666,0.0,0.3333333333333333,1.0
650402,2023-05-06,5,4,1,0,0,1,0,1,0,0,4.0,4.0,0.75,0.0,0.25,1.25
650402,2023-05-07,5,5,2,0,0,3,0,1,1,0,4.2,4.0,0.8,0.0,0.2,1.2
650402,2023-05-08,4,4,2,1,1,6,1,1,1,1,4.333333333333333,4.166666666666667,1.0,0.0,0.16666666666666666,1.5
650402,2023-05-09,5,5,2,1,0,5,1,1,1,0,4.285714285714286,4.142857142857143,1.1428571428571428,0.14285714285714285,0.2857142857142857,2.142857142857143
650402,2023-05-10,5,3,1,0,2,2,0,1,1,1,4.375,4.25,1.25,0.25,0.25,2.5
650402,2023-05-11,4,4,1,0,1,1,0,1,0,1,4.444444444444445,4.111111111111111,1.2222222222222223,0.2222222222222222,0.4444444444444444,2.4444444444444446
650402,2023-05-12,4,3,0,0,0,0,0,0,0,0,4.4,4.1,1.2,0.2,0.5,2.3
650402,2023-05-13,5,3,0,0,0,0,0,0,0,0,4.4,4.0,1.1,0.2,0.5,2.2
650402,2023-05-14,2,2,1,0,0,1,0,1,0,0,4.5,3.9,1.0,0.2,0.5,2.0
650402,2023-05-15,5,4,1,0,1,1,0,1,0,1,4.3,3.7,1.1,0.2,0.4,2.1
650402,2023-05-16,5,4,2,0,0,2,0,1,1,0,4.4,3.7,1.1,0.2,0.5,2.0
650402,2023-05-17,5,5,0,0,2,0,0,0,0,1,4.4,3.7,1.2,0.2,0.5,2.1
650402,2023-05-18,4,4,2,0,0,2,0,1,1,0,4.4,3.7,1.0,0.2,0.7,1.8
650402,2023-05-19,4,3,0,0,0,0,0,0,0,0,4.4,3.7,1.0,0.1,0.6,1.4
650402,2023-05-20,5,5,2,0,1,2,0,1,1,1,4.3,3.5,0.8,0.0,0.6,0.9
650402,2023-05-21,4,4,1,1,0,4,1,1,1,0,4.3,3.7,0.9,0.0,0.5,0.9
650402,2023-05-23,5,4,2,0,1,2,0,1,1,1,4.3,3.7,0.9,0.1,0.4,1.2
650402,2023-05-24,5,4,2,2,1,8,1,1,1,1,4.4,3.8,1.1,0.1,0.5,1.4
650402,2023-05-25,4,4,1,0,0,1,0,1,0,0,4.4,3.9,1.3,0.3,0.6,2.2
650402,2023-05-26,4,4,1,0,1,1,0,1,0,1,4.6,4.1,1.3,0.3,0.6,2.2
650402,2023-05-27,4,4,1,0,0,1,0,1,0,0,4.5,4.1,1.3,0.3,0.6,2.2
650402,2023-05-28,4,4,1,0,0,1,0,1,0,0,4.4,4.1,1.2,0.3,0.6,2.1
650402,2023-05-29,6,6,2,0,0,2,0,1,1,0,4.3,4.0,1.3,0.3,0.4,2.2
650402,2023-05-30,5,5,2,0,1,2,0,1,1,1,4.5,4.2,1.3,0.3,0.4,2.2
650402,2023-05-31,4,4,1,0,1,1,0,1,0,1,4.6,4.4,1.5,0.3,0.5,2.4
650489,2023-05-06,4,4,1,0,2,1,0,1,0,1,4.0,3.0,1.0,0.0,0.0,1.0
650489,2023-05-09,1,1,0,0,1,0,0,0,0,1,4.0,3.5,1.0,0.0,1.0,1.0
650489,2023-05-10,1,1,0,0,0,0,0,0,0,0,3.0,2.6666666666666665,0.6666666666666666,0.0,1.0,0.6666666666666666
650489,2023-05-12,4,4,1,0,2,2,0,1,1,1,2.5,2.25,0.5,0.0,0.75,0.5
650489,2023-05-13,4,4,1,0,1,2,0,1,1,1,2.8,2.6,0.6,0.0,1.0,0.8
650489,2023-05-15,5,5,1,0,1,1,0,1,0,1,3.0,2.8333333333333335,0.6666666666666666,0.0,1.0,1.0
650489,2023-05-16,4,4,2,0,1,2,0,1,1,1,3.2857142857142856,3.142857142857143,0.7142857142857143,0.0,1.0,1.0
650489,2023-05-17,4,4,1,0,1,1,0,1,0,1,3.375,3.25,0.875,0.0,1.0,1.125
650489,2023-05-19,4,4,1,1,3,4,1,1,1,1,3.4444444444444446,3.3333333333333335,0.8888888888888888,0.0,1.0,1.1111111111111112
650489,2023-05-20,4,4,1,0,0,2,0,1,1,0,3.5,3.4,0.9,0.1,1.2,1.4
650489,2023-05-21,4,4,3,0,1,3,0,1,1,1,3.5,3.5,0.9,0.1,1.2,1.5
650489,2023-05-22,4,4,0,0,4,0,0,0,0,1,3.5,3.5,1.1,0.1,1.1,1.7
650489,2023-05-23,4,4,0,0,1,0,0,0,0,1,3.8,3.8,1.1,0.1,1.4,1.7
650489,2023-05-24,4,3,2,0,0,3,0,1,1,0,4.1,4.1,1.1,0.1,1.5,1.7
650489,2023-05-26,2,2,1,0,0,1,0,1,0,0,4.1,4.0,1.2,0.1,1.3,1.8
650489,2023-05-27,5,4,2,2,1,8,1,1,1,1,3.9,3.8,1.2,0.1,1.2,1.7
650489,2023-05-28,4,4,1,0,2,1,0,1,0,1,3.9,3.7,1.3,0.3,1.2,2.4
650489,2023-05-29,5,5,2,0,2,2,0,1,1,1,3.9,3.7,1.2,0.3,1.3,2.3
650489,2023-05-31,5,4,2,0,2,2,0,1,1,1,4.0,3.8,1.3,0.3,1.4,2.4
650490,2023-05-03,5,5,2,0,1,2,0,1,1,1,4.0,1.0,0.0,0.0,0.0,0.0
650490,2023-05-04,4,4,2,1,0,6,1,1,1,0,4.5,3.0,1.0,0.0,0.5,1.0
650490,2023-05-05,4,4,1,1,1,4,1,1,1,1,4.333333333333333,3.3333333333333335,1.3333333333333333,0.3333333333333333,0.3333333333333333,2.6666666666666665
650490,2023-05-06,4,2,1,0,1,1,0,1,0,1,4.25,3.5,1.25,0.5,0.5,3.0
650490,2023-05-07,5,4,1,0,2,1,0,1,0,1,4.2,3.2,1.2,0.4,0.6,2.6
650490,2023-05-08,5,3,1,0,0,1,0,1,0,0,4.333333333333333,3.3333333333333335,1.1666666666666667,0.3333333333333333,0.8333333333333334,2.3333333333333335
650490,2023-05-09,2,2,1,0,1,1,0,1,0,1,4.428571428571429,3.2857142857142856,1.1428571428571428,0.2857142857142857,0.7142857142857143,2.142857142857143
650490,2023-05-10,4,4,1,0,1,2,0,1,1,1,4.125,3.125,1.125,0.25,0.75,2.0
650490,2023-05-11,4,4,1,0,0,2,0,1,1,0,4.111111111111111,3.2222222222222223,1.1111111111111112,0.2222222222222222,0.7777777777777778,2.0
650490,2023-05-12,5,4,1,0,1,1,0,1,0,1,4.1,3.3,1.1,0.2,0.7,2.0
650490,2023-05-13,5,4,2,1,1,5,1,1,1,1,4.2,3.6,1.2,0.2,0.8,2.1
650490,2023-05-14,1,1,1,0,0,2,0,1,1,0,4.2,3.5,1.2,0.3,0.8,2.4
650490,2023-05-20,4,4,3,1,0,6,1,1,1,0,3.9,3.2,1.1,0.2,0.8,2.0
650490,2023-05-21,5,5,1,0,1,2,0,1,1,1,3.9,3.2,1.3,0.2,0.7,2.2
650490,2023-05-22,4,3,0,0,1,0,0,0,0,1,4.0,3.5,1.3,0.2,0.7,2.3
650490,2023-05-26,5,4,3,1,0,8,1,1,1,0,3.9,3.4,1.2,0.2,0.6,2.2
650490,2023-05-27,5,4,0,0,1,0,0,0,0,1,3.9,3.5,1.4,0.3,0.6,2.9
650490,2023-05-28,5,5,2,0,0,2,0,1,1,0,4.2,3.7,1.3,0.3,0.6,2.8
650490,2023-05-29,4,4,0,0,1,0,0,0,0,1,4.3,3.8,1.4,0.3,0.5,2.8
650490,2023-05-31,5,5,0,0,1,0,0,0,0,1,4.3,3.8,1.3,0.3,0.6,2.6
650559,2023-05-03,1,1,0,0,1,0,0,0,0,1,4.0,4.0,1.0,0.0,3.0,1.0
650559,2023-05-04,4,4,1,0,1,1,0,1,0,1,2.5,2.5,0.5,0.0,2.0,0.5
650559,2023-05-05,3,3,1,0,0,1,0,1,0,0,3.0,3.0,0.6666666666666666,0.0,1.6666666666666667,0.6666666666666666
650559,2023-05-06,4,4,2,0,0,2,0,1,1,0,3.0,3.0,0.75,0.0,1.25,0.75
650559,2023-05-07,6,6,1,0,2,1,0,1,0,1,3.2,3.2,1.0,0.0,1.0,1.0
650559,2023-05-08,4,4,1,0,0,1,0,1,0,0,3.6666666666666665,3.6666666666666665,1.0,0.0,1.1666666666666667,1.0
650559,2023-05-09,4,4,1,0,1,1,0,1,0,1,3.7142857142857144,3.7142857142857144,1.0,0.0,1.0,1.0
650559,2023-05-12,4,4,1,0,2,2,0,1,1,1,3.75,3.75,1.0,0.0,1.0,1.0
650559,2023-05-13,5,3,2,1,0,5,1,1,1,0,3.7777777777777777,3.7777777777777777,1.0,0.0,1.1111111111111112,1.1111111111111112
650559,2023-05-14,4,4,3,0,1,5,0,1,1,1,3.9,3.7,1.1,0.1,1.0,1.5
650559,2023-05-16,4,4,2,0,1,2,0,1,1,1,3.9,3.7,1.3,0.1,0.8,1.9
650559,2023-05-17,4,3,1,0,1,2,0,1,1,1,4.2,4.0,1.5,0.1,0.8,2.1
650559,2023-05-18,3,3,1,1,0,4,1,1,1,0,4.2,3.9,1.5,0.1,0.8,2.2
650559,2023-05-19,4,4,2,1,1,6,1,1,1,1,4.2,3.9,1.5,0.2,0.8,2.5
650559,2023-05-20,3,3,1,0,1,1,0,1,0,1,4.2,3.9,1.5,0.3,0.9,2.9
650559,2023-05-21,4,4,0,0,1,0,0,0,0,1,3.9,3.6,1.5,0.3,0.8,2.9
650559,2023-05-22,4,4,4,0,0,4,0,1,1,0,3.9,3.6,1.4,0.3,0.9,2.8
650559,2023-05-23,4,3,1,0,0,1,0,1,0,0,3.9,3.6,1.7,0.3,0.8,3.1
650559,2023-05-24,5,3,0,0,1,0,0,0,0,1,3.9,3.5,1.7,0.3,0.6,3.0
650559,2023-05-25,4,3,0,0,1,0,0,0,0,1,3.9,3.5,1.5,0.2,0.7,2.5
650559,2023-05-26,5,5,4,1,1,7,1,1,1,1,3.9,3.4,1.2,0.2,0.7,2.0
650559,2023-05-27,4,3,0,0,2,0,0,0,0,1,4.0,3.5,1.4,0.3,0.7,2.5
650559,2023-05-28,2,2,0,0,1,0,0,0,0,1,4.0,3.5,1.3,0.3,0.8,2.3
650559,2023-05-30,5,4,3,1,1,6,1,1,1,1,3.9,3.4,1.2,0.2,0.9,1.9
650559,2023-05-31,4,3,0,0,1,0,0,0,0,1,4.0,3.4,1.3,0.2,0.9,1.9
650859,2023-05-03,2,2,1,0,0,1,0,1,0,0,3.0,2.0,0.0,0.0,1.0,0.0
650859,2023-05-04,5,4,3,1,1,7,1,1,1,1,2.5,2.0,0.5,0.0,0.5,0.5
650859,2023-05-05,4,4,1,0,0,1,0,1,0,0,3.3333333333333335,2.6666666666666665,1.3333333333333333,0.3333333333333333,0.6666666666666666,2.6666666666666665
650859,2023-05-06,3,3,0,0,0,0,0,0,0,0,3.5,3.0,1.25,0.25,0.5,2.25
650859,2023-05-07,4,4,0,0,1,0,0,0,0,1,3.4,3.0,1.0,0.2,0.4,1.8
650859,2023-05-09,1,1,0,0,0,0,0,0,0,0,3.5,3.1666666666666665,0.8333333333333334,0.16666666666666666,0.5,1.5
650859,2023-05-13,2,1,1,0,0,1,0,1,0,0,3.142857142857143,2.857142857142857,0.7142857142857143,0.14285714285714285,0.42857142857142855,1.2857142857142858
650859,2023-05-14,2,2,0,0,1,0,0,0,0,1,3.0,2.625,0.75,0.125,0.375,1.25
650859,2023-05-15,5,5,1,0,1,1,0,1,0,1,2.888888888888889,2.5555555555555554,0.6666666666666666,0.1111111111111111,0.4444444444444444,1.1111111111111112
650859,2023-05-16,4,4,0,0,1,0,0,0,0,1,3.1,2.8,0.7,0.1,0.5,1.1
650859,2023-05-17,1,1,0,0,0,0,0,0,0,0,3.2,3.0,0.7,0.1,0.5,1.1
650859,2023-05-18,5,4,3,0,0,3,0,1,1,0,3.1,2.9,0.6,0.1,0.5,1.0
650859,2023-05-19,4,3,0,0,0,0,0,0,0,0,3.1,2.9,0.6,0.0,0.4,0.6
650859,2023-05-20,1,1,0,0,1,0,0,0,0,1,3.1,2.8,0.5,0.0,0.4,0.5
650859,2023-05-21,4,4,1,0,1,1,0,1,0,1,2.9,2.6,0.5,0.0,0.5,0.5
650859,2023-05-22,3,3,0,0,0,0,0,0,0,0,2.9,2.6,0.6,0.0,0.5,0.6
650859,2023-05-24,3,3,0,0,3,0,0,0,0,1,3.1,2.8,0.6,0.0,0.5,0.6
650859,2023-05-26,4,4,1,0,0,2,0,1,1,0,3.2,3.0,0.5,0.0,0.8,0.5
650859,2023-05-27,1,1,0,0,0,0,0,0,0,0,3.4,3.2,0.6,0.0,0.7,0.7
650859,2023-05-28,1,1,0,0,1,0,0,0,0,1,3.0,2.8,0.5,0.0,0.6,0.6
650859,2023-05-29,3,2,0,0,1,0,0,0,0,1,2.7,2.5,0.5,0.0,0.6,0.6
650859,2023-05-31,1,1,0,0,0,0,0,0,0,0,2.9,2.6,0.5,0.0,0.7,0.6
655316,2023-05-30,4,3,2,0,1,2,0,1,1,1,1.0,1.0,0.0,0.0,1.0,0.0
656024,2023-05-13,2,2,0,0,1,0,0,0,0,1,1.0,1.0,1.0,0.0,0.0,1.0
656180,2023-05-10,4,4,1,1,1,4,1,1,1,1,3.0,3.0,0.0,0.0,2.0,0.0
656180,2023-05-14,4,3,0,0,3,0,0,0,0,1,3.5,3.5,0.5,0.5,1.5,2.0
656180,2023-05-21,4,4,4,1,0,9,1,1,1,0,3.6666666666666665,3.3333333333333335,0.3333333333333333,0.3333333333333333,2.0,1.3333333333333333
656180,2023-05-25,3,1,1,0,0,3,0,1,1,0,3.75,3.5,1.25,0.5,1.5,3.25
656180,2023-05-28,4,3,0,0,3,0,0,0,0,1,3.6,3.0,1.2,0.4,1.2,3.2
656185,2023-05-25,3,3,0,0,1,0,0,0,0,1,1.0,1.0,1.0,0.0,0.0,3.0
656185,2023-05-28,1,1,0,0,1,0,0,0,0,1,2.0,2.0,0.5,0.0,0.5,1.5
656185,2023-05-29,3,2,1,0,0,1,0,1,0,0,1.6666666666666667,1.6666666666666667,0.3333333333333333,0.0,0.6666666666666666,1.0
656185,2023-05-30,4,4,1,1,2,4,1,1,1,1,2.0,1.75,0.5,0.0,0.5,1.0
656185,2023-05-31,2,2,0,0,2,0,0,0,0,1,2.4,2.2,0.6,0.2,0.8,1.6
656305,2023-05-02,4,4,1,0,0,1,0,1,0,0,5.0,4.0,1.0,0.0,2.0,1.0
656305,2023-05-03,4,3,0,0,1,0,0,0,0,1,4.5,4.0,1.0,0.0,1.0,1.0
656305,2023-05-04,4,4,0,0,3,0,0,0,0,1,4.333333333333333,3.6666666666666665,0.6666666666666666,0.0,1.0,0.6666666666666666
656305,2023-05-05,4,3,1,0,0,2,0,1,1,0,4.25,3.75,0.5,0.0,1.5,0.5
656305,2023-05-06,5,5,2,0,1,3,0,1,1,1,4.2,3.6,0.6,0.0,1.2,0.8
656305,2023-05-07,5,4,1,0,3,1,0,1,0,1,4.333333333333333,3.8333333333333335,0.8333333333333334,0.0,1.1666666666666667,1.1666666666666667
656305,2023-05-09,4,3,1,0,1,1,0,1,0,1,4.428571428571429,3.857142857142857,0.8571428571428571,0.0,1.4285714285714286,1.1428571428571428
656305,2023-05-10,4,4,0,0,2,0,0,0,0,1,4.375,3.75,0.875,0.0,1.375,1.125
656305,2023-05-12,4,4,0,0,2,0,0,0,0,1,4.333333333333333,3.7777777777777777,0.7777777777777778,0.0,1.4444444444444444,1.0
656305,2023-05-13,4,4,1,0,1,1,0,1,0,1,4.3,3.8,0.7,0.0,1.5,0.9
656305,2023-05-14,4,3,0,0,2,0,0,0,0,1,4.2,3.8,0.7,0.0,1.4,0.9
656305,2023-05-15,4,4,1,0,0,2,0,1,1,0,4.2,3.7,0.6,0.0,1.6,0.8
656305,2023-05-16,4,3,2,0,1,2,0,1,1,1,4.2,3.8,0.7,0.0,1.5,1.0
656305,2023-05-17,5,5,1,0,1,1,0,1,0,1,4.2,3.7,0.9,0.0,1.3,1.2
656305,2023-05-18,4,4,0,0,3,0,0,0,0,1,4.3,3.9,0.9,0.0,1.4,1.1
656305,2023-05-19,4,4,0,0,1,0,0,0,0,1,4.2,3.8,0.7,0.0,1.6,0.8
656305,2023-05-20,5,5,1,0,2,2,0,1,1,1,4.1,3.8,0.6,0.0,1.4,0.7
656305,2023-05-21,4,2,1,1,1,4,1,1,1,1,4.2,4.0,0.6,0.0,1.5,0.8
656305,2023-05-22,4,4,1,0,1,1,0,1,0,1,4.2,3.8,0.7,0.1,1.4,1.2
656305,2023-05-23,6,5,2,1,1,5,1,1,1,1,4.2,3.8,0.8,0.1,1.3,1.3
656305,2023-05-24,3,3,1,0,0,1,0,1,0,0,4.4,3.9,0.9,0.2,1.3,1.7
656305,2023-05-25,4,4,0,0,0,0,0,0,0,0,4.3,3.9,1.0,0.2,1.1,1.8
656305,2023-05-26,4,4,0,0,2,0,0,0,0,1,4.3,3.9,0.9,0.2,1.1,1.6
656305,2023-05-27,4,4,0,0,2,0,0,0,0,1,4.3,4.0,0.7,0.2,1.2,1.4
656305,2023-05-28,4,2,1,0,0,1,0,1,0,0,4.2,3.9,0.6,0.2,1.3,1.3
656305,2023-05-30,4,4,1,0,1,1,0,1,0,1,4.2,3.7,0.7,0.2,1.0,1.4
656305,2023-05-31,4,4,2,0,0,4,0,1,1,0,4.2,3.7,0.8,0.2,1.0,1.5
656308,2023-05-10,1,1,0,0,0,0,0,0,0,0,4.0,4.0,1.0,0.0,2.0,1.0
656308,2023-05-21,4,4,1,0,2,1,0,1,0,1,2.5,2.5,0.5,0.0,1.0,0.5
656308,2023-05-28,4,3,2,0,1,2,0,1,1,1,3.0,3.0,0.6666666666666666,0.0,1.3333333333333333,0.6666666666666666
656413,2023-05-02,3,2,0,0,1,0,0,0,0,1,3.0,3.0,1.0,0.0,1.0,2.0
656413,2023-05-03,4,4,0,0,2,0,0,0,0,1,3.0,2.5,0.5,0.0,1.0,1.0
656413,2023-05-06,1,0,0,0,0,0,0,0,0,0,3.3333333333333335,3.0,0.3333333333333333,0.0,1.3333333333333333,0.6666666666666666
656413,2023-05-07,1,1,0,0,0,0,0,0,0,0,2.75,2.25,0.25,0.0,1.0,0.5
656413,2023-05-09,4,4,1,0,1,1,0,1,0,1,2.4,2.0,0.2,0.0,0.8,0.4
656413,2023-05-11,1,1,1,0,0,2,0,1,1,0,2.6666666666666665,2.3333333333333335,0.3333333333333333,0.0,0.8333333333333334,0.5
656413,2023-05-12,4,4,2,0,1,2,0,1,1,1,2.4285714285714284,2.142857142857143,0.42857142857142855,0.0,0.7142857142857143,0.7142857142857143
656413,2023-05-13,4,4,1,0,2,1,0,1,0,1,2.625,2.375,0.625,0.0,0.75,0.875
656413,2023-05-14,2,2,0,0,2,0,0,0,0,1,2.7777777777777777,2.5555555555555554,0.6666666666666666,0.0,0.8888888888888888,0.8888888888888888
656413,2023-05-15,4,3,0,0,2,0,0,0,0,1,2.7,2.5,0.6,0.0,1.0,0.8
656413,2023-05-16,3,3,0,0,0,0,0,0,0,0,2.8,2.5,0.5,0.0,1.1,0.6
656413,2023-05-17,5,5,2,0,1,4,0,1,1,1,2.8,2.6,0.5,0.0,1.0,0.6
656413,2023-05-19,1,1,0,0,1,0,0,0,0,1,2.9,2.7,0.7,0.0,0.9,1.0
656413,2023-05-20,1,1,0,0,0,0,0,0,0,0,2.9,2.8,0.7,0.0,1.0,1.0
656413,2023-05-21,4,3,1,0,0,1,0,1,0,0,2.9,2.8,0.7,0.0,1.0,1.0
656413,2023-05-22,2,2,0,0,1,0,0,0,0,1,2.9,2.7,0.7,0.0,0.9,1.0
656413,2023-05-24,5,5,3,0,0,4,0,1,1,0,3.0,2.8,0.6,0.0,1.0,0.8
656413,2023-05-25,4,4,1,0,3,1,0,1,0,1,3.1,2.9,0.7,0.0,0.9,1.0
656413,2023-05-26,5,4,3,0,1,5,0,1,1,1,3.1,2.9,0.7,0.0,1.0,1.0
656413,2023-05-27,4,3,0,0,0,0,0,0,0,0,3.4,3.1,1.0,0.0,0.9,1.5
656413,2023-05-28,2,2,1,0,0,2,0,1,1,0,3.4,3.1,1.0,0.0,0.7,1.5
656413,2023-05-30,5,4,1,0,2,1,0,1,0,1,3.3,3.0,1.1,0.0,0.7,1.7
656413,2023-05-31,2,2,0,0,2,0,0,0,0,1,3.3,2.9,1.0,0.0,0.8,1.4
656448,2023-05-06,4,4,1,0,1,1,0,1,0,1,2.0,2.0,0.0,0.0,1.0,0.0
656448,2023-05-07,5,5,2,0,3,2,0,1,1,1,3.0,3.0,0.5,0.0,1.0,0.5
656448,2023-05-08,4,4,0,0,2,0,0,0,0,1,3.6666666666666665,3.6666666666666665,1.0,0.0,1.6666666666666667,1.0
656448,2023-05-10,5,4,2,0,1,2,0,1,1,1,3.75,3.75,0.75,0.0,1.75,0.75
656448,2023-05-13,4,3,0,0,0,0,0,0,0,0,4.0,3.8,1.0,0.0,1.6,1.0
656448,2023-05-14,3,2,0,0,1,0,0,0,0,1,4.0,3.6666666666666665,0.8333333333333334,0.0,1.3333333333333333,0.8333333333333334
656448,2023-05-15,4,3,0,0,1,0,0,0,0,1,3.857142857142857,3.4285714285714284,0.7142857142857143,0.0,1.2857142857142858,0.7142857142857143
656448,2023-05-16,4,3,0,0,3,0,0,0,0,1,3.875,3.375,0.625,0.0,1.25,0.625
656448,2023-05-19,3,3,1,0,1,1,0,1,0,1,3.888888888888889,3.3333333333333335,0.5555555555555556,0.0,1.4444444444444444,0.5555555555555556
656448,2023-05-20,1,1,0,0,0,0,0,0,0,0,3.8,3.3,0.6,0.0,1.4,0.6
656448,2023-05-21,4,4,2,0,1,2,0,1,1,1,3.7,3.2,0.6,0.0,1.3,0.6
656448,2023-05-24,4,4,1,0,2,1,0,1,0,1,3.7,3.2,0.7,0.0,1.3,0.7
656448,2023-05-25,3,3,0,0,2,0,0,0,0,1,3.6,3.1,0.6,0.0,1.2,0.6
656448,2023-05-26,2,2,2,0,0,2,0,1,1,0,3.5,3.0,0.6,0.0,1.2,0.6
656448,2023-05-27,1,1,0,0,1,0,0,0,0,1,3.2,2.8,0.6,0.0,1.1,0.6
656448,2023-05-28,5,5,1,0,1,2,0,1,1,1,2.9,2.6,0.6,0.0,1.2,0.6
656448,2023-05-31,1,1,1,0,0,2,0,1,1,0,3.1,2.9,0.7,0.0,1.2,0.8
656495,2023-05-02,1,1,0,0,1,0,0,0,0,1,1.0,1.0,0.0,0.0,0.0,0.0
656495,2023-05-05,3,3,0,0,3,0,0,0,0,1,1.0,1.0,0.0,0.0,0.5,0.0
656495,2023-05-09,1,0,0,0,0,0,0,0,0,0,1.6666666666666667,1.6666666666666667,0.0,0.0,1.3333333333333333,0.0
656495,2023-05-12,2,2,0,0,1,0,0,0,0,1,1.5,1.25,0.0,0.0,1.0,0.0
656495,2023-05-20,1,0,0,0,0,0,0,0,0,0,1.6,1.4,0.0,0.0,1.0,0.0
656495,2023-05-21,3,3,1,0,1,2,0,1,1,1,1.5,1.1666666666666667,0.0,0.0,0.8333333333333334,0.0
656495,2023-05-22,2,2,1,0,0,1,0,1,0,0,1.7142857142857142,1.4285714285714286,0.14285714285714285,0.0,0.8571428571428571,0.2857142857142857
656495,2023-05-23,3,3,0,0,0,0,0,0,0,0,1.75,1.5,0.25,0.0,0.75,0.375
656495,2023-05-30,2,2,0,0,1,0,0,0,0,1,1.8888888888888888,1.6666666666666667,0.2222222222222222,0.0,0.6666666666666666,0.3333333333333333
656514,2023-05-06,4,3,1,0,0,2,0,1,1,0,1.0,1.0,0.0,0.0,0.0,0.0
656514,2023-05-07,2,2,0,0,0,0,0,0,0,0,2.5,2.0,0.5,0.0,0.0,1.0
656514,2023-05-08,4,4,1,0,0,1,0,1,0,0,2.3333333333333335,2.0,0.3333333333333333,0.0,0.0,0.6666666666666666
656514,2023-05-09,1,1,0,0,1,0,0,0,0,1,2.75,2.5,0.5,0.0,0.0,0.75
656514,2023-05-11,4,4,0,0,1,0,0,0,0,1,2.4,2.2,0.4,0.0,0.2,0.6
656514,2023-05-12,2,2,0,0,1,0,0,0,0,1,2.6666666666666665,2.5,0.3333333333333333,0.0,0.3333333333333333,0.5
656514,2023-05-13,2,2,0,0,0,0,0,0,0,0,2.5714285714285716,2.4285714285714284,0.2857142857142857,0.0,0.42857142857142855,0.42857142857142855
656514,2023-05-14,1,1,0,0,0,0,0,0,0,0,2.5,2.375,0.25,0.0,0.375,0.375
656514,2023-05-20,3,3,0,0,2,0,0,0,0,1,2.3333333333333335,2.2222222222222223,0.2222222222222222,0.0,0.3333333333333333,0.3333333333333333
656514,2023-05-24,1,1,0,0,0,0,0,0,0,0,2.4,2.3,0.2,0.0,0.5,0.3
656541,2023-05-04,1,1,0,0,1,0,0,0,0,1,4.0,4.0,0.0,0.0,3.0,0.0
656541,2023-05-05,4,4,1,0,0,2,0,1,1,0,2.5,2.5,0.0,0.0,2.0,0.0
656541,2023-05-16,2,2,0,0,1,0,0,0,0,1,3.0,3.0,0.3333333333333333,0.0,1.3333333333333333,0.6666666666666666
656541,2023-05-23,3,3,0,0,2,0,0,0,0,1,2.75,2.75,0.25,0.0,1.25,0.5
656582,2023-05-03,4,4,1,0,1,3,0,1,1,1,4.0,4.0,2.0,0.0,1.0,4.0
656582,2023-05-04,4,4,0,0,3,0,0,0,0,1,4.0,4.0,1.5,0.0,1.0,3.5
656582,2023-05-05,1,1,0,0,0,0,0,0,0,0,4.0,4.0,1.0,0.0,1.6666666666666667,2.3333333333333335
656582,2023-05-06,4,4,1,0,3,1,0,1,0,1,3.25,3.25,0.75,0.0,1.25,1.75
656582,2023-05-07,4,4,1,0,1,2,0,1,1,1,3.4,3.4,0.8,0.0,1.6,1.6
656582,2023-05-08,3,3,1,0,0,1,0,1,0,0,3.5,3.5,0.8333333333333334,0.0,1.5,1.6666666666666667
656582,2023-05-09,2,0,0,0,0,0,0,0,0,0,3.4285714285714284,3.4285714285714284,0.8571428571428571,0.0,1.2857142857142858,1.5714285714285714
656582,2023-05-10,4,2,0,0,1,0,0,0,0,1,3.25,3.0,0.75,0.0,1.125,1.375
656582,2023-05-12,4,4,1,1,2,4,1,1,1,1,3.3333333333333335,2.888888888888889,0.6666666666666666,0.0,1.1111111111111112,1.2222222222222223
656582,2023-05-13,4,4,0,0,3,0,0,0,0,1,3.4,3.0,0.7,0.1,1.2,1.5
656582,2023-05-17,5,5,2,0,2,2,0,1,1,1,3.4,3.0,0.5,0.1,1.4,1.1
656582,2023-05-19,1,1,0,0,0,0,0,0,0,0,3.5,3.1,0.6,0.1,1.5,1.0
656582,2023-05-20,2,2,0,0,1,0,0,0,0,1,3.2,2.8,0.6,0.1,1.2,1.0
656582,2023-05-21,4,3,1,0,0,1,0,1,0,0,3.3,2.9,0.6,0.1,1.3,1.0
656582,2023-05-22,4,4,1,0,2,1,0,1,0,1,3.3,2.8,0.6,0.1,1.0,1.0
656582,2023-05-24,4,2,1,0,0,1,0,1,0,0,3.3,2.8,0.6,0.1,1.1,0.9
656582,2023-05-26,5,5,0,0,0,0,0,0,0,0,3.4,2.7,0.6,0.1,1.1,0.9
656582,2023-05-27,4,3,0,0,1,0,0,0,0,1,3.7,3.2,0.6,0.1,1.1,0.9
656582,2023-05-28,5,5,0,0,3,0,0,0,0,1,3.7,3.3,0.6,0.1,1.1,0.9
656582,2023-05-29,4,4,1,0,1,2,0,1,1,1,3.8,3.4,0.5,0.0,1.2,0.5
656582,2023-05-30,4,4,1,1,1,4,1,1,1,1,3.8,3.4,0.6,0.0,1.0,0.7
656582,2023-05-31,5,4,3,0,0,4,0,1,1,0,3.7,3.3,0.5,0.1,0.9,0.9
656716,2023-05-04,4,3,0,0,1,0,0,0,0,1,5.0,3.0,1.0,0.0,0.0,1.0
656716,2023-05-05,2,1,0,0,0,0,0,0,0,0,4.5,3.0,0.5,0.0,0.5,0.5
656716,2023-05-06,3,2,0,0,0,0,0,0,0,0,3.6666666666666665,2.3333333333333335,0.3333333333333333,0.0,0.3333333333333333,0.3333333333333333
656716,2023-05-07,2,1,0,0,1,0,0,0,0,1,3.5,2.25,0.25,0.0,0.25,0.25
656716,2023-05-08,5,4,2,0,1,2,0,1,1,1,3.2,2.0,0.2,0.0,0.4,0.2
656716,2023-05-09,4,3,1,0,0,1,0,1,0,0,3.5,2.3333333333333335,0.5,0.0,0.5,0.5
656716,2023-05-10,4,4,2,0,0,2,0,1,1,0,3.5714285714285716,2.4285714285714284,0.5714285714285714,0.0,0.42857142857142855,0.5714285714285714
656716,2023-05-12,1,1,1,0,0,1,0,1,0,0,3.625,2.625,0.75,0.0,0.375,0.75
656716,2023-05-13,4,4,0,0,1,0,0,0,0,1,3.3333333333333335,2.4444444444444446,0.7777777777777778,0.0,0.3333333333333333,0.7777777777777778
656716,2023-05-14,3,2,1,0,0,1,0,1,0,0,3.4,2.6,0.7,0.0,0.4,0.7
656716,2023-05-16,4,3,1,0,0,1,0,1,0,0,3.2,2.5,0.7,0.0,0.4,0.7
656716,2023-05-19,5,4,1,1,0,4,1,1,1,0,3.2,2.5,0.8,0.0,0.3,0.8
656716,2023-05-20,1,1,0,0,0,0,0,0,0,0,3.5,2.8,0.9,0.1,0.3,1.2
656716,2023-05-21,5,3,1,0,0,1,0,1,0,0,3.3,2.7,0.9,0.1,0.3,1.2
656716,2023-05-22,4,3,1,0,1,1,0,1,0,1,3.6,2.9,1.0,0.1,0.2,1.3
656716,2023-05-23,4,4,1,0,2,1,0,1,0,1,3.5,2.8,0.9,0.1,0.2,1.2
656716,2023-05-24,5,4,1,0,1,1,0,1,0,1,3.5,2.9,0.9,0.1,0.4,1.2
656716,2023-05-25,5,1,0,0,1,0,0,0,0,1,3.6,2.9,0.8,0.1,0.5,1.1
656716,2023-05-26,5,2,1,0,1,1,0,1,0,1,4.0,2.9,0.7,0.1,0.6,1.0
656716,2023-05-27,5,4,3,1,0,7,1,1,1,0,4.1,2.7,0.8,0.1,0.6,1.1
656716,2023-05-28,5,5,2,0,2,3,0,1,1,1,4.3,2.9,1.0,0.2,0.6,1.7
656716,2023-05-29,4,3,1,0,1,1,0,1,0,1,4.4,3.1,1.1,0.2,0.8,1.9
656716,2023-05-30,2,2,0,0,1,0,0,0,0,1,4.3,3.0,1.1,0.1,0.9,1.6
656716,2023-05-31,5,5,1,0,1,1,0,1,0,1,4.4,3.1,1.1,0.1,1.0,1.6
656775,2023-05-03,4,4,0,0,1,0,0,0,0,1,5.0,3.0,1.0,0.0,1.0,1.0
656775,2023-05-04,6,5,1,0,2,2,0,1,1,1,4.5,3.5,0.5,0.0,1.0,0.5
656775,2023-05-05,5,5,2,1,0,5,1,1,1,0,5.0,4.0,0.6666666666666666,0.0,1.3333333333333333,1.0
656775,2023-05-06,4,4,1,0,3,1,0,1,0,1,5.0,4.25,1.0,0.25,1.0,2.0
656775,2023-05-07,6,5,1,0,1,2,0,1,1,1,4.8,4.2,1.0,0.2,1.4,1.8
656775,2023-05-08,1,1,0,0,1,0,0,0,0,1,5.0,4.333333333333333,1.0,0.16666666666666666,1.3333333333333333,1.8333333333333333
656775,2023-05-09,4,4,1,0,0,2,0,1,1,0,4.428571428571429,3.857142857142857,0.8571428571428571,0.14285714285714285,1.2857142857142858,1.5714285714285714
656775,2023-05-10,3,3,1,0,0,1,0,1,0,0,4.375,3.875,0.875,0.125,1.125,1.625
656775,2023-05-12,5,5,4,1,0,10,1,1,1,0,4.222222222222222,3.7777777777777777,0.8888888888888888,0.1111111111111111,1.0,1.5555555555555556
656775,2023-05-13,4,4,0,0,1,0,0,0,0,1,4.3,3.9,1.2,0.2,0.9,2.4
656775,2023-05-14,4,4,2,0,1,2,0,1,1,1,4.2,4.0,1.1,0.2,0.9,2.3
656775,2023-05-15,4,4,1,1,0,4,1,1,1,0,4.2,4.0,1.3,0.2,0.9,2.5
656775,2023-05-16,4,4,0,0,1,0,0,0,0,1,4.0,3.9,1.3,0.3,0.7,2.7
656775,2023-05-17,4,3,1,0,0,1,0,1,0,0,3.9,3.8,1.1,0.2,0.8,2.2
656775,2023-05-18,1,1,1,0,0,2,0,1,1,0,3.9,3.7,1.1,0.2,0.5,2.2
656775,2023-05-19,5,5,1,0,0,2,0,1,1,0,3.4,3.3,1.1,0.2,0.4,2.2
656775,2023-05-20,5,4,1,1,1,4,1,1,1,1,3.8,3.7,1.2,0.2,0.3,2.4
656775,2023-05-21,6,6,5,0,0,7,0,1,1,0,3.9,3.7,1.2,0.3,0.4,2.6
656775,2023-05-23,5,4,1,1,0,4,1,1,1,0,4.2,4.0,1.6,0.3,0.4,3.2
656775,2023-05-24,5,5,0,0,3,0,0,0,0,1,4.2,3.9,1.3,0.3,0.4,2.6
656775,2023-05-26,4,4,0,0,2,0,0,0,0,1,4.3,4.0,1.3,0.3,0.6,2.6
656775,2023-05-27,4,3,0,0,0,0,0,0,0,0,4.3,4.0,1.1,0.3,0.7,2.4
656775,2023-05-28,4,3,1,0,2,1,0,1,0,1,4.3,3.9,1.0,0.2,0.7,2.0
656775,2023-05-29,4,2,0,0,1,0,0,0,0,1,4.3,3.8,1.1,0.2,0.8,2.1
656811,2023-05-10,3,2,0,0,0,0,0,0,0,0,2.0,2.0,0.0,0.0,2.0,0.0
656811,2023-05-13,3,3,0,0,0,0,0,0,0,0,2.5,2.0,0.0,0.0,1.0,0.0
656811,2023-05-16,1,1,1,1,0,4,1,1,1,0,2.6666666666666665,2.3333333333333335,0.0,0.0,0.6666666666666666,0.0
656811,2023-05-20,5,5,3,1,1,6,1,1,1,1,2.25,2.0,0.25,0.25,0.5,1.0
656811,2023-05-21,1,1,0,0,1,0,0,0,0,1,2.8,2.6,0.8,0.4,0.6,2.0
656811,2023-05-25,3,3,0,0,1,0,0,0,0,1,2.5,2.3333333333333335,0.6666666666666666,0.3333333333333333,0.6666666666666666,1.6666666666666667
656811,2023-05-26,4,4,1,0,3,2,0,1,1,1,2.5714285714285716,2.4285714285714284,0.5714285714285714,0.2857142857142857,0.7142857142857143,1.4285714285714286
656811,2023-05-31,5,4,2,0,0,4,0,1,1,0,2.75,2.625,0.625,0.25,1.0,1.5
656896,2023-05-03,5,5,1,0,1,1,0,1,0,1,2.0,1.0,0.0,0.0,0.0,0.0
656896,2023-05-06,3,3,2,1,0,5,1,1,1,0,3.5,3.0,0.5,0.0,0.5,0.5
656896,2023-05-07,1,1,0,0,0,0,0,0,0,0,3.3333333333333335,3.0,1.0,0.3333333333333333,0.3333333333333333,2.0
656896,2023-05-08,5,5,2,0,0,3,0,1,1,0,2.75,2.5,0.75,0.25,0.25,1.5
656896,2023-05-09,3,3,0,0,1,0,0,0,0,1,3.2,3.0,1.0,0.2,0.2,1.8
656896,2023-05-10,1,1,0,0,0,0,0,0,0,0,3.1666666666666665,3.0,0.8333333333333334,0.16666666666666666,0.3333333333333333,1.5
656896,2023-05-12,5,5,1,0,1,1,0,1,0,1,2.857142857142857,2.7142857142857144,0.7142857142857143,0.14285714285714285,0.2857142857142857,1.2857142857142858
656896,2023-05-16,4,4,3,0,0,4,0,1,1,0,3.125,3.0,0.75,0.125,0.375,1.25
656896,2023-05-17,4,3,0,0,0,0,0,0,0,0,3.2222222222222223,3.111111111111111,1.0,0.1111111111111111,0.3333333333333333,1.5555555555555556
656896,2023-05-19,1,1,0,0,1,0,0,0,0,1,3.3,3.1,0.9,0.1,0.3,1.4
656896,2023-05-20,1,1,0,0,0,0,0,0,0,0,3.2,3.1,0.9,0.1,0.4,1.4
656896,2023-05-21,2,2,0,0,1,0,0,0,0,1,2.8,2.7,0.8,0.1,0.3,1.3
656896,2023-05-23,5,5,2,0,0,2,0,1,1,0,2.7,2.6,0.6,0.0,0.4,0.8
656896,2023-05-24,5,4,1,0,0,2,0,1,1,0,3.1,3.0,0.8,0.0,0.4,1.0
656896,2023-05-26,4,4,2,0,1,2,0,1,1,1,3.1,2.9,0.7,0.0,0.4,0.9
656896,2023-05-29,4,4,2,0,0,3,0,1,1,0,3.2,3.0,0.9,0.0,0.4,1.1
656896,2023-05-30,4,4,1,0,0,1,0,1,0,0,3.5,3.3,1.1,0.0,0.4,1.4
656941,2023-05-02,4,4,0,0,2,0,0,0,0,1,4.0,3.0,1.0,1.0,1.0,4.0
656941,2023-05-03,5,5,0,0,1,0,0,0,0,1,4.0,3.5,0.5,0.5,1.5,2.0
656941,2023-05-05,5,5,0,0,3,0,0,0,0,1,4.333333333333333,4.0,0.3333333333333333,0.3333333333333333,1.3333333333333333,1.3333333333333333
656941,2023-05-06,5,5,0,0,1,0,0,0,0,1,4.5,4.25,0.25,0.25,1.75,1.0
656941,2023-05-07,3,3,2,1,1,5,1,1,1,1,4.6,4.4,0.2,0.2,1.6,0.8
656941,2023-05-09,3,2,0,0,0,0,0,0,0,0,4.333333333333333,4.166666666666667,0.5,0.3333333333333333,1.5,1.5
656941,2023-05-10,4,4,1,0,3,1,0,1,0,1,4.142857142857143,3.857142857142857,0.42857142857142855,0.2857142857142857,1.2857142857142858,1.2857142857142858
656941,2023-05-12,4,4,1,1,2,4,1,1,1,1,4.125,3.875,0.5,0.25,1.5,1.25
656941,2023-05-13,5,4,0,0,1,0,0,0,0,1,4.111111111111111,3.888888888888889,0.5555555555555556,0.3333333333333333,1.5555555555555556,1.5555555555555556
656941,2023-05-14,4,4,0,0,2,0,0,0,0,1,4.2,3.9,0.5,0.3,1.5,1.4
656941,2023-05-15,4,1,0,0,0,0,0,0,0,0,4.2,4.0,0.4,0.2,1.6,1.0
656941,2023-05-16,4,3,1,1,1,4,1,1,1,1,4.2,3.7,0.4,0.2,1.4,1.0
656941,2023-05-17,4,3,0,0,2,0,0,0,0,1,4.1,3.5,0.5,0.3,1.4,1.4
656941,2023-05-19,4,3,0,0,2,0,0,0,0,1,4.0,3.3,0.5,0.3,1.3,1.4
656941,2023-05-20,4,2,1,1,1,4,1,1,1,1,3.9,3.1,0.5,0.3,1.4,1.4
656941,2023-05-21,4,2,0,0,1,0,0,0,0,1,4.0,3.0,0.4,0.3,1.4,1.3
656941,2023-05-22,4,3,1,1,1,4,1,1,1,1,4.1,3.0,0.4,0.3,1.5,1.3
656941,2023-05-23,4,4,0,0,0,0,0,0,0,0,4.1,2.9,0.4,0.4,1.3,1.6
656941,2023-05-24,4,3,0,0,0,0,0,0,0,0,4.1,2.9,0.3,0.3,1.1,1.2
656941,2023-05-25,4,3,1,0,2,2,0,1,1,1,4.0,2.8,0.3,0.3,1.0,1.2
656941,2023-05-26,5,4,0,0,1,0,0,0,0,1,4.0,2.7,0.4,0.3,1.0,1.4
656941,2023-05-27,5,3,0,0,2,0,0,0,0,1,4.1,3.0,0.4,0.3,1.1,1.4
656941,2023-05-28,4,3,1,1,1,4,1,1,1,1,4.2,3.0,0.3,0.2,1.2,1.0
656941,2023-05-30,3,3,0,0,2,0,0,0,0,1,4.2,3.0,0.4,0.3,1.1,1.4
656941,2023-05-31,4,3,0,0,1,0,0,0,0,1,4.1,3.0,0.4,0.3,1.1,1.4
656976,2023-05-05,4,4,1,0,1,1,0,1,0,1,3.0,3.0,0.0,0.0,1.0,0.0
656976,2023-05-06,1,0,0,0,0,0,0,0,0,0,3.5,3.5,0.5,0.0,1.0,0.5
656976,2023-05-07,4,2,0,0,0,0,0,0,0,0,2.6666666666666665,2.3333333333333335,0.3333333333333333,0.0,0.6666666666666666,0.3333333333333333
656976,2023-05-08,4,3,2,0,1,2,0,1,1,1,3.0,2.25,0.25,0.0,0.5,0.25
656976,2023-05-09,2,2,1,0,1,1,0,1,0,1,3.2,2.4,0.6,0.0,0.6,0.6
656976,2023-05-10,4,2,1,0,1,1,0,1,0,1,3.0,2.3333333333333335,0.6666666666666666,0.0,0.6666666666666666,0.6666666666666666
656976,2023-05-11,4,4,1,0,1,1,0,1,0,1,3.142857142857143,2.2857142857142856,0.7142857142857143,0.0,0.7142857142857143,0.7142857142857143
656976,2023-05-13,2,2,1,0,0,1,0,1,0,0,3.25,2.5,0.75,0.0,0.75,0.75
656976,2023-05-14,3,3,0,0,1,0,0,0,0,1,3.111111111111111,2.4444444444444446,0.7777777777777778,0.0,0.6666666666666666,0.7777777777777778
656976,2023-05-15,5,5,1,0,1,2,0,1,1,1,3.1,2.5,0.7,0.0,0.7,0.7
656976,2023-05-16,1,1,0,0,0,0,0,0,0,0,3.3,2.7,0.8,0.0,0.7,0.9
656976,2023-05-17,4,4,0,0,2,0,0,0,0,1,3.0,2.4,0.7,0.0,0.6,0.8
656976,2023-05-19,3,3,0,0,0,0,0,0,0,0,3.3,2.8,0.7,0.0,0.8,0.8
656976,2023-05-20,4,4,1,1,2,4,1,1,1,1,3.2,2.9,0.7,0.0,0.8,0.8
656976,2023-05-21,5,5,1,0,1,1,0,1,0,1,3.2,3.0,0.6,0.1,0.9,1.0
656976,2023-05-22,4,4,1,1,0,4,1,1,1,0,3.5,3.3,0.6,0.1,0.9,1.0
656976,2023-05-24,5,4,0,0,1,0,0,0,0,1,3.5,3.5,0.6,0.2,0.8,1.3
656976,2023-05-26,2,2,0,0,1,0,0,0,0,1,3.6,3.5,0.5,0.2,0.8,1.2
656976,2023-05-27,4,4,0,0,1,0,0,0,0,1,3.6,3.5,0.4,0.2,0.9,1.1
656976,2023-05-28,4,4,0,0,0,0,0,0,0,0,3.7,3.6,0.4,0.2,0.9,1.1
656976,2023-05-29,4,3,1,1,0,4,1,1,1,0,3.6,3.5,0.3,0.2,0.8,0.9
656976,2023-05-31,5,2,2,0,0,3,0,1,1,0,3.9,3.7,0.4,0.3,0.8,1.3
657041,2023-05-02,3,3,0,0,1,0,0,0,0,1,3.0,3.0,1.0,1.0,0.0,4.0
657041,2023-05-03,3,3,2,0,1,4,0,1,1,1,3.0,3.0,0.5,0.5,0.5,2.0
657041,2023-05-04,3,3,1,1,0,4,1,1,1,0,3.0,3.0,1.0,0.3333333333333333,0.6666666666666666,2.6666666666666665
657041,2023-05-05,3,3,1,0,1,1,0,1,0,1,3.0,3.0,1.0,0.5,0.5,3.0
657041,2023-05-06,5,4,1,1,1,4,1,1,1,1,3.0,3.0,1.0,0.4,0.6,2.6
657041,2023-05-07,5,5,1,0,1,1,0,1,0,1,3.3333333333333335,3.1666666666666665,1.0,0.5,0.6666666666666666,2.8333333333333335
657041,2023-05-08,5,5,3,0,0,3,0,1,1,0,3.5714285714285716,3.4285714285714284,1.0,0.42857142857142855,0.7142857142857143,2.5714285714285716
657041,2023-05-09,5,5,1,0,3,1,0,1,0,1,3.75,3.625,1.25,0.375,0.625,2.625
657041,2023-05-10,5,5,2,1,1,5,1,1,1,1,3.888888888888889,3.7777777777777777,1.2222222222222223,0.3333333333333333,0.8888888888888888,2.4444444444444446
657041,2023-05-12,5,4,0,0,2,0,0,0,0,1,4.0,3.9,1.3,0.4,0.9,2.7
657041,2023-05-13,4,4,2,0,0,2,0,1,1,0,4.2,4.0,1.2,0.3,1.1,2.3
657041,2023-05-14,5,4,0,0,1,0,0,0,0,1,4.3,4.1,1.4,0.3,1.0,2.5
657041,2023-05-15,5,4,3,0,1,5,0,1,1,1,4.5,4.2,1.2,0.3,1.0,2.1
657041,2023-05-16,5,5,1,1,4,4,1,1,1,1,4.7,4.3,1.4,0.2,1.1,2.2
657041,2023-05-17,4,4,1,0,2,1,0,1,0,1,4.9,4.5,1.4,0.3,1.4,2.5
657041,2023-05-18,4,4,1,0,1,1,0,1,0,1,4.8,4.5,1.4,0.2,1.5,2.2
657041,2023-05-19,4,3,1,1,0,4,1,1,1,0,4.7,4.4,1.4,0.2,1.5,2.2
657041,2023-05-20,4,4,3,0,1,4,0,1,1,1,4.6,4.2,1.2,0.3,1.5,2.3
657041,2023-05-21,5,5,1,0,1,1,0,1,0,1,4.5,4.1,1.4,0.3,1.3,2.6
657041,2023-05-23,4,4,2,1,0,5,1,1,1,0,4.5,4.1,1.3,0.2,1.3,2.2
657041,2023-05-24,4,4,1,0,1,2,0,1,1,1,4.4,4.1,1.5,0.3,1.1,2.7
657041,2023-05-25,5,4,1,0,1,1,0,1,0,1,4.4,4.1,1.4,0.3,1.2,2.7
657041,2023-05-26,6,5,1,1,2,4,1,1,1,1,4.4,4.1,1.5,0.3,1.2,2.8
657041,2023-05-27,5,4,1,0,2,2,0,1,1,1,4.5,4.2,1.3,0.4,1.3,2.7
657041,2023-05-28,5,5,1,0,2,2,0,1,1,1,4.5,4.1,1.3,0.3,1.1,2.5
657041,2023-05-29,4,4,1,0,1,1,0,1,0,1,4.6,4.2,1.3,0.3,1.1,2.6
657041,2023-05-30,5,4,2,0,0,3,0,1,1,0,4.6,4.2,1.3,0.3,1.1,2.6
657041,2023-05-31,5,5,0,0,1,0,0,0,0,1,4.7,4.3,1.4,0.2,1.1,2.5
657077,2023-05-02,4,3,2,0,0,4,0,1,1,0,4.0,4.0,2.0,1.0,0.0,6.0
657077,2023-05-03,5,4,1,0,1,1,0,1,0,1,4.0,3.5,2.0,0.5,0.0,5.0
657077,2023-05-06,4,3,1,0,0,2,0,1,1,0,4.333333333333333,3.6666666666666665,1.6666666666666667,0.3333333333333333,0.3333333333333333,3.6666666666666665
657077,2023-05-07,4,4,0,0,2,0,0,0,0,1,4.25,3.5,1.5,0.25,0.25,3.25
657077,2023-05-09,5,5,3,0,0,4,0,1,1,0,4.2,3.6,1.2,0.2,0.6,2.6
657077,2023-05-10,5,4,0,0,0,0,0,0,0,0,4.333333333333333,3.8333333333333335,1.5,0.16666666666666666,0.5,2.8333333333333335
657077,2023-05-12,5,5,1,0,3,2,0,1,1,1,4.428571428571429,3.857142857142857,1.2857142857142858,0.14285714285714285,0.42857142857142855,2.4285714285714284
657077,2023-05-13,4,3,0,0,1,0,0,0,0,1,4.5,4.0,1.25,0.125,0.75,2.375
657077,2023-05-14,4,3,1,0,0,2,0,1,1,0,4.444444444444445,3.888888888888889,1.1111111111111112,0.1111111111111111,0.7777777777777778,2.111111111111111
657077,2023-05-15,4,4,1,0,1,1,0,1,0,1,4.4,3.8,1.1,0.1,0.7,2.1
657077,2023-05-16,4,3,2,0,0,3,0,1,1,0,4.4,3.8,1.0,0.0,0.8,1.6
657077,2023-05-17,2,2,1,0,0,2,0,1,1,0,4.4,3.8,1.0,0.0,0.8,1.5
657077,2023-05-19,5,4,1,0,1,1,0,1,0,1,4.1,3.6,1.0,0.0,0.7,1.6
657077,2023-05-20,5,4,1,0,1,1,0,1,0,1,4.2,3.7,1.0,0.0,0.8,1.5
657077,2023-05-21,4,4,0,0,0,0,0,0,0,0,4.3,3.7,1.1,0.0,0.7,1.6
657077,2023-05-22,4,4,0,0,1,0,0,0,0,1,4.2,3.6,0.8,0.0,0.7,1.2
657077,2023-05-23,4,4,0,0,0,0,0,0,0,0,4.1,3.6,0.8,0.0,0.8,1.2
657077,2023-05-26,5,5,3,0,1,4,0,1,1,1,4.0,3.5,0.7,0.0,0.5,1.0
657077,2023-05-27,4,2,0,0,1,0,0,0,0,1,4.1,3.7,1.0,0.0,0.5,1.4
657077,2023-05-28,5,5,2,0,1,2,0,1,1,1,4.1,3.6,0.9,0.0,0.6,1.2
657077,2023-05-31,5,5,2,0,0,2,0,1,1,0,4.2,3.7,1.0,0.0,0.6,1.3
657136,2023-05-03,5,5,1,0,2,2,0,1,1,1,4.0,4.0,4.0,2.0,0.0,11.0
657136,2023-05-05,4,4,0,0,1,0,0,0,0,1,4.5,4.5,2.5,1.0,1.0,6.5
657136,2023-05-07,3,3,0,0,1,0,0,0,0,1,4.333333333333333,4.333333333333333,1.6666666666666667,0.6666666666666666,1.0,4.333333333333333
657136,2023-05-10,4,4,0,0,3,0,0,0,0,1,4.0,4.0,1.25,0.5,1.0,3.25
657136,2023-05-12,3,3,1,1,1,4,1,1,1,1,4.0,4.0,1.0,0.4,1.4,2.6
657136,2023-05-13,3,3,0,0,1,0,0,0,0,1,3.8333333333333335,3.8333333333333335,1.0,0.5,1.3333333333333333,2.8333333333333335
657136,2023-05-15,3,3,0,0,2,0,0,0,0,1,3.7142857142857144,3.7142857142857144,0.8571428571428571,0.42857142857142855,1.2857142857142858,2.4285714285714284
657136,2023-05-17,4,3,0,0,0,0,0,0,0,0,3.625,3.625,0.75,0.375,1.375,2.125
657136,2023-05-19,4,4,1,0,1,2,0,1,1,1,3.6666666666666665,3.5555555555555554,0.6666666666666666,0.3333333333333333,1.2222222222222223,1.8888888888888888
657136,2023-05-20,4,4,1,0,2,1,0,1,0,1,3.7,3.6,0.7,0.3,1.2,1.9
657136,2023-05-22,3,3,1,0,1,2,0,1,1,1,3.7,3.6,0.4,0.1,1.4,0.9
657136,2023-05-24,3,2,1,1,0,4,1,1,1,0,3.5,3.4,0.4,0.1,1.3,0.9
657136,2023-05-26,4,4,2,0,1,4,0,1,1,1,3.4,3.2,0.5,0.2,1.2,1.3
657136,2023-05-28,3,3,1,0,0,2,0,1,1,0,3.5,3.3,0.7,0.2,1.2,1.7
657136,2023-05-31,4,4,1,0,1,1,0,1,0,1,3.4,3.2,0.8,0.2,0.9,1.9
657557,2023-05-05,4,4,2,0,0,2,0,1,1,0,3.0,3.0,1.0,0.0,0.0,1.0
657557,2023-05-06,5,3,0,0,1,0,0,0,0,1,3.5,3.5,1.5,0.0,0.0,1.5
657557,2023-05-08,4,4,1,0,2,2,0,1,1,1,4.0,3.3333333333333335,1.0,0.0,0.3333333333333333,1.0
657557,2023-05-09,4,3,2,1,0,5,1,1,1,0,4.0,3.5,1.0,0.0,0.75,1.25
657557,2023-05-10,4,4,2,0,1,2,0,1,1,1,4.0,3.4,1.2,0.2,0.6,2.0
657557,2023-05-12,3,2,0,0,2,0,0,0,0,1,4.0,3.5,1.3333333333333333,0.16666666666666666,0.6666666666666666,2.0
657557,2023-05-13,3,3,0,0,2,0,0,0,0,1,3.857142857142857,3.2857142857142856,1.1428571428571428,0.14285714285714285,0.8571428571428571,1.7142857142857142
657557,2023-05-14,5,5,1,1,1,4,1,1,1,1,3.75,3.25,1.0,0.125,1.0,1.5
657557,2023-05-15,4,3,1,0,2,1,0,1,0,1,3.888888888888889,3.4444444444444446,1.0,0.2222222222222222,1.0,1.7777777777777777
657557,2023-05-16,5,4,0,0,2,0,0,0,0,1,3.9,3.4,1.0,0.2,1.1,1.7
657557,2023-05-17,3,3,1,1,1,4,1,1,1,1,4.1,3.5,0.9,0.2,1.3,1.6
657557,2023-05-18,5,5,1,1,0,4,1,1,1,0,4.0,3.4,0.8,0.3,1.4,1.8
657557,2023-05-19,3,2,0,0,1,0,0,0,0,1,4.0,3.6,0.9,0.4,1.3,2.2
657557,2023-05-20,3,2,0,0,2,0,0,0,0,1,3.9,3.4,0.8,0.4,1.2,2.0
657557,2023-05-21,3,2,2,1,0,5,1,1,1,0,3.8,3.3,0.6,0.3,1.4,1.5
657557,2023-05-22,5,5,2,1,3,6,1,1,1,1,3.7,3.1,0.6,0.4,1.3,1.8
657557,2023-05-23,4,3,1,0,0,1,0,1,0,0,3.9,3.4,0.8,0.5,1.4,2.4
657557,2023-05-25,4,3,0,0,1,0,0,0,0,1,4.0,3.4,0.9,0.5,1.2,2.5
657557,2023-05-26,3,3,0,0,1,0,0,0,0,1,3.9,3.2,0.8,0.4,1.2,2.1
657557,2023-05-27,4,4,0,0,1,0,0,0,0,1,3.8,3.2,0.7,0.4,1.1,2.0
657557,2023-05-28,4,4,0,0,1,0,0,0,0,1,3.7,3.2,0.7,0.4,1.0,2.0
657557,2023-05-29,3,3,0,0,1,0,0,0,0,1,3.8,3.3,0.6,0.3,1.0,1.6
657557,2023-05-30,3,3,0,0,1,0,0,0,0,1,3.6,3.1,0.5,0.2,1.1,1.2
657656,2023-05-03,3,3,1,0,1,1,0,1,0,1,4.0,4.0,0.0,0.0,2.0,0.0
657656,2023-05-04,4,4,2,0,0,2,0,1,1,0,3.5,3.5,0.5,0.0,1.5,0.5
657656,2023-05-05,6,6,1,1,1,4,1,1,1,1,3.6666666666666665,3.6666666666666665,1.0,0.0,1.0,1.0
657656,2023-05-06,5,5,0,0,1,0,0,0,0,1,4.25,4.25,1.0,0.25,1.0,1.75
657656,2023-05-07,4,4,1,0,1,1,0,1,0,1,4.4,4.4,0.8,0.2,1.0,1.4
657656,2023-05-08,1,1,0,0,0,0,0,0,0,0,4.333333333333333,4.333333333333333,0.8333333333333334,0.16666666666666666,1.0,1.3333333333333333
657656,2023-05-12,4,4,1,0,2,3,0,1,1,1,3.857142857142857,3.857142857142857,0.7142857142857143,0.14285714285714285,0.8571428571428571,1.1428571428571428
657656,2023-05-13,3,3,1,0,1,2,0,1,1,1,3.875,3.875,0.75,0.125,1.0,1.375
657656,2023-05-14,4,4,2,0,2,3,0,1,1,1,3.7777777777777777,3.7777777777777777,0.7777777777777778,0.1111111111111111,1.0,1.4444444444444444
657656,2023-05-15,4,4,0,0,1,0,0,0,0,1,3.8,3.8,0.9,0.1,1.1,1.6
657656,2023-05-16,6,6,1,1,4,4,1,1,1,1,3.8,3.8,0.9,0.1,1.0,1.6
657656,2023-05-17,4,4,1,1,2,4,1,1,1,1,4.1,4.1,0.9,0.2,1.3,1.9
657656,2023-05-19,4,4,0,0,2,0,0,0,0,1,4.1,4.1,0.8,0.3,1.5,2.1
657656,2023-05-20,4,4,0,0,0,0,0,0,0,0,3.9,3.9,0.7,0.2,1.6,1.7
657656,2023-05-21,4,4,0,0,3,0,0,0,0,1,3.8,3.8,0.7,0.2,1.5,1.7
657656,2023-05-22,1,1,0,0,1,0,0,0,0,1,3.8,3.8,0.6,0.2,1.7,1.6
657656,2023-05-23,3,3,2,0,1,2,0,1,1,1,3.8,3.8,0.6,0.2,1.8,1.6
657656,2023-05-24,4,4,0,0,3,0,0,0,0,1,3.7,3.7,0.7,0.2,1.7,1.5
657656,2023-05-26,4,4,0,0,1,0,0,0,0,1,3.8,3.8,0.6,0.2,1.9,1.3
657656,2023-05-27,4,4,1,0,1,2,0,1,1,1,3.8,3.8,0.4,0.2,1.8,1.0
657656,2023-05-28,4,2,1,0,1,1,0,1,0,1,3.8,3.8,0.5,0.2,1.8,1.2
657656,2023-05-29,4,2,1,0,0,1,0,1,0,0,3.6,3.4,0.5,0.1,1.5,0.9
657656,2023-05-30,4,3,1,0,0,1,0,1,0,0,3.6,3.2,0.5,0.0,1.3,0.6
657656,2023-05-31,4,3,1,0,0,1,0,1,0,0,3.6,3.1,0.6,0.0,1.1,0.7
657757,2023-05-03,4,4,1,0,2,1,0,1,0,1,3.0,3.0,1.0,0.0,0.0,1.0
657757,2023-05-04,3,3,0,0,1,0,0,0,0,1,3.5,3.5,1.0,0.0,1.0,1.0
657757,2023-05-05,4,4,0,0,1,0,0,0,0,1,3.3333333333333335,3.3333333333333335,0.6666666666666666,0.0,1.0,0.6666666666666666
657757,2023-05-07,5,5,2,1,2,5,1,1,1,1,3.5,3.5,0.5,0.0,1.0,0.5
657757,2023-05-08,3,2,1,1,0,4,1,1,1,0,3.8,3.8,0.8,0.2,1.2,1.4
657757,2023-05-09,3,3,1,0,0,2,0,1,1,0,3.6666666666666665,3.5,0.8333333333333334,0.3333333333333333,1.0,1.8333333333333333
657757,2023-05-10,4,2,1,0,0,1,0,1,0,0,3.5714285714285716,3.4285714285714284,0.8571428571428571,0.2857142857142857,0.8571428571428571,1.8571428571428572
657757,2023-05-11,3,3,0,0,1,0,0,0,0,1,3.625,3.25,0.875,0.25,0.75,1.75
657757,2023-05-12,3,2,0,0,1,0,0,0,0,1,3.5555555555555554,3.2222222222222223,0.7777777777777778,0.2222222222222222,0.7777777777777778,1.5555555555555556
657757,2023-05-13,4,4,1,0,0,1,0,1,0,0,3.5,3.1,0.7,0.2,0.8,1.4
657757,2023-05-14,4,4,1,0,0,1,0,1,0,0,3.6,3.2,0.7,0.2,0.8,1.4
657757,2023-05-16,5,5,1,1,1,4,1,1,1,1,3.6,3.2,0.7,0.2,0.6,1.4
657757,2023-05-17,4,4,1,1,1,4,1,1,1,1,3.8,3.4,0.8,0.3,0.6,1.8
657757,2023-05-18,1,1,0,0,0,0,0,0,0,0,3.8,3.4,0.9,0.4,0.6,2.2
657757,2023-05-19,3,2,1,0,0,1,0,1,0,0,3.4,3.0,0.7,0.3,0.4,1.7
657757,2023-05-21,3,3,1,0,0,1,0,1,0,0,3.4,3.0,0.7,0.2,0.4,1.4
657757,2023-05-22,2,2,0,0,0,0,0,0,0,0,3.4,3.0,0.7,0.2,0.4,1.3
657757,2023-05-24,3,2,0,0,2,0,0,0,0,1,3.2,3.0,0.6,0.2,0.4,1.2
657757,2023-05-25,3,3,1,1,0,4,1,1,1,0,3.2,2.9,0.6,0.2,0.5,1.2
657757,2023-05-27,3,3,1,0,0,2,0,1,1,0,3.2,3.0,0.7,0.3,0.4,1.6
657757,2023-05-28,1,1,1,0,0,1,0,1,0,0,3.1,2.9,0.7,0.3,0.4,1.7
657757,2023-05-29,4,3,0,0,1,0,0,0,0,1,2.8,2.6,0.7,0.3,0.4,1.7
657757,2023-05-31,4,3,0,0,1,0,0,0,0,1,2.7,2.4,0.6,0.2,0.4,1.3
658668,2023-05-03,3,3,0,0,0,0,0,0,0,0,4.0,4.0,0.0,0.0,1.0,0.0
658668,2023-05-05,5,4,1,0,0,1,0,1,0,0,3.5,3.5,0.0,0.0,0.5,0.0
658668,2023-05-06,5,4,0,0,2,0,0,0,0,1,4.0,3.6666666666666665,0.3333333333333333,0.0,0.3333333333333333,0.3333333333333333
658668,2023-05-08,4,3,1,0,1,1,0,1,0,1,4.25,3.75,0.25,0.0,0.75,0.25
658668,2023-05-10,3,3,1,1,0,4,1,1,1,0,4.2,3.6,0.4,0.0,0.8,0.4
658668,2023-05-11,4,4,0,0,0,0,0,0,0,0,4.0,3.5,0.5,0.16666666666666666,0.6666666666666666,1.0
658668,2023-05-12,4,3,0,0,0,0,0,0,0,0,4.0,3.5714285714285716,0.42857142857142855,0.14285714285714285,0.5714285714285714,0.8571428571428571
658668,2023-05-13,1,1,0,0,1,0,0,0,0,1,4.0,3.5,0.375,0.125,0.5,0.75
658668,2023-05-15,3,2,0,0,1,0,0,0,0,1,3.6666666666666665,3.2222222222222223,0.3333333333333333,0.1111111111111111,0.5555555555555556,0.6666666666666666
658668,2023-05-16,4,4,1,0,0,1,0,1,0,0,3.6,3.1,0.3,0.1,0.6,0.6
658668,2023-05-19,3,3,0,0,1,0,0,0,0,1,3.6,3.1,0.4,0.1,0.5,0.7
658668,2023-05-20,1,1,0,0,0,0,0,0,0,0,3.6,3.1,0.4,0.1,0.6,0.7
658668,2023-05-21,4,4,1,0,1,1,0,1,0,1,3.2,2.8,0.3,0.1,0.6,0.6
658668,2023-05-23,3,3,2,0,0,2,0,1,1,0,3.1,2.8,0.4,0.1,0.5,0.7
658668,2023-05-24,4,3,1,0,0,2,0,1,1,0,3.0,2.8,0.5,0.1,0.4,0.8
658668,2023-05-26,4,4,0,0,1,0,0,0,0,1,3.1,2.8,0.5,0.0,0.4,0.6
658668,2023-05-28,3,3,1,1,1,4,1,1,1,1,3.1,2.8,0.5,0.0,0.5,0.6
660162,2023-05-13,4,4,3,0,0,5,0,1,1,0,4.0,4.0,0.0,0.0,1.0,0.0
660162,2023-05-14,4,3,0,0,2,0,0,0,0,1,4.0,4.0,1.5,0.0,0.5,2.5
660162,2023-05-16,5,4,2,0,2,3,0,1,1,1,4.0,3.6666666666666665,1.0,0.0,1.0,1.6666666666666667
660162,2023-05-17,4,4,1,0,1,1,0,1,0,1,4.25,3.75,1.25,0.0,1.25,2.0
660162,2023-05-18,1,1,1,0,0,1,0,1,0,0,4.2,3.8,1.2,0.0,1.2,1.8
660162,2023-05-19,4,4,1,0,0,1,0,1,0,0,3.6666666666666665,3.3333333333333335,1.1666666666666667,0.0,1.0,1.6666666666666667
660162,2023-05-20,4,3,1,0,1,1,0,1,0,1,3.7142857142857144,3.4285714285714284,1.1428571428571428,0.0,0.8571428571428571,1.5714285714285714
660162,2023-05-21,4,4,1,0,0,1,0,1,0,0,3.75,3.375,1.125,0.0,0.875,1.5
660162,2023-05-22,4,3,0,0,1,0,0,0,0,1,3.7777777777777777,3.4444444444444446,1.1111111111111112,0.0,0.7777777777777778,1.4444444444444444
660162,2023-05-23,4,4,0,0,0,0,0,0,0,0,3.8,3.4,1.0,0.0,0.8,1.3
660162,2023-05-24,4,3,0,0,0,0,0,0,0,0,3.8,3.4,1.0,0.0,0.7,1.3
660162,2023-05-25,3,3,0,0,1,0,0,0,0,1,3.8,3.3,0.7,0.0,0.7,0.8
660162,2023-05-26,5,5,3,0,1,5,0,1,1,1,3.7,3.3,0.7,0.0,0.6,0.8
660162,2023-05-27,4,4,1,0,3,1,0,1,0,1,3.7,3.4,0.8,0.0,0.5,1.0
660162,2023-05-28,1,1,0,0,0,0,0,0,0,0,3.7,3.4,0.8,0.0,0.7,1.0
660162,2023-05-29,4,4,0,0,3,0,0,0,0,1,3.7,3.4,0.7,0.0,0.7,0.9
660162,2023-05-30,4,2,0,0,1,0,0,0,0,1,3.7,3.4,0.6,0.0,1.0,0.8
660162,2023-05-31,3,3,1,0,2,1,0,1,0,1,3.7,3.3,0.5,0.0,1.0,0.7
660271,2023-05-04,5,3,1,0,1,1,0,1,0,1,5.0,5.0,3.0,0.0,0.0,4.0
660271,2023-05-05,5,5,0,0,0,0,0,0,0,0,5.0,4.0,2.0,0.0,0.5,2.5
660271,2023-05-06,4,4,0,0,0,0,0,0,0,0,5.0,4.333333333333333,1.3333333333333333,0.0,0.3333333333333333,1.6666666666666667
660271,2023-05-07,5,3,2,0,0,2,0,1,1,0,4.75,4.25,1.0,0.0,0.25,1.25
660271,2023-05-08,4,4,2,0,0,4,0,1,1,0,4.8,4.0,1.2,0.0,0.2,1.4
660271,2023-05-09,3,3,0,0,1,0,0,0,0,1,4.666666666666667,4.0,1.3333333333333333,0.0,0.16666666666666666,1.8333333333333333
660271,2023-05-10,4,4,1,1,2,4,1,1,1,1,4.428571428571429,3.857142857142857,1.1428571428571428,0.0,0.2857142857142857,1.5714285714285714
660271,2023-05-12,4,2,0,0,2,0,0,0,0,1,4.375,3.875,1.125,0.125,0.5,1.875
660271,2023-05-13,5,4,1,0,2,2,0,1,1,1,4.333333333333333,3.6666666666666665,1.0,0.1111111111111111,0.6666666666666666,1.6666666666666667
660271,2023-05-14,4,4,1,0,2,1,0,1,0,1,4.4,3.7,1.0,0.1,0.8,1.7
660271,2023-05-15,6,5,4,1,0,9,1,1,1,0,4.3,3.6,0.8,0.1,1.0,1.4
660271,2023-05-16,4,4,0,0,1,0,0,0,0,1,4.4,3.8,1.1,0.2,0.9,2.2
660271,2023-05-17,4,4,0,0,1,0,0,0,0,1,4.3,3.7,1.1,0.2,1.0,2.2
660271,2023-05-18,5,5,2,1,0,5,1,1,1,0,4.3,3.7,1.1,0.2,1.1,2.2
660271,2023-05-19,4,3,0,0,2,0,0,0,0,1,4.3,3.9,1.1,0.3,1.1,2.5
660271,2023-05-20,4,4,1,1,2,4,1,1,1,1,4.3,3.8,0.9,0.3,1.3,2.1
660271,2023-05-21,2,2,1,0,0,1,0,1,0,0,4.4,3.9,1.0,0.4,1.4,2.5
660271,2023-05-22,4,3,0,0,2,0,0,0,0,1,4.2,3.7,1.0,0.3,1.2,2.2
660271,2023-05-23,4,4,1,0,1,1,0,1,0,1,4.2,3.8,1.0,0.3,1.2,2.2
660271,2023-05-24,4,4,1,1,1,4,1,1,1,1,4.1,3.8,1.0,0.3,1.1,2.1
660271,2023-05-26,3,3,0,0,2,0,0,0,0,1,4.1,3.8,1.0,0.4,1.0,2.4
660271,2023-05-27,4,3,0,0,0,0,0,0,0,0,3.8,3.6,0.6,0.3,1.2,1.5
660271,2023-05-28,4,4,1,0,3,1,0,1,0,1,3.8,3.5,0.6,0.3,1.1,1.5
660271,2023-05-29,5,4,0,0,2,0,0,0,0,1,3.8,3.5,0.7,0.3,1.3,1.6
660271,2023-05-30,4,4,1,1,1,4,1,1,1,1,3.8,3.4,0.5,0.2,1.5,1.1
660271,2023-05-31,4,3,2,2,0,8,1,1,1,0,3.8,3.5,0.6,0.3,1.4,1.5
660670,2023-05-02,5,3,1,0,2,2,0,1,1,1,6.0,5.0,3.0,1.0,0.0,7.0
660670,2023-05-03,5,4,1,1,1,4,1,1,1,1,5.5,4.0,2.0,0.5,1.0,4.5
660670,2023-05-04,2,2,1,0,1,1,0,1,0,1,5.333333333333333,4.0,1.6666666666666667,0.6666666666666666,1.0,4.333333333333333
660670,2023-05-05,5,4,1,0,0,1,0,1,0,0,4.5,3.5,1.5,0.5,1.0,3.5
660670,2023-05-06,3,2,1,0,1,1,0,1,0,1,4.6,3.6,1.4,0.4,0.8,3.0
660670,2023-05-07,5,5,0,0,0,0,0,0,0,0,4.333333333333333,3.3333333333333335,1.3333333333333333,0.3333333333333333,0.8333333333333334,2.6666666666666665
660670,2023-05-09,5,4,2,0,1,3,0,1,1,1,4.428571428571429,3.5714285714285716,1.1428571428571428,0.2857142857142857,0.7142857142857143,2.2857142857142856
660670,2023-05-10,4,4,2,1,0,5,1,1,1,0,4.5,3.625,1.25,0.25,0.75,2.375
660670,2023-05-12,4,4,1,0,0,1,0,1,0,0,4.444444444444445,3.6666666666666665,1.3333333333333333,0.3333333333333333,0.6666666666666666,2.6666666666666665
660670,2023-05-13,5,4,1,0,0,1,0,1,0,0,4.4,3.7,1.3,0.3,0.6,2.5
660670,2023-05-14,4,3,2,1,0,5,1,1,1,0,4.3,3.6,1.1,0.2,0.6,1.9
660670,2023-05-15,5,4,1,1,3,4,1,1,1,1,4.2,3.6,1.2,0.3,0.4,2.2
660670,2023-05-16,4,4,2,1,0,5,1,1,1,0,4.2,3.6,1.2,0.3,0.6,2.2
660670,2023-05-17,5,4,1,1,0,4,1,1,1,0,4.4,3.8,1.3,0.4,0.5,2.6
660670,2023-05-19,4,4,1,0,1,2,0,1,1,1,4.4,3.8,1.3,0.5,0.5,2.9
660670,2023-05-20,4,4,2,0,1,2,0,1,1,1,4.5,4.0,1.3,0.5,0.5,3.0
660670,2023-05-21,4,4,1,0,1,1,0,1,0,1,4.4,3.9,1.5,0.5,0.6,3.2
660670,2023-05-22,5,4,1,0,0,2,0,1,1,0,4.3,3.9,1.4,0.5,0.6,3.0
660670,2023-05-23,4,3,0,0,1,0,0,0,0,1,4.4,3.9,1.3,0.4,0.6,2.7
660670,2023-05-24,3,3,0,0,1,0,0,0,0,1,4.4,3.8,1.2,0.4,0.7,2.6
660670,2023-05-25,5,5,2,0,0,3,0,1,1,0,4.2,3.7,1.1,0.4,0.8,2.5
660670,2023-05-26,5,5,0,0,0,0,0,0,0,0,4.3,3.9,1.1,0.3,0.8,2.3
660670,2023-05-27,4,4,1,0,1,1,0,1,0,1,4.3,4.0,1.0,0.2,0.5,1.9
660670,2023-05-28,5,5,4,0,1,6,0,1,1,1,4.3,4.0,0.9,0.1,0.6,1.5
660670,2023-05-29,4,4,0,0,0,0,0,0,0,0,4.3,4.1,1.2,0.0,0.7,1.7
660670,2023-05-30,4,3,0,0,0,0,0,0,0,0,4.3,4.1,1.1,0.0,0.6,1.5
660670,2023-05-31,5,5,2,0,0,3,0,1,1,0,4.3,4.0,0.9,0.0,0.5,1.3
660688,2023-05-02,3,3,0,0,0,0,0,0,0,0,4.0,4.0,0.0,0.0,0.0,0.0
660688,2023-05-03,3,3,0,0,1,0,0,0,0,1,3.5,3.5,0.0,0.0,0.0,0.0
660688,2023-05-05,4,4,0,0,3,0,0,0,0,1,3.3333333333333335,3.3333333333333335,0.0,0.0,0.3333333333333333,0.0
660688,2023-05-06,4,4,2,1,0,6,1,1,1,0,3.5,3.5,0.0,0.0,1.0,0.0
660688,2023-05-07,4,4,1,0,0,1,0,1,0,0,3.6,3.6,0.4,0.2,0.8,1.2
660688,2023-05-08,5,5,1,0,0,1,0,1,0,0,3.6666666666666665,3.6666666666666665,0.5,0.16666666666666666,0.6666666666666666,1.1666666666666667
660688,2023-05-09,4,3,1,0,0,1,0,1,0,0,3.857142857142857,3.857142857142857,0.5714285714285714,0.14285714285714285,0.5714285714285714,1.1428571428571428
660688,2023-05-12,4,3,0,0,1,0,0,0,0,1,3.875,3.75,0.625,0.125,0.5,1.125
660688,2023-05-13,4,4,2,0,0,3,0,1,1,0,3.888888888888889,3.6666666666666665,0.5555555555555556,0.1111111111111111,0.5555555555555556,1.0
660688,2023-05-15,5,3,0,0,0,0,0,0,0,0,3.9,3.7,0.7,0.1,0.5,1.2
660688,2023-05-16,3,3,0,0,0,0,0,0,0,0,4.0,3.6,0.7,0.1,0.5,1.2
660688,2023-05-17,3,3,0,0,0,0,0,0,0,0,4.0,3.6,0.7,0.1,0.5,1.2
660688,2023-05-18,3,2,0,0,0,0,0,0,0,0,4.0,3.6,0.7,0.1,0.4,1.2
660688,2023-05-19,4,3,2,1,1,6,1,1,1,1,3.9,3.4,0.7,0.1,0.1,1.2
660688,2023-05-20,3,3,1,0,0,1,0,1,0,0,3.9,3.3,0.7,0.1,0.2,1.2
660688,2023-05-23,4,4,0,0,1,0,0,0,0,1,3.8,3.2,0.7,0.1,0.2,1.2
660688,2023-05-24,4,4,1,0,0,1,0,1,0,0,3.7,3.1,0.6,0.1,0.3,1.1
660688,2023-05-25,1,1,1,0,0,1,0,1,0,0,3.7,3.2,0.6,0.1,0.3,1.1
660688,2023-05-26,6,5,0,0,1,0,0,0,0,1,3.4,3.0,0.7,0.1,0.2,1.2
660688,2023-05-27,4,3,1,0,0,1,0,1,0,0,3.6,3.1,0.5,0.1,0.3,0.9
660688,2023-05-29,4,4,0,0,0,0,0,0,0,0,3.5,3.1,0.6,0.1,0.3,1.0
660688,2023-05-30,4,3,1,1,0,4,1,1,1,0,3.6,3.2,0.6,0.1,0.3,1.0
660688,2023-05-31,5,4,3,2,0,9,1,1,1,0,3.7,3.2,0.7,0.2,0.3,1.4
660707,2023-05-31,3,3,0,0,1,0,0,0,0,1,1.0,1.0,0.0,0.0,1.0,0.0
660757,2023-05-03,1,1,1,0,0,1,0,1,0,0,1.0,1.0,0.0,0.0,0.0,0.0
660757,2023-05-05,3,3,1,0,2,1,0,1,0,1,1.0,1.0,0.5,0.0,0.0,0.5
660766,2023-05-06,1,1,0,0,0,0,0,0,0,0,4.0,4.0,1.0,0.0,1.0,1.0
660766,2023-05-10,3,2,1,0,0,1,0,1,0,0,2.5,2.5,0.5,0.0,0.5,0.5
660766,2023-05-12,2,2,0,0,1,0,0,0,0,1,2.6666666666666665,2.3333333333333335,0.6666666666666666,0.0,0.3333333333333333,0.6666666666666666
660766,2023-05-13,3,3,0,0,3,0,0,0,0,1,2.5,2.25,0.5,0.0,0.5,0.5
660766,2023-05-15,1,1,0,0,1,0,0,0,0,1,2.6,2.4,0.4,0.0,1.0,0.4
660766,2023-05-18,3,3,1,1,1,4,1,1,1,1,2.3333333333333335,2.1666666666666665,0.3333333333333333,0.0,1.0,0.3333333333333333
660766,2023-05-20,1,1,0,0,0,0,0,0,0,0,2.4285714285714284,2.2857142857142856,0.42857142857142855,0.14285714285714285,1.0,0.8571428571428571
660766,2023-05-21,2,2,0,0,2,0,0,0,0,1,2.25,2.125,0.375,0.125,0.875,0.75
660766,2023-05-22,2,1,1,0,0,1,0,1,0,0,2.2222222222222223,2.111111111111111,0.3333333333333333,0.1111111111111111,1.0,0.6666666666666666
660766,2023-05-25,4,3,1,0,0,2,0,1,1,0,2.2,2.0,0.4,0.1,0.9,0.7
660766,2023-05-27,1,1,0,0,1,0,0,0,0,1,2.2,1.9,0.4,0.1,0.8,0.8
660766,2023-05-29,1,1,0,0,0,0,0,0,0,0,2.2,1.9,0.4,0.1,0.9,0.8
660766,2023-05-30,3,3,0,0,2,0,0,0,0,1,2.0,1.8,0.3,0.1,0.9,0.7
660821,2023-05-03,4,4,3,1,0,6,1,1,1,0,3.0,3.0,0.0,0.0,2.0,0.0
660821,2023-05-07,5,5,1,0,1,2,0,1,1,1,3.5,3.5,1.5,0.5,1.0,3.0
660821,2023-05-08,3,3,2,0,0,4,0,1,1,0,4.0,4.0,1.3333333333333333,0.3333333333333333,1.0,2.6666666666666665
660821,2023-05-09,3,3,2,0,1,4,0,1,1,1,3.75,3.75,1.5,0.25,0.75,3.0
660821,2023-05-10,4,4,2,1,1,6,1,1,1,1,3.6,3.6,1.6,0.2,0.8,3.2
660821,2023-05-12,1,1,0,0,1,0,0,0,0,1,3.6666666666666665,3.6666666666666665,1.6666666666666667,0.3333333333333333,0.8333333333333334,3.6666666666666665
660821,2023-05-30,1,1,1,0,0,1,0,1,0,0,3.2857142857142856,3.2857142857142856,1.4285714285714286,0.2857142857142857,0.8571428571428571,3.142857142857143
660821,2023-05-31,1,1,1,0,0,1,0,1,0,0,3.0,3.0,1.375,0.25,0.75,2.875
661388,2023-05-03,4,3,0,0,1,0,0,0,0,1,4.0,4.0,1.0,0.0,0.0,2.0
661388,2023-05-05,4,4,1,0,2,2,0,1,1,1,4.0,3.5,0.5,0.0,0.5,1.0
661388,2023-05-06,4,3,0,0,1,0,0,0,0,1,4.0,3.6666666666666665,0.6666666666666666,0.0,1.0,1.3333333333333333
661388,2023-05-07,5,5,3,1,1,6,1,1,1,1,4.0,3.5,0.5,0.0,1.0,1.0
661388,2023-05-08,3,3,0,0,0,0,0,0,0,0,4.2,3.8,1.0,0.2,1.0,2.0
661388,2023-05-10,4,4,1,1,1,4,1,1,1,1,4.0,3.6666666666666665,0.8333333333333334,0.16666666666666666,0.8333333333333334,1.6666666666666667
661388,2023-05-12,5,2,0,0,1,0,0,0,0,1,4.0,3.7142857142857144,0.8571428571428571,0.2857142857142857,0.8571428571428571,2.0
661388,2023-05-13,4,2,0,0,0,0,0,0,0,0,4.125,3.5,0.75,0.25,0.875,1.75
661388,2023-05-15,3,3,0,0,0,0,0,0,0,0,4.111111111111111,3.3333333333333335,0.6666666666666666,0.2222222222222222,0.7777777777777778,1.5555555555555556
661388,2023-05-16,4,4,1,0,2,1,0,1,0,1,4.0,3.3,0.6,0.2,0.7,1.4
661388,2023-05-17,5,5,0,0,1,0,0,0,0,1,4.0,3.3,0.6,0.2,0.9,1.3
661388,2023-05-19,4,4,1,0,2,2,0,1,1,1,4.1,3.5,0.6,0.2,0.9,1.3
661388,2023-05-21,5,5,2,1,2,5,1,1,1,1,4.1,3.5,0.6,0.2,0.9,1.3
661388,2023-05-22,4,4,1,0,0,1,0,1,0,0,4.2,3.7,0.8,0.3,1.0,1.8
661388,2023-05-24,3,2,0,0,1,0,0,0,0,1,4.1,3.6,0.6,0.2,0.9,1.3
661388,2023-05-26,4,3,0,0,0,0,0,0,0,0,4.1,3.5,0.6,0.2,1.0,1.3
661388,2023-05-28,4,4,2,1,1,5,1,1,1,1,4.1,3.4,0.5,0.1,0.9,0.9
661388,2023-05-30,4,2,1,1,0,4,1,1,1,0,4.0,3.6,0.7,0.2,0.9,1.4
661388,2023-05-31,4,4,0,0,2,0,0,0,0,1,4.0,3.6,0.8,0.3,0.9,1.8
662139,2023-05-02,4,4,2,1,0,6,1,1,1,0,5.0,4.0,0.0,0.0,1.0,0.0
662139,2023-05-03,4,4,2,1,1,5,1,1,1,1,4.5,4.0,1.0,0.5,0.5,3.0
662139,2023-05-04,4,3,2,0,0,2,0,1,1,0,4.333333333333333,4.0,1.3333333333333333,0.6666666666666666,0.6666666666666666,3.6666666666666665
662139,2023-05-05,4,3,1,0,1,2,0,1,1,1,4.25,3.75,1.5,0.5,0.5,3.25
662139,2023-05-06,5,5,2,0,0,2,0,1,1,0,4.2,3.6,1.4,0.4,0.6,3.0
662139,2023-05-07,5,5,2,1,0,6,1,1,1,0,4.333333333333333,3.8333333333333335,1.5,0.3333333333333333,0.5,2.8333333333333335
662139,2023-05-09,3,3,1,0,2,1,0,1,0,1,4.428571428571429,4.0,1.5714285714285714,0.42857142857142855,0.42857142857142855,3.2857142857142856
662139,2023-05-10,4,4,0,0,0,0,0,0,0,0,4.25,3.875,1.5,0.375,0.625,3.0
662139,2023-05-12,4,4,1,1,3,4,1,1,1,1,4.222222222222222,3.888888888888889,1.3333333333333333,0.3333333333333333,0.5555555555555556,2.6666666666666665
662139,2023-05-13,4,4,0,0,2,0,0,0,0,1,4.2,3.9,1.3,0.4,0.8,2.8
662139,2023-05-14,5,4,1,0,0,2,0,1,1,0,4.1,3.9,1.3,0.4,0.9,2.8
662139,2023-05-15,4,4,0,0,0,0,0,0,0,0,4.2,3.9,1.2,0.3,0.9,2.4
662139,2023-05-16,4,4,0,0,1,0,0,0,0,1,4.2,3.9,1.0,0.2,0.8,1.9
662139,2023-05-17,5,4,1,0,2,1,0,1,0,1,4.2,4.0,0.8,0.2,0.9,1.7
662139,2023-05-18,4,4,1,0,1,1,0,1,0,1,4.3,4.1,0.8,0.2,1.0,1.6
662139,2023-05-19,4,4,0,0,1,0,0,0,0,1,4.2,4.0,0.7,0.2,1.1,1.5
662139,2023-05-20,5,5,0,0,2,0,0,0,0,1,4.1,3.9,0.5,0.1,1.2,0.9
662139,2023-05-22,4,4,1,1,0,4,1,1,1,0,4.3,4.1,0.4,0.1,1.2,0.8
662139,2023-05-23,6,6,2,0,1,2,0,1,1,1,4.3,4.1,0.5,0.2,1.2,1.2
662139,2023-05-24,4,4,2,0,0,2,0,1,1,0,4.5,4.3,0.6,0.1,1.0,1.0
662139,2023-05-25,4,3,0,0,0,0,0,0,0,0,4.5,4.3,0.8,0.1,0.8,1.2
662139,2023-05-26,3,3,0,0,0,0,0,0,0,0,4.4,4.2,0.7,0.1,0.8,1.0
662139,2023-05-27,4,4,1,1,0,4,1,1,1,0,4.3,4.1,0.7,0.1,0.8,1.0
662139,2023-05-28,4,4,1,0,0,1,0,1,0,0,4.3,4.1,0.8,0.2,0.7,1.4
662139,2023-05-30,4,4,1,0,0,1,0,1,0,0,4.2,4.1,0.8,0.2,0.5,1.4
662139,2023-05-31,4,4,1,0,0,2,0,1,1,0,4.2,4.1,0.8,0.2,0.4,1.4
663457,2023-05-03,4,4,0,0,3,0,0,0,0,1,3.0,2.0,0.0,0.0,1.0,0.0
663457,2023-05-04,5,5,4,0,0,4,0,1,1,0,3.5,3.0,0.0,0.0,2.0,0.0
663457,2023-05-05,4,4,2,0,1,3,0,1,1,1,4.0,3.6666666666666665,1.3333333333333333,0.0,1.3333333333333333,1.3333333333333333
663457,2023-05-06,5,4,3,0,0,3,0,1,1,0,4.0,3.75,1.5,0.0,1.25,1.75
663457,2023-05-07,5,5,1,0,0,1,0,1,0,0,4.2,3.8,1.8,0.0,1.0,2.0
663457,2023-05-08,4,2,0,0,0,0,0,0,0,0,4.333333333333333,4.0,1.6666666666666667,0.0,0.8333333333333334,1.8333333333333333
663457,2023-05-09,5,4,1,1,1,4,1,1,1,1,4.285714285714286,3.7142857142857144,1.4285714285714286,0.0,0.7142857142857143,1.5714285714285714
663457,2023-05-10,4,3,1,0,0,1,0,1,0,0,4.375,3.75,1.375,0.125,0.75,1.875
663457,2023-05-12,4,3,2,0,1,3,0,1,1,1,4.333333333333333,3.6666666666666665,1.3333333333333333,0.1111111111111111,0.6666666666666666,1.7777777777777777
663457,2023-05-13,3,3,0,0,1,0,0,0,0,1,4.3,3.6,1.4,0.1,0.7,1.9
663457,2023-05-14,6,6,3,0,0,5,0,1,1,0,4.3,3.7,1.4,0.1,0.7,1.9
663457,2023-05-15,6,4,2,0,2,2,0,1,1,1,4.5,3.9,1.7,0.1,0.4,2.4
663457,2023-05-16,5,4,0,0,1,0,0,0,0,1,4.6,3.8,1.5,0.1,0.6,2.2
663457,2023-05-17,4,4,0,0,0,0,0,0,0,0,4.7,3.8,1.3,0.1,0.6,1.9
663457,2023-05-18,5,5,1,0,0,1,0,1,0,0,4.6,3.8,1.0,0.1,0.6,1.6
663457,2023-05-19,4,4,0,0,0,0,0,0,0,0,4.6,3.8,1.0,0.1,0.6,1.6
663457,2023-05-20,4,3,0,0,1,0,0,0,0,1,4.6,4.0,1.0,0.1,0.6,1.6
663457,2023-05-21,5,4,0,0,2,0,0,0,0,1,4.5,3.9,0.9,0.0,0.6,1.2
663457,2023-05-22,3,2,1,0,1,2,0,1,1,1,4.6,4.0,0.8,0.0,0.8,1.1
663457,2023-05-23,5,5,2,0,2,2,0,1,1,1,4.5,3.9,0.7,0.0,0.8,1.0
663457,2023-05-24,5,5,2,1,0,5,1,1,1,0,4.7,4.1,0.9,0.0,0.9,1.2
663457,2023-05-25,4,4,1,0,0,1,0,1,0,0,4.6,4.0,0.8,0.1,0.9,1.2
663457,2023-05-26,5,4,3,0,1,4,0,1,1,1,4.4,4.0,0.7,0.1,0.7,1.1
663457,2023-05-27,5,5,0,0,4,0,0,0,0,1,4.4,4.0,1.0,0.1,0.7,1.5
663457,2023-05-28,5,4,0,0,0,0,0,0,0,0,4.5,4.1,1.0,0.1,1.1,1.5
663457,2023-05-29,1,1,0,0,0,0,0,0,0,0,4.5,4.0,0.9,0.1,1.1,1.4
663527,2023-05-31,3,3,2,0,1,2,0,1,1,1,2.0,2.0,0.0,0.0,0.0,0.0
663538,2023-05-02,5,5,0,0,1,0,0,0,0,1,5.0,5.0,1.0,0.0,0.0,1.0
663538,2023-05-03,4,2,0,0,1,0,0,0,0,1,5.0,5.0,0.5,0.0,0.5,0.5
663538,2023-05-04,4,4,1,0,1,1,0,1,0,1,4.666666666666667,4.0,0.3333333333333333,0.0,0.6666666666666666,0.3333333333333333
663538,2023-05-05,4,4,2,0,2,3,0,1,1,1,4.5,4.0,0.5,0.0,0.75,0.5
663538,2023-05-06,5,4,2,0,0,2,0,1,1,0,4.4,4.0,0.8,0.0,1.0,1.0
663538,2023-05-07,6,6,1,0,0,1,0,1,0,0,4.5,4.0,1.0,0.0,0.8333333333333334,1.1666666666666667
663538,2023-05-08,3,3,0,0,0,0,0,0,0,0,4.714285714285714,4.285714285714286,1.0,0.0,0.7142857142857143,1.1428571428571428
663538,2023-05-19,6,6,3,0,0,5,0,1,1,0,4.5,4.125,0.875,0.0,0.625,1.0
663538,2023-05-20,3,3,0,0,1,0,0,0,0,1,4.666666666666667,4.333333333333333,1.1111111111111112,0.0,0.5555555555555556,1.4444444444444444
663538,2023-05-21,4,3,0,0,0,0,0,0,0,0,4.5,4.2,1.0,0.0,0.6,1.3
663538,2023-05-23,5,5,1,0,0,1,0,1,0,0,4.4,4.0,0.9,0.0,0.6,1.2
663538,2023-05-24,5,4,1,1,2,4,1,1,1,1,4.4,4.0,1.0,0.0,0.5,1.3
663538,2023-05-25,4,3,1,0,0,1,0,1,0,0,4.5,4.2,1.1,0.1,0.6,1.7
663538,2023-05-26,4,4,0,0,0,0,0,0,0,0,4.5,4.1,1.1,0.1,0.5,1.7
663538,2023-05-27,5,4,2,0,0,2,0,1,1,0,4.5,4.1,0.9,0.1,0.3,1.4
663538,2023-05-28,5,5,0,0,1,0,0,0,0,1,4.5,4.1,0.9,0.1,0.3,1.4
663538,2023-05-29,4,4,1,0,1,1,0,1,0,1,4.4,4.0,0.8,0.1,0.4,1.3
663538,2023-05-30,4,4,1,1,1,4,1,1,1,1,4.5,4.1,0.9,0.1,0.5,1.4
663538,2023-05-31,4,3,1,0,1,1,0,1,0,1,4.3,3.9,0.7,0.2,0.6,1.3
663586,2023-05-02,5,4,1,0,0,1,0,1,0,0,8.0,8.0,1.0,0.0,1.0,1.0
663586,2023-05-03,5,5,1,1,1,4,1,1,1,1,6.5,6.0,1.0,0.0,0.5,1.0
663586,2023-05-04,4,3,2,0,1,2,0,1,1,1,6.0,5.666666666666667,1.0,0.3333333333333333,0.6666666666666666,2.0
663586,2023-05-05,3,3,2,0,0,2,0,1,1,0,5.5,5.0,1.25,0.25,0.75,2.0
663586,2023-05-06,4,4,1,0,0,2,0,1,1,0,5.0,4.6,1.4,0.2,0.6,2.0
663586,2023-05-07,5,5,0,0,2,0,0,0,0,1,4.833333333333333,4.5,1.3333333333333333,0.16666666666666666,0.5,2.0
663586,2023-05-09,5,4,0,0,1,0,0,0,0,1,4.857142857142857,4.571428571428571,1.1428571428571428,0.14285714285714285,0.7142857142857143,1.7142857142857142
663586,2023-05-10,4,4,2,0,1,2,0,1,1,1,4.875,4.5,1.0,0.125,0.75,1.5
663586,2023-05-12,3,3,0,0,2,0,0,0,0,1,4.777777777777778,4.444444444444445,1.1111111111111112,0.1111111111111111,0.7777777777777778,1.5555555555555556
663586,2023-05-13,5,4,1,0,3,1,0,1,0,1,4.6,4.3,1.0,0.1,0.9,1.4
663586,2023-05-14,5,4,2,0,2,2,0,1,1,1,4.3,3.9,1.0,0.1,1.1,1.4
663586,2023-05-15,5,5,1,1,1,4,1,1,1,1,4.3,3.9,1.1,0.1,1.3,1.5
663586,2023-05-16,4,4,0,0,0,0,0,0,0,0,4.3,3.9,1.1,0.1,1.3,1.5
663586,2023-05-17,4,4,2,0,2,3,0,1,1,1,4.3,4.0,0.9,0.1,1.2,1.3
663586,2023-05-19,4,4,2,0,0,2,0,1,1,0,4.4,4.1,0.9,0.1,1.4,1.4
663586,2023-05-20,4,3,1,0,0,1,0,1,0,0,4.4,4.1,1.0,0.1,1.4,1.4
663586,2023-05-21,4,4,1,0,2,1,0,1,0,1,4.3,3.9,1.1,0.1,1.2,1.5
663586,2023-05-22,4,2,1,0,1,2,0,1,1,1,4.2,3.9,1.2,0.1,1.3,1.6
663586,2023-05-23,4,4,1,0,1,2,0,1,1,1,4.2,3.7,1.1,0.1,1.3,1.6
663586,2023-05-24,4,4,2,0,0,4,0,1,1,0,4.3,3.8,1.2,0.1,1.2,1.8
663586,2023-05-25,5,5,2,2,2,8,1,1,1,1,4.2,3.8,1.3,0.1,0.9,2.1
663586,2023-05-26,3,3,1,0,1,1,0,1,0,1,4.2,3.9,1.3,0.3,0.9,2.7
663586,2023-05-27,4,4,1,0,2,2,0,1,1,1,4.0,3.7,1.3,0.2,0.9,2.4
663586,2023-05-28,5,5,2,1,1,5,1,1,1,1,4.0,3.7,1.4,0.2,1.1,2.6
663586,2023-05-29,4,4,2,0,2,2,0,1,1,1,4.1,3.8,1.4,0.3,1.0,2.8
663586,2023-05-30,3,3,0,0,0,0,0,0,0,0,4.1,3.8,1.4,0.3,1.2,2.8
663586,2023-05-31,4,3,0,0,0,0,0,0,0,0,4.0,3.8,1.3,0.3,1.2,2.7
663611,2023-05-02,1,1,0,0,1,0,0,0,0,1,4.0,4.0,0.0,0.0,0.0,0.0
663611,2023-05-06,4,4,1,0,1,1,0,1,0,1,2.5,2.5,0.0,0.0,0.5,0.0
663611,2023-05-07,6,6,2,0,1,2,0,1,1,1,3.0,3.0,0.3333333333333333,0.0,0.6666666666666666,0.3333333333333333
663611,2023-05-08,2,2,0,0,0,0,0,0,0,0,3.75,3.75,0.75,0.0,0.75,0.75
663611,2023-05-09,3,2,2,0,0,3,0,1,1,0,3.4,3.4,0.6,0.0,0.6,0.6
663611,2023-05-10,3,3,0,0,0,0,0,0,0,0,3.3333333333333335,3.1666666666666665,0.8333333333333334,0.0,0.5,1.0
663611,2023-05-13,5,5,1,0,1,1,0,1,0,1,3.2857142857142856,3.142857142857143,0.7142857142857143,0.0,0.42857142857142855,0.8571428571428571
663611,2023-05-14,3,3,1,0,0,1,0,1,0,0,3.5,3.375,0.75,0.0,0.5,0.875
663611,2023-05-15,4,4,1,0,1,1,0,1,0,1,3.4444444444444446,3.3333333333333335,0.7777777777777778,0.0,0.4444444444444444,0.8888888888888888
663611,2023-05-16,4,4,0,0,0,0,0,0,0,0,3.5,3.4,0.8,0.0,0.5,0.9
663611,2023-05-19,5,4,2,0,1,2,0,1,1,1,3.5,3.4,0.8,0.0,0.5,0.9
663611,2023-05-20,1,1,0,0,0,0,0,0,0,0,3.9,3.7,1.0,0.0,0.5,1.1
663611,2023-05-21,1,1,0,0,0,0,0,0,0,0,3.6,3.4,0.9,0.0,0.4,1.0
663616,2023-05-03,4,4,0,0,4,0,0,0,0,1,4.0,2.0,0.0,0.0,1.0,0.0
663616,2023-05-04,3,3,0,0,3,0,0,0,0,1,4.0,3.0,0.0,0.0,2.5,0.0
663616,2023-05-13,3,3,1,0,2,1,0,1,0,1,3.6666666666666665,3.0,0.0,0.0,2.6666666666666665,0.0
663616,2023-05-14,5,4,2,1,0,6,1,1,1,0,3.5,3.0,0.25,0.0,2.5,0.25
663616,2023-05-15,5,5,1,1,2,4,1,1,1,1,3.8,3.2,0.6,0.2,2.0,1.4
663616,2023-05-16,2,2,0,0,1,0,0,0,0,1,4.0,3.5,0.6666666666666666,0.3333333333333333,2.0,1.8333333333333333
663616,2023-05-17,2,2,0,0,0,0,0,0,0,0,3.7142857142857144,3.2857142857142856,0.5714285714285714,0.2857142857142857,1.8571428571428572,1.5714285714285714
663616,2023-05-19,4,4,0,0,3,0,0,0,0,1,3.5,3.125,0.5,0.25,1.625,1.375
663616,2023-05-20,2,2,1,0,1,3,0,1,1,1,3.5555555555555554,3.2222222222222223,0.4444444444444444,0.2222222222222222,1.7777777777777777,1.2222222222222223
663616,2023-05-21,4,4,0,0,1,0,0,0,0,1,3.4,3.1,0.5,0.2,1.7,1.4
663624,2023-05-03,4,4,1,0,1,2,0,1,1,1,6.0,6.0,3.0,2.0,2.0,10.0
663624,2023-05-04,3,2,1,0,0,2,0,1,1,0,5.0,5.0,2.0,1.0,1.5,6.0
663624,2023-05-05,5,5,1,0,2,2,0,1,1,1,4.333333333333333,4.0,1.6666666666666667,0.6666666666666666,1.0,4.666666666666667
663624,2023-05-06,4,4,2,0,1,2,0,1,1,1,4.5,4.25,1.5,0.5,1.25,4.0
663624,2023-05-07,4,4,0,0,2,0,0,0,0,1,4.4,4.2,1.6,0.4,1.2,3.6
663624,2023-05-08,4,4,1,0,2,1,0,1,0,1,4.333333333333333,4.166666666666667,1.3333333333333333,0.3333333333333333,1.3333333333333333,3.0
663624,2023-05-09,4,4,2,0,0,2,0,1,1,0,4.285714285714286,4.142857142857143,1.2857142857142858,0.2857142857142857,1.4285714285714286,2.7142857142857144
663624,2023-05-10,4,2,0,0,0,0,0,0,0,0,4.25,4.125,1.375,0.25,1.25,2.625
663624,2023-05-12,4,4,2,0,1,4,0,1,1,1,4.222222222222222,3.888888888888889,1.2222222222222223,0.2222222222222222,1.1111111111111112,2.3333333333333335
663624,2023-05-13,3,3,0,0,0,0,0,0,0,0,4.2,3.9,1.3,0.2,1.1,2.5
663624,2023-05-14,4,4,0,0,4,0,0,0,0,1,3.9,3.6,1.0,0.0,0.9,1.5
663624,2023-05-15,4,4,0,0,2,0,0,0,0,1,3.9,3.6,0.9,0.0,1.2,1.3
663624,2023-05-16,2,2,2,1,0,6,1,1,1,0,4.0,3.8,0.8,0.0,1.4,1.1
663624,2023-05-17,4,4,1,0,0,1,0,1,0,0,3.7,3.5,0.9,0.1,1.2,1.5
663624,2023-05-18,5,4,0,0,1,0,0,0,0,1,3.7,3.5,0.8,0.1,1.1,1.4
663624,2023-05-19,4,3,1,1,0,4,1,1,1,0,3.8,3.5,0.8,0.1,1.0,1.4
663624,2023-05-20,5,4,0,0,1,0,0,0,0,1,3.8,3.4,0.8,0.2,0.8,1.7
663624,2023-05-21,5,5,0,0,3,0,0,0,0,1,3.9,3.4,0.6,0.2,0.9,1.5
663624,2023-05-23,5,4,1,0,1,1,0,1,0,1,4.0,3.7,0.6,0.2,1.2,1.5
663624,2023-05-24,5,4,1,1,1,4,1,1,1,1,4.1,3.7,0.5,0.2,1.2,1.2
663624,2023-05-25,4,3,1,0,2,1,0,1,0,1,4.3,3.8,0.6,0.3,1.3,1.6
663624,2023-05-26,4,4,1,0,1,1,0,1,0,1,4.3,3.7,0.7,0.3,1.1,1.7
663624,2023-05-27,4,3,1,0,0,2,0,1,1,0,4.3,3.7,0.8,0.3,1.0,1.8
663624,2023-05-28,4,3,0,0,1,0,0,0,0,1,4.5,3.8,0.7,0.2,1.0,1.4
663624,2023-05-29,3,3,1,0,0,1,0,1,0,0,4.5,3.7,0.6,0.2,1.1,1.3
663624,2023-05-30,4,4,1,0,1,1,0,1,0,1,4.3,3.6,0.7,0.2,1.0,1.4
663624,2023-05-31,5,4,0,0,2,0,0,0,0,1,4.3,3.7,0.7,0.1,1.1,1.1
663630,2023-05-05,5,4,2,0,2,2,0,1,1,1,1.0,1.0,0.0,0.0,0.0,0.0
663630,2023-05-06,2,2,1,0,1,1,0,1,0,1,3.0,2.5,1.0,0.0,1.0,1.0
663630,2023-05-08,2,2,1,0,0,1,0,1,0,0,2.6666666666666665,2.3333333333333335,1.0,0.0,1.0,1.0
663630,2023-05-16,2,2,1,0,0,2,0,1,1,0,2.5,2.25,1.0,0.0,0.75,1.0
663630,2023-05-17,1,1,1,0,0,1,0,1,0,0,2.4,2.2,1.0,0.0,0.6,1.2
663630,2023-05-18,4,3,0,0,0,0,0,0,0,0,2.1666666666666665,2.0,1.0,0.0,0.5,1.1666666666666667
663630,2023-05-19,4,4,1,0,2,2,0,1,1,1,2.4285714285714284,2.142857142857143,0.8571428571428571,0.0,0.42857142857142855,1.0
663630,2023-05-21,1,1,0,0,0,0,0,0,0,0,2.625,2.375,0.875,0.0,0.625,1.125
663630,2023-05-23,1,1,0,0,1,0,0,0,0,1,2.4444444444444446,2.2222222222222223,0.7777777777777778,0.0,0.5555555555555556,1.0
663630,2023-05-25,3,3,0,0,2,0,0,0,0,1,2.3,2.1,0.7,0.0,0.6,0.9
663630,2023-05-27,3,3,0,0,0,0,0,0,0,0,2.5,2.3,0.7,0.0,0.8,0.9
663630,2023-05-29,3,3,0,0,2,0,0,0,0,1,2.3,2.2,0.5,0.0,0.6,0.7
663630,2023-05-31,4,4,1,0,1,1,0,1,0,1,2.4,2.3,0.4,0.0,0.7,0.6
663647,2023-05-03,4,4,0,0,1,0,0,0,0,1,5.0,5.0,1.0,0.0,2.0,1.0
663647,2023-05-04,3,3,1,0,0,1,0,1,0,0,4.5,4.5,0.5,0.0,1.5,0.5
663647,2023-05-06,4,4,2,0,1,2,0,1,1,1,4.0,4.0,0.6666666666666666,0.0,1.0,0.6666666666666666
663647,2023-05-07,5,4,2,0,0,2,0,1,1,0,4.0,4.0,1.0,0.0,1.0,1.0
663647,2023-05-08,3,2,2,0,0,2,0,1,1,0,4.2,4.0,1.2,0.0,0.8,1.2
663647,2023-05-09,4,3,1,0,1,2,0,1,1,1,4.0,3.6666666666666665,1.3333333333333333,0.0,0.6666666666666666,1.3333333333333333
663647,2023-05-10,4,4,0,0,2,0,0,0,0,1,4.0,3.5714285714285716,1.2857142857142858,0.0,0.7142857142857143,1.4285714285714286
663647,2023-05-12,3,2,0,0,1,0,0,0,0,1,4.0,3.625,1.125,0.0,0.875,1.25
663647,2023-05-13,4,4,0,0,1,0,0,0,0,1,3.888888888888889,3.4444444444444446,1.0,0.0,0.8888888888888888,1.1111111111111112
663647,2023-05-14,4,4,1,0,2,1,0,1,0,1,3.9,3.5,0.9,0.0,0.9,1.0
663647,2023-05-16,4,4,1,0,1,1,0,1,0,1,3.8,3.4,0.9,0.0,0.9,1.0
663647,2023-05-17,5,5,0,0,1,0,0,0,0,1,3.8,3.4,1.0,0.0,0.9,1.1
663647,2023-05-19,5,5,3,0,0,5,0,1,1,0,4.0,3.6,0.9,0.0,1.0,1.0
663647,2023-05-20,4,4,1,0,0,3,0,1,1,0,4.1,3.7,1.0,0.0,0.9,1.3
663647,2023-05-21,4,4,0,0,1,0,0,0,0,1,4.0,3.7,0.9,0.0,0.9,1.4
663647,2023-05-22,4,3,1,0,0,2,0,1,1,0,4.1,3.9,0.7,0.0,1.0,1.2
663647,2023-05-23,2,2,0,0,1,0,0,0,0,1,4.1,3.9,0.7,0.0,0.9,1.2
663647,2023-05-24,3,3,1,0,0,1,0,1,0,0,3.9,3.7,0.7,0.0,0.8,1.2
663647,2023-05-26,5,5,1,1,1,4,1,1,1,1,3.9,3.8,0.8,0.0,0.7,1.3
663647,2023-05-27,4,4,0,0,3,0,0,0,0,1,4.0,3.9,0.9,0.1,0.7,1.7
663647,2023-05-28,5,5,0,0,4,0,0,0,0,1,4.0,3.9,0.8,0.1,0.8,1.6
663647,2023-05-30,3,3,0,0,1,0,0,0,0,1,4.1,4.0,0.7,0.1,1.1,1.5
663647,2023-05-31,5,5,2,0,1,4,0,1,1,1,3.9,3.8,0.7,0.1,1.1,1.5
663656,2023-05-02,3,3,0,0,0,0,0,0,0,0,3.0,3.0,0.0,0.0,2.0,0.0
663656,2023-05-03,4,4,0,0,1,0,0,0,0,1,3.0,3.0,0.0,0.0,1.0,0.0
663656,2023-05-05,4,4,3,1,0,7,1,1,1,0,3.3333333333333335,3.3333333333333335,0.0,0.0,1.0,0.0
663656,2023-05-06,3,2,1,0,0,1,0,1,0,0,3.5,3.5,0.75,0.25,0.75,1.75
663656,2023-05-07,4,3,1,0,1,1,0,1,0,1,3.4,3.2,0.8,0.2,0.6,1.6
663656,2023-05-08,4,4,0,0,0,0,0,0,0,0,3.5,3.1666666666666665,0.8333333333333334,0.16666666666666666,0.6666666666666666,1.5
663656,2023-05-09,3,3,0,0,0,0,0,0,0,0,3.5714285714285716,3.2857142857142856,0.7142857142857143,0.14285714285714285,0.5714285714285714,1.2857142857142858
663656,2023-05-10,4,4,1,0,1,1,0,1,0,1,3.5,3.25,0.625,0.125,0.5,1.125
663656,2023-05-12,5,4,1,0,1,2,0,1,1,1,3.5555555555555554,3.3333333333333335,0.6666666666666666,0.1111111111111111,0.5555555555555556,1.1111111111111112
663656,2023-05-13,4,4,1,0,1,1,0,1,0,1,3.7,3.4,0.7,0.1,0.6,1.2
663656,2023-05-14,4,3,2,0,0,3,0,1,1,0,3.8,3.5,0.8,0.1,0.5,1.3
663656,2023-05-15,4,4,0,0,0,0,0,0,0,0,3.9,3.5,1.0,0.1,0.5,1.6
663656,2023-05-16,4,4,1,0,1,2,0,1,1,1,3.9,3.5,1.0,0.1,0.4,1.6
663656,2023-05-17,5,5,3,0,1,4,0,1,1,1,3.9,3.5,0.8,0.0,0.5,1.1
663656,2023-05-19,4,3,2,1,0,6,1,1,1,0,4.1,3.8,1.0,0.0,0.6,1.4
663656,2023-05-20,4,4,1,0,1,1,0,1,0,1,4.1,3.8,1.1,0.1,0.5,1.9
663656,2023-05-21,4,3,0,0,0,0,0,0,0,0,4.1,3.8,1.2,0.1,0.6,2.0
663656,2023-05-22,4,3,1,0,2,1,0,1,0,1,4.2,3.8,1.2,0.1,0.6,2.0
663656,2023-05-23,4,4,1,0,1,1,0,1,0,1,4.2,3.7,1.2,0.1,0.7,2.0
663656,2023-05-24,4,4,1,0,0,1,0,1,0,0,4.1,3.7,1.2,0.1,0.7,1.9
663656,2023-05-26,3,3,2,0,0,2,0,1,1,0,4.1,3.7,1.2,0.1,0.6,1.9
663656,2023-05-27,4,4,0,0,1,0,0,0,0,1,4.0,3.7,1.2,0.1,0.6,1.8
663656,2023-05-29,3,3,1,0,0,2,0,1,1,0,4.0,3.7,1.2,0.1,0.7,1.8
663656,2023-05-30,4,3,0,0,0,0,0,0,0,0,3.9,3.6,1.2,0.1,0.6,1.8
663656,2023-05-31,2,2,0,0,0,0,0,0,0,0,3.8,3.4,0.9,0.1,0.5,1.4
663697,2023-05-02,4,4,1,0,0,1,0,1,0,0,4.0,4.0,0.0,0.0,1.0,0.0
663697,2023-05-03,3,3,2,0,1,2,0,1,1,1,4.0,4.0,0.5,0.0,0.5,0.5
663697,2023-05-05,4,4,1,1,1,4,1,1,1,1,3.6666666666666665,3.6666666666666665,1.0,0.0,0.6666666666666666,1.0
663697,2023-05-06,4,3,3,0,0,4,0,1,1,0,3.75,3.75,1.0,0.25,0.75,1.75
663697,2023-05-07,3,3,2,1,0,6,1,1,1,0,3.8,3.6,1.4,0.2,0.6,2.2
663697,2023-05-09,5,3,1,0,1,2,0,1,1,1,3.6666666666666665,3.5,1.5,0.3333333333333333,0.5,2.8333333333333335
663697,2023-05-10,4,4,1,0,1,1,0,1,0,1,3.857142857142857,3.4285714285714284,1.4285714285714286,0.2857142857142857,0.5714285714285714,2.7142857142857144
663697,2023-05-11,4,4,2,0,1,3,0,1,1,1,3.875,3.5,1.375,0.25,0.625,2.5
663697,2023-05-12,5,5,0,0,3,0,0,0,0,1,3.888888888888889,3.5555555555555554,1.4444444444444444,0.2222222222222222,0.6666666666666666,2.5555555555555554
663697,2023-05-13,5,3,1,0,2,1,0,1,0,1,4.0,3.7,1.3,0.2,0.9,2.3
663697,2023-05-14,4,3,0,0,1,0,0,0,0,1,4.1,3.6,1.4,0.2,1.0,2.4
663697,2023-05-15,5,5,2,0,2,2,0,1,1,1,4.1,3.5,1.3,0.2,1.1,2.3
663697,2023-05-16,4,4,0,0,0,0,0,0,0,0,4.3,3.7,1.3,0.2,1.2,2.3
663697,2023-05-17,5,4,1,0,1,1,0,1,0,1,4.3,3.7,1.2,0.1,1.1,1.9
663697,2023-05-19,4,3,1,0,2,1,0,1,0,1,4.4,3.8,1.0,0.1,1.2,1.6
663697,2023-05-20,5,4,1,0,2,2,0,1,1,1,4.5,3.8,0.9,0.0,1.4,1.1
663697,2023-05-21,4,3,0,0,0,0,0,0,0,0,4.5,3.9,0.9,0.0,1.5,1.1
663697,2023-05-22,5,5,2,0,2,3,0,1,1,1,4.5,3.8,0.8,0.0,1.4,1.0
663697,2023-05-23,5,5,1,0,1,1,0,1,0,1,4.6,3.9,0.8,0.0,1.5,1.0
663697,2023-05-24,5,4,2,0,0,2,0,1,1,0,4.6,3.9,0.9,0.0,1.3,1.1
663697,2023-05-25,3,3,1,0,0,1,0,1,0,0,4.6,4.0,1.0,0.0,1.1,1.2
663697,2023-05-26,5,4,0,0,0,0,0,0,0,0,4.5,4.0,1.1,0.0,1.0,1.3
663697,2023-05-27,5,5,3,2,0,9,1,1,1,0,4.5,3.9,0.9,0.0,0.8,1.1
663697,2023-05-28,5,4,1,0,1,2,0,1,1,1,4.6,4.0,1.2,0.2,0.8,2.0
663697,2023-05-30,5,5,1,0,1,1,0,1,0,1,4.6,4.0,1.2,0.2,0.8,2.1
663697,2023-05-31,4,3,0,0,2,0,0,0,0,1,4.7,4.2,1.2,0.2,0.7,2.1
663698,2023-05-03,3,3,2,0,0,3,0,1,1,0,4.0,3.0,1.0,0.0,1.0,1.0
663698,2023-05-05,4,4,0,0,1,0,0,0,0,1,3.5,3.0,1.5,0.0,0.5,2.0
663698,2023-05-06,3,3,1,0,1,2,0,1,1,1,3.6666666666666665,3.3333333333333335,1.0,0.0,0.6666666666666666,1.3333333333333333
663698,2023-05-09,4,4,1,0,1,1,0,1,0,1,3.5,3.25,1.0,0.0,0.75,1.5
663698,2023-05-10,4,4,0,0,1,0,0,0,0,1,3.6,3.4,1.0,0.0,0.8,1.4
663698,2023-05-11,4,4,1,0,0,1,0,1,0,0,3.6666666666666665,3.5,0.8333333333333334,0.0,0.8333333333333334,1.1666666666666667
663698,2023-05-12,1,1,0,0,0,0,0,0,0,0,3.7142857142857144,3.5714285714285716,0.8571428571428571,0.0,0.7142857142857143,1.1428571428571428
663698,2023-05-13,1,1,0,0,0,0,0,0,0,0,3.375,3.25,0.75,0.0,0.625,1.0
663698,2023-05-14,3,3,0,0,1,0,0,0,0,1,3.111111111111111,3.0,0.6666666666666666,0.0,0.5555555555555556,0.8888888888888888
663698,2023-05-15,4,4,0,0,2,0,0,0,0,1,3.1,3.0,0.6,0.0,0.6,0.8
663698,2023-05-16,3,3,1,0,0,2,0,1,1,0,3.1,3.1,0.5,0.0,0.7,0.7
663698,2023-05-17,4,3,1,0,0,1,0,1,0,0,3.1,3.1,0.4,0.0,0.7,0.6
663728,2023-05-03,3,2,0,0,0,0,0,0,0,0,4.0,2.0,0.0,0.0,1.0,0.0
663728,2023-05-04,4,3,0,0,0,0,0,0,0,0,3.5,2.0,0.0,0.0,0.5,0.0
663728,2023-05-05,4,4,1,0,2,1,0,1,0,1,3.6666666666666665,2.3333333333333335,0.0,0.0,0.3333333333333333,0.0
663728,2023-05-06,4,4,2,0,1,2,0,1,1,1,3.75,2.75,0.25,0.0,0.75,0.25
663728,2023-05-07,3,3,0,0,0,0,0,0,0,0,3.8,3.0,0.6,0.0,0.8,0.6
663728,2023-05-08,4,4,0,0,2,0,0,0,0,1,3.6666666666666665,3.0,0.5,0.0,0.6666666666666666,0.5
663728,2023-05-10,4,4,1,0,1,1,0,1,0,1,3.7142857142857144,3.142857142857143,0.42857142857142855,0.0,0.8571428571428571,0.42857142857142855
663728,2023-05-13,4,3,0,0,2,0,0,0,0,1,3.75,3.25,0.5,0.0,0.875,0.5
663728,2023-05-14,2,2,1,0,1,2,0,1,1,1,3.7777777777777777,3.2222222222222223,0.4444444444444444,0.0,1.0,0.4444444444444444
663728,2023-05-15,5,5,3,2,1,9,1,1,1,1,3.6,3.1,0.5,0.0,1.0,0.6
663728,2023-05-16,4,3,1,0,1,1,0,1,0,1,3.7,3.4,0.8,0.2,1.0,1.5
663728,2023-05-17,5,3,1,0,0,2,0,1,1,0,3.8,3.5,0.9,0.2,1.1,1.6
663728,2023-05-19,3,3,1,0,0,1,0,1,0,0,3.9,3.5,1.0,0.2,1.1,1.8
663728,2023-05-21,1,1,0,0,1,0,0,0,0,1,3.8,3.4,1.0,0.2,0.9,1.8
663728,2023-05-22,5,5,1,0,1,1,0,1,0,1,3.5,3.1,0.8,0.2,0.9,1.6
663728,2023-05-23,4,4,0,0,1,0,0,0,0,1,3.7,3.3,0.9,0.2,1.0,1.7
663728,2023-05-24,4,3,2,0,0,2,0,1,1,0,3.7,3.3,0.9,0.2,0.9,1.7
663728,2023-05-25,4,4,0,0,0,0,0,0,0,0,3.7,3.2,1.0,0.2,0.8,1.8
663728,2023-05-26,4,3,2,0,0,4,0,1,1,0,3.7,3.3,1.0,0.2,0.6,1.8
663728,2023-05-27,3,3,1,0,0,1,0,1,0,0,3.9,3.4,1.1,0.2,0.5,2.0
663728,2023-05-28,4,4,1,1,1,4,1,1,1,1,3.7,3.2,0.9,0.0,0.4,1.2
663728,2023-05-29,4,4,0,0,1,0,0,0,0,1,3.7,3.3,0.9,0.1,0.4,1.5
663728,2023-05-30,2,2,1,0,0,2,0,1,1,0,3.6,3.4,0.8,0.1,0.5,1.3
663728,2023-05-31,4,4,1,0,1,1,0,1,0,1,3.5,3.3,0.8,0.1,0.5,1.4
663743,2023-05-04,4,4,1,0,0,1,0,1,0,0,4.0,4.0,2.0,0.0,1.0,2.0
663743,2023-05-06,3,3,0,0,0,0,0,0,0,0,4.0,4.0,1.5,0.0,0.5,1.5
663743,2023-05-07,1,1,0,0,0,0,0,0,0,0,3.6666666666666665,3.6666666666666665,1.0,0.0,0.3333333333333333,1.0
663743,2023-05-08,4,4,1,0,2,1,0,1,0,1,3.0,3.0,0.75,0.0,0.25,0.75
663743,2023-05-09,4,4,0,0,0,0,0,0,0,0,3.2,3.2,0.8,0.0,0.6,0.8
663743,2023-05-14,3,3,0,0,0,0,0,0,0,0,3.3333333333333335,3.3333333333333335,0.6666666666666666,0.0,0.5,0.6666666666666666
663743,2023-05-16,3,2,1,0,0,1,0,1,0,0,3.2857142857142856,3.2857142857142856,0.5714285714285714,0.0,0.42857142857142855,0.5714285714285714
663743,2023-05-18,4,4,2,0,0,2,0,1,1,0,3.25,3.125,0.625,0.0,0.375,0.625
663743,2023-05-19,1,1,0,0,1,0,0,0,0,1,3.3333333333333335,3.2222222222222223,0.7777777777777778,0.0,0.3333333333333333,0.7777777777777778
663743,2023-05-20,4,4,1,0,1,1,0,1,0,1,3.1,3.0,0.7,0.0,0.4,0.7
663743,2023-05-21,4,4,1,1,1,4,1,1,1,1,3.1,3.0,0.6,0.0,0.4,0.6
663743,2023-05-23,4,4,2,0,0,2,0,1,1,0,3.1,3.0,0.6,0.1,0.5,0.9
663743,2023-05-25,4,4,0,0,3,0,0,0,0,1,3.2,3.1,0.8,0.1,0.5,1.1
663743,2023-05-26,5,5,2,0,1,2,0,1,1,1,3.5,3.4,0.8,0.1,0.8,1.1
663743,2023-05-28,4,4,3,1,0,7,1,1,1,0,3.6,3.5,0.9,0.1,0.7,1.2
663743,2023-05-31,3,3,1,0,0,1,0,1,0,0,3.6,3.5,1.2,0.2,0.7,1.9
663757,2023-05-02,2,1,0,0,1,0,0,0,0,1,4.0,4.0,3.0,0.0,0.0,5.0
663757,2023-05-03,5,5,3,0,1,3,0,1,1,1,3.0,2.5,1.5,0.0,0.5,2.5
663757,2023-05-05,4,2,0,0,2,0,0,0,0,1,3.6666666666666665,3.3333333333333335,2.0,0.0,0.6666666666666666,2.6666666666666665
663757,2023-05-06,4,4,0,0,2,0,0,0,0,1,3.75,3.0,1.5,0.0,1.0,2.0
663757,2023-05-07,2,2,0,0,1,0,0,0,0,1,3.8,3.2,1.2,0.0,1.2,1.6
663757,2023-05-09,4,3,0,0,0,0,0,0,0,0,3.5,3.0,1.0,0.0,1.1666666666666667,1.3333333333333333
663757,2023-05-10,4,3,1,0,0,1,0,1,0,0,3.5714285714285716,3.0,0.8571428571428571,0.0,1.0,1.1428571428571428
663757,2023-05-11,4,4,0,0,3,0,0,0,0,1,3.625,3.0,0.875,0.0,0.875,1.125
663757,2023-05-12,3,3,0,0,2,0,0,0,0,1,3.6666666666666665,3.111111111111111,0.7777777777777778,0.0,1.1111111111111112,1.0
663757,2023-05-13,1,1,0,0,1,0,0,0,0,1,3.6,3.1,0.7,0.0,1.2,0.9
663757,2023-05-14,3,3,1,0,0,2,0,1,1,0,3.3,2.8,0.4,0.0,1.3,0.4
663757,2023-05-15,3,1,0,0,1,0,0,0,0,1,3.4,3.0,0.5,0.0,1.2,0.6
663757,2023-05-16,4,4,0,0,1,0,0,0,0,1,3.2,2.6,0.2,0.0,1.2,0.3
663757,2023-05-17,4,4,0,0,4,0,0,0,0,1,3.2,2.8,0.2,0.0,1.1,0.3
663757,2023-05-21,3,3,0,0,0,0,0,0,0,0,3.2,2.8,0.2,0.0,1.3,0.3
663757,2023-05-23,5,3,2,0,0,3,0,1,1,0,3.3,2.9,0.2,0.0,1.2,0.3
663757,2023-05-24,4,4,0,0,3,0,0,0,0,1,3.4,2.9,0.4,0.0,1.2,0.6
663757,2023-05-25,4,3,1,1,0,4,1,1,1,0,3.4,3.0,0.3,0.0,1.5,0.5
663757,2023-05-26,4,4,0,0,2,0,0,0,0,1,3.4,2.9,0.4,0.1,1.2,0.9
663757,2023-05-27,3,2,0,0,0,0,0,0,0,0,3.5,3.0,0.4,0.1,1.2,0.9
663757,2023-05-28,4,3,1,0,0,2,0,1,1,0,3.7,3.1,0.4,0.1,1.1,0.9
663757,2023-05-30,5,3,2,0,0,2,0,1,1,0,3.8,3.1,0.4,0.1,1.1,0.9
663757,2023-05-31,3,3,0,0,2,0,0,0,0,1,4.0,3.3,0.6,0.1,1.0,1.1
663837,2023-05-04,2,2,0,0,0,0,0,0,0,0,8.0,8.0,2.0,1.0,0.0,5.0
663837,2023-05-05,5,3,1,0,1,1,0,1,0,1,5.0,5.0,1.0,0.5,0.0,2.5
663837,2023-05-06,4,4,0,0,1,0,0,0,0,1,5.0,4.333333333333333,1.0,0.3333333333333333,0.3333333333333333,2.0
663837,2023-05-07,5,5,0,0,0,0,0,0,0,0,4.75,4.25,0.75,0.25,0.5,1.5
663837,2023-05-09,4,4,1,0,2,1,0,1,0,1,4.8,4.4,0.6,0.2,0.4,1.2
663837,2023-05-10,4,4,0,0,2,0,0,0,0,1,4.666666666666667,4.333333333333333,0.6666666666666666,0.16666666666666666,0.6666666666666666,1.1666666666666667
663837,2023-05-12,3,3,0,0,0,0,0,0,0,0,4.571428571428571,4.285714285714286,0.5714285714285714,0.14285714285714285,0.8571428571428571,1.0
663837,2023-05-13,3,3,0,0,1,0,0,0,0,1,4.375,4.125,0.5,0.125,0.75,0.875
663837,2023-05-14,4,4,0,0,0,0,0,0,0,0,4.222222222222222,4.0,0.4444444444444444,0.1111111111111111,0.7777777777777778,0.7777777777777778
663837,2023-05-17,4,3,1,0,0,1,0,1,0,0,4.2,4.0,0.4,0.1,0.7,0.7
663837,2023-05-19,4,4,2,1,0,5,1,1,1,0,3.8,3.5,0.3,0.0,0.7,0.3
663837,2023-05-20,4,4,1,0,0,1,0,1,0,0,4.0,3.7,0.5,0.1,0.7,0.8
663837,2023-05-21,4,4,2,0,0,2,0,1,1,0,3.9,3.8,0.5,0.1,0.6,0.8
663837,2023-05-22,5,4,3,1,1,6,1,1,1,1,3.9,3.8,0.7,0.1,0.5,1.0
663837,2023-05-23,4,4,1,0,1,1,0,1,0,1,3.9,3.7,1.0,0.2,0.6,1.6
663837,2023-05-24,4,4,1,0,1,1,0,1,0,1,3.9,3.7,1.0,0.2,0.5,1.6
663837,2023-05-25,4,3,1,0,0,1,0,1,0,0,3.9,3.7,1.1,0.2,0.4,1.7
663837,2023-05-26,3,3,0,0,1,0,0,0,0,1,4.0,3.7,1.2,0.2,0.4,1.8
663837,2023-05-27,1,1,0,0,0,0,0,0,0,0,4.0,3.7,1.2,0.2,0.4,1.8
663837,2023-05-28,4,3,0,0,1,0,0,0,0,1,3.7,3.4,1.2,0.2,0.4,1.8
663853,2023-05-21,3,3,3,0,0,5,0,1,1,0,3.0,2.0,0.0,0.0,1.0,0.0
663853,2023-05-22,3,3,0,0,3,0,0,0,0,1,3.0,2.5,1.5,0.0,0.5,2.5
663853,2023-05-23,4,3,1,0,0,2,0,1,1,0,3.0,2.6666666666666665,1.0,0.0,1.3333333333333333,1.6666666666666667
663853,2023-05-24,3,3,1,0,0,2,0,1,1,0,3.25,2.75,1.0,0.0,1.0,1.75
663853,2023-05-25,3,3,0,0,2,0,0,0,0,1,3.2,2.8,1.0,0.0,0.8,1.8
663853,2023-05-27,3,3,1,0,0,1,0,1,0,0,3.1666666666666665,2.8333333333333335,0.8333333333333334,0.0,1.0,1.5
663853,2023-05-28,4,4,1,1,2,4,1,1,1,1,3.142857142857143,2.857142857142857,0.8571428571428571,0.0,0.8571428571428571,1.4285714285714286
663853,2023-05-29,3,3,1,1,1,4,1,1,1,1,3.25,3.0,0.875,0.125,1.0,1.75
663853,2023-05-30,4,4,2,1,1,6,1,1,1,1,3.2222222222222223,3.0,0.8888888888888888,0.2222222222222222,1.0,2.0
663853,2023-05-31,4,4,0,0,2,0,0,0,0,1,3.3,3.1,1.0,0.3,1.0,2.4
663886,2023-05-02,2,1,0,0,0,0,0,0,0,0,4.0,4.0,0.0,0.0,0.0,0.0
663886,2023-05-03,4,3,1,0,0,1,0,1,0,0,3.0,2.5,0.0,0.0,0.0,0.0
663886,2023-05-05,4,4,1,0,3,1,0,1,0,1,3.3333333333333335,2.6666666666666665,0.3333333333333333,0.0,0.0,0.3333333333333333
663886,2023-05-06,4,3,0,0,2,0,0,0,0,1,3.5,3.0,0.5,0.0,0.75,0.5
663886,2023-05-07,5,5,1,1,2,4,1,1,1,1,3.6,3.0,0.4,0.0,1.0,0.4
663886,2023-05-09,3,3,1,0,0,1,0,1,0,0,3.8333333333333335,3.3333333333333335,0.5,0.16666666666666666,1.1666666666666667,1.0
663886,2023-05-10,3,1,0,0,0,0,0,0,0,0,3.7142857142857144,3.2857142857142856,0.5714285714285714,0.14285714285714285,1.0,1.0
663886,2023-05-11,3,3,2,0,0,2,0,1,1,0,3.625,3.0,0.5,0.125,0.875,0.875
663886,2023-05-12,5,5,2,1,2,5,1,1,1,1,3.5555555555555554,3.0,0.6666666666666666,0.1111111111111111,0.7777777777777778,1.0
663886,2023-05-13,4,4,1,0,1,1,0,1,0,1,3.7,3.2,0.8,0.2,0.9,1.4
663886,2023-05-14,4,4,0,0,3,0,0,0,0,1,3.7,3.2,0.9,0.2,1.0,1.5
663886,2023-05-15,5,5,1,0,2,2,0,1,1,1,3.9,3.5,0.9,0.2,1.3,1.5
663886,2023-05-16,4,3,1,0,1,1,0,1,0,1,4.0,3.7,0.9,0.2,1.5,1.6
663886,2023-05-19,3,3,0,0,0,0,0,0,0,0,4.0,3.6,0.9,0.2,1.3,1.6
663886,2023-05-20,4,3,0,0,3,0,0,0,0,1,3.9,3.6,0.9,0.2,1.1,1.6
663886,2023-05-22,5,2,1,0,0,1,0,1,0,0,3.8,3.4,0.8,0.1,1.2,1.2
663886,2023-05-23,4,4,0,0,0,0,0,0,0,0,4.0,3.3,0.8,0.1,1.2,1.2
663886,2023-05-24,5,5,2,0,1,3,0,1,1,1,4.1,3.6,0.8,0.1,1.2,1.2
663886,2023-05-25,4,4,0,0,0,0,0,0,0,0,4.3,3.8,0.8,0.1,1.3,1.3
663886,2023-05-26,4,4,3,0,1,4,0,1,1,1,4.2,3.7,0.6,0.0,1.1,0.8
663886,2023-05-27,5,5,2,0,3,3,0,1,1,1,4.2,3.7,0.8,0.0,1.1,1.1
663886,2023-05-28,4,3,0,0,2,0,0,0,0,1,4.3,3.8,1.0,0.0,1.1,1.4
663886,2023-05-30,4,2,1,0,1,3,0,1,1,1,4.2,3.6,0.9,0.0,1.1,1.2
663886,2023-05-31,4,4,0,0,2,0,0,0,0,1,4.2,3.5,0.9,0.0,1.1,1.4
663967,2023-05-22,1,1,0,0,0,0,0,0,0,0,3.0,3.0,0.0,0.0,1.0,0.0
663967,2023-05-30,3,3,0,0,2,0,0,0,0,1,2.0,2.0,0.0,0.0,0.5,0.0
663993,2023-05-03,5,4,1,0,1,1,0,1,0,1,3.0,3.0,1.0,0.0,2.0,1.0
663993,2023-05-05,4,4,1,0,0,1,0,1,0,0,4.0,3.5,1.0,0.0,1.5,1.0
663993,2023-05-06,5,4,2,0,0,2,0,1,1,0,4.0,3.6666666666666665,1.0,0.0,1.0,1.0
663993,2023-05-07,5,4,1,0,1,1,0,1,0,1,4.25,3.75,1.25,0.0,0.75,1.25
663993,2023-05-08,4,4,1,0,0,1,0,1,0,0,4.4,3.8,1.2,0.0,0.8,1.2
663993,2023-05-09,4,4,1,0,1,1,0,1,0,1,4.333333333333333,3.8333333333333335,1.1666666666666667,0.0,0.6666666666666666,1.1666666666666667
663993,2023-05-10,5,5,1,0,4,2,0,1,1,1,4.285714285714286,3.857142857142857,1.1428571428571428,0.0,0.7142857142857143,1.1428571428571428
663993,2023-05-11,4,4,1,0,0,3,0,1,1,0,4.375,4.0,1.125,0.0,1.125,1.25
663993,2023-05-12,6,4,1,0,1,2,0,1,1,1,4.333333333333333,4.0,1.1111111111111112,0.0,1.0,1.4444444444444444
663993,2023-05-13,4,4,2,1,0,5,1,1,1,0,4.5,4.0,1.1,0.0,1.0,1.5
663993,2023-05-14,5,4,1,0,1,1,0,1,0,1,4.6,4.1,1.2,0.1,0.8,1.9
663993,2023-05-15,4,3,0,0,3,0,0,0,0,1,4.6,4.1,1.2,0.1,0.8,1.9
663993,2023-05-16,4,4,2,0,0,3,0,1,1,0,4.6,4.0,1.1,0.1,1.1,1.8
663993,2023-05-17,4,4,0,0,1,0,0,0,0,1,4.5,4.0,1.1,0.1,1.1,1.9
663993,2023-05-19,4,3,1,0,0,1,0,1,0,0,4.4,4.0,1.0,0.1,1.1,1.8
663993,2023-05-20,5,5,3,0,0,3,0,1,1,0,4.4,3.9,1.0,0.1,1.1,1.8
663993,2023-05-21,5,5,3,0,1,5,0,1,1,1,4.5,4.0,1.2,0.1,1.0,2.0
663993,2023-05-22,4,4,2,0,1,2,0,1,1,1,4.5,4.0,1.4,0.1,0.7,2.3
663993,2023-05-23,4,2,1,0,1,1,0,1,0,1,4.5,4.0,1.5,0.1,0.8,2.2
663993,2023-05-24,4,4,2,0,1,3,0,1,1,1,4.3,3.8,1.5,0.1,0.8,2.1
663993,2023-05-26,5,3,0,0,0,0,0,0,0,0,4.3,3.8,1.5,0.0,0.9,1.9
663993,2023-05-27,5,5,0,0,0,0,0,0,0,0,4.3,3.7,1.4,0.0,0.8,1.8
663993,2023-05-28,4,4,0,0,1,0,0,0,0,1,4.4,3.9,1.4,0.0,0.5,1.8
663993,2023-05-29,4,4,1,0,1,1,0,1,0,1,4.4,3.9,1.2,0.0,0.6,1.5
663993,2023-05-30,5,5,2,0,1,2,0,1,1,1,4.4,3.9,1.3,0.0,0.6,1.6
663993,2023-05-31,5,5,2,0,2,2,0,1,1,1,4.5,4.1,1.4,0.0,0.7,1.7
664023,2023-05-02,5,4,0,0,1,0,0,0,0,1,2.0,2.0,2.0,1.0,0.0,5.0
664023,2023-05-03,4,2,2,0,0,2,0,1,1,0,3.5,3.0,1.0,0.5,0.5,2.5
664023,2023-05-04,4,3,0,0,1,0,0,0,0,1,3.6666666666666665,2.6666666666666665,1.3333333333333333,0.3333333333333333,0.3333333333333333,2.3333333333333335
664023,2023-05-05,4,3,1,1,1,4,1,1,1,1,3.75,2.75,1.0,0.25,0.5,1.75
664023,2023-05-06,5,4,1,0,1,1,0,1,0,1,3.8,2.8,1.0,0.4,0.6,2.2
664023,2023-05-07,6,6,2,0,2,2,0,1,1,1,4.0,3.0,1.0,0.3333333333333333,0.6666666666666666,2.0
664023,2023-05-08,4,3,1,0,2,1,0,1,0,1,4.285714285714286,3.4285714285714284,1.1428571428571428,0.2857142857142857,0.8571428571428571,2.0
664023,2023-05-09,5,2,0,0,0,0,0,0,0,0,4.25,3.375,1.125,0.25,1.0,1.875
664023,2023-05-10,5,5,2,0,0,3,0,1,1,0,4.333333333333333,3.2222222222222223,1.0,0.2222222222222222,0.8888888888888888,1.6666666666666667
664023,2023-05-12,5,5,3,0,0,4,0,1,1,0,4.4,3.4,1.1,0.2,0.8,1.8
664023,2023-05-13,5,3,1,0,2,1,0,1,0,1,4.7,3.7,1.2,0.1,0.8,1.7
664023,2023-05-14,4,4,0,0,2,0,0,0,0,1,4.7,3.6,1.3,0.1,0.9,1.8
664023,2023-05-15,4,3,1,0,2,1,0,1,0,1,4.7,3.8,1.1,0.1,1.1,1.6
664023,2023-05-16,4,4,0,0,1,0,0,0,0,1,4.7,3.8,1.2,0.1,1.2,1.7
664023,2023-05-17,5,3,2,0,1,4,0,1,1,1,4.7,3.9,1.1,0.0,1.2,1.3
664023,2023-05-19,5,4,1,0,3,1,0,1,0,1,4.7,3.8,1.2,0.0,1.2,1.6
664023,2023-05-20,3,3,0,0,2,0,0,0,0,1,4.6,3.6,1.1,0.0,1.3,1.5
664023,2023-05-21,4,4,0,0,1,0,0,0,0,1,4.5,3.6,1.0,0.0,1.3,1.4
664023,2023-05-23,5,3,0,0,2,0,0,0,0,1,4.4,3.8,1.0,0.0,1.4,1.4
664023,2023-05-24,4,4,2,0,2,2,0,1,1,1,4.4,3.6,0.8,0.0,1.6,1.1
664023,2023-05-25,3,3,1,0,0,1,0,1,0,0,4.3,3.5,0.7,0.0,1.8,0.9
664023,2023-05-26,4,3,0,0,0,0,0,0,0,0,4.1,3.5,0.7,0.0,1.6,0.9
664023,2023-05-27,5,3,1,0,1,2,0,1,1,1,4.1,3.4,0.7,0.0,1.4,0.9
664023,2023-05-28,5,5,0,0,3,0,0,0,0,1,4.2,3.4,0.7,0.0,1.3,1.0
664023,2023-05-29,3,3,0,0,2,0,0,0,0,1,4.3,3.5,0.7,0.0,1.5,1.0
664023,2023-05-30,4,3,2,0,0,3,0,1,1,0,4.1,3.5,0.5,0.0,1.6,0.6
664023,2023-05-31,4,4,1,0,2,1,0,1,0,1,4.0,3.4,0.6,0.0,1.3,0.8
664029,2023-05-05,3,3,0,0,1,0,0,0,0,1,2.0,1.0,0.0,0.0,0.0,0.0
664029,2023-05-07,2,2,1,0,0,2,0,1,1,0,2.5,2.0,0.0,0.0,0.5,0.0
664034,2023-05-03,4,4,1,0,2,1,0,1,0,1,4.0,3.0,0.0,0.0,0.0,0.0
664034,2023-05-04,5,5,1,0,0,1,0,1,0,0,4.0,3.5,0.5,0.0,1.0,0.5
664034,2023-05-05,4,3,1,0,0,1,0,1,0,0,4.333333333333333,4.0,0.6666666666666666,0.0,0.6666666666666666,0.6666666666666666
664034,2023-05-06,5,5,3,0,0,3,0,1,1,0,4.25,3.75,0.75,0.0,0.5,0.75
664034,2023-05-07,4,3,2,0,0,3,0,1,1,0,4.4,4.0,1.2,0.0,0.4,1.2
664034,2023-05-08,4,3,1,1,0,4,1,1,1,0,4.333333333333333,3.8333333333333335,1.3333333333333333,0.0,0.3333333333333333,1.5
664034,2023-05-09,4,4,2,0,2,2,0,1,1,1,4.285714285714286,3.7142857142857144,1.2857142857142858,0.14285714285714285,0.2857142857142857,1.8571428571428572
664034,2023-05-10,4,4,1,0,1,1,0,1,0,1,4.25,3.75,1.375,0.125,0.5,1.875
664034,2023-05-12,5,4,2,0,0,2,0,1,1,0,4.222222222222222,3.7777777777777777,1.3333333333333333,0.1111111111111111,0.5555555555555556,1.7777777777777777
664034,2023-05-13,4,4,1,0,0,1,0,1,0,0,4.3,3.8,1.4,0.1,0.5,1.8
664034,2023-05-14,5,5,1,0,0,1,0,1,0,0,4.3,3.9,1.5,0.1,0.5,1.9
664034,2023-05-15,5,5,2,0,1,4,0,1,1,1,4.4,4.0,1.5,0.1,0.3,1.9
664034,2023-05-16,4,4,1,0,0,2,0,1,1,0,4.4,4.0,1.6,0.1,0.4,2.2
664034,2023-05-17,5,5,1,0,1,1,0,1,0,1,4.4,4.1,1.6,0.1,0.4,2.3
664034,2023-05-19,2,2,0,0,0,0,0,0,0,0,4.4,4.1,1.4,0.1,0.5,2.1
664034,2023-05-20,5,5,0,0,3,0,0,0,0,1,4.2,4.0,1.2,0.1,0.5,1.8
664034,2023-05-21,4,4,0,0,1,0,0,0,0,1,4.3,4.2,1.1,0.0,0.8,1.4
664034,2023-05-22,5,3,2,0,0,2,0,1,1,0,4.3,4.2,0.9,0.0,0.7,1.2
664034,2023-05-23,4,3,1,1,1,4,1,1,1,1,4.4,4.1,1.0,0.0,0.6,1.3
664034,2023-05-25,4,4,2,2,0,8,1,1,1,0,4.3,4.0,0.9,0.1,0.7,1.5
664034,2023-05-26,5,4,0,0,1,0,0,0,0,1,4.3,4.0,1.0,0.3,0.7,2.2
664034,2023-05-27,4,3,2,0,1,4,0,1,1,1,4.3,3.9,0.9,0.3,0.8,2.1
664034,2023-05-28,5,5,0,0,1,0,0,0,0,1,4.2,3.7,0.9,0.3,0.8,2.1
664034,2023-05-29,4,4,1,0,0,1,0,1,0,0,4.3,3.8,0.8,0.3,0.9,1.9
664034,2023-05-30,5,5,3,0,1,4,0,1,1,1,4.2,3.7,0.8,0.3,0.8,1.9
664034,2023-05-31,4,4,0,0,3,0,0,0,0,1,4.5,4.0,1.1,0.3,0.9,2.3
664040,2023-05-03,4,4,1,0,2,2,0,1,1,1,4.0,4.0,0.0,0.0,0.0,0.0
664040,2023-05-06,3,3,0,0,1,0,0,0,0,1,4.0,4.0,0.5,0.0,1.0,1.0
664040,2023-05-07,5,5,0,0,2,0,0,0,0,1,3.6666666666666665,3.6666666666666665,0.3333333333333333,0.0,1.0,0.6666666666666666
664040,2023-05-08,4,4,0,0,1,0,0,0,0,1,4.0,4.0,0.25,0.0,1.25,0.5
664040,2023-05-09,1,0,0,0,0,0,0,0,0,0,4.0,4.0,0.2,0.0,1.2,0.4
664040,2023-05-10,3,2,0,0,1,0,0,0,0,1,3.5,3.3333333333333335,0.16666666666666666,0.0,1.0,0.3333333333333333
664040,2023-05-11,5,4,0,0,1,0,0,0,0,1,3.4285714285714284,3.142857142857143,0.14285714285714285,0.0,1.0,0.2857142857142857
664040,2023-05-12,4,3,0,0,1,0,0,0,0,1,3.625,3.25,0.125,0.0,1.0,0.25
664040,2023-05-13,2,2,1,0,0,1,0,1,0,0,3.6666666666666665,3.2222222222222223,0.1111111111111111,0.0,1.0,0.2222222222222222
664040,2023-05-14,5,3,1,0,1,1,0,1,0,1,3.5,3.1,0.2,0.0,0.9,0.3
664040,2023-05-16,5,5,2,0,2,3,0,1,1,1,3.6,3.0,0.3,0.0,1.0,0.4
664040,2023-05-17,5,3,2,1,1,6,1,1,1,1,3.7,3.1,0.4,0.0,1.0,0.5
664040,2023-05-18,3,3,0,0,0,0,0,0,0,0,3.9,3.1,0.6,0.1,1.0,1.1
664040,2023-05-19,3,3,1,0,2,1,0,1,0,1,3.7,2.9,0.6,0.1,0.8,1.1
664040,2023-05-21,5,5,1,0,1,1,0,1,0,1,3.6,2.8,0.7,0.1,0.9,1.2
664040,2023-05-22,3,2,0,0,1,0,0,0,0,1,4.0,3.3,0.8,0.1,1.0,1.3
664040,2023-05-25,4,4,1,0,2,1,0,1,0,1,4.0,3.3,0.8,0.1,1.0,1.3
664040,2023-05-26,4,4,1,0,2,1,0,1,0,1,3.9,3.3,0.9,0.1,1.1,1.4
664040,2023-05-28,5,4,2,0,2,2,0,1,1,1,3.9,3.4,1.0,0.1,1.2,1.5
664040,2023-05-29,3,2,0,0,1,0,0,0,0,1,4.2,3.6,1.1,0.1,1.4,1.6
664040,2023-05-30,4,4,1,0,2,1,0,1,0,1,4.0,3.5,1.0,0.1,1.4,1.5
664040,2023-05-31,4,4,1,1,2,4,1,1,1,1,3.9,3.4,0.9,0.1,1.4,1.3
664056,2023-05-03,3,3,0,0,0,0,0,0,0,0,4.0,4.0,1.0,0.0,1.0,1.0
664056,2023-05-05,4,4,1,1,0,4,1,1,1,0,3.5,3.5,0.5,0.0,0.5,0.5
664056,2023-05-06,2,2,2,0,0,2,0,1,1,0,3.6666666666666665,3.6666666666666665,0.6666666666666666,0.3333333333333333,0.3333333333333333,1.6666666666666667
664056,2023-05-07,5,5,3,1,0,8,1,1,1,0,3.25,3.25,1.0,0.25,0.25,1.75
664056,2023-05-08,4,3,1,0,1,3,0,1,1,1,3.6,3.6,1.4,0.4,0.2,3.0
664056,2023-05-09,4,4,3,0,0,3,0,1,1,0,3.6666666666666665,3.5,1.3333333333333333,0.3333333333333333,0.3333333333333333,3.0
664056,2023-05-10,3,3,1,1,0,4,1,1,1,0,3.7142857142857144,3.5714285714285716,1.5714285714285714,0.2857142857142857,0.2857142857142857,3.0
664056,2023-05-11,3,2,0,0,0,0,0,0,0,0,3.625,3.5,1.5,0.375,0.25,3.125
664056,2023-05-12,4,4,1,0,0,1,0,1,0,0,3.5555555555555554,3.3333333333333335,1.3333333333333333,0.3333333333333333,0.2222222222222222,2.7777777777777777
664056,2023-05-13,5,4,0,0,1,0,0,0,0,1,3.6,3.4,1.3,0.3,0.2,2.6
664056,2023-05-14,4,4,1,0,0,1,0,1,0,0,3.7,3.4,1.2,0.3,0.2,2.5
664056,2023-05-16,3,3,0,0,2,0,0,0,0,1,3.8,3.5,1.3,0.3,0.2,2.6
664056,2023-05-17,4,4,1,0,0,1,0,1,0,0,3.7,3.4,1.2,0.2,0.4,2.2
664056,2023-05-18,4,4,0,0,1,0,0,0,0,1,3.9,3.6,1.1,0.2,0.4,2.1
664056,2023-05-19,2,2,1,0,0,1,0,1,0,0,3.8,3.5,0.8,0.1,0.5,1.3
664056,2023-05-20,5,5,1,0,1,1,0,1,0,1,3.6,3.4,0.8,0.1,0.4,1.1
664056,2023-05-21,3,3,1,1,0,4,1,1,1,0,3.7,3.5,0.6,0.1,0.5,0.9
664056,2023-05-23,5,4,2,1,0,5,1,1,1,0,3.7,3.5,0.6,0.1,0.5,0.9
664056,2023-05-24,4,4,0,0,1,0,0,0,0,1,3.9,3.7,0.8,0.2,0.5,1.4
664056,2023-05-25,4,3,0,0,2,0,0,0,0,1,3.9,3.7,0.7,0.2,0.6,1.3
664056,2023-05-26,4,4,0,0,2,0,0,0,0,1,3.8,3.6,0.7,0.2,0.7,1.3
664056,2023-05-27,4,4,1,0,1,1,0,1,0,1,3.8,3.6,0.6,0.2,0.9,1.2
664056,2023-05-28,4,4,1,1,0,4,1,1,1,0,3.9,3.7,0.7,0.2,0.8,1.3
664056,2023-05-29,2,2,2,0,0,2,0,1,1,0,3.9,3.7,0.7,0.3,0.8,1.6
664059,2023-05-03,2,2,0,0,1,0,0,0,0,1,2.0,2.0,0.0,0.0,0.0,0.0
664059,2023-05-09,3,3,1,0,0,1,0,1,0,0,2.0,2.0,0.0,0.0,0.5,0.0
664059,2023-05-14,4,4,1,0,2,1,0,1,0,1,2.3333333333333335,2.3333333333333335,0.3333333333333333,0.0,0.3333333333333333,0.3333333333333333
664059,2023-05-17,2,1,1,0,0,2,0,1,1,0,2.75,2.75,0.5,0.0,0.75,0.5
664059,2023-05-24,4,3,1,0,1,2,0,1,1,1,2.6,2.4,0.6,0.0,0.6,0.8
664059,2023-05-30,4,3,0,0,1,0,0,0,0,1,2.8333333333333335,2.5,0.6666666666666666,0.0,0.6666666666666666,1.0
664247,2023-05-20,3,3,1,0,1,1,0,1,0,1,2.0,2.0,0.0,0.0,2.0,0.0
664247,2023-05-22,3,2,1,1,1,4,1,1,1,1,2.5,2.5,0.5,0.0,1.5,0.5
664247,2023-05-23,1,1,0,0,0,0,0,0,0,0,2.6666666666666665,2.3333333333333335,0.6666666666666666,0.3333333333333333,1.3333333333333333,1.6666666666666667
664247,2023-05-26,3,2,1,0,0,2,0,1,1,0,2.25,2.0,0.5,0.25,1.0,1.25
664702,2023-05-02,4,4,0,0,2,0,0,0,0,1,3.0,3.0,0.0,0.0,1.0,0.0
664702,2023-05-03,4,4,2,0,0,3,0,1,1,0,3.5,3.5,0.0,0.0,1.5,0.0
664702,2023-05-05,3,2,0,0,0,0,0,0,0,0,3.6666666666666665,3.6666666666666665,0.6666666666666666,0.0,1.0,1.0
664702,2023-05-06,3,2,0,0,2,0,0,0,0,1,3.5,3.25,0.5,0.0,0.75,0.75
664702,2023-05-07,4,4,1,0,1,1,0,1,0,1,3.4,3.0,0.4,0.0,1.0,0.6
664702,2023-05-08,4,3,0,0,1,0,0,0,0,1,3.5,3.1666666666666665,0.5,0.0,1.0,0.6666666666666666
664702,2023-05-09,3,3,0,0,0,0,0,0,0,0,3.5714285714285716,3.142857142857143,0.42857142857142855,0.0,1.0,0.5714285714285714
664702,2023-05-10,3,3,0,0,1,0,0,0,0,1,3.5,3.125,0.375,0.0,0.875,0.5
664702,2023-05-12,4,3,1,0,0,2,0,1,1,0,3.4444444444444446,3.111111111111111,0.3333333333333333,0.0,0.8888888888888888,0.4444444444444444
664702,2023-05-13,4,3,0,0,1,0,0,0,0,1,3.5,3.1,0.4,0.0,0.8,0.6
664702,2023-05-14,3,3,1,0,0,1,0,1,0,0,3.6,3.1,0.4,0.0,0.8,0.6
664702,2023-05-16,2,2,1,0,1,3,0,1,1,1,3.5,3.0,0.5,0.0,0.6,0.7
664702,2023-05-17,4,2,1,0,0,2,0,1,1,0,3.3,2.8,0.4,0.0,0.7,0.7
664702,2023-05-18,3,2,0,0,0,0,0,0,0,0,3.4,2.8,0.5,0.0,0.7,0.9
664702,2023-05-19,4,4,1,0,2,2,0,1,1,1,3.4,2.8,0.5,0.0,0.5,0.9
664702,2023-05-21,6,6,1,0,0,1,0,1,0,0,3.4,2.8,0.5,0.0,0.6,1.0
664702,2023-05-22,3,3,0,0,0,0,0,0,0,0,3.6,3.1,0.6,0.0,0.5,1.1
664702,2023-05-24,3,3,1,0,0,1,0,1,0,0,3.6,3.1,0.6,0.0,0.5,1.1
664702,2023-05-26,3,3,1,0,1,1,0,1,0,1,3.6,3.1,0.7,0.0,0.4,1.2
664702,2023-05-27,4,4,1,0,2,2,0,1,1,1,3.5,3.1,0.7,0.0,0.5,1.1
664702,2023-05-28,3,2,1,0,1,1,0,1,0,1,3.5,3.2,0.8,0.0,0.6,1.3
664702,2023-05-29,4,4,1,0,2,1,0,1,0,1,3.5,3.1,0.8,0.0,0.7,1.3
664702,2023-05-30,3,3,2,0,0,3,0,1,1,0,3.7,3.3,0.8,0.0,0.8,1.1
664702,2023-05-31,5,4,0,0,2,0,0,0,0,1,3.6,3.4,0.9,0.0,0.8,1.2
664728,2023-05-03,3,3,2,0,0,3,0,1,1,0,4.0,4.0,0.0,0.0,1.0,0.0
664728,2023-05-04,4,4,2,1,0,5,1,1,1,0,3.5,3.5,1.0,0.0,0.5,1.5
664761,2023-05-02,3,2,0,0,1,0,0,0,0,1,4.0,4.0,1.0,0.0,0.0,1.0
664761,2023-05-03,5,4,1,0,1,1,0,1,0,1,3.5,3.0,0.5,0.0,0.5,0.5
664761,2023-05-05,4,3,1,0,0,1,0,1,0,0,4.0,3.3333333333333335,0.6666666666666666,0.0,0.6666666666666666,0.6666666666666666
664761,2023-05-06,4,4,2,0,0,2,0,1,1,0,4.0,3.25,0.75,0.0,0.5,0.75
664761,2023-05-07,4,4,0,0,0,0,0,0,0,0,4.0,3.4,1.0,0.0,0.4,1.0
664761,2023-05-09,3,2,2,0,0,2,0,1,1,0,4.0,3.5,0.8333333333333334,0.0,0.3333333333333333,0.8333333333333334
664761,2023-05-10,3,3,0,0,2,0,0,0,0,1,3.857142857142857,3.2857142857142856,1.0,0.0,0.2857142857142857,1.0
664761,2023-05-12,4,3,1,1,0,4,1,1,1,0,3.75,3.25,0.875,0.0,0.5,0.875
664761,2023-05-13,3,3,1,0,0,1,0,1,0,0,3.7777777777777777,3.2222222222222223,0.8888888888888888,0.1111111111111111,0.4444444444444444,1.2222222222222223
664761,2023-05-14,4,3,1,0,0,1,0,1,0,0,3.7,3.2,0.9,0.1,0.4,1.2
664761,2023-05-15,4,3,2,1,1,6,1,1,1,1,3.7,3.1,0.9,0.1,0.4,1.2
664761,2023-05-16,4,4,0,0,0,0,0,0,0,0,3.8,3.2,1.1,0.2,0.4,1.8
664761,2023-05-17,4,3,1,0,0,1,0,1,0,0,3.7,3.2,1.0,0.2,0.3,1.7
664761,2023-05-19,4,4,0,0,1,0,0,0,0,1,3.7,3.2,1.0,0.2,0.3,1.7
664761,2023-05-20,4,4,1,0,2,1,0,1,0,1,3.7,3.2,0.8,0.2,0.4,1.5
664761,2023-05-21,4,4,1,0,0,1,0,1,0,0,3.7,3.2,0.9,0.2,0.6,1.6
664761,2023-05-22,4,4,0,0,1,0,0,0,0,1,3.8,3.4,0.8,0.2,0.6,1.5
664761,2023-05-23,2,2,1,0,0,1,0,1,0,0,3.9,3.5,0.8,0.2,0.5,1.5
664761,2023-05-24,5,5,2,0,0,2,0,1,1,0,3.7,3.4,0.8,0.1,0.5,1.2
664761,2023-05-25,3,3,2,1,1,5,1,1,1,1,3.9,3.6,0.9,0.1,0.5,1.3
664761,2023-05-26,4,3,1,0,0,2,0,1,1,0,3.8,3.6,1.0,0.2,0.6,1.7
664761,2023-05-27,4,4,1,0,1,1,0,1,0,1,3.8,3.6,0.9,0.1,0.5,1.3
664761,2023-05-30,3,3,0,0,1,0,0,0,0,1,3.8,3.6,1.0,0.1,0.6,1.4
664770,2023-05-21,2,1,1,0,0,1,0,1,0,0,1.0,1.0,0.0,0.0,1.0,0.0
664770,2023-05-23,1,1,1,0,0,1,0,1,0,0,1.5,1.0,0.5,0.0,0.5,0.5
664770,2023-05-24,3,3,1,0,2,3,0,1,1,1,1.3333333333333333,1.0,0.6666666666666666,0.0,0.3333333333333333,0.6666666666666666
664770,2023-05-25,3,3,0,0,0,0,0,0,0,0,1.75,1.5,0.75,0.0,0.75,1.25
664770,2023-05-30,1,1,0,0,0,0,0,0,0,0,2.0,1.8,0.6,0.0,0.6,1.0
664774,2023-05-02,5,4,1,0,2,1,0,1,0,1,4.0,3.0,2.0,1.0,0.0,5.0
664774,2023-05-03,2,1,0,0,0,0,0,0,0,0,4.5,3.5,1.5,0.5,1.0,3.0
664774,2023-05-05,4,2,0,0,1,0,0,0,0,1,3.6666666666666665,2.6666666666666665,1.0,0.3333333333333333,0.6666666666666666,2.0
664774,2023-05-06,4,4,1,0,1,1,0,1,0,1,3.75,2.5,0.75,0.25,0.75,1.5
664774,2023-05-07,5,5,2,0,1,2,0,1,1,1,3.8,2.8,0.8,0.2,0.8,1.4
664774,2023-05-08,4,3,1,0,1,1,0,1,0,1,4.0,3.1666666666666665,1.0,0.16666666666666666,0.8333333333333334,1.5
664774,2023-05-10,5,4,1,1,0,4,1,1,1,0,4.0,3.142857142857143,1.0,0.14285714285714285,0.8571428571428571,1.4285714285714286
664774,2023-05-11,3,3,1,0,0,1,0,1,0,0,4.125,3.25,1.0,0.25,0.75,1.75
664774,2023-05-12,5,5,3,0,0,4,0,1,1,0,4.0,3.2222222222222223,1.0,0.2222222222222222,0.6666666666666666,1.6666666666666667
664774,2023-05-13,4,3,1,0,0,1,0,1,0,0,4.1,3.4,1.2,0.2,0.6,1.9
664774,2023-05-14,4,4,0,0,2,0,0,0,0,1,4.1,3.4,1.1,0.1,0.6,1.5
664774,2023-05-16,4,3,2,0,0,2,0,1,1,0,4.0,3.4,1.0,0.1,0.6,1.4
664774,2023-05-17,5,3,0,0,1,0,0,0,0,1,4.2,3.6,1.2,0.1,0.6,1.6
664774,2023-05-19,4,3,0,0,1,0,0,0,0,1,4.3,3.7,1.2,0.1,0.6,1.6
664774,2023-05-20,3,2,0,0,0,0,0,0,0,0,4.3,3.6,1.1,0.1,0.6,1.5
664774,2023-05-21,1,1,0,0,0,0,0,0,0,0,4.1,3.3,0.9,0.1,0.5,1.3
664774,2023-05-22,4,3,0,0,0,0,0,0,0,0,3.8,3.1,0.8,0.1,0.4,1.2
664774,2023-05-23,5,5,2,0,1,2,0,1,1,1,3.7,3.0,0.7,0.0,0.4,0.8
664774,2023-05-24,4,3,2,0,1,2,0,1,1,1,3.9,3.2,0.8,0.0,0.5,0.9
664774,2023-05-25,5,5,3,0,0,3,0,1,1,0,3.8,3.0,0.7,0.0,0.6,0.7
664774,2023-05-26,6,6,0,0,5,0,0,0,0,1,3.9,3.2,0.9,0.0,0.6,0.9
664774,2023-05-27,4,4,1,0,0,1,0,1,0,0,4.1,3.4,0.9,0.0,0.9,0.9
664774,2023-05-28,4,4,1,0,2,1,0,1,0,1,4.1,3.5,0.8,0.0,0.9,0.8
664774,2023-05-29,2,2,1,0,0,1,0,1,0,0,4.0,3.6,0.9,0.0,1.0,0.9
664774,2023-05-30,5,4,1,0,0,2,0,1,1,0,3.8,3.5,1.0,0.0,0.9,1.0
664774,2023-05-31,4,4,2,0,0,3,0,1,1,0,4.0,3.7,1.1,0.0,0.9,1.2
664874,2023-05-06,4,4,1,1,3,4,1,1,1,1,3.0,2.0,0.0,0.0,2.0,0.0
664874,2023-05-07,5,5,0,0,1,0,0,0,0,1,3.5,3.0,0.5,0.5,2.5,2.0
664874,2023-05-09,3,3,1,0,1,1,0,1,0,1,4.0,3.6666666666666665,0.3333333333333333,0.3333333333333333,2.0,1.3333333333333333
664874,2023-05-10,4,4,0,0,2,0,0,0,0,1,3.75,3.5,0.5,0.25,1.75,1.25
664874,2023-05-11,2,2,0,0,1,0,0,0,0,1,3.8,3.6,0.4,0.2,1.8,1.0
664874,2023-05-12,3,3,1,0,2,1,0,1,0,1,3.5,3.3333333333333335,0.3333333333333333,0.16666666666666666,1.6666666666666667,0.8333333333333334
664874,2023-05-13,4,4,1,0,0,1,0,1,0,0,3.4285714285714284,3.2857142857142856,0.42857142857142855,0.14285714285714285,1.7142857142857142,0.8571428571428571
664874,2023-05-14,3,3,0,0,2,0,0,0,0,1,3.5,3.375,0.5,0.125,1.5,0.875
664874,2023-05-17,1,1,0,0,0,0,0,0,0,0,3.4444444444444446,3.3333333333333335,0.4444444444444444,0.1111111111111111,1.5555555555555556,0.7777777777777778
664874,2023-05-18,4,4,1,0,3,1,0,1,0,1,3.2,3.1,0.4,0.1,1.4,0.7
664874,2023-05-19,3,3,0,0,2,0,0,0,0,1,3.3,3.3,0.5,0.1,1.5,0.8
664874,2023-05-20,3,2,1,0,0,1,0,1,0,0,3.2,3.2,0.4,0.0,1.4,0.4
664874,2023-05-23,1,1,0,0,0,0,0,0,0,0,3.0,2.9,0.5,0.0,1.3,0.5
664874,2023-05-24,3,2,0,0,2,0,0,0,0,1,2.8,2.7,0.4,0.0,1.2,0.4
664874,2023-05-25,3,3,0,0,3,0,0,0,0,1,2.7,2.5,0.4,0.0,1.2,0.4
664874,2023-05-29,2,2,1,0,1,1,0,1,0,1,2.8,2.6,0.4,0.0,1.4,0.4
664874,2023-05-30,3,3,0,0,1,0,0,0,0,1,2.7,2.5,0.4,0.0,1.3,0.4
664913,2023-05-23,1,1,0,0,1,0,0,0,0,1,4.0,4.0,2.0,0.0,0.0,2.0
664913,2023-05-24,4,4,0,0,2,0,0,0,0,1,2.5,2.5,1.0,0.0,0.5,1.0
664913,2023-05-25,3,3,1,1,1,4,1,1,1,1,3.0,3.0,0.6666666666666666,0.0,1.0,0.6666666666666666
664913,2023-05-26,4,4,1,1,3,4,1,1,1,1,3.0,3.0,0.75,0.25,1.0,1.5
664913,2023-05-27,4,3,0,0,0,0,0,0,0,0,3.2,3.2,0.8,0.4,1.4,2.0
664913,2023-05-28,4,4,1,0,2,1,0,1,0,1,3.3333333333333335,3.1666666666666665,0.6666666666666666,0.3333333333333333,1.1666666666666667,1.6666666666666667
664913,2023-05-29,3,3,0,0,1,0,0,0,0,1,3.4285714285714284,3.2857142857142856,0.7142857142857143,0.2857142857142857,1.2857142857142858,1.5714285714285714
664913,2023-05-30,4,2,0,0,2,0,0,0,0,1,3.375,3.25,0.625,0.25,1.25,1.375
664913,2023-05-31,2,2,0,0,0,0,0,0,0,0,3.4444444444444446,3.111111111111111,0.5555555555555556,0.2222222222222222,1.3333333333333333,1.2222222222222223
664954,2023-05-03,4,4,2,1,0,6,1,1,1,0,4.0,3.0,1.0,0.0,1.0,1.0
664954,2023-05-06,3,3,1,0,1,2,0,1,1,1,4.0,3.5,1.5,0.5,0.5,3.5
664954,2023-05-07,2,2,0,0,2,0,0,0,0,1,3.6666666666666665,3.3333333333333335,1.3333333333333333,0.3333333333333333,0.6666666666666666,3.0
664954,2023-05-10,2,2,0,0,1,0,0,0,0,1,3.25,3.0,1.0,0.25,1.0,2.25
664954,2023-05-12,2,2,0,0,0,0,0,0,0,0,3.0,2.8,0.8,0.2,1.0,1.8
664954,2023-05-13,1,1,0,0,0,0,0,0,0,0,2.8333333333333335,2.6666666666666665,0.6666666666666666,0.16666666666666666,0.8333333333333334,1.5
664954,2023-05-14,3,3,0,0,1,0,0,0,0,1,2.5714285714285716,2.4285714285714284,0.5714285714285714,0.14285714285714285,0.7142857142857143,1.2857142857142858
664954,2023-05-16,2,2,1,0,0,1,0,1,0,0,2.625,2.5,0.5,0.125,0.75,1.125
664954,2023-05-17,2,2,0,0,1,0,0,0,0,1,2.5555555555555554,2.4444444444444446,0.5555555555555556,0.1111111111111111,0.6666666666666666,1.1111111111111112
664954,2023-05-21,3,3,1,0,1,2,0,1,1,1,2.5,2.4,0.5,0.1,0.7,1.0
664954,2023-05-24,3,3,1,0,0,1,0,1,0,0,2.4,2.4,0.5,0.1,0.7,1.1
664954,2023-05-25,3,3,0,0,1,0,0,0,0,1,2.3,2.3,0.4,0.0,0.7,0.6
664954,2023-05-27,3,3,0,0,2,0,0,0,0,1,2.3,2.3,0.3,0.0,0.7,0.4
664954,2023-05-28,2,1,0,0,1,0,0,0,0,1,2.4,2.4,0.3,0.0,0.7,0.4
664983,2023-05-27,3,3,1,0,0,2,0,1,1,0,3.0,2.0,0.0,0.0,1.0,0.0
664983,2023-05-28,3,3,0,0,2,0,0,0,0,1,3.0,2.5,0.5,0.0,0.5,1.0
664983,2023-05-29,4,3,2,0,0,2,0,1,1,0,3.0,2.6666666666666665,0.3333333333333333,0.0,1.0,0.6666666666666666
664983,2023-05-30,3,3,2,0,0,2,0,1,1,0,3.25,2.75,0.75,0.0,0.75,1.0
664983,2023-05-31,3,3,2,0,0,2,0,1,1,0,3.2,2.8,1.0,0.0,0.6,1.2
665019,2023-05-13,4,4,2,0,1,3,0,1,1,1,4.0,4.0,0.0,0.0,0.0,0.0
665019,2023-05-14,1,1,0,0,1,0,0,0,0,1,4.0,4.0,1.0,0.0,0.5,1.5
665019,2023-05-15,1,1,0,0,1,0,0,0,0,1,3.0,3.0,0.6666666666666666,0.0,0.6666666666666666,1.0
665019,2023-05-16,4,3,2,0,1,2,0,1,1,1,2.5,2.5,0.5,0.0,0.75,0.75
665019,2023-05-17,2,2,0,0,1,0,0,0,0,1,2.8,2.6,0.8,0.0,0.8,1.0
665019,2023-05-20,5,4,2,1,2,5,1,1,1,1,2.6666666666666665,2.5,0.6666666666666666,0.0,0.8333333333333334,0.8333333333333334
665019,2023-05-22,1,1,1,0,0,1,0,1,0,0,3.0,2.7142857142857144,0.8571428571428571,0.14285714285714285,1.0,1.4285714285714286
665019,2023-05-23,4,4,1,0,0,2,0,1,1,0,2.75,2.5,0.875,0.125,0.875,1.375
665019,2023-05-24,5,4,1,0,1,1,0,1,0,1,2.888888888888889,2.6666666666666665,0.8888888888888888,0.1111111111111111,0.7777777777777778,1.4444444444444444
665019,2023-05-25,1,1,0,0,1,0,0,0,0,1,3.1,2.8,0.9,0.1,0.8,1.4
665019,2023-05-27,4,4,2,0,1,3,0,1,1,1,2.8,2.5,0.9,0.1,0.9,1.4
665019,2023-05-28,3,2,0,0,1,0,0,0,0,1,2.8,2.5,0.9,0.1,0.9,1.4
665019,2023-05-30,3,3,1,0,2,1,0,1,0,1,3.0,2.6,0.9,0.1,0.9,1.4
665019,2023-05-31,4,3,2,0,0,2,0,1,1,0,3.2,2.8,1.0,0.1,1.0,1.5
665120,2023-05-21,4,4,1,0,1,1,0,1,0,1,4.0,4.0,0.0,0.0,1.0,0.0
665120,2023-05-22,4,4,0,0,3,0,0,0,0,1,4.0,4.0,0.5,0.0,1.0,0.5
665120,2023-05-23,4,3,1,0,1,1,0,1,0,1,4.0,4.0,0.3333333333333333,0.0,1.6666666666666667,0.3333333333333333
665120,2023-05-24,1,0,0,0,0,0,0,0,0,0,4.0,3.75,0.5,0.0,1.5,0.5
665120,2023-05-26,1,0,0,0,0,0,0,0,0,0,3.4,3.0,0.4,0.0,1.2,0.4
665120,2023-05-27,3,1,0,0,1,0,0,0,0,1,3.0,2.5,0.3333333333333333,0.0,1.0,0.3333333333333333
665120,2023-05-28,2,1,0,0,1,0,0,0,0,1,3.0,2.2857142857142856,0.2857142857142857,0.0,1.0,0.2857142857142857
665120,2023-05-29,1,0,0,0,0,0,0,0,0,0,2.875,2.125,0.25,0.0,1.0,0.25
665120,2023-05-30,4,4,1,0,2,1,0,1,0,1,2.6666666666666665,1.8888888888888888,0.2222222222222222,0.0,0.8888888888888888,0.2222222222222222
665120,2023-05-31,5,5,2,0,0,4,0,1,1,0,2.8,2.1,0.3,0.0,1.0,0.3
665155,2023-05-04,4,4,0,0,3,0,0,0,0,1,5.0,4.0,0.0,0.0,1.0,0.0
665155,2023-05-05,2,2,0,0,1,0,0,0,0,1,4.5,4.0,0.0,0.0,2.0,0.0
665155,2023-05-06,3,3,2,0,0,3,0,1,1,0,3.6666666666666665,3.3333333333333335,0.0,0.0,1.6666666666666667,0.0
665155,2023-05-07,2,2,0,0,0,0,0,0,0,0,3.5,3.25,0.5,0.0,1.25,0.75
665155,2023-05-08,5,4,1,0,1,2,0,1,1,1,3.2,3.0,0.4,0.0,1.0,0.6
665155,2023-05-09,3,3,0,0,3,0,0,0,0,1,3.5,3.1666666666666665,0.5,0.0,1.0,0.8333333333333334
665155,2023-05-12,1,1,0,0,0,0,0,0,0,0,3.4285714285714284,3.142857142857143,0.42857142857142855,0.0,1.2857142857142858,0.7142857142857143
665155,2023-05-13,3,3,0,0,0,0,0,0,0,0,3.125,2.875,0.375,0.0,1.125,0.625
665155,2023-05-14,4,3,0,0,2,0,0,0,0,1,3.111111111111111,2.888888888888889,0.3333333333333333,0.0,1.0,0.5555555555555556
665155,2023-05-16,4,2,0,0,1,0,0,0,0,1,3.2,2.9,0.3,0.0,1.1,0.5
665155,2023-05-19,5,3,1,0,1,1,0,1,0,1,3.1,2.7,0.3,0.0,1.1,0.5
665155,2023-05-20,1,1,0,0,1,0,0,0,0,1,3.2,2.6,0.4,0.0,0.9,0.6
665155,2023-05-21,4,3,2,1,1,5,1,1,1,1,3.1,2.5,0.4,0.0,0.9,0.6
665155,2023-05-22,2,2,0,0,0,0,0,0,0,0,3.2,2.5,0.4,0.1,1.0,0.8
665155,2023-05-23,4,2,1,0,0,1,0,1,0,0,3.2,2.5,0.4,0.1,1.0,0.8
665155,2023-05-24,1,1,0,0,0,0,0,0,0,0,3.1,2.3,0.4,0.1,0.9,0.7
665155,2023-05-26,3,2,0,0,0,0,0,0,0,0,2.9,2.1,0.4,0.1,0.6,0.7
665155,2023-05-27,3,3,0,0,0,0,0,0,0,0,3.1,2.2,0.4,0.1,0.6,0.7
665155,2023-05-28,2,1,1,0,0,1,0,1,0,0,3.1,2.2,0.4,0.1,0.6,0.7
665155,2023-05-29,2,1,0,0,0,0,0,0,0,0,2.9,2.0,0.5,0.1,0.4,0.8
665155,2023-05-30,2,2,0,0,1,0,0,0,0,1,2.7,1.9,0.5,0.1,0.3,0.8
665155,2023-05-31,3,2,1,0,1,1,0,1,0,1,2.4,1.8,0.4,0.1,0.3,0.7
665161,2023-05-02,3,3,0,0,1,0,0,0,0,1,4.0,4.0,2.0,0.0,0.0,2.0
665161,2023-05-03,4,4,0,0,3,0,0,0,0,1,3.5,3.5,1.0,0.0,0.5,1.0
665161,2023-05-05,4,4,1,0,1,1,0,1,0,1,3.6666666666666665,3.6666666666666665,0.6666666666666666,0.0,1.3333333333333333,0.6666666666666666
665161,2023-05-06,4,4,3,0,1,5,0,1,1,1,3.75,3.75,0.75,0.0,1.25,0.75
665161,2023-05-07,3,3,0,0,1,0,0,0,0,1,3.8,3.8,1.2,0.0,1.2,1.6
665161,2023-05-08,4,4,0,0,0,0,0,0,0,0,3.6666666666666665,3.6666666666666665,1.0,0.0,1.1666666666666667,1.3333333333333333
665161,2023-05-09,4,4,1,0,1,1,0,1,0,1,3.7142857142857144,3.7142857142857144,0.8571428571428571,0.0,1.0,1.1428571428571428
665161,2023-05-10,5,4,2,0,0,2,0,1,1,0,3.75,3.75,0.875,0.0,1.0,1.125
665161,2023-05-12,5,3,0,0,0,0,0,0,0,0,3.888888888888889,3.7777777777777777,1.0,0.0,0.8888888888888888,1.2222222222222223
665161,2023-05-13,4,4,3,0,0,3,0,1,1,0,4.0,3.7,0.9,0.0,0.8,1.1
665161,2023-05-15,4,4,1,0,2,1,0,1,0,1,4.0,3.7,1.0,0.0,0.8,1.2
665161,2023-05-16,4,4,1,0,1,1,0,1,0,1,4.1,3.8,1.1,0.0,0.9,1.3
665161,2023-05-17,5,5,2,0,0,5,0,1,1,0,4.1,3.8,1.2,0.0,0.7,1.4
665161,2023-05-19,4,4,0,0,2,0,0,0,0,1,4.2,3.9,1.3,0.0,0.6,1.8
665161,2023-05-20,4,4,1,0,0,1,0,1,0,0,4.2,3.9,1.0,0.0,0.7,1.3
665161,2023-05-21,4,4,0,0,1,0,0,0,0,1,4.3,4.0,1.1,0.0,0.6,1.4
665161,2023-05-22,5,4,0,0,2,0,0,0,0,1,4.3,4.0,1.1,0.0,0.7,1.4
665161,2023-05-23,4,4,2,0,1,3,0,1,1,1,4.4,4.0,1.0,0.0,0.8,1.3
665161,2023-05-24,4,4,0,0,1,0,0,0,0,1,4.3,4.0,1.0,0.0,0.9,1.4
665161,2023-05-27,4,4,2,1,0,6,1,1,1,0,4.2,4.1,1.0,0.0,1.0,1.4
665161,2023-05-28,5,4,1,1,1,4,1,1,1,1,4.2,4.1,0.9,0.1,1.0,1.7
665161,2023-05-29,5,4,0,0,0,0,0,0,0,0,4.3,4.1,0.9,0.2,0.9,2.0
665161,2023-05-30,4,2,1,0,1,2,0,1,1,1,4.4,4.1,0.8,0.2,0.8,1.9
665161,2023-05-31,4,3,2,0,0,2,0,1,1,0,4.3,3.8,0.7,0.2,0.9,1.6
665487,2023-05-02,5,5,0,0,2,0,0,0,0,1,5.0,5.0,3.0,0.0,0.0,3.0
665487,2023-05-03,5,4,0,0,1,0,0,0,0,1,5.0,5.0,1.5,0.0,1.0,1.5
665487,2023-05-05,5,5,2,2,1,8,1,1,1,1,5.0,4.666666666666667,1.0,0.0,1.0,1.0
665487,2023-05-06,4,4,3,0,0,4,0,1,1,0,5.0,4.75,1.25,0.5,1.0,2.75
665487,2023-05-07,5,5,1,0,1,2,0,1,1,1,4.8,4.6,1.6,0.4,0.8,3.0
665487,2023-05-09,4,4,0,0,2,0,0,0,0,1,4.833333333333333,4.666666666666667,1.5,0.3333333333333333,0.8333333333333334,2.8333333333333335
665487,2023-05-10,5,5,1,0,3,1,0,1,0,1,4.714285714285714,4.571428571428571,1.2857142857142858,0.2857142857142857,1.0,2.4285714285714284
665487,2023-05-11,4,3,2,1,0,5,1,1,1,0,4.75,4.625,1.25,0.25,1.25,2.25
665487,2023-05-12,4,4,2,0,0,2,0,1,1,0,4.666666666666667,4.444444444444445,1.3333333333333333,0.3333333333333333,1.1111111111111112,2.5555555555555554
665487,2023-05-13,3,3,0,0,1,0,0,0,0,1,4.6,4.4,1.4,0.3,1.0,2.5
665487,2023-05-14,4,2,1,0,0,2,0,1,1,0,4.4,4.2,1.1,0.3,1.1,2.2
665487,2023-05-15,5,5,2,0,0,2,0,1,1,0,4.3,3.9,1.2,0.3,0.9,2.4
665487,2023-05-16,3,3,1,0,1,1,0,1,0,1,4.3,4.0,1.4,0.3,0.8,2.6
665487,2023-05-17,4,4,0,0,0,0,0,0,0,0,4.1,3.8,1.3,0.1,0.8,1.9
665487,2023-05-19,4,4,2,1,0,5,1,1,1,0,4.1,3.8,1.0,0.1,0.8,1.5
665487,2023-05-20,4,4,1,1,0,4,1,1,1,0,4.0,3.7,1.1,0.2,0.7,1.8
665487,2023-05-21,4,3,0,0,1,0,0,0,0,1,4.0,3.7,1.2,0.3,0.5,2.2
665487,2023-05-23,4,2,0,0,2,0,0,0,0,1,3.9,3.5,1.1,0.3,0.3,2.1
665487,2023-05-24,4,4,0,0,0,0,0,0,0,0,3.9,3.4,0.9,0.2,0.5,1.6
665487,2023-05-25,5,4,1,0,1,1,0,1,0,1,3.9,3.4,0.7,0.2,0.5,1.4
665487,2023-05-26,5,5,1,1,1,4,1,1,1,1,4.1,3.5,0.8,0.2,0.5,1.5
665487,2023-05-27,5,5,1,1,2,4,1,1,1,1,4.2,3.8,0.8,0.3,0.6,1.7
665487,2023-05-28,5,4,0,0,2,0,0,0,0,1,4.2,3.8,0.7,0.4,0.8,1.9
665487,2023-05-30,5,4,1,0,1,1,0,1,0,1,4.4,3.9,0.6,0.4,0.9,1.8
665487,2023-05-31,3,3,0,0,2,0,0,0,0,1,4.5,3.9,0.7,0.4,1.0,1.9
665489,2023-05-02,4,4,2,0,1,2,0,1,1,1,5.0,5.0,1.0,0.0,1.0,2.0
665489,2023-05-03,4,4,2,1,0,5,1,1,1,0,4.5,4.5,1.5,0.0,1.0,2.0
665489,2023-05-04,5,5,2,1,2,6,1,1,1,1,4.333333333333333,4.333333333333333,1.6666666666666667,0.3333333333333333,0.6666666666666666,3.0
665489,2023-05-05,4,4,1,0,1,1,0,1,0,1,4.5,4.5,1.75,0.5,1.0,3.75
665489,2023-05-09,5,2,0,0,1,0,0,0,0,1,4.4,4.4,1.6,0.4,1.0,3.2
665489,2023-05-10,4,4,1,0,1,2,0,1,1,1,4.5,4.0,1.3333333333333333,0.3333333333333333,1.0,2.6666666666666665
665489,2023-05-12,4,4,1,0,1,2,0,1,1,1,4.428571428571429,4.0,1.2857142857142858,0.2857142857142857,1.0,2.5714285714285716
665489,2023-05-13,4,2,1,0,0,2,0,1,1,0,4.375,4.0,1.25,0.25,1.0,2.5
665489,2023-05-14,5,5,2,0,1,2,0,1,1,1,4.333333333333333,3.7777777777777777,1.2222222222222223,0.2222222222222222,0.8888888888888888,2.4444444444444446
665489,2023-05-15,3,3,1,0,1,2,0,1,1,1,4.4,3.9,1.3,0.2,0.9,2.4
665489,2023-05-16,4,4,1,0,2,1,0,1,0,1,4.2,3.7,1.3,0.2,0.9,2.4
665489,2023-05-18,1,0,0,0,0,0,0,0,0,0,4.2,3.7,1.2,0.2,1.0,2.3
665489,2023-05-19,4,4,1,0,2,1,0,1,0,1,3.9,3.3,1.0,0.1,1.0,1.8
665489,2023-05-20,5,4,0,0,1,0,0,0,0,1,3.8,3.2,0.9,0.0,1.0,1.3
665489,2023-05-21,5,5,0,0,3,0,0,0,0,1,3.9,3.2,0.8,0.0,1.0,1.2
665489,2023-05-22,4,4,1,0,0,2,0,1,1,0,3.9,3.5,0.8,0.0,1.2,1.2
665489,2023-05-23,6,6,3,1,1,6,1,1,1,1,3.9,3.5,0.8,0.0,1.1,1.2
665489,2023-05-24,4,3,1,0,1,1,0,1,0,1,4.1,3.7,1.0,0.1,1.1,1.6
665489,2023-05-25,5,5,1,0,0,1,0,1,0,0,4.1,3.8,1.0,0.1,1.2,1.5
665489,2023-05-26,3,3,0,0,0,0,0,0,0,0,4.1,3.8,0.9,0.1,1.1,1.4
665489,2023-05-27,5,5,1,0,1,1,0,1,0,1,4.1,3.8,0.8,0.1,1.0,1.2
665489,2023-05-28,3,3,0,0,3,0,0,0,0,1,4.2,3.9,0.8,0.1,0.9,1.2
665489,2023-05-30,5,5,3,0,1,3,0,1,1,1,4.4,4.2,0.8,0.1,1.2,1.2
665489,2023-05-31,3,3,0,0,0,0,0,0,0,0,4.5,4.3,1.0,0.1,1.1,1.4
665742,2023-05-02,5,5,2,0,1,4,0,1,1,1,5.0,4.0,2.0,0.0,1.0,3.0
665742,2023-05-03,5,2,1,0,0,2,0,1,1,0,5.0,4.5,2.0,0.0,1.0,3.5
665742,2023-05-05,5,4,1,0,2,1,0,1,0,1,5.0,3.6666666666666665,1.6666666666666667,0.0,0.6666666666666666,3.0
665742,2023-05-06,4,4,0,0,1,0,0,0,0,1,5.0,3.75,1.5,0.0,1.0,2.5
665742,2023-05-07,4,4,1,0,0,1,0,1,0,0,4.8,3.8,1.2,0.0,1.0,2.0
665742,2023-05-09,5,4,4,0,0,6,0,1,1,0,4.666666666666667,3.8333333333333335,1.1666666666666667,0.0,0.8333333333333334,1.8333333333333333
665742,2023-05-10,3,2,1,1,0,4,1,1,1,0,4.714285714285714,3.857142857142857,1.5714285714285714,0.0,0.7142857142857143,2.4285714285714284
665742,2023-05-11,4,3,2,0,1,4,0,1,1,1,4.5,3.625,1.5,0.125,0.625,2.625
665742,2023-05-12,4,4,1,0,0,2,0,1,1,0,4.444444444444445,3.5555555555555554,1.5555555555555556,0.1111111111111111,0.6666666666666666,2.7777777777777777
665742,2023-05-13,4,4,2,1,0,5,1,1,1,0,4.4,3.6,1.5,0.1,0.6,2.7
665742,2023-05-14,4,4,0,0,2,0,0,0,0,1,4.3,3.6,1.5,0.2,0.5,2.9
665742,2023-05-15,3,1,0,0,0,0,0,0,0,0,4.2,3.5,1.3,0.2,0.6,2.5
665742,2023-05-16,4,4,2,0,1,3,0,1,1,1,4.0,3.4,1.2,0.2,0.6,2.3
665742,2023-05-17,5,4,0,0,2,0,0,0,0,1,3.9,3.4,1.3,0.2,0.5,2.5
665742,2023-05-19,4,3,0,0,0,0,0,0,0,0,4.0,3.4,1.3,0.2,0.6,2.5
665742,2023-05-20,4,3,1,1,2,4,1,1,1,1,4.0,3.3,1.2,0.2,0.6,2.4
665742,2023-05-21,3,3,1,0,1,1,0,1,0,1,3.9,3.2,0.9,0.3,0.8,2.2
665742,2023-05-23,5,4,3,1,1,6,1,1,1,1,3.9,3.3,0.9,0.2,0.9,1.9
665742,2023-05-24,4,2,0,0,1,0,0,0,0,1,4.0,3.4,1.0,0.3,0.9,2.1
665742,2023-05-25,5,1,1,0,0,1,0,1,0,0,4.0,3.2,0.9,0.3,1.0,1.9
665742,2023-05-26,5,5,2,1,1,6,1,1,1,1,4.1,2.9,0.8,0.2,1.0,1.5
665742,2023-05-27,4,2,0,0,1,0,0,0,0,1,4.2,3.0,1.0,0.3,0.9,2.1
665742,2023-05-28,1,1,0,0,0,0,0,0,0,0,4.3,3.1,1.0,0.3,1.0,2.1
665742,2023-05-30,4,3,2,0,0,2,0,1,1,0,4.0,2.8,0.8,0.3,0.9,1.8
665742,2023-05-31,3,3,0,0,1,0,0,0,0,1,3.9,2.7,1.0,0.3,0.7,2.0
665750,2023-05-05,5,4,2,0,2,3,0,1,1,1,4.0,3.0,3.0,1.0,0.0,6.0
665750,2023-05-06,5,4,1,0,1,1,0,1,0,1,4.5,3.5,2.5,0.5,1.0,4.5
665750,2023-05-07,5,5,4,0,0,5,0,1,1,0,4.666666666666667,3.6666666666666665,2.0,0.3333333333333333,1.0,3.3333333333333335
665750,2023-05-08,3,3,0,0,2,0,0,0,0,1,4.75,4.0,2.5,0.25,0.75,3.75
665750,2023-05-09,4,4,1,0,1,1,0,1,0,1,4.4,3.8,2.0,0.2,1.0,3.0
665750,2023-05-10,4,4,2,0,0,2,0,1,1,0,4.333333333333333,3.8333333333333335,1.8333333333333333,0.16666666666666666,1.0,2.6666666666666665
665750,2023-05-11,4,3,1,0,0,1,0,1,0,0,4.285714285714286,3.857142857142857,1.8571428571428572,0.14285714285714285,0.8571428571428571,2.5714285714285716
665750,2023-05-12,4,3,1,0,0,1,0,1,0,0,4.25,3.75,1.75,0.125,0.75,2.375
665750,2023-05-13,4,4,2,0,0,3,0,1,1,0,4.222222222222222,3.6666666666666665,1.6666666666666667,0.1111111111111111,0.6666666666666666,2.2222222222222223
665750,2023-05-14,4,4,0,0,2,0,0,0,0,1,4.2,3.7,1.7,0.1,0.6,2.3
665750,2023-05-15,4,4,1,0,1,1,0,1,0,1,4.2,3.8,1.4,0.0,0.8,1.7
665750,2023-05-16,3,2,1,0,0,1,0,1,0,0,4.1,3.8,1.3,0.0,0.7,1.5
665750,2023-05-17,4,3,1,0,1,1,0,1,0,1,3.9,3.6,1.3,0.0,0.6,1.5
665750,2023-05-19,3,3,0,0,1,0,0,0,0,1,3.8,3.4,1.0,0.0,0.7,1.1
665750,2023-05-20,4,3,1,0,0,1,0,1,0,0,3.8,3.4,1.0,0.0,0.6,1.1
665750,2023-05-21,4,4,2,0,1,3,0,1,1,1,3.8,3.3,1.0,0.0,0.5,1.1
665750,2023-05-22,2,2,2,0,0,2,0,1,1,0,3.8,3.3,1.0,0.0,0.6,1.2
665750,2023-05-23,4,4,1,0,2,1,0,1,0,1,3.6,3.2,1.1,0.0,0.6,1.3
665750,2023-05-24,4,3,1,0,0,1,0,1,0,0,3.6,3.3,1.1,0.0,0.8,1.3
665750,2023-05-26,5,4,2,1,0,5,1,1,1,0,3.6,3.2,1.0,0.0,0.8,1.1
665750,2023-05-27,4,4,2,0,1,3,0,1,1,1,3.7,3.2,1.2,0.1,0.6,1.6
665750,2023-05-28,3,3,0,0,0,0,0,0,0,0,3.7,3.2,1.3,0.1,0.6,1.8
665750,2023-05-29,4,4,3,0,1,4,0,1,1,1,3.7,3.3,1.2,0.1,0.6,1.7
665750,2023-05-30,5,5,0,0,2,0,0,0,0,1,3.7,3.4,1.4,0.1,0.6,2.0
665750,2023-05-31,4,4,1,0,0,3,0,1,1,0,3.9,3.6,1.4,0.1,0.7,2.0
665804,2023-05-05,3,2,0,0,0,0,0,0,0,0,3.0,2.0,0.0,0.0,0.0,0.0
665804,2023-05-06,1,1,1,0,0,1,0,1,0,0,3.0,2.0,0.0,0.0,0.0,0.0
665804,2023-05-07,2,1,1,0,0,1,0,1,0,0,2.3333333333333335,1.6666666666666667,0.3333333333333333,0.0,0.0,0.3333333333333333
665804,2023-05-08,2,2,0,0,1,0,0,0,0,1,2.25,1.5,0.5,0.0,0.0,0.5
665804,2023-05-09,4,4,1,0,1,1,0,1,0,1,2.2,1.6,0.4,0.0,0.2,0.4
665828,2023-05-02,3,3,1,0,0,1,0,1,0,0,3.0,3.0,0.0,0.0,0.0,0.0
665828,2023-05-05,3,3,0,0,1,0,0,0,0,1,3.0,3.0,0.5,0.0,0.0,0.5
665828,2023-05-07,5,3,2,0,0,3,0,1,1,0,3.0,3.0,0.3333333333333333,0.0,0.3333333333333333,0.3333333333333333
665828,2023-05-08,4,4,1,1,2,4,1,1,1,1,3.5,3.0,0.75,0.0,0.25,1.0
665828,2023-05-09,4,3,0,0,1,0,0,0,0,1,3.6,3.2,0.8,0.2,0.6,1.6
665828,2023-05-10,4,3,0,0,1,0,0,0,0,1,3.6666666666666665,3.1666666666666665,0.6666666666666666,0.16666666666666666,0.6666666666666666,1.3333333333333333
665828,2023-05-12,3,3,1,0,0,1,0,1,0,0,3.7142857142857144,3.142857142857143,0.5714285714285714,0.14285714285714285,0.7142857142857143,1.1428571428571428
665828,2023-05-13,2,2,1,0,0,1,0,1,0,0,3.625,3.125,0.625,0.125,0.625,1.125
665828,2023-05-14,4,4,3,1,0,6,1,1,1,0,3.4444444444444446,3.0,0.6666666666666666,0.1111111111111111,0.5555555555555556,1.1111111111111112
665828,2023-05-15,5,2,0,0,1,0,0,0,0,1,3.5,3.1,0.9,0.2,0.5,1.6
665828,2023-05-16,4,4,0,0,0,0,0,0,0,0,3.7,3.0,0.9,0.2,0.6,1.6
665828,2023-05-17,4,4,0,0,3,0,0,0,0,1,3.8,3.1,0.8,0.2,0.6,1.5
665828,2023-05-18,4,4,1,0,1,2,0,1,1,1,3.9,3.2,0.8,0.2,0.8,1.5
665828,2023-05-19,4,3,1,0,0,1,0,1,0,0,3.8,3.3,0.7,0.2,0.9,1.4
665828,2023-05-20,3,3,0,0,0,0,0,0,0,0,3.8,3.2,0.7,0.1,0.7,1.1
665828,2023-05-23,4,4,1,0,1,1,0,1,0,1,3.7,3.2,0.7,0.1,0.6,1.1
665828,2023-05-24,1,1,0,0,1,0,0,0,0,1,3.7,3.3,0.8,0.1,0.6,1.2
665828,2023-05-25,2,2,0,0,0,0,0,0,0,0,3.5,3.1,0.7,0.1,0.7,1.1
665828,2023-05-27,3,3,1,0,0,1,0,1,0,0,3.5,3.1,0.6,0.1,0.7,1.0
665828,2023-05-29,5,5,0,0,2,0,0,0,0,1,3.4,3.0,0.4,0.0,0.7,0.5
665839,2023-05-03,5,5,2,0,2,2,0,1,1,1,4.0,4.0,2.0,1.0,1.0,5.0
665839,2023-05-04,4,3,0,0,0,0,0,0,0,0,4.5,4.5,2.0,0.5,1.5,3.5
665839,2023-05-05,3,3,2,0,0,2,0,1,1,0,4.333333333333333,4.0,1.3333333333333333,0.3333333333333333,1.0,2.3333333333333335
665839,2023-05-07,2,2,0,0,0,0,0,0,0,0,4.0,3.75,1.5,0.25,0.75,2.25
665839,2023-05-09,3,3,1,0,2,1,0,1,0,1,3.6,3.4,1.2,0.2,0.6,1.8
665839,2023-05-10,2,1,0,0,1,0,0,0,0,1,3.5,3.3333333333333335,1.1666666666666667,0.16666666666666666,0.8333333333333334,1.6666666666666667
665839,2023-05-12,4,4,1,1,2,4,1,1,1,1,3.2857142857142856,3.0,1.0,0.14285714285714285,0.8571428571428571,1.4285714285714286
665839,2023-05-14,4,3,0,0,2,0,0,0,0,1,3.375,3.125,1.0,0.25,1.0,1.75
665839,2023-05-15,3,2,1,0,0,1,0,1,0,0,3.4444444444444446,3.111111111111111,0.8888888888888888,0.2222222222222222,1.1111111111111112,1.5555555555555556
665839,2023-05-16,4,3,0,0,0,0,0,0,0,0,3.4,3.0,0.9,0.2,1.0,1.5
665839,2023-05-20,4,4,2,1,2,6,1,1,1,1,3.4,2.9,0.7,0.1,0.9,1.0
665839,2023-05-21,2,2,0,0,0,0,0,0,0,0,3.3,2.8,0.7,0.2,0.9,1.4
665839,2023-05-22,3,3,0,0,1,0,0,0,0,1,3.1,2.7,0.7,0.2,0.9,1.4
665839,2023-05-23,3,3,1,0,0,1,0,1,0,0,3.1,2.7,0.5,0.2,1.0,1.2
665839,2023-05-26,5,5,0,0,2,0,0,0,0,1,3.2,2.8,0.6,0.2,1.0,1.3
665839,2023-05-27,1,1,0,0,0,0,0,0,0,0,3.4,3.0,0.5,0.2,1.0,1.2
665839,2023-05-28,2,2,0,0,1,0,0,0,0,1,3.3,3.0,0.5,0.2,0.9,1.2
665839,2023-05-30,4,3,1,0,2,1,0,1,0,1,3.1,2.8,0.4,0.1,0.8,0.8
665839,2023-05-31,3,3,1,1,1,4,1,1,1,1,3.1,2.8,0.5,0.1,0.8,0.9
665862,2023-05-03,4,3,1,0,2,1,0,1,0,1,3.0,3.0,0.0,0.0,1.0,0.0
665862,2023-05-04,1,1,0,0,0,0,0,0,0,0,3.5,3.0,0.5,0.0,1.5,0.5
665862,2023-05-05,4,4,0,0,2,0,0,0,0,1,2.6666666666666665,2.3333333333333335,0.3333333333333333,0.0,1.0,0.3333333333333333
665862,2023-05-06,4,3,0,0,1,0,0,0,0,1,3.0,2.75,0.25,0.0,1.25,0.25
665862,2023-05-07,6,5,1,0,2,1,0,1,0,1,3.2,2.8,0.2,0.0,1.2,0.2
665862,2023-05-08,4,4,1,0,1,1,0,1,0,1,3.6666666666666665,3.1666666666666665,0.3333333333333333,0.0,1.3333333333333333,0.3333333333333333
665862,2023-05-09,4,2,1,0,0,1,0,1,0,0,3.7142857142857144,3.2857142857142856,0.42857142857142855,0.0,1.2857142857142858,0.42857142857142855
665862,2023-05-10,4,4,0,0,0,0,0,0,0,0,3.75,3.125,0.5,0.0,1.125,0.5
665862,2023-05-12,5,5,2,1,1,5,1,1,1,1,3.7777777777777777,3.2222222222222223,0.4444444444444444,0.0,1.0,0.4444444444444444
665862,2023-05-13,4,3,1,1,1,4,1,1,1,1,3.9,3.4,0.6,0.1,1.0,0.9
665923,2023-05-03,3,3,2,0,1,3,0,1,1,1,4.0,4.0,1.0,0.0,0.0,2.0
665923,2023-05-04,4,4,1,0,1,3,0,1,1,1,3.5,3.5,1.5,0.0,0.5,2.5
665923,2023-05-05,6,6,3,0,0,4,0,1,1,0,3.6666666666666665,3.6666666666666665,1.3333333333333333,0.0,0.6666666666666666,2.6666666666666665
665923,2023-05-06,5,5,1,0,2,1,0,1,0,1,4.25,4.25,1.75,0.0,0.5,3.0
665923,2023-05-07,4,4,1,0,0,1,0,1,0,0,4.4,4.4,1.6,0.0,0.8,2.6
665923,2023-05-08,5,5,2,0,2,3,0,1,1,1,4.333333333333333,4.333333333333333,1.5,0.0,0.6666666666666666,2.3333333333333335
665923,2023-05-09,5,5,1,0,2,1,0,1,0,1,4.428571428571429,4.428571428571429,1.5714285714285714,0.0,0.8571428571428571,2.4285714285714284
665923,2023-05-10,5,5,0,0,1,0,0,0,0,1,4.5,4.5,1.5,0.0,1.0,2.25
665923,2023-05-11,4,4,2,0,1,3,0,1,1,1,4.555555555555555,4.555555555555555,1.3333333333333333,0.0,1.0,2.0
665923,2023-05-12,6,5,3,1,0,6,1,1,1,0,4.5,4.5,1.4,0.0,1.0,2.1
665923,2023-05-13,4,3,0,0,1,0,0,0,0,1,4.7,4.6,1.6,0.1,1.0,2.5
665923,2023-05-14,3,3,0,0,1,0,0,0,0,1,4.8,4.6,1.4,0.1,1.0,2.2
665923,2023-05-15,3,3,1,0,0,1,0,1,0,0,4.7,4.5,1.3,0.1,1.0,1.9
665923,2023-05-16,7,6,2,0,2,3,0,1,1,1,4.4,4.2,1.1,0.1,1.0,1.6
665923,2023-05-17,5,4,2,0,0,3,0,1,1,0,4.6,4.3,1.2,0.1,1.0,1.8
665923,2023-05-19,5,4,2,0,0,2,0,1,1,0,4.7,4.3,1.3,0.1,1.0,2.0
665923,2023-05-20,4,4,2,0,2,2,0,1,1,1,4.7,4.2,1.3,0.1,0.8,1.9
665923,2023-05-21,4,4,1,0,0,2,0,1,1,0,4.6,4.1,1.4,0.1,0.8,2.0
665923,2023-05-22,4,4,1,0,1,1,0,1,0,1,4.5,4.0,1.5,0.1,0.7,2.2
665923,2023-05-23,4,4,1,0,1,1,0,1,0,1,4.5,4.0,1.4,0.1,0.7,2.0
665923,2023-05-24,4,3,0,0,0,0,0,0,0,0,4.3,3.9,1.2,0.0,0.8,1.5
665923,2023-05-25,4,4,0,0,1,0,0,0,0,1,4.3,3.9,1.2,0.0,0.7,1.5
665923,2023-05-26,4,4,1,0,1,1,0,1,0,1,4.4,4.0,1.2,0.0,0.7,1.5
665923,2023-05-27,5,5,0,0,3,0,0,0,0,1,4.5,4.1,1.2,0.0,0.8,1.5
665923,2023-05-29,5,3,2,0,0,2,0,1,1,0,4.3,4.0,1.0,0.0,0.9,1.2
665923,2023-05-30,4,3,1,0,0,1,0,1,0,0,4.3,3.9,1.0,0.0,0.9,1.1
665923,2023-05-31,3,3,0,0,0,0,0,0,0,0,4.2,3.8,0.9,0.0,0.9,1.0
665926,2023-05-02,4,3,0,0,1,0,0,0,0,1,4.0,4.0,0.0,0.0,1.0,0.0
665926,2023-05-03,3,3,1,0,1,1,0,1,0,1,4.0,3.5,0.0,0.0,1.0,0.0
665926,2023-05-05,3,3,0,0,1,0,0,0,0,1,3.6666666666666665,3.3333333333333335,0.3333333333333333,0.0,1.0,0.3333333333333333
665926,2023-05-06,3,3,0,0,0,0,0,0,0,0,3.5,3.25,0.25,0.0,1.0,0.25
665926,2023-05-07,3,3,0,0,0,0,0,0,0,0,3.4,3.2,0.2,0.0,0.8,0.2
665926,2023-05-08,4,4,2,0,0,2,0,1,1,0,3.3333333333333335,3.1666666666666665,0.16666666666666666,0.0,0.6666666666666666,0.16666666666666666
665926,2023-05-09,3,3,0,0,1,0,0,0,0,1,3.4285714285714284,3.2857142857142856,0.42857142857142855,0.0,0.5714285714285714,0.42857142857142855
665926,2023-05-12,4,4,3,0,0,5,0,1,1,0,3.375,3.25,0.375,0.0,0.625,0.375
665926,2023-05-13,3,3,1,1,0,4,1,1,1,0,3.4444444444444446,3.3333333333333335,0.6666666666666666,0.0,0.5555555555555556,0.8888888888888888
665926,2023-05-14,4,3,1,0,1,1,0,1,0,1,3.4,3.3,0.7,0.1,0.5,1.2
665926,2023-05-16,4,4,1,0,1,1,0,1,0,1,3.4,3.2,0.8,0.1,0.5,1.3
665926,2023-05-17,4,2,0,0,0,0,0,0,0,0,3.4,3.3,0.9,0.1,0.5,1.4
665926,2023-05-18,4,4,1,0,0,1,0,1,0,0,3.5,3.2,0.8,0.1,0.4,1.3
665926,2023-05-19,5,5,0,0,1,0,0,0,0,1,3.6,3.3,0.9,0.1,0.3,1.4
665926,2023-05-21,3,3,0,0,1,0,0,0,0,1,3.8,3.5,0.9,0.1,0.4,1.4
665926,2023-05-22,3,3,0,0,0,0,0,0,0,0,3.8,3.5,0.9,0.1,0.5,1.4
665926,2023-05-23,4,4,2,0,0,2,0,1,1,0,3.7,3.4,0.7,0.1,0.5,1.2
665926,2023-05-24,3,3,2,0,0,2,0,1,1,0,3.8,3.5,0.9,0.1,0.4,1.4
665926,2023-05-26,3,2,0,0,0,0,0,0,0,0,3.7,3.4,0.8,0.1,0.4,1.1
665926,2023-05-27,4,4,0,0,1,0,0,0,0,1,3.7,3.3,0.7,0.0,0.4,0.7
665926,2023-05-28,2,2,0,0,0,0,0,0,0,0,3.7,3.4,0.6,0.0,0.4,0.6
665926,2023-05-29,3,3,0,0,0,0,0,0,0,0,3.5,3.2,0.5,0.0,0.3,0.5
665926,2023-05-30,4,4,2,0,1,3,0,1,1,1,3.4,3.3,0.5,0.0,0.3,0.5
665926,2023-05-31,5,5,4,0,0,4,0,1,1,0,3.4,3.3,0.6,0.0,0.4,0.7
666023,2023-05-06,5,4,1,1,2,4,1,1,1,1,5.0,4.0,3.0,1.0,1.0,8.0
666023,2023-05-09,4,4,0,0,1,0,0,0,0,1,5.0,4.0,2.0,1.0,1.5,6.0
666023,2023-05-10,1,1,1,0,0,1,0,1,0,0,4.666666666666667,4.0,1.3333333333333333,0.6666666666666666,1.3333333333333333,4.0
666023,2023-05-11,4,4,2,0,0,2,0,1,1,0,3.75,3.25,1.25,0.5,1.0,3.25
666023,2023-05-12,3,3,1,1,0,4,1,1,1,0,3.8,3.4,1.4,0.4,0.8,3.0
666023,2023-05-16,4,2,0,0,0,0,0,0,0,0,3.6666666666666665,3.3333333333333335,1.3333333333333333,0.5,0.6666666666666666,3.1666666666666665
666023,2023-05-20,3,2,0,0,1,0,0,0,0,1,3.7142857142857144,3.142857142857143,1.1428571428571428,0.42857142857142855,0.5714285714285714,2.7142857142857144
666023,2023-05-24,4,4,1,0,1,1,0,1,0,1,3.625,3.0,1.0,0.375,0.625,2.375
666023,2023-05-26,5,5,0,0,2,0,0,0,0,1,3.6666666666666665,3.111111111111111,1.0,0.3333333333333333,0.6666666666666666,2.2222222222222223
666023,2023-05-29,4,4,0,0,2,0,0,0,0,1,3.8,3.3,0.9,0.3,0.8,2.0
666134,2023-05-27,4,4,2,0,1,3,0,1,1,1,4.0,3.0,0.0,0.0,2.0,0.0
666134,2023-05-28,4,4,1,0,2,1,0,1,0,1,4.0,3.5,1.0,0.0,1.5,1.5
666134,2023-05-30,4,4,1,1,1,4,1,1,1,1,4.0,3.6666666666666665,1.0,0.0,1.6666666666666667,1.3333333333333333
666134,2023-05-31,3,3,1,0,0,2,0,1,1,0,4.0,3.75,1.0,0.25,1.5,2.0
666135,2023-05-07,4,2,1,0,1,1,0,1,0,1,1.0,1.0,0.0,0.0,0.0,0.0
666135,2023-05-09,4,2,0,0,0,0,0,0,0,0,2.5,1.5,0.5,0.0,0.5,0.5
666135,2023-05-10,5,4,2,0,0,2,0,1,1,0,3.0,1.6666666666666667,0.3333333333333333,0.0,0.3333333333333333,0.3333333333333333
666135,2023-05-11,4,3,1,0,2,1,0,1,0,1,3.5,2.25,0.75,0.0,0.25,0.75
666135,2023-05-12,1,1,0,0,0,0,0,0,0,0,3.6,2.4,0.8,0.0,0.6,0.8
666135,2023-05-13,3,3,3,2,0,10,1,1,1,0,3.1666666666666665,2.1666666666666665,0.6666666666666666,0.0,0.5,0.6666666666666666
666135,2023-05-14,6,6,2,0,2,3,0,1,1,1,3.142857142857143,2.2857142857142856,1.0,0.2857142857142857,0.42857142857142855,2.0
666135,2023-05-15,7,7,1,0,2,1,0,1,0,1,3.5,2.75,1.125,0.25,0.625,2.125
666135,2023-05-16,5,3,0,0,2,0,0,0,0,1,3.888888888888889,3.2222222222222223,1.1111111111111112,0.2222222222222222,0.7777777777777778,2.0
666135,2023-05-17,4,4,2,0,1,2,0,1,1,1,4.0,3.2,1.0,0.2,0.9,1.8
666135,2023-05-19,2,2,1,0,0,2,0,1,1,0,4.3,3.5,1.2,0.2,1.0,2.0
666135,2023-05-20,2,2,1,0,0,1,0,1,0,0,4.1,3.5,1.2,0.2,0.9,2.1
666135,2023-05-21,4,4,1,1,2,4,1,1,1,1,3.9,3.5,1.3,0.2,0.9,2.2
666135,2023-05-22,1,1,0,0,1,0,0,0,0,1,3.8,3.5,1.2,0.3,1.1,2.4
666135,2023-05-23,4,4,0,0,1,0,0,0,0,1,3.5,3.3,1.1,0.3,1.0,2.3
666135,2023-05-24,4,4,0,0,2,0,0,0,0,1,3.8,3.6,1.1,0.3,1.1,2.3
666135,2023-05-26,3,2,0,0,2,0,0,0,0,1,3.9,3.7,0.8,0.1,1.3,1.3
666135,2023-05-27,5,5,2,0,2,2,0,1,1,1,3.6,3.3,0.6,0.1,1.3,1.0
666135,2023-05-28,4,2,0,0,1,0,0,0,0,1,3.4,3.1,0.7,0.1,1.3,1.1
666135,2023-05-29,5,2,2,0,0,2,0,1,1,0,3.3,3.0,0.7,0.1,1.2,1.1
666135,2023-05-30,4,2,1,0,0,1,0,1,0,0,3.4,2.8,0.7,0.1,1.1,1.1
666135,2023-05-31,5,4,2,0,1,2,0,1,1,1,3.6,2.8,0.7,0.1,1.1,1.0
666139,2023-05-04,3,2,0,0,1,0,0,0,0,1,4.0,4.0,1.0,1.0,2.0,4.0
666139,2023-05-05,4,4,1,0,1,2,0,1,1,1,3.5,3.0,0.5,0.5,1.5,2.0
666139,2023-05-06,2,2,0,0,1,0,0,0,0,1,3.6666666666666665,3.3333333333333335,0.6666666666666666,0.3333333333333333,1.3333333333333333,2.0
666139,2023-05-07,1,1,0,0,0,0,0,0,0,0,3.25,3.0,0.5,0.25,1.25,1.5
666139,2023-05-08,4,4,1,1,1,4,1,1,1,1,2.8,2.6,0.4,0.2,1.0,1.2
666139,2023-05-09,1,0,0,0,0,0,0,0,0,0,3.0,2.8333333333333335,0.5,0.3333333333333333,1.0,1.6666666666666667
666139,2023-05-10,4,4,1,0,1,1,0,1,0,1,2.7142857142857144,2.4285714285714284,0.42857142857142855,0.2857142857142857,0.8571428571428571,1.4285714285714286
666139,2023-05-11,4,4,2,1,0,6,1,1,1,0,2.875,2.625,0.5,0.25,0.875,1.375
666139,2023-05-12,4,4,2,1,1,5,1,1,1,1,3.0,2.7777777777777777,0.6666666666666666,0.3333333333333333,0.7777777777777778,1.8888888888888888
666139,2023-05-13,1,1,0,0,1,0,0,0,0,1,3.1,2.9,0.8,0.4,0.8,2.2
666139,2023-05-14,4,3,0,0,2,0,0,0,0,1,2.8,2.6,0.7,0.3,0.7,1.8
666139,2023-05-16,5,4,0,0,1,0,0,0,0,1,2.9,2.7,0.7,0.3,0.8,1.8
666139,2023-05-17,6,5,2,0,2,3,0,1,1,1,3.0,2.7,0.6,0.3,0.8,1.6
666139,2023-05-18,4,4,2,1,1,6,1,1,1,1,3.4,3.0,0.8,0.3,0.9,1.9
666139,2023-05-19,3,3,1,0,0,1,0,1,0,0,3.7,3.3,1.0,0.4,1.0,2.5
666139,2023-05-21,4,4,3,1,0,6,1,1,1,0,3.6,3.2,1.0,0.3,0.9,2.2
666139,2023-05-22,4,4,0,0,2,0,0,0,0,1,3.9,3.6,1.3,0.4,0.9,2.8
666139,2023-05-23,4,4,1,0,2,1,0,1,0,1,3.9,3.6,1.2,0.4,1.0,2.7
666139,2023-05-25,4,4,1,0,0,2,0,1,1,0,3.9,3.6,1.1,0.3,1.2,2.2
666139,2023-05-26,3,3,1,0,0,1,0,1,0,0,3.9,3.6,1.0,0.2,1.1,1.9
666139,2023-05-27,1,1,0,0,0,0,0,0,0,0,4.1,3.8,1.1,0.2,1.0,2.0
666139,2023-05-28,5,5,2,0,1,2,0,1,1,1,3.8,3.6,1.1,0.2,0.8,2.0
666139,2023-05-29,2,2,0,0,1,0,0,0,0,1,3.8,3.7,1.3,0.2,0.8,2.2
666139,2023-05-30,4,4,1,0,1,1,0,1,0,1,3.4,3.4,1.1,0.2,0.7,1.9
666139,2023-05-31,1,1,1,0,0,1,0,1,0,0,3.4,3.4,1.0,0.1,0.7,1.4
666150,2023-05-03,5,5,1,0,2,1,0,1,0,1,4.0,3.0,2.0,0.0,0.0,2.0
666150,2023-05-05,4,4,1,0,1,1,0,1,0,1,4.5,4.0,1.5,0.0,1.0,1.5
666150,2023-05-06,3,3,2,0,1,2,0,1,1,1,4.333333333333333,4.0,1.3333333333333333,0.0,1.0,1.3333333333333333
666150,2023-05-07,5,4,2,0,0,3,0,1,1,0,4.0,3.75,1.5,0.0,1.0,1.5
666150,2023-05-08,2,2,0,0,1,0,0,0,0,1,4.2,3.8,1.6,0.0,0.8,1.8
666150,2023-05-09,4,4,1,0,1,1,0,1,0,1,3.8333333333333335,3.5,1.3333333333333333,0.0,0.8333333333333334,1.5
666150,2023-05-11,4,4,3,0,0,3,0,1,1,0,3.857142857142857,3.5714285714285716,1.2857142857142858,0.0,0.8571428571428571,1.4285714285714286
666150,2023-05-12,4,4,3,1,0,7,1,1,1,0,3.875,3.625,1.5,0.0,0.75,1.625
666150,2023-05-13,4,4,2,1,0,7,1,1,1,0,3.888888888888889,3.6666666666666665,1.6666666666666667,0.1111111111111111,0.6666666666666666,2.2222222222222223
666150,2023-05-14,3,3,0,0,1,0,0,0,0,1,3.9,3.7,1.7,0.2,0.6,2.7
666150,2023-05-15,5,5,1,0,1,2,0,1,1,1,3.8,3.7,1.5,0.2,0.7,2.5
666150,2023-05-16,6,6,1,0,1,1,0,1,0,1,3.8,3.7,1.5,0.2,0.6,2.6
666150,2023-05-17,3,3,1,0,2,2,0,1,1,1,4.0,3.9,1.5,0.2,0.6,2.6
666150,2023-05-19,4,3,0,0,2,0,0,0,0,1,4.0,3.9,1.4,0.2,0.7,2.6
666150,2023-05-20,4,4,1,0,1,1,0,1,0,1,3.9,3.8,1.2,0.2,0.9,2.3
666150,2023-05-21,4,4,1,0,0,1,0,1,0,0,4.1,4.0,1.3,0.2,0.9,2.4
666150,2023-05-22,4,4,1,0,0,1,0,1,0,0,4.1,4.0,1.3,0.2,0.8,2.4
666150,2023-05-23,4,4,0,0,2,0,0,0,0,1,4.1,4.0,1.1,0.2,0.8,2.2
666150,2023-05-24,4,3,0,0,1,0,0,0,0,1,4.1,4.0,0.8,0.1,1.0,1.5
666160,2023-05-14,4,4,1,0,2,1,0,1,0,1,5.0,4.0,3.0,1.0,1.0,6.0
666160,2023-05-16,3,3,1,1,0,4,1,1,1,0,4.5,4.0,2.0,0.5,1.5,3.5
666160,2023-05-17,1,1,0,0,1,0,0,0,0,1,4.0,3.6666666666666665,1.6666666666666667,0.6666666666666666,1.0,3.6666666666666665
666160,2023-05-18,3,3,1,0,2,1,0,1,0,1,3.25,3.0,1.25,0.5,1.0,2.75
666160,2023-05-19,4,4,3,0,1,6,0,1,1,1,3.2,3.0,1.2,0.4,1.2,2.4
666160,2023-05-20,1,1,0,0,1,0,0,0,0,1,3.3333333333333335,3.1666666666666665,1.5,0.3333333333333333,1.1666666666666667,3.0
666160,2023-05-21,4,4,1,0,2,2,0,1,1,1,3.0,2.857142857142857,1.2857142857142858,0.2857142857142857,1.1428571428571428,2.5714285714285716
666160,2023-05-22,4,4,2,1,1,5,1,1,1,1,3.125,3.0,1.25,0.25,1.25,2.5
666160,2023-05-23,3,3,1,1,0,4,1,1,1,0,3.2222222222222223,3.111111111111111,1.3333333333333333,0.3333333333333333,1.2222222222222223,2.7777777777777777
666160,2023-05-27,5,5,0,0,3,0,0,0,0,1,3.2,3.1,1.3,0.4,1.1,2.9
666160,2023-05-28,3,3,0,0,0,0,0,0,0,0,3.2,3.2,1.0,0.3,1.3,2.3
666160,2023-05-29,5,5,1,0,2,2,0,1,1,1,3.1,3.1,0.9,0.3,1.1,2.2
666160,2023-05-31,5,5,2,0,1,3,0,1,1,1,3.3,3.3,0.9,0.2,1.3,2.0
666163,2023-05-24,1,1,0,0,0,0,0,0,0,0,4.0,4.0,2.0,0.0,2.0,3.0
666163,2023-05-25,2,0,0,0,0,0,0,0,0,0,2.5,2.5,1.0,0.0,1.0,1.5
666163,2023-05-26,2,2,0,0,0,0,0,0,0,0,2.3333333333333335,1.6666666666666667,0.6666666666666666,0.0,0.6666666666666666,1.0
666165,2023-05-02,4,4,1,0,2,2,0,1,1,1,4.0,4.0,1.0,0.0,1.0,1.0
666165,2023-05-07,4,4,3,0,1,4,0,1,1,1,4.0,4.0,1.0,0.0,1.5,1.5
666165,2023-05-08,3,3,0,0,1,0,0,0,0,1,4.0,4.0,1.6666666666666667,0.0,1.3333333333333333,2.3333333333333335
666165,2023-05-10,4,4,1,0,1,1,0,1,0,1,3.75,3.75,1.25,0.0,1.25,1.75
666165,2023-05-12,3,3,1,0,0,2,0,1,1,0,3.8,3.8,1.2,0.0,1.2,1.6
666165,2023-05-13,2,2,1,0,1,1,0,1,0,1,3.6666666666666665,3.6666666666666665,1.1666666666666667,0.0,1.0,1.6666666666666667
666165,2023-05-14,4,2,0,0,1,0,0,0,0,1,3.4285714285714284,3.4285714285714284,1.1428571428571428,0.0,1.0,1.5714285714285714
666165,2023-05-16,4,4,2,0,2,2,0,1,1,1,3.5,3.25,1.0,0.0,1.0,1.375
666165,2023-05-17,3,3,2,0,0,2,0,1,1,0,3.5555555555555554,3.3333333333333335,1.1111111111111112,0.0,1.1111111111111112,1.4444444444444444
666165,2023-05-19,2,1,0,0,1,0,0,0,0,1,3.5,3.3,1.2,0.0,1.0,1.5
666165,2023-05-22,4,2,1,0,0,2,0,1,1,0,3.3,3.0,1.1,0.0,1.0,1.4
666165,2023-05-23,2,2,1,0,0,2,0,1,1,0,3.3,2.8,1.1,0.0,0.8,1.4
666165,2023-05-24,3,2,0,0,1,0,0,0,0,1,3.1,2.6,0.9,0.0,0.7,1.2
666165,2023-05-25,4,3,0,0,2,0,0,0,0,1,3.1,2.5,0.9,0.0,0.7,1.2
666165,2023-05-26,5,5,0,0,4,0,0,0,0,1,3.1,2.4,0.8,0.0,0.8,1.1
666165,2023-05-27,4,4,0,0,0,0,0,0,0,0,3.3,2.6,0.7,0.0,1.2,0.9
666165,2023-05-28,4,4,1,1,0,4,1,1,1,0,3.5,2.8,0.6,0.0,1.1,0.8
666165,2023-05-30,4,3,2,0,0,2,0,1,1,0,3.5,3.0,0.7,0.1,1.0,1.2
666165,2023-05-31,4,4,2,0,1,2,0,1,1,1,3.5,2.9,0.7,0.1,0.8,1.2
666181,2023-05-22,1,1,0,0,1,0,0,0,0,1,4.0,4.0,0.0,0.0,1.0,0.0
666181,2023-05-26,1,1,1,0,0,1,0,1,0,0,2.5,2.5,0.0,0.0,1.0,0.0
666181,2023-05-30,5,5,3,0,0,5,0,1,1,0,2.0,2.0,0.3333333333333333,0.0,0.6666666666666666,0.3333333333333333
666181,2023-05-31,1,1,0,0,0,0,0,0,0,0,2.75,2.75,1.0,0.0,0.5,1.5
666182,2023-05-02,4,2,0,0,2,0,0,0,0,1,5.0,5.0,5.0,1.0,0.0,8.0
666182,2023-05-03,4,4,0,0,1,0,0,0,0,1,4.5,3.5,2.5,0.5,1.0,4.0
666182,2023-05-04,5,5,2,0,1,3,0,1,1,1,4.333333333333333,3.6666666666666665,1.6666666666666667,0.3333333333333333,1.0,2.6666666666666665
666182,2023-05-05,4,4,1,0,1,2,0,1,1,1,4.5,4.0,1.75,0.25,1.0,2.75
666182,2023-05-06,5,4,1,0,0,2,0,1,1,0,4.4,4.0,1.6,0.2,1.0,2.6
666182,2023-05-07,5,5,2,0,1,2,0,1,1,1,4.5,4.0,1.5,0.16666666666666666,0.8333333333333334,2.5
666182,2023-05-09,4,4,2,1,1,6,1,1,1,1,4.571428571428571,4.142857142857143,1.5714285714285714,0.14285714285714285,0.8571428571428571,2.4285714285714284
666182,2023-05-10,4,4,1,0,0,1,0,1,0,0,4.5,4.125,1.625,0.25,0.875,2.875
666182,2023-05-12,4,4,0,0,2,0,0,0,0,1,4.444444444444445,4.111111111111111,1.5555555555555556,0.2222222222222222,0.7777777777777778,2.6666666666666665
666182,2023-05-13,4,4,2,0,0,2,0,1,1,0,4.4,4.1,1.4,0.2,0.9,2.4
666182,2023-05-14,4,2,0,0,1,0,0,0,0,1,4.3,4.0,1.1,0.1,0.9,1.8
666182,2023-05-15,4,4,2,0,0,2,0,1,1,0,4.3,4.0,1.1,0.1,0.8,1.8
666182,2023-05-16,4,3,1,0,0,2,0,1,1,0,4.3,4.0,1.3,0.1,0.7,2.0
666182,2023-05-17,4,4,1,0,1,1,0,1,0,1,4.2,3.8,1.2,0.1,0.6,1.9
666182,2023-05-18,4,4,3,1,1,6,1,1,1,1,4.2,3.8,1.2,0.1,0.6,1.8
666182,2023-05-19,4,4,0,0,0,0,0,0,0,0,4.1,3.8,1.4,0.2,0.7,2.2
666182,2023-05-20,5,5,1,0,3,1,0,1,0,1,4.0,3.7,1.2,0.2,0.6,2.0
666182,2023-05-21,5,5,3,0,1,3,0,1,1,1,4.1,3.8,1.1,0.1,0.8,1.5
666182,2023-05-22,3,3,1,0,0,1,0,1,0,0,4.2,3.9,1.3,0.1,0.9,1.7
666182,2023-05-23,4,4,3,0,0,3,0,1,1,0,4.1,3.8,1.4,0.1,0.7,1.8
666182,2023-05-24,4,4,2,0,0,3,0,1,1,0,4.1,3.8,1.5,0.1,0.7,1.9
666182,2023-05-25,5,4,1,0,0,1,0,1,0,0,4.1,4.0,1.7,0.1,0.6,2.2
666182,2023-05-26,4,4,2,1,1,5,1,1,1,1,4.2,4.0,1.6,0.1,0.6,2.1
666182,2023-05-27,5,5,3,1,1,8,1,1,1,1,4.2,4.1,1.7,0.2,0.7,2.4
666182,2023-05-28,4,4,2,0,0,2,0,1,1,0,4.3,4.2,1.9,0.3,0.7,3.1
666182,2023-05-30,4,4,0,0,0,0,0,0,0,0,4.3,4.2,1.8,0.2,0.6,2.7
666182,2023-05-31,4,4,1,0,0,1,0,1,0,0,4.3,4.2,1.8,0.2,0.6,2.7
666185,2023-05-03,4,4,1,1,2,4,1,1,1,1,3.0,3.0,0.0,0.0,0.0,0.0
666185,2023-05-04,4,2,0,0,0,0,0,0,0,0,3.5,3.5,0.5,0.5,1.0,2.0
666185,2023-05-05,3,3,1,0,1,1,0,1,0,1,3.6666666666666665,3.0,0.3333333333333333,0.3333333333333333,0.6666666666666666,1.3333333333333333
666185,2023-05-06,4,4,1,1,0,4,1,1,1,0,3.5,3.0,0.5,0.25,0.75,1.25
666185,2023-05-07,4,4,1,0,0,1,0,1,0,0,3.6,3.2,0.6,0.4,0.6,1.8
666185,2023-05-08,4,4,1,0,2,1,0,1,0,1,3.6666666666666665,3.3333333333333335,0.6666666666666666,0.3333333333333333,0.5,1.6666666666666667
666185,2023-05-09,4,4,1,0,1,3,0,1,1,1,3.7142857142857144,3.4285714285714284,0.7142857142857143,0.2857142857142857,0.7142857142857143,1.5714285714285714
666185,2023-05-10,4,4,0,0,0,0,0,0,0,0,3.75,3.5,0.75,0.25,0.75,1.75
666185,2023-05-12,4,4,1,0,1,1,0,1,0,1,3.7777777777777777,3.5555555555555554,0.6666666666666666,0.2222222222222222,0.6666666666666666,1.5555555555555556
666185,2023-05-13,3,2,0,0,2,0,0,0,0,1,3.8,3.6,0.7,0.2,0.7,1.5
666185,2023-05-14,1,1,1,0,0,1,0,1,0,0,3.8,3.5,0.7,0.2,0.9,1.5
666211,2023-05-04,3,2,1,1,0,4,1,1,1,0,2.0,2.0,0.0,0.0,1.0,0.0
666211,2023-05-05,3,2,0,0,1,0,0,0,0,1,2.5,2.0,0.5,0.5,0.5,2.0
666211,2023-05-06,1,0,0,0,0,0,0,0,0,0,2.6666666666666665,2.0,0.3333333333333333,0.3333333333333333,0.6666666666666666,1.3333333333333333
666211,2023-05-07,4,3,1,0,1,1,0,1,0,1,2.25,1.5,0.25,0.25,0.5,1.0
666211,2023-05-08,3,3,0,0,2,0,0,0,0,1,2.6,1.8,0.4,0.2,0.6,1.0
666211,2023-05-13,3,3,0,0,2,0,0,0,0,1,2.6666666666666665,2.0,0.3333333333333333,0.16666666666666666,0.8333333333333334,0.8333333333333334
666211,2023-05-15,3,3,0,0,2,0,0,0,0,1,2.7142857142857144,2.142857142857143,0.2857142857142857,0.14285714285714285,1.0,0.7142857142857143
666211,2023-05-16,2,2,1,1,1,4,1,1,1,1,2.75,2.25,0.25,0.125,1.125,0.625
666211,2023-05-17,4,3,0,0,0,0,0,0,0,0,2.6666666666666665,2.2222222222222223,0.3333333333333333,0.2222222222222222,1.1111111111111112,1.0
666211,2023-05-19,2,2,0,0,2,0,0,0,0,1,2.8,2.3,0.3,0.2,1.0,0.9
666211,2023-05-20,4,3,1,0,1,1,0,1,0,1,2.8,2.3,0.3,0.2,1.1,0.9
666211,2023-05-24,1,1,0,0,0,0,0,0,0,0,2.9,2.4,0.3,0.1,1.2,0.6
666211,2023-05-26,4,4,1,0,2,1,0,1,0,1,2.7,2.3,0.3,0.1,1.1,0.6
666211,2023-05-28,1,1,0,0,1,0,0,0,0,1,3.0,2.7,0.4,0.1,1.3,0.7
666211,2023-05-29,4,2,0,0,0,0,0,0,0,0,2.7,2.5,0.3,0.1,1.3,0.6
666211,2023-05-30,1,1,0,0,1,0,0,0,0,1,2.8,2.4,0.3,0.1,1.1,0.6
666211,2023-05-31,2,2,0,0,2,0,0,0,0,1,2.6,2.2,0.3,0.1,1.0,0.6
666397,2023-05-21,4,3,1,0,2,1,0,1,0,1,2.0,2.0,0.0,0.0,1.0,0.0
666397,2023-05-23,4,4,0,0,2,0,0,0,0,1,3.0,2.5,0.5,0.0,1.5,0.5
666397,2023-05-24,5,3,1,1,1,4,1,1,1,1,3.3333333333333335,3.0,0.3333333333333333,0.0,1.6666666666666667,0.3333333333333333
666397,2023-05-26,4,2,0,0,2,0,0,0,0,1,3.75,3.0,0.5,0.25,1.5,1.25
666397,2023-05-27,5,5,3,1,1,8,1,1,1,1,3.8,2.8,0.4,0.2,1.6,1.0
666397,2023-05-28,4,3,0,0,2,0,0,0,0,1,4.0,3.1666666666666665,0.8333333333333334,0.3333333333333333,1.5,2.1666666666666665
666397,2023-05-29,4,4,1,0,2,1,0,1,0,1,4.0,3.142857142857143,0.7142857142857143,0.2857142857142857,1.5714285714285714,1.8571428571428572
666397,2023-05-30,4,4,2,0,0,2,0,1,1,0,4.0,3.25,0.75,0.25,1.625,1.75
666397,2023-05-31,6,5,0,0,3,0,0,0,0,1,4.0,3.3333333333333335,0.8888888888888888,0.2222222222222222,1.4444444444444444,1.7777777777777777
666624,2023-05-10,4,4,2,0,1,3,0,1,1,1,3.0,3.0,2.0,1.0,1.0,5.0
666624,2023-05-12,5,5,2,1,1,5,1,1,1,1,3.5,3.5,2.0,0.5,1.0,4.0
666624,2023-05-13,4,4,1,0,2,1,0,1,0,1,4.0,4.0,2.0,0.6666666666666666,1.0,4.333333333333333
666624,2023-05-14,4,4,1,1,1,4,1,1,1,1,4.0,4.0,1.75,0.5,1.25,3.5
666624,2023-05-15,5,5,1,1,4,4,1,1,1,1,4.0,4.0,1.6,0.6,1.2,3.6
666624,2023-05-16,4,4,1,0,3,2,0,1,1,1,4.166666666666667,4.166666666666667,1.5,0.6666666666666666,1.6666666666666667,3.6666666666666665
666624,2023-05-17,6,5,3,1,1,6,1,1,1,1,4.142857142857143,4.142857142857143,1.4285714285714286,0.5714285714285714,1.8571428571428572,3.4285714285714284
666624,2023-05-19,5,4,2,1,1,5,1,1,1,1,4.375,4.25,1.625,0.625,1.75,3.75
666624,2023-05-20,3,3,2,1,1,6,1,1,1,1,4.444444444444445,4.222222222222222,1.6666666666666667,0.6666666666666666,1.6666666666666667,3.888888888888889
666624,2023-05-21,4,4,1,1,2,4,1,1,1,1,4.3,4.1,1.7,0.7,1.6,4.1
666624,2023-05-23,4,3,1,1,1,4,1,1,1,1,4.4,4.2,1.6,0.7,1.7,4.0
666624,2023-05-24,4,4,1,0,2,1,0,1,0,1,4.4,4.1,1.5,0.8,1.7,4.1
666624,2023-05-25,4,4,0,0,1,0,0,0,0,1,4.3,4.0,1.4,0.7,1.8,3.7
666624,2023-05-26,3,3,1,0,1,1,0,1,0,1,4.3,4.0,1.3,0.7,1.7,3.6
666624,2023-05-27,4,3,0,0,1,0,0,0,0,1,4.2,3.9,1.3,0.6,1.7,3.3
666624,2023-05-28,4,4,0,0,2,0,0,0,0,1,4.1,3.7,1.2,0.5,1.4,2.9
666624,2023-05-30,3,3,0,0,2,0,0,0,0,1,4.1,3.7,1.1,0.5,1.3,2.7
666624,2023-05-31,1,1,0,0,1,0,0,0,0,1,3.8,3.5,0.8,0.4,1.4,2.1
666801,2023-05-03,4,4,1,0,3,1,0,1,0,1,4.0,3.0,0.0,0.0,0.0,0.0
666801,2023-05-04,1,1,0,0,1,0,0,0,0,1,4.0,3.5,0.5,0.0,1.5,0.5
666801,2023-05-05,3,2,1,0,0,1,0,1,0,0,3.0,2.6666666666666665,0.3333333333333333,0.0,1.3333333333333333,0.3333333333333333
666801,2023-05-06,3,3,0,0,2,0,0,0,0,1,3.0,2.5,0.5,0.0,1.0,0.5
666801,2023-05-07,3,3,0,0,1,0,0,0,0,1,3.0,2.6,0.4,0.0,1.2,0.4
666801,2023-05-08,3,2,1,1,0,4,1,1,1,0,3.0,2.6666666666666665,0.3333333333333333,0.0,1.1666666666666667,0.3333333333333333
666801,2023-05-09,1,1,0,0,0,0,0,0,0,0,3.0,2.5714285714285716,0.42857142857142855,0.14285714285714285,1.0,0.8571428571428571
666801,2023-05-10,1,0,0,0,0,0,0,0,0,0,2.75,2.375,0.375,0.125,0.875,0.75
666801,2023-05-12,2,2,0,0,2,0,0,0,0,1,2.5555555555555554,2.111111111111111,0.3333333333333333,0.1111111111111111,0.7777777777777778,0.6666666666666666
666801,2023-05-17,5,4,2,1,0,5,1,1,1,0,2.5,2.1,0.3,0.1,0.9,0.6
666801,2023-05-19,1,1,0,0,0,0,0,0,0,0,2.6,2.2,0.5,0.2,0.9,1.1
666801,2023-05-20,1,0,0,0,0,0,0,0,0,0,2.3,1.9,0.4,0.2,0.6,1.0
666801,2023-05-21,4,4,1,0,2,1,0,1,0,1,2.3,1.8,0.4,0.2,0.5,1.0
666801,2023-05-23,1,1,0,0,0,0,0,0,0,0,2.4,2.0,0.4,0.2,0.7,1.0
666801,2023-05-24,4,4,2,0,0,2,0,1,1,0,2.2,1.8,0.4,0.2,0.5,1.0
666801,2023-05-27,1,1,0,0,1,0,0,0,0,1,2.3,1.9,0.6,0.2,0.4,1.2
666801,2023-05-28,4,3,0,0,1,0,0,0,0,1,2.1,1.8,0.5,0.1,0.5,0.8
666801,2023-05-29,4,4,0,0,0,0,0,0,0,0,2.4,2.0,0.5,0.1,0.6,0.8
666801,2023-05-30,3,3,2,0,0,2,0,1,1,0,2.7,2.4,0.5,0.1,0.6,0.8
666801,2023-05-31,5,4,2,0,1,3,0,1,1,1,2.8,2.5,0.7,0.1,0.4,1.0
666906,2023-05-12,3,2,1,0,0,1,0,1,0,0,4.0,4.0,0.0,0.0,3.0,0.0
666906,2023-05-14,2,2,0,0,0,0,0,0,0,0,3.5,3.0,0.5,0.0,1.5,0.5
666906,2023-05-18,4,4,2,0,0,2,0,1,1,0,3.0,2.6666666666666665,0.3333333333333333,0.0,1.0,0.3333333333333333
666915,2023-05-09,1,1,0,0,1,0,0,0,0,1,1.0,1.0,0.0,0.0,1.0,0.0
666969,2023-05-03,4,3,0,0,0,0,0,0,0,0,4.0,3.0,0.0,0.0,0.0,0.0
666969,2023-05-05,5,3,0,0,2,0,0,0,0,1,4.0,3.0,0.0,0.0,0.0,0.0
666969,2023-05-06,5,4,1,0,1,1,0,1,0,1,4.333333333333333,3.0,0.0,0.0,0.6666666666666666,0.0
666969,2023-05-07,6,4,3,1,0,7,1,1,1,0,4.5,3.25,0.25,0.0,0.75,0.25
666969,2023-05-08,4,3,0,0,3,0,0,0,0,1,4.8,3.4,0.8,0.2,0.6,1.6
666969,2023-05-09,4,4,0,0,1,0,0,0,0,1,4.666666666666667,3.3333333333333335,0.6666666666666666,0.16666666666666666,1.0,1.3333333333333333
666969,2023-05-10,5,5,2,0,1,2,0,1,1,1,4.571428571428571,3.4285714285714284,0.5714285714285714,0.14285714285714285,1.0,1.1428571428571428
666969,2023-05-11,4,4,0,0,2,0,0,0,0,1,4.625,3.625,0.75,0.125,1.0,1.25
666969,2023-05-12,1,1,1,0,0,1,0,1,0,0,4.555555555555555,3.6666666666666665,0.6666666666666666,0.1111111111111111,1.1111111111111112,1.1111111111111112
666969,2023-05-13,3,3,0,0,3,0,0,0,0,1,4.2,3.4,0.7,0.1,1.0,1.1
666969,2023-05-14,5,5,3,1,0,7,1,1,1,0,4.1,3.4,0.7,0.1,1.3,1.1
666969,2023-05-15,3,3,0,0,2,0,0,0,0,1,4.2,3.6,1.0,0.2,1.3,1.8
666969,2023-05-16,3,2,1,1,1,4,1,1,1,1,4.0,3.6,1.0,0.2,1.3,1.8
666969,2023-05-17,4,4,2,2,1,8,1,1,1,1,3.8,3.4,1.0,0.3,1.3,2.1
666969,2023-05-19,4,3,1,1,2,4,1,1,1,1,3.6,3.4,0.9,0.4,1.4,2.2
666969,2023-05-20,2,2,1,0,0,1,0,1,0,0,3.6,3.4,1.0,0.5,1.3,2.6
666969,2023-05-21,4,2,0,0,0,0,0,0,0,0,3.4,3.2,1.1,0.5,1.2,2.7
666969,2023-05-22,4,4,0,0,1,0,0,0,0,1,3.3,2.9,0.9,0.5,1.1,2.5
666969,2023-05-23,4,4,2,0,0,4,0,1,1,0,3.3,2.9,0.9,0.5,1.0,2.5
666969,2023-05-24,5,5,1,0,0,1,0,1,0,0,3.6,3.2,1.0,0.5,1.0,2.8
666969,2023-05-26,4,4,0,0,2,0,0,0,0,1,3.8,3.4,1.1,0.5,0.7,2.9
666969,2023-05-27,4,3,1,0,2,1,0,1,0,1,3.7,3.3,0.8,0.4,0.9,2.2
666969,2023-05-28,4,4,1,0,1,1,0,1,0,1,3.8,3.3,0.9,0.4,0.9,2.3
666969,2023-05-29,4,4,0,0,2,0,0,0,0,1,3.9,3.5,0.9,0.3,0.9,2.0
666969,2023-05-30,5,5,4,0,1,4,0,1,1,1,3.9,3.5,0.7,0.1,1.0,1.2
666969,2023-05-31,4,4,1,0,3,2,0,1,1,1,4.0,3.7,1.0,0.0,0.9,1.2
666971,2023-05-03,5,3,2,1,0,5,1,1,1,0,4.0,3.0,0.0,0.0,1.0,0.0
666971,2023-05-06,5,5,4,1,0,7,1,1,1,0,4.5,3.0,1.0,0.5,0.5,2.5
666971,2023-05-07,5,3,2,2,0,8,1,1,1,0,4.666666666666667,3.6666666666666665,2.0,0.6666666666666666,0.3333333333333333,4.0
666971,2023-05-08,1,0,0,0,0,0,0,0,0,0,4.75,3.5,2.0,1.0,0.25,5.0
666971,2023-05-09,4,4,1,0,2,1,0,1,0,1,4.0,2.8,1.6,0.8,0.2,4.0
666971,2023-05-10,4,3,1,0,2,2,0,1,1,1,4.0,3.0,1.5,0.6666666666666666,0.5,3.5
666971,2023-05-11,4,4,1,0,1,2,0,1,1,1,4.0,3.0,1.4285714285714286,0.5714285714285714,0.7142857142857143,3.2857142857142856
666971,2023-05-12,4,4,2,0,0,3,0,1,1,0,4.0,3.125,1.375,0.5,0.75,3.125
666971,2023-05-14,3,3,1,0,0,2,0,1,1,0,4.0,3.2222222222222223,1.4444444444444444,0.4444444444444444,0.6666666666666666,3.111111111111111
666971,2023-05-15,4,2,1,1,0,4,1,1,1,0,3.9,3.2,1.4,0.4,0.6,3.0
666971,2023-05-16,6,5,2,1,1,5,1,1,1,1,3.9,3.1,1.5,0.5,0.5,3.4
666971,2023-05-17,4,4,1,0,0,2,0,1,1,0,4.0,3.3,1.5,0.5,0.6,3.4
666971,2023-05-19,4,4,1,0,2,1,0,1,0,1,3.9,3.2,1.2,0.4,0.6,2.9
666971,2023-05-20,4,4,1,0,0,1,0,1,0,0,3.8,3.3,1.1,0.2,0.8,2.2
666971,2023-05-21,5,5,1,0,0,1,0,1,0,0,4.1,3.7,1.2,0.2,0.8,2.3
666971,2023-05-22,4,4,4,1,0,8,1,1,1,0,4.2,3.8,1.2,0.2,0.6,2.3
666971,2023-05-23,4,4,1,0,2,2,0,1,1,1,4.2,3.9,1.5,0.3,0.4,2.9
666971,2023-05-26,4,4,1,0,1,3,0,1,1,1,4.2,3.9,1.5,0.3,0.5,2.9
666971,2023-05-27,3,3,0,0,1,0,0,0,0,1,4.2,3.9,1.4,0.3,0.6,2.9
666971,2023-05-28,4,4,2,0,1,2,0,1,1,1,4.2,3.9,1.3,0.3,0.7,2.7
666971,2023-05-29,3,3,2,1,0,5,1,1,1,0,4.2,4.1,1.4,0.2,0.8,2.5
666971,2023-05-30,4,4,0,0,0,0,0,0,0,0,3.9,3.9,1.4,0.2,0.7,2.5
666971,2023-05-31,4,4,1,0,1,1,0,1,0,1,3.9,3.9,1.3,0.2,0.7,2.3
667452,2023-05-02,3,3,0,0,0,0,0,0,0,0,4.0,4.0,1.0,0.0,1.0,1.0
667452,2023-05-05,4,4,0,0,2,0,0,0,0,1,3.5,3.5,0.5,0.0,0.5,0.5
667452,2023-05-07,3,3,1,0,1,1,0,1,0,1,3.6666666666666665,3.6666666666666665,0.3333333333333333,0.0,1.0,0.3333333333333333
667452,2023-05-09,4,4,0,0,1,0,0,0,0,1,3.5,3.5,0.5,0.0,1.0,0.5
667452,2023-05-10,4,4,1,0,1,1,0,1,0,1,3.6,3.6,0.4,0.0,1.0,0.4
667452,2023-05-12,5,3,2,0,1,2,0,1,1,1,3.6666666666666665,3.6666666666666665,0.5,0.0,1.0,0.5
667452,2023-05-13,4,4,0,0,3,0,0,0,0,1,3.857142857142857,3.5714285714285716,0.7142857142857143,0.0,1.0,0.7142857142857143
667452,2023-05-16,4,4,1,0,1,2,0,1,1,1,3.875,3.625,0.625,0.0,1.25,0.625
667452,2023-05-19,4,4,1,0,2,1,0,1,0,1,3.888888888888889,3.6666666666666665,0.6666666666666666,0.0,1.2222222222222223,0.7777777777777778
667452,2023-05-20,3,3,0,0,1,0,0,0,0,1,3.9,3.7,0.7,0.0,1.3,0.8
667452,2023-05-22,5,5,3,1,0,7,1,1,1,0,3.8,3.6,0.6,0.0,1.3,0.7
667452,2023-05-23,3,3,0,0,2,0,0,0,0,1,4.0,3.8,0.9,0.1,1.3,1.4
667452,2023-05-26,4,4,2,0,0,2,0,1,1,0,3.9,3.7,0.9,0.1,1.3,1.4
667452,2023-05-27,4,4,1,0,1,1,0,1,0,1,4.0,3.8,1.0,0.1,1.2,1.5
667452,2023-05-28,5,4,2,0,0,3,0,1,1,0,4.0,3.8,1.1,0.1,1.2,1.6
667452,2023-05-30,3,3,0,0,0,0,0,0,0,0,4.1,3.8,1.2,0.1,1.1,1.8
667452,2023-05-31,1,1,0,0,1,0,0,0,0,1,3.9,3.8,1.0,0.1,1.0,1.6
667670,2023-05-03,4,3,0,0,1,0,0,0,0,1,4.0,4.0,0.0,0.0,4.0,0.0
667670,2023-05-04,4,4,1,0,0,1,0,1,0,0,4.0,3.5,0.0,0.0,2.5,0.0
667670,2023-05-05,6,5,3,1,2,7,1,1,1,1,4.0,3.6666666666666665,0.3333333333333333,0.0,1.6666666666666667,0.3333333333333333
667670,2023-05-06,5,4,1,0,2,2,0,1,1,1,4.5,4.0,1.0,0.25,1.75,2.0
667670,2023-05-07,4,3,0,0,2,0,0,0,0,1,4.6,4.0,1.0,0.2,1.8,2.0
667670,2023-05-08,5,3,1,0,0,1,0,1,0,0,4.5,3.8333333333333335,0.8333333333333334,0.16666666666666666,1.8333333333333333,1.6666666666666667
667670,2023-05-09,5,5,1,0,2,1,0,1,0,1,4.571428571428571,3.7142857142857144,0.8571428571428571,0.14285714285714285,1.5714285714285714,1.5714285714285714
667670,2023-05-10,5,5,2,0,1,3,0,1,1,1,4.625,3.875,0.875,0.125,1.625,1.5
667670,2023-05-11,4,4,1,0,2,2,0,1,1,1,4.666666666666667,4.0,1.0,0.1111111111111111,1.5555555555555556,1.6666666666666667
667670,2023-05-12,6,5,2,1,0,6,1,1,1,0,4.6,4.0,1.0,0.1,1.6,1.7
667670,2023-05-14,4,3,0,0,2,0,0,0,0,1,4.8,4.1,1.2,0.2,1.2,2.3
667670,2023-05-15,4,4,0,0,1,0,0,0,0,1,4.8,4.1,1.2,0.2,1.3,2.3
667670,2023-05-16,6,4,2,0,0,2,0,1,1,0,4.8,4.1,1.1,0.2,1.4,2.2
667670,2023-05-17,4,4,0,0,2,0,0,0,0,1,4.8,4.0,1.0,0.1,1.2,1.7
667670,2023-05-19,4,4,0,0,4,0,0,0,0,1,4.7,4.0,0.9,0.1,1.2,1.5
667670,2023-05-20,4,4,2,0,0,2,0,1,1,0,4.7,4.1,0.9,0.1,1.4,1.5
667670,2023-05-21,4,4,0,0,1,0,0,0,0,1,4.6,4.2,1.0,0.1,1.4,1.6
667670,2023-05-22,4,4,0,0,2,0,0,0,0,1,4.5,4.1,0.9,0.1,1.3,1.5
667670,2023-05-23,4,3,0,0,2,0,0,0,0,1,4.4,4.0,0.7,0.1,1.4,1.2
667670,2023-05-24,1,1,1,0,0,1,0,1,0,0,4.4,3.9,0.6,0.1,1.4,1.0
667670,2023-05-25,4,4,0,0,2,0,0,0,0,1,3.9,3.5,0.5,0.0,1.4,0.5
667670,2023-05-26,4,4,1,0,2,1,0,1,0,1,3.9,3.6,0.5,0.0,1.4,0.5
667670,2023-05-27,5,4,1,0,2,2,0,1,1,1,3.9,3.6,0.6,0.0,1.5,0.6
667670,2023-05-28,3,3,0,0,1,0,0,0,0,1,3.8,3.6,0.5,0.0,1.7,0.6
667670,2023-05-29,1,0,0,0,0,0,0,0,0,0,3.7,3.5,0.5,0.0,1.6,0.6
667670,2023-05-31,4,4,1,0,1,2,0,1,1,1,3.4,3.1,0.5,0.0,1.2,0.6
668227,2023-05-04,3,2,1,1,1,4,1,1,1,1,3.0,3.0,1.0,0.0,0.0,2.0
668227,2023-05-05,4,2,1,1,0,4,1,1,1,0,3.0,2.5,1.0,0.5,0.5,3.0
668227,2023-05-06,4,4,1,0,1,1,0,1,0,1,3.3333333333333335,2.3333333333333335,1.0,0.6666666666666666,0.3333333333333333,3.3333333333333335
668227,2023-05-07,5,5,2,0,2,2,0,1,1,1,3.5,2.75,1.0,0.5,0.5,2.75
668227,2023-05-08,4,3,1,0,0,1,0,1,0,0,3.8,3.2,1.2,0.4,0.8,2.6
668227,2023-05-09,4,3,0,0,3,0,0,0,0,1,3.8333333333333335,3.1666666666666665,1.1666666666666667,0.3333333333333333,0.6666666666666666,2.3333333333333335
668227,2023-05-10,1,1,0,0,1,0,0,0,0,1,3.857142857142857,3.142857142857143,1.0,0.2857142857142857,1.0,2.0
668227,2023-05-11,5,3,0,0,2,0,0,0,0,1,3.5,2.875,0.875,0.25,1.0,1.75
668227,2023-05-12,5,4,2,1,0,5,1,1,1,0,3.6666666666666665,2.888888888888889,0.7777777777777778,0.2222222222222222,1.1111111111111112,1.5555555555555556
668227,2023-05-13,5,4,3,0,0,3,0,1,1,0,3.8,3.0,0.9,0.3,1.0,1.9
668227,2023-05-14,5,4,0,0,1,0,0,0,0,1,4.0,3.1,1.1,0.3,1.0,2.0
668227,2023-05-16,4,3,0,0,0,0,0,0,0,0,4.2,3.3,1.0,0.2,1.0,1.6
668227,2023-05-17,5,4,1,0,2,1,0,1,0,1,4.2,3.4,0.9,0.1,1.0,1.2
668227,2023-05-18,4,3,2,0,0,3,0,1,1,0,4.3,3.4,0.9,0.1,1.1,1.2
668227,2023-05-19,3,2,0,0,1,0,0,0,0,1,4.2,3.2,0.9,0.1,0.9,1.3
668227,2023-05-20,4,2,0,0,1,0,0,0,0,1,4.1,3.1,0.8,0.1,1.0,1.2
668227,2023-05-21,5,3,0,0,0,0,0,0,0,0,4.1,3.0,0.8,0.1,0.8,1.2
668227,2023-05-22,4,4,2,1,1,6,1,1,1,1,4.5,3.2,0.8,0.1,0.7,1.2
668227,2023-05-23,4,2,0,0,1,0,0,0,0,1,4.4,3.3,1.0,0.2,0.6,1.8
668227,2023-05-24,4,3,1,0,0,1,0,1,0,0,4.3,3.1,0.8,0.1,0.7,1.3
668227,2023-05-25,4,3,2,0,0,2,0,1,1,0,4.2,3.0,0.6,0.1,0.7,1.1
668227,2023-05-26,4,3,0,0,0,0,0,0,0,0,4.1,2.9,0.8,0.1,0.6,1.3
668227,2023-05-27,4,3,0,0,2,0,0,0,0,1,4.1,2.9,0.8,0.1,0.6,1.3
668227,2023-05-29,3,3,0,0,1,0,0,0,0,1,4.0,2.8,0.7,0.1,0.6,1.2
668227,2023-05-30,4,3,1,0,1,1,0,1,0,1,3.9,2.8,0.5,0.1,0.7,0.9
668227,2023-05-31,4,3,1,0,1,1,0,1,0,1,4.0,2.9,0.6,0.1,0.7,1.0
668472,2023-05-03,4,4,3,0,0,4,0,1,1,0,4.0,2.0,0.0,0.0,2.0,0.0
668472,2023-05-04,5,5,0,0,2,0,0,0,0,1,4.0,3.0,1.5,0.0,1.0,2.0
668472,2023-05-05,5,4,2,1,0,5,1,1,1,0,4.333333333333333,3.6666666666666665,1.0,0.0,1.3333333333333333,1.3333333333333333
668472,2023-05-06,1,1,0,0,1,0,0,0,0,1,4.5,3.75,1.25,0.25,1.0,2.25
668472,2023-05-07,4,4,1,0,1,2,0,1,1,1,3.8,3.2,1.0,0.2,1.0,1.8
668472,2023-05-08,5,3,2,0,0,3,0,1,1,0,3.8333333333333335,3.3333333333333335,1.0,0.16666666666666666,1.0,1.8333333333333333
668472,2023-05-09,1,1,0,0,0,0,0,0,0,0,4.0,3.2857142857142856,1.1428571428571428,0.14285714285714285,0.8571428571428571,2.0
668472,2023-05-10,4,4,2,1,1,5,1,1,1,1,3.625,3.0,1.0,0.125,0.75,1.75
668472,2023-05-11,4,2,0,0,0,0,0,0,0,0,3.6666666666666665,3.111111111111111,1.1111111111111112,0.2222222222222222,0.7777777777777778,2.111111111111111
668472,2023-05-12,4,4,1,0,2,1,0,1,0,1,3.7,3.0,1.0,0.2,0.7,1.9
668472,2023-05-13,4,4,2,0,1,4,0,1,1,1,3.7,3.2,1.1,0.2,0.7,2.0
668472,2023-05-14,4,3,1,0,1,1,0,1,0,1,3.7,3.2,1.0,0.2,0.8,2.0
668472,2023-05-15,4,4,0,0,3,0,0,0,0,1,3.6,3.0,1.1,0.2,0.7,2.1
668472,2023-05-17,3,2,1,0,0,1,0,1,0,0,3.5,3.0,0.9,0.1,1.0,1.6
668472,2023-05-19,3,3,0,0,3,0,0,0,0,1,3.7,3.1,1.0,0.1,0.9,1.7
668472,2023-05-20,4,3,2,0,1,3,0,1,1,1,3.6,3.0,0.9,0.1,1.1,1.5
668472,2023-05-21,4,3,1,0,1,1,0,1,0,1,3.5,3.0,0.9,0.1,1.2,1.5
668472,2023-05-22,5,5,1,0,1,1,0,1,0,1,3.8,3.2,1.0,0.1,1.3,1.6
668472,2023-05-23,5,4,0,0,1,0,0,0,0,1,3.9,3.3,0.9,0.0,1.3,1.2
668472,2023-05-24,5,4,0,0,3,0,0,0,0,1,4.0,3.5,0.9,0.0,1.4,1.2
668472,2023-05-26,1,1,0,0,0,0,0,0,0,0,4.1,3.5,0.8,0.0,1.5,1.1
668472,2023-05-27,5,4,0,0,2,0,0,0,0,1,3.8,3.2,0.6,0.0,1.4,0.7
668472,2023-05-28,4,3,2,0,1,3,0,1,1,1,3.9,3.3,0.5,0.0,1.5,0.6
668472,2023-05-29,6,6,3,0,2,4,0,1,1,1,3.9,3.2,0.7,0.0,1.3,0.9
668472,2023-05-30,4,2,0,0,1,0,0,0,0,1,4.2,3.6,0.9,0.0,1.5,1.2
668663,2023-05-24,1,1,0,0,0,0,0,0,0,0,1.0,1.0,0.0,0.0,0.0,0.0
668670,2023-05-04,3,3,0,0,3,0,0,0,0,1,3.0,3.0,0.0,0.0,0.0,0.0
668670,2023-05-05,2,2,1,0,1,2,0,1,1,1,3.0,3.0,0.0,0.0,1.5,0.0
668670,2023-05-07,4,4,1,1,1,4,1,1,1,1,2.6666666666666665,2.6666666666666665,0.3333333333333333,0.0,1.3333333333333333,0.6666666666666666
668670,2023-05-09,4,4,0,0,2,0,0,0,0,1,3.0,3.0,0.5,0.25,1.25,1.5
668670,2023-05-10,4,4,0,0,1,0,0,0,0,1,3.2,3.2,0.4,0.2,1.4,1.2
668670,2023-05-12,4,4,1,1,2,4,1,1,1,1,3.3333333333333335,3.3333333333333335,0.3333333333333333,0.16666666666666666,1.3333333333333333,1.0
668670,2023-05-14,4,2,1,0,0,2,0,1,1,0,3.4285714285714284,3.4285714285714284,0.42857142857142855,0.2857142857142857,1.4285714285714286,1.4285714285714286
668670,2023-05-17,3,3,0,0,1,0,0,0,0,1,3.5,3.25,0.5,0.25,1.25,1.5
668670,2023-05-20,2,2,0,0,0,0,0,0,0,0,3.4444444444444446,3.2222222222222223,0.4444444444444444,0.2222222222222222,1.2222222222222223,1.3333333333333333
668670,2023-05-21,4,4,0,0,3,0,0,0,0,1,3.3,3.1,0.4,0.2,1.1,1.2
668670,2023-05-23,3,3,0,0,2,0,0,0,0,1,3.4,3.2,0.4,0.2,1.4,1.2
668670,2023-05-25,1,1,0,0,0,0,0,0,0,0,3.4,3.2,0.4,0.2,1.3,1.2
668670,2023-05-26,4,3,0,0,1,0,0,0,0,1,3.3,3.1,0.3,0.2,1.2,1.0
668670,2023-05-30,4,3,1,1,2,4,1,1,1,1,3.3,3.0,0.2,0.1,1.2,0.6
668670,2023-05-31,4,3,0,0,2,0,0,0,0,1,3.3,2.9,0.3,0.2,1.2,1.0
668709,2023-05-04,4,4,2,1,0,5,1,1,1,0,4.0,4.0,0.0,0.0,1.0,0.0
668709,2023-05-05,4,3,2,0,0,2,0,1,1,0,4.0,4.0,1.0,0.5,0.5,2.5
668709,2023-05-06,5,5,2,1,2,6,1,1,1,1,4.0,3.6666666666666665,1.3333333333333333,0.3333333333333333,0.3333333333333333,2.3333333333333335
668709,2023-05-07,2,2,1,0,0,1,0,1,0,0,4.25,4.0,1.5,0.5,0.75,3.25
668709,2023-05-08,4,4,1,0,2,1,0,1,0,1,3.8,3.6,1.4,0.4,0.6,2.8
668709,2023-05-09,3,2,1,0,0,2,0,1,1,0,3.8333333333333335,3.6666666666666665,1.3333333333333333,0.3333333333333333,0.8333333333333334,2.5
668709,2023-05-10,5,5,2,1,0,6,1,1,1,0,3.7142857142857144,3.4285714285714284,1.2857142857142858,0.2857142857142857,0.7142857142857143,2.4285714285714284
668709,2023-05-11,3,3,0,0,2,0,0,0,0,1,3.875,3.625,1.375,0.375,0.625,2.875
668709,2023-05-12,2,2,1,0,0,1,0,1,0,0,3.7777777777777777,3.5555555555555554,1.2222222222222223,0.3333333333333333,0.7777777777777778,2.5555555555555554
668709,2023-05-13,3,3,0,0,1,0,0,0,0,1,3.6,3.4,1.2,0.3,0.7,2.4
668709,2023-05-15,3,3,0,0,2,0,0,0,0,1,3.5,3.3,1.2,0.3,0.7,2.4
668709,2023-05-17,4,3,0,0,0,0,0,0,0,0,3.4,3.2,1.0,0.2,0.9,1.9
668709,2023-05-19,4,4,0,0,2,0,0,0,0,1,3.4,3.2,0.8,0.2,0.9,1.7
668709,2023-05-20,4,3,0,0,2,0,0,0,0,1,3.3,3.1,0.6,0.1,0.9,1.1
668709,2023-05-22,3,1,0,0,0,0,0,0,0,0,3.5,3.2,0.5,0.1,1.1,1.0
668709,2023-05-24,3,3,1,0,0,1,0,1,0,0,3.4,2.9,0.4,0.1,0.9,0.9
668709,2023-05-25,3,3,0,0,0,0,0,0,0,0,3.4,3.0,0.4,0.1,0.9,0.8
668709,2023-05-28,4,3,0,0,0,0,0,0,0,0,3.2,2.8,0.2,0.0,0.9,0.2
668709,2023-05-29,3,3,0,0,1,0,0,0,0,1,3.3,2.8,0.2,0.0,0.7,0.2
668709,2023-05-30,4,2,1,0,0,1,0,1,0,0,3.4,2.9,0.1,0.0,0.8,0.1
668709,2023-05-31,1,1,0,0,0,0,0,0,0,0,3.5,2.8,0.2,0.0,0.7,0.2
668715,2023-05-02,4,4,0,0,1,0,0,0,0,1,4.0,4.0,1.0,0.0,3.0,1.0
668715,2023-05-03,3,3,1,1,0,4,1,1,1,0,4.0,4.0,0.5,0.0,2.0,0.5
668715,2023-05-05,4,4,1,0,2,1,0,1,0,1,3.6666666666666665,3.6666666666666665,0.6666666666666666,0.3333333333333333,1.3333333333333333,1.6666666666666667
668715,2023-05-06,4,4,1,0,0,1,0,1,0,0,3.75,3.75,0.75,0.25,1.5,1.5
668715,2023-05-07,5,5,3,1,0,7,1,1,1,0,3.8,3.8,0.8,0.2,1.2,1.4
668715,2023-05-09,5,2,0,0,0,0,0,0,0,0,4.0,4.0,1.1666666666666667,0.3333333333333333,1.0,2.3333333333333335
668715,2023-05-10,4,4,0,0,1,0,0,0,0,1,4.142857142857143,3.7142857142857144,1.0,0.2857142857142857,0.8571428571428571,2.0
668715,2023-05-11,4,4,1,1,2,4,1,1,1,1,4.125,3.75,0.875,0.25,0.875,1.75
668715,2023-05-12,5,4,2,0,1,4,0,1,1,1,4.111111111111111,3.7777777777777777,0.8888888888888888,0.3333333333333333,1.0,2.0
668715,2023-05-13,4,4,0,0,1,0,0,0,0,1,4.2,3.8,1.0,0.3,1.0,2.2
668715,2023-05-14,4,2,0,0,1,0,0,0,0,1,4.2,3.8,0.9,0.3,0.8,2.1
668715,2023-05-15,5,5,3,0,0,4,0,1,1,0,4.2,3.6,0.9,0.3,0.8,2.1
668715,2023-05-16,3,3,0,0,1,0,0,0,0,1,4.4,3.8,1.1,0.2,0.8,2.1
668715,2023-05-17,5,4,2,0,0,3,0,1,1,0,4.3,3.7,1.0,0.2,0.7,2.0
668715,2023-05-19,4,3,1,0,1,1,0,1,0,1,4.4,3.7,1.1,0.2,0.7,2.2
668715,2023-05-20,5,5,1,0,1,1,0,1,0,1,4.3,3.5,0.9,0.1,0.8,1.6
668715,2023-05-21,4,4,2,0,1,3,0,1,1,1,4.3,3.8,1.0,0.1,0.9,1.7
668715,2023-05-22,5,5,1,1,3,4,1,1,1,1,4.3,3.8,1.2,0.1,0.9,2.0
668715,2023-05-23,4,4,1,0,0,1,0,1,0,0,4.4,3.9,1.2,0.1,1.0,2.0
668715,2023-05-24,5,5,4,0,0,4,0,1,1,0,4.3,3.9,1.1,0.1,0.9,1.7
668715,2023-05-25,4,4,2,0,0,3,0,1,1,0,4.4,4.0,1.5,0.1,0.8,2.1
668715,2023-05-26,6,6,3,0,1,6,0,1,1,1,4.4,4.2,1.7,0.1,0.7,2.4
668715,2023-05-27,4,3,0,0,1,0,0,0,0,1,4.5,4.3,1.7,0.1,0.8,2.6
668715,2023-05-28,4,4,2,1,0,5,1,1,1,0,4.6,4.3,1.7,0.1,0.8,2.6
668715,2023-05-30,5,4,2,0,0,2,0,1,1,0,4.5,4.3,1.7,0.2,0.8,2.8
668715,2023-05-31,4,3,1,1,1,4,1,1,1,1,4.6,4.4,1.8,0.2,0.7,2.9
668731,2023-05-06,5,5,2,0,1,3,0,1,1,1,5.0,5.0,1.0,0.0,2.0,1.0
668731,2023-05-08,5,4,0,0,1,0,0,0,0,1,5.0,5.0,1.5,0.0,1.5,2.0
668731,2023-05-09,3,3,3,0,0,3,0,1,1,0,5.0,4.666666666666667,1.0,0.0,1.3333333333333333,1.3333333333333333
668731,2023-05-10,4,4,1,0,1,2,0,1,1,1,4.5,4.25,1.5,0.0,1.0,1.75
668731,2023-05-12,1,1,0,0,0,0,0,0,0,0,4.4,4.2,1.4,0.0,1.0,1.8
668731,2023-05-13,3,3,0,0,0,0,0,0,0,0,3.8333333333333335,3.6666666666666665,1.1666666666666667,0.0,0.8333333333333334,1.5
668731,2023-05-14,4,4,1,0,0,2,0,1,1,0,3.7142857142857144,3.5714285714285716,1.0,0.0,0.7142857142857143,1.2857142857142858
668731,2023-05-16,4,3,1,0,1,1,0,1,0,1,3.75,3.625,1.0,0.0,0.625,1.375
668731,2023-05-17,1,1,0,0,1,0,0,0,0,1,3.7777777777777777,3.5555555555555554,1.0,0.0,0.6666666666666666,1.3333333333333333
668731,2023-05-19,5,4,2,1,0,5,1,1,1,0,3.5,3.3,0.9,0.0,0.7,1.2
668731,2023-05-20,1,1,0,0,0,0,0,0,0,0,3.5,3.2,1.0,0.1,0.5,1.6
668731,2023-05-21,3,0,0,0,0,0,0,0,0,0,3.1,2.8,0.8,0.1,0.4,1.3
668731,2023-05-22,5,4,1,0,1,1,0,1,0,1,2.9,2.4,0.8,0.1,0.3,1.3
668731,2023-05-23,2,2,1,0,0,1,0,1,0,0,3.1,2.5,0.6,0.1,0.4,1.1
668731,2023-05-24,2,2,0,0,0,0,0,0,0,0,2.9,2.3,0.6,0.1,0.3,1.0
668731,2023-05-25,3,3,2,1,1,5,1,1,1,1,3.0,2.4,0.6,0.1,0.3,1.0
668731,2023-05-26,4,3,1,0,0,1,0,1,0,0,3.0,2.4,0.8,0.2,0.4,1.5
668731,2023-05-27,3,2,1,0,0,2,0,1,1,0,3.0,2.3,0.8,0.2,0.4,1.4
668731,2023-05-28,4,4,1,1,1,4,1,1,1,1,2.9,2.2,0.8,0.2,0.3,1.5
668731,2023-05-29,4,3,1,0,0,1,0,1,0,0,3.2,2.5,0.9,0.3,0.3,1.9
668731,2023-05-30,2,2,0,0,1,0,0,0,0,1,3.1,2.4,0.8,0.2,0.3,1.5
668731,2023-05-31,3,3,1,0,0,1,0,1,0,0,3.2,2.5,0.8,0.2,0.4,1.5
668800,2023-05-05,3,3,1,1,2,4,1,1,1,1,3.0,3.0,0.0,0.0,1.0,0.0
668800,2023-05-06,3,3,1,0,1,1,0,1,0,1,3.0,3.0,0.5,0.5,1.5,2.0
668800,2023-05-07,4,4,2,0,1,4,0,1,1,1,3.0,3.0,0.6666666666666666,0.3333333333333333,1.3333333333333333,1.6666666666666667
668800,2023-05-08,3,3,0,0,2,0,0,0,0,1,3.25,3.25,1.0,0.25,1.25,2.25
668800,2023-05-09,4,4,2,0,0,4,0,1,1,0,3.2,3.2,0.8,0.2,1.4,1.8
668800,2023-05-10,3,3,1,0,0,1,0,1,0,0,3.3333333333333335,3.3333333333333335,1.0,0.16666666666666666,1.1666666666666667,2.1666666666666665
668800,2023-05-12,3,3,0,0,0,0,0,0,0,0,3.2857142857142856,3.2857142857142856,1.0,0.14285714285714285,1.0,2.0
668800,2023-05-13,3,3,0,0,0,0,0,0,0,0,3.25,3.25,0.875,0.125,0.875,1.75
668800,2023-05-14,5,5,2,1,1,5,1,1,1,1,3.2222222222222223,3.2222222222222223,0.7777777777777778,0.1111111111111111,0.7777777777777778,1.5555555555555556
668800,2023-05-15,1,1,1,1,0,4,1,1,1,0,3.4,3.4,0.9,0.2,0.8,1.9
668800,2023-05-16,3,3,0,0,1,0,0,0,0,1,3.2,3.2,1.0,0.3,0.7,2.3
668800,2023-05-19,2,2,0,0,0,0,0,0,0,0,3.2,3.2,0.9,0.2,0.6,1.9
668800,2023-05-22,3,2,1,0,1,1,0,1,0,1,3.1,3.1,0.8,0.2,0.5,1.8
668800,2023-05-24,1,1,0,0,0,0,0,0,0,0,3.0,2.9,0.7,0.2,0.5,1.5
668800,2023-05-25,4,4,2,0,1,3,0,1,1,1,2.8,2.7,0.7,0.2,0.3,1.5
668800,2023-05-28,4,4,1,1,1,4,1,1,1,1,2.8,2.7,0.7,0.2,0.4,1.4
668804,2023-05-03,4,4,1,0,0,2,0,1,1,0,5.0,3.0,2.0,0.0,0.0,3.0
668804,2023-05-04,3,3,1,0,1,1,0,1,0,1,4.5,3.5,1.5,0.0,0.0,2.5
668804,2023-05-05,4,4,1,0,2,2,0,1,1,1,4.0,3.3333333333333335,1.3333333333333333,0.0,0.3333333333333333,2.0
668804,2023-05-06,4,4,1,0,2,2,0,1,1,1,4.0,3.5,1.25,0.0,0.75,2.0
668804,2023-05-07,5,5,0,0,0,0,0,0,0,0,4.0,3.6,1.2,0.0,1.0,2.0
668804,2023-05-08,3,3,0,0,0,0,0,0,0,0,4.166666666666667,3.8333333333333335,1.0,0.0,0.8333333333333334,1.6666666666666667
668804,2023-05-09,4,4,1,0,1,1,0,1,0,1,4.0,3.7142857142857144,0.8571428571428571,0.0,0.7142857142857143,1.4285714285714286
668804,2023-05-10,4,3,1,0,1,2,0,1,1,1,4.0,3.75,0.875,0.0,0.75,1.375
668804,2023-05-12,4,4,1,0,2,1,0,1,0,1,4.0,3.6666666666666665,0.8888888888888888,0.0,0.7777777777777778,1.4444444444444444
668804,2023-05-13,4,4,1,0,0,1,0,1,0,0,4.0,3.7,0.9,0.0,0.9,1.4
668804,2023-05-14,5,4,1,0,2,1,0,1,0,1,3.9,3.8,0.8,0.0,0.9,1.2
668804,2023-05-16,4,4,0,0,3,0,0,0,0,1,4.0,3.8,0.8,0.0,1.1,1.1
668804,2023-05-17,5,5,3,0,1,4,0,1,1,1,4.1,3.9,0.7,0.0,1.3,1.0
668804,2023-05-19,4,3,1,1,0,4,1,1,1,0,4.2,4.0,0.9,0.0,1.2,1.2
668804,2023-05-20,4,3,0,0,0,0,0,0,0,0,4.2,3.9,0.9,0.1,1.0,1.4
668804,2023-05-21,4,4,0,0,0,0,0,0,0,0,4.1,3.7,0.9,0.1,1.0,1.4
668804,2023-05-22,5,4,2,0,0,2,0,1,1,0,4.2,3.8,0.9,0.1,1.0,1.4
668804,2023-05-23,4,4,1,0,1,2,0,1,1,1,4.3,3.8,1.0,0.1,0.9,1.5
668804,2023-05-24,4,3,0,0,0,0,0,0,0,0,4.3,3.9,1.0,0.1,0.9,1.5
668804,2023-05-26,5,4,3,1,0,8,1,1,1,0,4.3,3.8,0.9,0.1,0.7,1.4
668804,2023-05-27,4,3,0,0,2,0,0,0,0,1,4.4,3.8,1.1,0.2,0.7,2.1
668804,2023-05-28,5,5,2,0,1,4,0,1,1,1,4.3,3.7,1.0,0.2,0.7,2.0
668804,2023-05-29,3,3,0,0,0,0,0,0,0,0,4.4,3.8,1.2,0.2,0.5,2.4
668804,2023-05-31,5,5,1,0,1,1,0,1,0,1,4.2,3.6,0.9,0.2,0.4,2.0
668901,2023-05-19,4,3,1,0,1,1,0,1,0,1,4.0,4.0,1.0,1.0,0.0,4.0
668901,2023-05-21,3,3,0,0,1,0,0,0,0,1,4.0,3.5,1.0,0.5,0.5,2.5
668901,2023-05-23,2,2,0,0,2,0,0,0,0,1,3.6666666666666665,3.3333333333333335,0.6666666666666666,0.3333333333333333,0.6666666666666666,1.6666666666666667
668901,2023-05-25,1,1,0,0,0,0,0,0,0,0,3.25,3.0,0.5,0.25,1.0,1.25
668901,2023-05-26,1,1,0,0,0,0,0,0,0,0,2.8,2.6,0.4,0.2,0.8,1.0
668901,2023-05-27,4,4,2,0,0,2,0,1,1,0,2.5,2.3333333333333335,0.3333333333333333,0.16666666666666666,0.6666666666666666,0.8333333333333334
668901,2023-05-28,3,3,0,0,1,0,0,0,0,1,2.7142857142857144,2.5714285714285716,0.5714285714285714,0.14285714285714285,0.5714285714285714,1.0
668901,2023-05-30,3,3,1,0,1,1,0,1,0,1,2.75,2.625,0.5,0.125,0.625,0.875
668904,2023-05-30,4,4,1,0,3,2,0,1,1,1,4.0,4.0,2.0,1.0,0.0,5.0
668930,2023-05-03,2,1,1,0,0,2,0,1,1,0,4.0,4.0,2.0,0.0,2.0,2.0
668930,2023-05-04,4,3,1,0,0,1,0,1,0,0,3.0,2.5,1.5,0.0,1.0,2.0
668930,2023-05-06,4,4,2,0,1,2,0,1,1,1,3.3333333333333335,2.6666666666666665,1.3333333333333333,0.0,0.6666666666666666,1.6666666666666667
668930,2023-05-07,4,3,1,0,1,1,0,1,0,1,3.5,3.0,1.5,0.0,0.75,1.75
668930,2023-05-08,4,4,1,0,1,1,0,1,0,1,3.6,3.0,1.4,0.0,0.8,1.6
668930,2023-05-09,4,4,0,0,1,0,0,0,0,1,3.6666666666666665,3.1666666666666665,1.3333333333333333,0.0,0.8333333333333334,1.5
668930,2023-05-10,1,1,0,0,1,0,0,0,0,1,3.7142857142857144,3.2857142857142856,1.1428571428571428,0.0,0.8571428571428571,1.2857142857142858
668930,2023-05-12,1,1,0,0,0,0,0,0,0,0,3.375,3.0,1.0,0.0,0.875,1.125
668930,2023-05-13,4,4,1,0,2,1,0,1,0,1,3.111111111111111,2.7777777777777777,0.8888888888888888,0.0,0.7777777777777778,1.0
668930,2023-05-14,3,3,1,1,1,4,1,1,1,1,3.2,2.9,0.9,0.0,0.9,1.0
668930,2023-05-15,4,4,0,0,2,0,0,0,0,1,3.1,2.8,0.8,0.1,0.8,1.2
668930,2023-05-16,4,4,3,0,0,3,0,1,1,0,3.3,3.1,0.7,0.1,1.0,1.0
668930,2023-05-17,4,4,0,0,0,0,0,0,0,0,3.3,3.2,0.9,0.1,1.0,1.2
668930,2023-05-20,3,3,2,0,0,3,0,1,1,0,3.3,3.2,0.7,0.1,0.9,1.0
668930,2023-05-21,4,4,0,0,1,0,0,0,0,1,3.2,3.2,0.8,0.1,0.8,1.2
668930,2023-05-22,4,3,0,0,1,0,0,0,0,1,3.2,3.2,0.7,0.1,0.8,1.1
668930,2023-05-23,4,3,0,0,1,0,0,0,0,1,3.2,3.1,0.7,0.1,0.8,1.1
668930,2023-05-24,3,3,0,0,1,0,0,0,0,1,3.5,3.3,0.7,0.1,0.8,1.1
668930,2023-05-25,1,1,0,0,0,0,0,0,0,0,3.7,3.5,0.7,0.1,0.9,1.1
668930,2023-05-26,3,3,0,0,1,0,0,0,0,1,3.4,3.2,0.6,0.1,0.7,1.0
668930,2023-05-27,4,4,1,0,1,3,0,1,1,1,3.4,3.2,0.5,0.0,0.7,0.6
668930,2023-05-28,4,4,0,0,2,0,0,0,0,1,3.4,3.2,0.6,0.0,0.6,0.9
668930,2023-05-30,1,1,0,0,1,0,0,0,0,1,3.4,3.2,0.3,0.0,0.8,0.6
668930,2023-05-31,4,4,0,0,0,0,0,0,0,0,3.1,2.9,0.3,0.0,0.9,0.6
668939,2023-05-03,4,4,1,0,0,1,0,1,0,0,6.0,5.0,4.0,0.0,1.0,6.0
668939,2023-05-04,6,5,0,0,1,0,0,0,0,1,5.0,4.5,2.5,0.0,0.5,3.5
668939,2023-05-05,5,3,0,0,1,0,0,0,0,1,5.333333333333333,4.666666666666667,1.6666666666666667,0.0,0.6666666666666666,2.3333333333333335
668939,2023-05-06,4,3,0,0,0,0,0,0,0,0,5.25,4.25,1.25,0.0,0.75,1.75
668939,2023-05-07,3,2,0,0,0,0,0,0,0,0,5.0,4.0,1.0,0.0,0.6,1.4
668939,2023-05-08,4,4,0,0,3,0,0,0,0,1,4.666666666666667,3.6666666666666665,0.8333333333333334,0.0,0.5,1.1666666666666667
668939,2023-05-09,4,3,1,1,1,4,1,1,1,1,4.571428571428571,3.7142857142857144,0.7142857142857143,0.0,0.8571428571428571,1.0
668939,2023-05-10,4,3,1,0,0,1,0,1,0,0,4.5,3.625,0.75,0.125,0.875,1.375
668939,2023-05-12,5,4,2,0,0,3,0,1,1,0,4.444444444444445,3.5555555555555554,0.7777777777777778,0.1111111111111111,0.7777777777777778,1.3333333333333333
668939,2023-05-13,4,3,2,1,1,5,1,1,1,1,4.5,3.6,0.9,0.1,0.7,1.5
668939,2023-05-14,1,1,0,0,0,0,0,0,0,0,4.3,3.4,0.7,0.2,0.7,1.4
668939,2023-05-15,3,3,1,0,1,1,0,1,0,1,4.0,3.1,0.6,0.2,0.7,1.3
668939,2023-05-16,4,4,1,0,2,1,0,1,0,1,3.7,2.9,0.7,0.2,0.7,1.4
668939,2023-05-17,4,4,1,0,0,2,0,1,1,0,3.6,3.0,0.8,0.2,0.8,1.5
668939,2023-05-18,4,3,1,1,0,4,1,1,1,0,3.6,3.1,0.9,0.2,0.8,1.7
668939,2023-05-19,5,3,0,0,1,0,0,0,0,1,3.7,3.2,1.0,0.3,0.8,2.1
668939,2023-05-20,5,4,1,0,0,1,0,1,0,0,3.8,3.1,1.0,0.3,0.6,2.1
668939,2023-05-21,4,4,0,0,0,0,0,0,0,0,3.9,3.2,1.0,0.2,0.5,1.8
668939,2023-05-23,5,4,1,0,0,1,0,1,0,0,3.9,3.3,0.9,0.2,0.5,1.7
668939,2023-05-24,5,4,1,0,0,1,0,1,0,0,3.9,3.3,0.8,0.2,0.5,1.5
668939,2023-05-25,4,4,0,0,1,0,0,0,0,1,4.0,3.4,0.7,0.1,0.4,1.1
668939,2023-05-26,4,3,3,1,0,6,1,1,1,0,4.3,3.7,0.7,0.1,0.5,1.1
668939,2023-05-27,3,3,0,0,0,0,0,0,0,0,4.4,3.7,0.9,0.2,0.4,1.6
668939,2023-05-28,4,4,2,0,0,2,0,1,1,0,4.3,3.6,0.8,0.2,0.2,1.5
668939,2023-05-30,4,2,1,0,0,1,0,1,0,0,4.3,3.6,0.9,0.2,0.2,1.5
668939,2023-05-31,5,5,4,0,0,4,0,1,1,0,4.3,3.5,0.9,0.1,0.2,1.2
668942,2023-05-03,2,1,0,0,0,0,0,0,0,0,3.0,3.0,1.0,0.0,1.0,1.0
668942,2023-05-05,3,3,0,0,3,0,0,0,0,1,2.5,2.0,0.5,0.0,0.5,0.5
668942,2023-05-06,1,1,0,0,0,0,0,0,0,0,2.6666666666666665,2.3333333333333335,0.3333333333333333,0.0,1.3333333333333333,0.3333333333333333
668942,2023-05-07,6,3,0,0,1,0,0,0,0,1,2.25,2.0,0.25,0.0,1.0,0.25
668942,2023-05-10,4,4,0,0,3,0,0,0,0,1,3.0,2.2,0.2,0.0,1.0,0.2
668942,2023-05-11,4,3,1,0,0,1,0,1,0,0,3.1666666666666665,2.5,0.16666666666666666,0.0,1.3333333333333333,0.16666666666666666
668942,2023-05-12,2,2,1,0,0,2,0,1,1,0,3.2857142857142856,2.5714285714285716,0.2857142857142857,0.0,1.1428571428571428,0.2857142857142857
668942,2023-05-13,4,4,1,0,2,2,0,1,1,1,3.125,2.5,0.375,0.0,1.0,0.5
668942,2023-05-14,4,4,1,0,0,2,0,1,1,0,3.2222222222222223,2.6666666666666665,0.4444444444444444,0.0,1.1111111111111112,0.6666666666666666
668942,2023-05-15,5,4,2,0,0,2,0,1,1,0,3.3,2.8,0.5,0.0,1.0,0.8
668942,2023-05-16,2,2,0,0,1,0,0,0,0,1,3.5,2.9,0.6,0.0,0.9,0.9
668942,2023-05-17,3,3,0,0,0,0,0,0,0,0,3.5,3.0,0.6,0.0,1.0,0.9
668942,2023-05-19,5,5,2,0,1,3,0,1,1,1,3.5,3.0,0.6,0.0,0.7,0.9
668942,2023-05-20,3,2,0,0,2,0,0,0,0,1,3.9,3.4,0.8,0.0,0.8,1.2
668942,2023-05-21,2,1,0,0,0,0,0,0,0,0,3.6,3.3,0.8,0.0,0.9,1.2
668942,2023-05-22,4,4,1,0,1,1,0,1,0,1,3.4,3.0,0.8,0.0,0.6,1.2
668942,2023-05-24,2,1,0,0,1,0,0,0,0,1,3.4,3.1,0.8,0.0,0.7,1.2
668942,2023-05-27,3,3,0,0,1,0,0,0,0,1,3.4,3.0,0.7,0.0,0.8,1.0
668942,2023-05-28,4,4,1,0,1,1,0,1,0,1,3.3,2.9,0.6,0.0,0.7,0.8
668942,2023-05-29,4,3,0,0,1,0,0,0,0,1,3.3,2.9,0.6,0.0,0.8,0.7
668942,2023-05-31,4,4,0,0,3,0,0,0,0,1,3.2,2.8,0.4,0.0,0.9,0.5
669004,2023-05-03,4,4,1,0,0,1,0,1,0,0,4.0,4.0,1.0,1.0,1.0,4.0
669004,2023-05-04,5,5,3,0,2,5,0,1,1,1,4.0,4.0,1.0,0.5,0.5,2.5
669004,2023-05-05,5,5,1,0,0,1,0,1,0,0,4.333333333333333,4.333333333333333,1.6666666666666667,0.3333333333333333,1.0,3.3333333333333335
669004,2023-05-06,2,1,0,0,1,0,0,0,0,1,4.5,4.5,1.5,0.25,0.75,2.75
669004,2023-05-07,4,4,1,0,2,1,0,1,0,1,4.0,3.8,1.2,0.2,0.8,2.2
669004,2023-05-08,4,4,2,1,1,5,1,1,1,1,4.0,3.8333333333333335,1.1666666666666667,0.16666666666666666,1.0,2.0
669004,2023-05-09,4,3,1,0,1,1,0,1,0,1,4.0,3.857142857142857,1.2857142857142858,0.2857142857142857,1.0,2.4285714285714284
669004,2023-05-10,4,3,1,0,1,1,0,1,0,1,4.0,3.75,1.25,0.25,1.0,2.25
669004,2023-05-11,4,4,1,0,1,1,0,1,0,1,4.0,3.6666666666666665,1.2222222222222223,0.2222222222222222,1.0,2.111111111111111
669004,2023-05-12,4,3,0,0,1,0,0,0,0,1,4.0,3.7,1.2,0.2,1.0,2.0
669004,2023-05-13,4,3,1,0,1,2,0,1,1,1,4.0,3.6,1.1,0.1,1.0,1.6
669004,2023-05-14,4,3,2,0,0,2,0,1,1,0,4.0,3.5,1.1,0.1,1.1,1.7
669004,2023-05-16,4,3,0,0,2,0,0,0,0,1,3.9,3.3,1.0,0.1,0.9,1.4
669004,2023-05-17,4,4,2,0,1,4,0,1,1,1,3.8,3.1,0.9,0.1,1.1,1.3
669004,2023-05-19,3,3,0,0,1,0,0,0,0,1,4.0,3.4,1.1,0.1,1.1,1.7
669004,2023-05-20,4,4,1,0,1,1,0,1,0,1,3.9,3.3,1.0,0.1,1.0,1.6
669004,2023-05-21,4,4,0,0,2,0,0,0,0,1,3.9,3.3,0.9,0.0,1.0,1.2
669004,2023-05-22,4,3,0,0,1,0,0,0,0,1,3.9,3.4,0.8,0.0,1.1,1.1
669004,2023-05-23,4,4,0,0,3,0,0,0,0,1,3.9,3.4,0.7,0.0,1.1,1.0
669004,2023-05-24,4,4,1,0,2,1,0,1,0,1,3.9,3.4,0.6,0.0,1.3,0.9
669004,2023-05-26,5,3,1,0,1,1,0,1,0,1,3.9,3.5,0.7,0.0,1.4,1.0
669004,2023-05-27,4,2,0,0,0,0,0,0,0,0,4.0,3.5,0.7,0.0,1.4,0.9
669004,2023-05-28,3,3,1,1,1,4,1,1,1,1,4.0,3.4,0.5,0.0,1.4,0.7
669004,2023-05-29,5,3,1,0,1,3,0,1,1,1,3.9,3.4,0.6,0.1,1.3,1.1
669004,2023-05-30,4,4,0,0,1,0,0,0,0,1,4.0,3.3,0.5,0.1,1.3,1.0
669016,2023-05-02,3,3,0,0,3,0,0,0,0,1,4.0,4.0,2.0,0.0,1.0,2.0
669016,2023-05-03,4,3,1,0,1,1,0,1,0,1,3.5,3.5,1.0,0.0,2.0,1.0
669016,2023-05-05,1,0,0,0,0,0,0,0,0,0,3.6666666666666665,3.3333333333333335,1.0,0.0,1.6666666666666667,1.0
669016,2023-05-06,4,4,1,0,1,1,0,1,0,1,3.0,2.5,0.75,0.0,1.25,0.75
669016,2023-05-07,3,3,0,0,1,0,0,0,0,1,3.2,2.8,0.8,0.0,1.2,0.8
669016,2023-05-09,3,2,1,0,0,2,0,1,1,0,3.1666666666666665,2.8333333333333335,0.6666666666666666,0.0,1.1666666666666667,0.6666666666666666
669016,2023-05-10,3,2,0,0,2,0,0,0,0,1,3.142857142857143,2.7142857142857144,0.7142857142857143,0.0,1.0,0.8571428571428571
669016,2023-05-12,1,1,0,0,1,0,0,0,0,1,3.125,2.625,0.625,0.0,1.125,0.75
669016,2023-05-13,4,3,0,0,1,0,0,0,0,1,2.888888888888889,2.4444444444444446,0.5555555555555556,0.0,1.1111111111111112,0.6666666666666666
669016,2023-05-14,4,2,0,0,1,0,0,0,0,1,3.0,2.5,0.5,0.0,1.1,0.6
669016,2023-05-15,4,3,0,0,0,0,0,0,0,0,3.0,2.3,0.3,0.0,1.1,0.4
669016,2023-05-16,4,3,1,0,1,1,0,1,0,1,3.1,2.3,0.3,0.0,0.8,0.4
669016,2023-05-17,3,3,0,0,1,0,0,0,0,1,3.1,2.3,0.3,0.0,0.8,0.4
669016,2023-05-19,2,2,0,0,0,0,0,0,0,0,3.3,2.6,0.3,0.0,0.9,0.4
669016,2023-05-20,5,4,0,0,2,0,0,0,0,1,3.1,2.4,0.2,0.0,0.8,0.3
669016,2023-05-22,2,2,0,0,2,0,0,0,0,1,3.3,2.5,0.2,0.0,0.9,0.3
669016,2023-05-24,4,4,2,0,1,2,0,1,1,1,3.2,2.5,0.1,0.0,1.1,0.1
669016,2023-05-25,4,4,1,0,1,1,0,1,0,1,3.3,2.7,0.3,0.0,1.0,0.3
669016,2023-05-26,4,4,1,0,2,1,0,1,0,1,3.6,3.0,0.4,0.0,1.0,0.4
669016,2023-05-27,4,4,1,0,3,1,0,1,0,1,3.6,3.1,0.5,0.0,1.1,0.5
669016,2023-05-28,4,4,2,1,1,5,1,1,1,1,3.6,3.3,0.6,0.0,1.3,0.6
669016,2023-05-30,3,3,0,0,2,0,0,0,0,1,3.6,3.4,0.8,0.1,1.4,1.1
669016,2023-05-31,4,4,2,0,1,3,0,1,1,1,3.5,3.4,0.7,0.1,1.5,1.0
669065,2023-05-04,5,4,0,0,0,0,0,0,0,0,2.0,2.0,1.0,0.0,0.0,1.0
669065,2023-05-06,2,2,0,0,1,0,0,0,0,1,3.5,3.0,0.5,0.0,0.0,0.5
669065,2023-05-07,5,5,0,0,2,0,0,0,0,1,3.0,2.6666666666666665,0.3333333333333333,0.0,0.3333333333333333,0.3333333333333333
669065,2023-05-09,3,3,0,0,1,0,0,0,0,1,3.5,3.25,0.25,0.0,0.75,0.25
669065,2023-05-12,2,2,0,0,0,0,0,0,0,0,3.4,3.2,0.2,0.0,0.8,0.2
669065,2023-05-14,4,4,0,0,4,0,0,0,0,1,3.1666666666666665,3.0,0.16666666666666666,0.0,0.6666666666666666,0.16666666666666666
669087,2023-05-12,4,3,1,0,2,1,0,1,0,1,1.0,1.0,0.0,0.0,0.0,0.0
669087,2023-05-14,1,1,0,0,1,0,0,0,0,1,2.5,2.0,0.5,0.0,1.0,0.5
669087,2023-05-15,1,1,1,0,0,1,0,1,0,0,2.0,1.6666666666666667,0.3333333333333333,0.0,1.0,0.3333333333333333
669087,2023-05-16,3,3,0,0,2,0,0,0,0,1,1.75,1.5,0.5,0.0,0.75,0.5
669127,2023-05-03,3,3,0,0,1,0,0,0,0,1,3.0,2.0,0.0,0.0,2.0,0.0
669127,2023-05-05,5,3,1,0,0,1,0,1,0,0,3.0,2.5,0.0,0.0,1.5,0.0
669127,2023-05-06,4,3,1,0,1,1,0,1,0,1,3.6666666666666665,2.6666666666666665,0.3333333333333333,0.0,1.0,0.3333333333333333
669127,2023-05-08,4,4,0,0,1,0,0,0,0,1,3.75,2.75,0.5,0.0,1.0,0.5
669127,2023-05-09,5,4,3,0,1,3,0,1,1,1,3.8,3.0,0.4,0.0,1.0,0.4
669127,2023-05-11,3,3,0,0,2,0,0,0,0,1,4.0,3.1666666666666665,0.8333333333333334,0.0,1.0,0.8333333333333334
669127,2023-05-12,4,4,1,0,2,1,0,1,0,1,3.857142857142857,3.142857142857143,0.7142857142857143,0.0,1.1428571428571428,0.7142857142857143
669127,2023-05-13,4,4,1,0,1,1,0,1,0,1,3.875,3.25,0.75,0.0,1.25,0.75
669127,2023-05-14,4,3,2,1,1,5,1,1,1,1,3.888888888888889,3.3333333333333335,0.7777777777777778,0.0,1.2222222222222223,0.7777777777777778
669127,2023-05-15,4,4,0,0,2,0,0,0,0,1,3.9,3.3,0.9,0.1,1.2,1.2
669127,2023-05-16,6,5,1,0,3,2,0,1,1,1,4.0,3.5,0.9,0.1,1.2,1.2
669127,2023-05-19,4,3,1,0,0,2,0,1,1,0,4.3,3.7,1.0,0.1,1.4,1.4
669127,2023-05-20,4,4,0,0,2,0,0,0,0,1,4.2,3.7,1.0,0.1,1.4,1.5
669127,2023-05-21,2,2,0,0,0,0,0,0,0,0,4.2,3.8,0.9,0.1,1.5,1.4
669127,2023-05-22,4,4,1,0,2,2,0,1,1,1,4.0,3.6,0.9,0.1,1.4,1.4
669127,2023-05-23,3,3,0,0,1,0,0,0,0,1,3.9,3.6,0.7,0.1,1.5,1.3
669127,2023-05-24,4,4,0,0,2,0,0,0,0,1,3.9,3.6,0.7,0.1,1.4,1.3
669127,2023-05-25,3,3,0,0,1,0,0,0,0,1,3.9,3.6,0.6,0.1,1.4,1.2
669127,2023-05-27,4,4,2,0,1,3,0,1,1,1,3.8,3.5,0.5,0.1,1.4,1.1
669127,2023-05-28,4,3,0,0,0,0,0,0,0,0,3.8,3.6,0.5,0.0,1.4,0.9
669127,2023-05-29,4,3,1,0,1,1,0,1,0,1,3.8,3.5,0.5,0.0,1.2,0.9
669127,2023-05-30,2,2,1,0,1,1,0,1,0,1,3.6,3.3,0.5,0.0,1.0,0.8
669221,2023-05-02,5,2,0,0,2,0,0,0,0,1,8.0,7.0,4.0,2.0,1.0,10.0
669221,2023-05-03,5,3,2,0,0,2,0,1,1,0,6.5,4.5,2.0,1.0,1.5,5.0
669221,2023-05-04,3,2,1,0,1,2,0,1,1,1,6.0,4.0,2.0,0.6666666666666666,1.0,4.0
669221,2023-05-05,4,4,2,1,0,5,1,1,1,0,5.25,3.5,1.75,0.5,1.0,3.5
669221,2023-05-06,4,3,0,0,0,0,0,0,0,0,5.0,3.6,1.8,0.6,0.8,3.8
669221,2023-05-07,2,2,0,0,1,0,0,0,0,1,4.833333333333333,3.5,1.5,0.5,0.6666666666666666,3.1666666666666665
669221,2023-05-09,5,4,3,0,0,4,0,1,1,0,4.428571428571429,3.2857142857142856,1.2857142857142858,0.42857142857142855,0.7142857142857143,2.7142857142857144
669221,2023-05-10,4,4,0,0,1,0,0,0,0,1,4.5,3.375,1.5,0.375,0.625,2.875
669221,2023-05-12,4,4,0,0,3,0,0,0,0,1,4.444444444444445,3.4444444444444446,1.3333333333333333,0.3333333333333333,0.6666666666666666,2.5555555555555554
669221,2023-05-13,4,4,0,0,0,0,0,0,0,0,4.4,3.5,1.2,0.3,0.9,2.3
669221,2023-05-15,5,4,1,0,0,1,0,1,0,0,4.0,3.2,0.8,0.1,0.8,1.3
669221,2023-05-16,3,3,1,1,2,4,1,1,1,1,4.0,3.4,0.9,0.1,0.6,1.4
669221,2023-05-19,4,4,2,0,0,2,0,1,1,0,3.8,3.4,0.8,0.2,0.8,1.6
669221,2023-05-20,4,4,1,0,2,1,0,1,0,1,3.9,3.6,0.9,0.2,0.7,1.6
669221,2023-05-22,4,4,1,0,0,1,0,1,0,0,3.9,3.6,0.8,0.1,0.9,1.2
669221,2023-05-23,4,3,1,0,1,1,0,1,0,1,3.9,3.7,0.9,0.1,0.9,1.3
669221,2023-05-25,4,4,1,0,2,1,0,1,0,1,4.1,3.8,1.0,0.1,0.9,1.4
669221,2023-05-27,4,4,2,1,2,6,1,1,1,1,4.0,3.8,0.8,0.1,1.1,1.1
669221,2023-05-28,4,4,3,0,0,3,0,1,1,0,4.0,3.8,1.0,0.2,1.2,1.7
669221,2023-05-29,4,3,1,0,1,1,0,1,0,1,4.0,3.8,1.3,0.2,0.9,2.0
669221,2023-05-30,3,3,0,0,1,0,0,0,0,1,4.0,3.7,1.4,0.2,1.0,2.1
669222,2023-05-02,4,4,0,0,1,0,0,0,0,1,4.0,4.0,3.0,1.0,0.0,6.0
669222,2023-05-03,4,4,1,0,0,1,0,1,0,0,4.0,4.0,1.5,0.5,0.5,3.0
669222,2023-05-05,4,4,1,0,1,1,0,1,0,1,4.0,4.0,1.3333333333333333,0.3333333333333333,0.3333333333333333,2.3333333333333335
669222,2023-05-06,3,3,0,0,1,0,0,0,0,1,4.0,4.0,1.25,0.25,0.5,2.0
669222,2023-05-07,4,3,0,0,0,0,0,0,0,0,3.8,3.8,1.0,0.2,0.6,1.6
669222,2023-05-09,5,5,2,0,2,3,0,1,1,1,3.8333333333333335,3.6666666666666665,0.8333333333333334,0.16666666666666666,0.5,1.3333333333333333
669222,2023-05-10,3,3,0,0,2,0,0,0,0,1,4.0,3.857142857142857,1.0,0.14285714285714285,0.7142857142857143,1.5714285714285714
669222,2023-05-11,2,2,1,0,0,2,0,1,1,0,3.875,3.75,0.875,0.125,0.875,1.375
669222,2023-05-12,5,4,1,0,1,2,0,1,1,1,3.6666666666666665,3.5555555555555554,0.8888888888888888,0.1111111111111111,0.7777777777777778,1.4444444444444444
669222,2023-05-14,4,4,2,0,1,2,0,1,1,1,3.8,3.6,0.9,0.1,0.8,1.5
669222,2023-05-15,4,1,1,0,0,1,0,1,0,0,3.8,3.6,0.8,0.0,0.9,1.1
669222,2023-05-16,4,4,1,1,1,4,1,1,1,1,3.8,3.3,0.9,0.0,0.8,1.2
669222,2023-05-17,5,4,1,0,0,1,0,1,0,0,3.8,3.3,0.9,0.1,0.9,1.5
669222,2023-05-19,4,4,0,0,1,0,0,0,0,1,3.9,3.3,0.9,0.1,0.8,1.5
669222,2023-05-20,4,4,0,0,2,0,0,0,0,1,4.0,3.4,0.9,0.1,0.8,1.5
669222,2023-05-21,4,4,0,0,3,0,0,0,0,1,4.0,3.5,0.9,0.1,1.0,1.5
669222,2023-05-22,5,4,2,0,0,2,0,1,1,0,3.9,3.4,0.7,0.1,1.1,1.2
669222,2023-05-23,4,4,1,0,1,2,0,1,1,1,4.1,3.5,0.9,0.1,0.9,1.4
669222,2023-05-24,5,3,2,0,0,2,0,1,1,0,4.3,3.7,0.9,0.1,1.0,1.4
669222,2023-05-25,4,4,0,0,1,0,0,0,0,1,4.3,3.6,1.0,0.1,0.9,1.4
669222,2023-05-26,4,4,1,0,3,1,0,1,0,1,4.3,3.6,0.8,0.1,0.9,1.2
669222,2023-05-27,4,3,1,0,1,1,0,1,0,1,4.3,3.9,0.8,0.1,1.2,1.2
669222,2023-05-28,5,3,2,0,0,3,0,1,1,0,4.3,3.8,0.8,0.0,1.2,0.9
669222,2023-05-31,4,4,2,0,1,3,0,1,1,1,4.3,3.7,0.9,0.0,1.2,1.1
669242,2023-05-03,4,4,0,0,1,0,0,0,0,1,4.0,4.0,1.0,0.0,1.0,1.0
669242,2023-05-04,4,4,2,1,0,5,1,1,1,0,4.0,4.0,0.5,0.0,1.0,0.5
669242,2023-05-05,4,4,0,0,2,0,0,0,0,1,4.0,4.0,1.0,0.3333333333333333,0.6666666666666666,2.0
669242,2023-05-06,1,0,0,0,0,0,0,0,0,0,4.0,4.0,0.75,0.25,1.0,1.5
669242,2023-05-07,3,2,0,0,0,0,0,0,0,0,3.4,3.2,0.6,0.2,0.8,1.2
669242,2023-05-08,4,4,0,0,1,0,0,0,0,1,3.3333333333333335,3.0,0.5,0.16666666666666666,0.6666666666666666,1.0
669242,2023-05-10,4,4,1,0,0,1,0,1,0,0,3.4285714285714284,3.142857142857143,0.42857142857142855,0.14285714285714285,0.7142857142857143,0.8571428571428571
669242,2023-05-12,5,5,1,0,2,2,0,1,1,1,3.5,3.25,0.5,0.125,0.625,0.875
669242,2023-05-13,4,4,1,0,0,1,0,1,0,0,3.6666666666666665,3.4444444444444446,0.5555555555555556,0.1111111111111111,0.7777777777777778,1.0
669242,2023-05-15,5,5,4,1,0,7,1,1,1,0,3.7,3.5,0.6,0.1,0.7,1.0
669242,2023-05-16,4,4,3,0,0,4,0,1,1,0,3.8,3.6,0.9,0.2,0.6,1.6
669242,2023-05-17,3,3,1,0,1,1,0,1,0,1,3.8,3.6,1.2,0.2,0.5,2.0
669242,2023-05-18,1,1,0,0,0,0,0,0,0,0,3.7,3.5,1.1,0.1,0.6,1.6
669242,2023-05-19,1,1,0,0,1,0,0,0,0,1,3.4,3.2,1.1,0.1,0.4,1.6
669242,2023-05-20,3,3,1,0,0,2,0,1,1,0,3.4,3.3,1.1,0.1,0.5,1.6
669242,2023-05-21,4,4,3,0,0,4,0,1,1,0,3.4,3.4,1.2,0.1,0.5,1.8
669242,2023-05-22,6,5,0,0,1,0,0,0,0,1,3.4,3.4,1.5,0.1,0.4,2.2
669242,2023-05-23,4,3,2,0,0,5,0,1,1,0,3.6,3.5,1.4,0.1,0.5,2.1
669242,2023-05-24,4,4,1,0,1,1,0,1,0,1,3.5,3.3,1.5,0.1,0.3,2.4
669242,2023-05-25,4,4,0,0,2,0,0,0,0,1,3.5,3.3,1.5,0.1,0.4,2.4
669242,2023-05-26,4,3,1,0,0,2,0,1,1,0,3.4,3.2,1.1,0.0,0.6,1.7
669242,2023-05-27,4,4,0,0,2,0,0,0,0,1,3.4,3.1,0.9,0.0,0.6,1.5
669242,2023-05-28,4,3,0,0,0,0,0,0,0,0,3.5,3.2,0.8,0.0,0.7,1.4
669242,2023-05-29,3,3,0,0,1,0,0,0,0,1,3.8,3.4,0.8,0.0,0.7,1.4
669242,2023-05-30,3,2,0,0,0,0,0,0,0,0,4.0,3.6,0.8,0.0,0.7,1.4
669257,2023-05-02,5,5,2,0,0,2,0,1,1,0,5.0,5.0,2.0,1.0,0.0,5.0
669257,2023-05-03,5,4,0,0,1,0,0,0,0,1,5.0,5.0,2.0,0.5,0.0,3.5
669257,2023-05-05,4,3,1,0,0,1,0,1,0,0,5.0,4.666666666666667,1.3333333333333333,0.3333333333333333,0.3333333333333333,2.3333333333333335
669257,2023-05-06,4,1,0,0,0,0,0,0,0,0,4.75,4.25,1.25,0.25,0.25,2.0
669257,2023-05-07,5,4,2,0,0,4,0,1,1,0,4.6,3.6,1.0,0.2,0.2,1.6
669257,2023-05-09,5,4,3,1,0,6,1,1,1,0,4.666666666666667,3.6666666666666665,1.1666666666666667,0.16666666666666666,0.16666666666666666,2.0
669257,2023-05-10,5,4,1,1,0,4,1,1,1,0,4.714285714285714,3.7142857142857144,1.4285714285714286,0.2857142857142857,0.14285714285714285,2.5714285714285716
669257,2023-05-12,4,3,1,0,0,1,0,1,0,0,4.75,3.75,1.375,0.375,0.125,2.75
669257,2023-05-13,4,4,1,0,1,1,0,1,0,1,4.666666666666667,3.6666666666666665,1.3333333333333333,0.3333333333333333,0.1111111111111111,2.5555555555555554
669257,2023-05-15,5,5,2,1,1,5,1,1,1,1,4.6,3.7,1.3,0.3,0.2,2.4
669257,2023-05-17,4,4,2,0,1,2,0,1,1,1,4.6,3.7,1.3,0.3,0.3,2.4
669257,2023-05-18,4,3,0,0,1,0,0,0,0,1,4.5,3.6,1.3,0.3,0.4,2.4
669257,2023-05-19,5,4,1,0,2,1,0,1,0,1,4.4,3.5,1.3,0.3,0.4,2.4
669257,2023-05-20,1,0,0,0,0,0,0,0,0,0,4.5,3.6,1.3,0.3,0.6,2.4
669257,2023-05-21,4,1,0,0,0,0,0,0,0,0,4.2,3.5,1.3,0.3,0.6,2.4
669257,2023-05-22,5,5,0,0,0,0,0,0,0,0,4.1,3.2,1.1,0.3,0.6,2.0
669257,2023-05-23,5,5,3,0,0,4,0,1,1,0,4.1,3.3,0.8,0.2,0.6,1.4
669257,2023-05-24,5,4,2,0,0,2,0,1,1,0,4.1,3.4,1.0,0.1,0.6,1.4
669257,2023-05-26,5,3,2,0,0,2,0,1,1,0,4.2,3.5,1.1,0.1,0.6,1.5
669257,2023-05-27,5,4,0,0,0,0,0,0,0,0,4.3,3.4,1.2,0.1,0.5,1.6
669257,2023-05-28,1,1,0,0,0,0,0,0,0,0,4.3,3.3,1.0,0.0,0.4,1.1
669257,2023-05-29,4,3,0,0,2,0,0,0,0,1,4.0,3.0,0.8,0.0,0.3,0.9
669257,2023-05-31,5,4,2,1,1,5,1,1,1,1,4.0,3.0,0.8,0.0,0.4,0.9
669261,2023-05-03,1,1,0,0,1,0,0,0,0,1,4.0,4.0,0.0,0.0,1.0,0.0
669261,2023-05-04,4,3,0,0,2,0,0,0,0,1,2.5,2.5,0.0,0.0,1.0,0.0
669261,2023-05-05,4,4,0,0,3,0,0,0,0,1,3.0,2.6666666666666665,0.0,0.0,1.3333333333333333,0.0
669261,2023-05-06,4,2,1,1,0,4,1,1,1,0,3.25,3.0,0.0,0.0,1.75,0.0
669261,2023-05-07,4,4,0,0,2,0,0,0,0,1,3.4,2.8,0.2,0.2,1.4,0.8
669261,2023-05-08,3,2,1,0,1,1,0,1,0,1,3.5,3.0,0.16666666666666666,0.16666666666666666,1.5,0.6666666666666666
669261,2023-05-09,4,3,0,0,2,0,0,0,0,1,3.4285714285714284,2.857142857142857,0.2857142857142857,0.14285714285714285,1.4285714285714286,0.7142857142857143
669261,2023-05-10,2,2,0,0,1,0,0,0,0,1,3.5,2.875,0.25,0.125,1.5,0.625
669261,2023-05-12,4,4,2,0,0,2,0,1,1,0,3.3333333333333335,2.7777777777777777,0.2222222222222222,0.1111111111111111,1.4444444444444444,0.5555555555555556
669261,2023-05-13,4,3,0,0,2,0,0,0,0,1,3.4,2.9,0.4,0.1,1.3,0.7
669261,2023-05-14,4,2,1,0,1,1,0,1,0,1,3.4,2.8,0.4,0.1,1.4,0.7
669261,2023-05-16,4,4,0,0,1,0,0,0,0,1,3.7,2.9,0.5,0.1,1.4,0.8
669261,2023-05-19,5,4,2,0,1,3,0,1,1,1,3.7,3.0,0.5,0.1,1.3,0.8
669261,2023-05-20,4,4,1,0,1,2,0,1,1,1,3.8,3.0,0.7,0.1,1.1,1.1
669261,2023-05-21,4,3,0,0,0,0,0,0,0,0,3.8,3.2,0.7,0.0,1.2,0.9
669261,2023-05-22,4,3,1,0,1,1,0,1,0,1,3.8,3.1,0.7,0.0,1.0,0.9
669261,2023-05-23,4,4,0,0,2,0,0,0,0,1,3.9,3.2,0.7,0.0,1.0,0.9
669261,2023-05-24,4,4,0,0,2,0,0,0,0,1,3.9,3.3,0.7,0.0,1.0,0.9
669261,2023-05-26,5,5,3,2,1,9,1,1,1,1,4.1,3.5,0.7,0.0,1.1,0.9
669261,2023-05-27,4,4,1,0,3,1,0,1,0,1,4.2,3.6,0.8,0.2,1.2,1.6
669261,2023-05-28,2,1,0,0,1,0,0,0,0,1,4.2,3.7,0.9,0.2,1.3,1.7
669261,2023-05-29,4,4,2,2,0,8,1,1,1,0,4.0,3.6,0.8,0.2,1.3,1.6
669261,2023-05-30,4,4,1,0,3,1,0,1,0,1,4.0,3.6,1.0,0.4,1.2,2.4
669261,2023-05-31,5,4,1,0,3,1,0,1,0,1,3.9,3.6,0.9,0.4,1.4,2.2
669289,2023-05-05,4,3,0,0,3,0,0,0,0,1,3.0,3.0,1.0,0.0,0.0,2.0
669289,2023-05-07,5,4,0,0,1,0,0,0,0,1,3.5,3.0,0.5,0.0,1.5,1.0
669289,2023-05-09,3,3,0,0,1,0,0,0,0,1,4.0,3.3333333333333335,0.3333333333333333,0.0,1.3333333333333333,0.6666666666666666
669289,2023-05-10,2,2,0,0,1,0,0,0,0,1,3.75,3.25,0.25,0.0,1.25,0.5
669289,2023-05-14,4,4,2,0,0,2,0,1,1,0,3.4,3.0,0.2,0.0,1.2,0.4
669289,2023-05-17,4,4,1,0,1,1,0,1,0,1,3.5,3.1666666666666665,0.5,0.0,1.0,0.6666666666666666
669289,2023-05-18,2,2,0,0,0,0,0,0,0,0,3.5714285714285716,3.2857142857142856,0.5714285714285714,0.0,1.0,0.7142857142857143
669289,2023-05-20,3,3,3,0,0,4,0,1,1,0,3.375,3.125,0.5,0.0,0.875,0.625
669304,2023-05-03,2,2,0,0,2,0,0,0,0,1,3.0,3.0,0.0,0.0,0.0,0.0
669304,2023-05-04,3,3,0,0,2,0,0,0,0,1,2.5,2.5,0.0,0.0,1.0,0.0
669304,2023-05-05,2,2,0,0,0,0,0,0,0,0,2.6666666666666665,2.6666666666666665,0.0,0.0,1.3333333333333333,0.0
669304,2023-05-06,4,4,2,0,0,2,0,1,1,0,2.5,2.5,0.0,0.0,1.0,0.0
669304,2023-05-07,3,3,0,0,1,0,0,0,0,1,2.8,2.8,0.4,0.0,0.8,0.4
669304,2023-05-09,4,4,1,0,1,2,0,1,1,1,2.8333333333333335,2.8333333333333335,0.3333333333333333,0.0,0.8333333333333334,0.3333333333333333
669352,2023-05-03,1,1,0,0,1,0,0,0,0,1,3.0,3.0,1.0,0.0,2.0,1.0
669352,2023-05-05,3,3,0,0,2,0,0,0,0,1,2.0,2.0,0.5,0.0,1.5,0.5
669352,2023-05-06,1,1,0,0,0,0,0,0,0,0,2.3333333333333335,2.3333333333333335,0.3333333333333333,0.0,1.6666666666666667,0.3333333333333333
669352,2023-05-12,4,2,0,0,0,0,0,0,0,0,2.0,2.0,0.25,0.0,1.25,0.25
669352,2023-05-13,2,1,0,0,1,0,0,0,0,1,2.4,2.0,0.2,0.0,1.0,0.2
669352,2023-05-14,2,1,0,0,0,0,0,0,0,0,2.3333333333333335,1.8333333333333333,0.16666666666666666,0.0,1.0,0.16666666666666666
669352,2023-05-15,1,1,0,0,0,0,0,0,0,0,2.2857142857142856,1.7142857142857142,0.14285714285714285,0.0,0.8571428571428571,0.14285714285714285
669352,2023-05-20,1,1,0,0,0,0,0,0,0,0,2.125,1.625,0.125,0.0,0.75,0.125
669352,2023-05-21,1,0,0,0,0,0,0,0,0,0,2.0,1.5555555555555556,0.1111111111111111,0.0,0.6666666666666666,0.1111111111111111
669352,2023-05-29,2,2,0,0,0,0,0,0,0,0,1.9,1.4,0.1,0.0,0.6,0.1
669352,2023-05-31,2,2,1,0,1,1,0,1,0,1,1.8,1.3,0.0,0.0,0.4,0.0
669357,2023-05-04,3,3,0,0,0,0,0,0,0,0,4.0,4.0,2.0,1.0,2.0,5.0
669357,2023-05-05,1,1,0,0,1,0,0,0,0,1,3.5,3.5,1.0,0.5,1.0,2.5
669357,2023-05-06,1,1,0,0,0,0,0,0,0,0,2.6666666666666665,2.6666666666666665,0.6666666666666666,0.3333333333333333,1.0,1.6666666666666667
669357,2023-05-07,5,3,0,0,0,0,0,0,0,0,2.25,2.25,0.5,0.25,0.75,1.25
669357,2023-05-08,4,4,1,0,0,1,0,1,0,0,2.8,2.4,0.4,0.2,0.6,1.0
669357,2023-05-09,5,4,1,1,1,4,1,1,1,1,3.0,2.6666666666666665,0.5,0.16666666666666666,0.5,1.0
669357,2023-05-12,1,1,1,1,0,4,1,1,1,0,3.2857142857142856,2.857142857142857,0.5714285714285714,0.2857142857142857,0.5714285714285714,1.4285714285714286
669357,2023-05-13,1,1,1,0,0,2,0,1,1,0,3.0,2.625,0.625,0.375,0.5,1.75
669357,2023-05-14,5,3,1,0,0,2,0,1,1,0,2.7777777777777777,2.4444444444444446,0.6666666666666666,0.3333333333333333,0.4444444444444444,1.7777777777777777
669357,2023-05-15,6,5,3,1,0,7,1,1,1,0,3.0,2.5,0.7,0.3,0.4,1.8
669357,2023-05-16,4,3,1,0,1,1,0,1,0,1,3.2,2.6,0.8,0.3,0.2,2.0
669357,2023-05-17,4,4,1,0,2,1,0,1,0,1,3.3,2.6,0.9,0.3,0.3,2.1
669357,2023-05-18,5,5,3,2,1,9,1,1,1,1,3.6,2.9,1.0,0.3,0.4,2.2
669357,2023-05-19,4,4,1,0,3,1,0,1,0,1,4.0,3.3,1.3,0.5,0.5,3.1
669357,2023-05-20,4,3,2,1,0,5,1,1,1,0,3.9,3.4,1.4,0.5,0.8,3.2
669357,2023-05-22,5,4,1,0,1,2,0,1,1,1,3.9,3.3,1.5,0.6,0.8,3.6
669357,2023-05-23,5,5,1,0,3,1,0,1,0,1,3.9,3.3,1.5,0.5,0.8,3.4
669357,2023-05-24,5,4,1,0,1,1,0,1,0,1,4.3,3.7,1.5,0.4,1.1,3.1
669357,2023-05-25,4,3,1,0,2,2,0,1,1,1,4.7,4.0,1.5,0.4,1.2,3.0
669357,2023-05-26,5,4,0,0,1,0,0,0,0,1,4.6,4.0,1.5,0.4,1.4,3.0
669357,2023-05-27,4,4,0,0,1,0,0,0,0,1,4.5,3.9,1.2,0.3,1.5,2.3
669357,2023-05-28,4,4,1,0,0,1,0,1,0,0,4.5,4.0,1.1,0.3,1.5,2.2
669357,2023-05-29,3,3,0,0,2,0,0,0,0,1,4.5,4.0,1.1,0.3,1.3,2.2
669357,2023-05-30,4,3,0,0,1,0,0,0,0,1,4.3,3.8,0.8,0.1,1.4,1.3
669364,2023-05-03,2,2,1,0,0,1,0,1,0,0,1.0,1.0,0.0,0.0,0.0,0.0
669364,2023-05-06,3,3,0,0,1,0,0,0,0,1,1.5,1.5,0.5,0.0,0.0,0.5
669364,2023-05-18,3,3,2,0,0,3,0,1,1,0,2.0,2.0,0.3333333333333333,0.0,0.3333333333333333,0.3333333333333333
669364,2023-05-20,2,2,0,0,0,0,0,0,0,0,2.25,2.25,0.75,0.0,0.25,1.0
669364,2023-05-21,4,4,2,0,1,2,0,1,1,1,2.2,2.2,0.6,0.0,0.2,0.8
669364,2023-05-25,4,4,2,0,2,2,0,1,1,1,2.5,2.5,0.8333333333333334,0.0,0.3333333333333333,1.0
669364,2023-05-27,1,1,1,0,0,1,0,1,0,0,2.7142857142857144,2.7142857142857144,1.0,0.0,0.5714285714285714,1.1428571428571428
669369,2023-05-12,1,1,0,0,1,0,0,0,0,1,4.0,2.0,0.0,0.0,0.0,0.0
669369,2023-05-15,3,3,1,0,0,1,0,1,0,0,2.5,1.5,0.0,0.0,0.5,0.0
669369,2023-05-20,3,3,1,0,1,1,0,1,0,1,2.6666666666666665,2.0,0.3333333333333333,0.0,0.3333333333333333,0.3333333333333333
669369,2023-05-21,3,3,1,0,0,2,0,1,1,0,2.75,2.25,0.5,0.0,0.5,0.5
669369,2023-05-23,2,1,0,0,1,0,0,0,0,1,2.8,2.4,0.6,0.0,0.4,0.8
669369,2023-05-26,2,2,1,0,0,1,0,1,0,0,2.6666666666666665,2.1666666666666665,0.5,0.0,0.5,0.6666666666666666
669369,2023-05-29,5,4,0,0,1,0,0,0,0,1,2.5714285714285716,2.142857142857143,0.5714285714285714,0.0,0.42857142857142855,0.7142857142857143
669394,2023-05-03,2,2,0,0,1,0,0,0,0,1,3.0,3.0,0.0,0.0,2.0,0.0
669394,2023-05-14,4,4,2,1,2,5,1,1,1,1,2.5,2.5,0.0,0.0,1.5,0.0
669394,2023-05-16,4,4,2,1,1,5,1,1,1,1,3.0,3.0,0.6666666666666666,0.3333333333333333,1.6666666666666667,1.6666666666666667
669394,2023-05-17,4,4,3,1,0,8,1,1,1,0,3.25,3.25,1.0,0.5,1.5,2.5
669394,2023-05-18,4,4,1,0,1,1,0,1,0,1,3.4,3.4,1.4,0.6,1.2,3.6
669394,2023-05-19,3,3,1,0,0,1,0,1,0,0,3.5,3.5,1.3333333333333333,0.5,1.1666666666666667,3.1666666666666665
669394,2023-05-20,3,3,2,0,1,3,0,1,1,1,3.4285714285714284,3.4285714285714284,1.2857142857142858,0.42857142857142855,1.0,2.857142857142857
669394,2023-05-21,4,4,0,0,1,0,0,0,0,1,3.375,3.375,1.375,0.375,1.0,2.875
669394,2023-05-22,3,3,0,0,1,0,0,0,0,1,3.4444444444444446,3.4444444444444446,1.2222222222222223,0.3333333333333333,1.0,2.5555555555555554
669394,2023-05-23,5,5,0,0,5,0,0,0,0,1,3.4,3.4,1.1,0.3,1.0,2.3
669394,2023-05-24,4,3,0,0,2,0,0,0,0,1,3.6,3.6,1.1,0.3,1.3,2.3
669394,2023-05-25,3,3,1,0,1,1,0,1,0,1,3.8,3.7,1.1,0.3,1.4,2.3
669394,2023-05-26,5,5,2,0,0,3,0,1,1,0,3.7,3.6,1.0,0.2,1.3,1.9
669394,2023-05-27,2,2,0,0,0,0,0,0,0,0,3.8,3.7,1.0,0.1,1.2,1.7
669394,2023-05-28,4,4,1,0,1,1,0,1,0,1,3.6,3.5,0.7,0.0,1.2,0.9
669394,2023-05-29,1,1,0,0,0,0,0,0,0,0,3.6,3.5,0.7,0.0,1.2,0.9
669394,2023-05-30,4,4,3,0,0,3,0,1,1,0,3.4,3.3,0.6,0.0,1.2,0.8
669394,2023-05-31,1,1,1,1,0,4,1,1,1,0,3.5,3.4,0.7,0.0,1.1,0.8
669397,2023-05-03,3,3,1,0,2,2,0,1,1,1,2.0,2.0,0.0,0.0,1.0,0.0
669397,2023-05-04,3,2,0,0,0,0,0,0,0,0,2.5,2.5,0.5,0.0,1.5,1.0
669397,2023-05-05,5,5,1,0,1,1,0,1,0,1,2.6666666666666665,2.3333333333333335,0.3333333333333333,0.0,1.0,0.6666666666666666
669397,2023-05-07,3,3,0,0,1,0,0,0,0,1,3.25,3.0,0.5,0.0,1.0,0.75
669397,2023-05-08,3,3,1,0,0,1,0,1,0,0,3.2,3.0,0.4,0.0,1.0,0.6
669397,2023-05-09,4,3,0,0,2,0,0,0,0,1,3.1666666666666665,3.0,0.5,0.0,0.8333333333333334,0.6666666666666666
669397,2023-05-11,3,3,0,0,1,0,0,0,0,1,3.2857142857142856,3.0,0.42857142857142855,0.0,1.0,0.5714285714285714
669397,2023-05-12,5,5,3,0,0,3,0,1,1,0,3.25,3.0,0.375,0.0,1.0,0.5
669397,2023-05-13,3,3,0,0,0,0,0,0,0,0,3.4444444444444446,3.2222222222222223,0.6666666666666666,0.0,0.8888888888888888,0.7777777777777778
669397,2023-05-14,3,3,1,0,1,1,0,1,0,1,3.4,3.2,0.6,0.0,0.8,0.7
669397,2023-05-15,2,2,2,0,0,2,0,1,1,0,3.5,3.3,0.7,0.0,0.8,0.8
669397,2023-05-16,5,4,3,1,0,6,1,1,1,0,3.4,3.2,0.8,0.0,0.6,0.8
669397,2023-05-17,2,2,0,0,2,0,0,0,0,1,3.6,3.4,1.1,0.1,0.6,1.4
669397,2023-05-20,2,2,0,0,0,0,0,0,0,0,3.3,3.1,1.0,0.1,0.7,1.3
669397,2023-05-21,3,3,1,0,0,1,0,1,0,0,3.2,3.0,1.0,0.1,0.6,1.3
669397,2023-05-22,3,3,0,0,0,0,0,0,0,0,3.2,3.0,1.0,0.1,0.6,1.3
669397,2023-05-23,2,2,1,0,0,1,0,1,0,0,3.1,3.0,1.0,0.1,0.4,1.3
669397,2023-05-25,3,3,0,0,0,0,0,0,0,0,3.0,2.9,1.1,0.1,0.3,1.4
669397,2023-05-26,3,2,0,0,1,0,0,0,0,1,2.8,2.7,0.8,0.1,0.3,1.1
669397,2023-05-27,4,3,1,0,1,1,0,1,0,1,2.8,2.6,0.8,0.1,0.4,1.1
669397,2023-05-28,4,4,1,0,1,1,0,1,0,1,2.9,2.6,0.8,0.1,0.4,1.1
669397,2023-05-30,3,3,1,0,0,1,0,1,0,0,3.1,2.8,0.7,0.1,0.5,1.0
669397,2023-05-31,3,3,1,0,1,1,0,1,0,1,2.9,2.7,0.5,0.0,0.5,0.5
669477,2023-05-10,4,4,2,0,0,3,0,1,1,0,4.0,4.0,2.0,1.0,1.0,5.0
669477,2023-05-11,4,4,4,1,0,8,1,1,1,0,4.0,4.0,2.0,0.5,0.5,4.0
669477,2023-05-12,4,4,1,0,0,2,0,1,1,0,4.0,4.0,2.6666666666666665,0.6666666666666666,0.3333333333333333,5.333333333333333
669477,2023-05-13,4,4,2,0,0,2,0,1,1,0,4.0,4.0,2.25,0.5,0.25,4.5
669477,2023-05-14,4,4,0,0,3,0,0,0,0,1,4.0,4.0,2.2,0.4,0.2,4.0
669477,2023-05-15,4,4,2,0,0,3,0,1,1,0,4.0,4.0,1.8333333333333333,0.3333333333333333,0.6666666666666666,3.3333333333333335
669477,2023-05-16,4,4,1,0,0,1,0,1,0,0,4.0,4.0,1.8571428571428572,0.2857142857142857,0.5714285714285714,3.2857142857142856
669477,2023-05-17,4,4,1,0,2,1,0,1,0,1,4.0,4.0,1.75,0.25,0.5,3.0
669477,2023-05-19,4,4,1,0,1,1,0,1,0,1,4.0,4.0,1.6666666666666667,0.2222222222222222,0.6666666666666666,2.7777777777777777
669477,2023-05-20,3,3,0,0,0,0,0,0,0,0,4.0,4.0,1.6,0.2,0.7,2.6
669477,2023-05-21,4,4,2,0,0,2,0,1,1,0,3.9,3.9,1.4,0.1,0.6,2.1
669477,2023-05-22,3,3,0,0,1,0,0,0,0,1,3.9,3.9,1.4,0.1,0.6,2.0
669477,2023-05-23,2,2,0,0,0,0,0,0,0,0,3.8,3.8,1.0,0.0,0.7,1.2
669477,2023-05-24,5,5,1,0,3,1,0,1,0,1,3.6,3.6,0.9,0.0,0.7,1.0
669477,2023-05-25,4,4,2,0,0,3,0,1,1,0,3.7,3.7,0.8,0.0,1.0,0.9
669477,2023-05-26,5,5,2,0,1,2,0,1,1,1,3.7,3.7,1.0,0.0,0.7,1.2
669477,2023-05-27,4,3,0,0,1,0,0,0,0,1,3.8,3.8,1.0,0.0,0.8,1.1
669477,2023-05-28,1,1,0,0,1,0,0,0,0,1,3.8,3.7,0.9,0.0,0.9,1.0
669477,2023-05-29,5,5,3,0,0,4,0,1,1,0,3.5,3.4,0.8,0.0,0.8,0.9
669477,2023-05-30,4,4,0,0,1,0,0,0,0,1,3.6,3.5,1.0,0.0,0.7,1.2
669477,2023-05-31,3,2,1,0,1,1,0,1,0,1,3.7,3.6,1.0,0.0,0.8,1.2
669701,2023-05-09,3,3,2,0,1,3,0,1,1,1,4.0,3.0,1.0,1.0,0.0,4.0
669701,2023-05-10,4,4,2,0,2,3,0,1,1,1,3.5,3.0,1.5,0.5,0.5,3.5
669701,2023-05-11,2,2,0,0,0,0,0,0,0,0,3.6666666666666665,3.3333333333333335,1.6666666666666667,0.3333333333333333,1.0,3.3333333333333335
669701,2023-05-12,1,0,0,0,0,0,0,0,0,0,3.25,3.0,1.25,0.25,0.75,2.5
669701,2023-05-13,2,1,1,0,0,2,0,1,1,0,2.8,2.4,1.0,0.2,0.6,2.0
669701,2023-05-15,4,4,1,0,2,1,0,1,0,1,2.6666666666666665,2.1666666666666665,1.0,0.16666666666666666,0.5,2.0
669701,2023-05-16,1,1,0,0,0,0,0,0,0,0,2.857142857142857,2.4285714285714284,1.0,0.14285714285714285,0.7142857142857143,1.8571428571428572
669701,2023-05-17,4,4,1,0,2,1,0,1,0,1,2.625,2.25,0.875,0.125,0.625,1.625
669701,2023-05-20,1,0,0,0,0,0,0,0,0,0,2.7777777777777777,2.4444444444444446,0.8888888888888888,0.1111111111111111,0.7777777777777778,1.5555555555555556
669701,2023-05-21,1,1,1,1,0,4,1,1,1,0,2.6,2.2,0.8,0.1,0.7,1.4
669701,2023-05-22,3,2,0,0,0,0,0,0,0,0,2.3,2.0,0.8,0.1,0.7,1.4
669701,2023-05-24,4,4,0,0,2,0,0,0,0,1,2.3,1.9,0.6,0.1,0.6,1.1
669701,2023-05-26,5,5,3,0,1,3,0,1,1,1,2.3,1.9,0.4,0.1,0.6,0.8
669701,2023-05-27,3,3,0,0,0,0,0,0,0,0,2.6,2.2,0.7,0.1,0.7,1.1
669701,2023-05-31,4,3,0,0,1,0,0,0,0,1,2.8,2.5,0.7,0.1,0.7,1.1
669720,2023-05-07,5,4,1,0,1,1,0,1,0,1,6.0,6.0,0.0,0.0,4.0,0.0
669720,2023-05-08,4,4,2,0,1,3,0,1,1,1,5.5,5.0,0.5,0.0,2.5,0.5
669720,2023-05-09,4,4,1,0,1,1,0,1,0,1,5.0,4.666666666666667,1.0,0.0,2.0,1.3333333333333333
669720,2023-05-10,4,4,2,0,1,3,0,1,1,1,4.75,4.5,1.0,0.0,1.75,1.25
669720,2023-05-12,4,4,1,0,1,1,0,1,0,1,4.6,4.4,1.2,0.0,1.6,1.6
669720,2023-05-13,3,3,1,0,0,1,0,1,0,0,4.5,4.333333333333333,1.1666666666666667,0.0,1.5,1.5
669720,2023-05-14,4,4,2,0,0,2,0,1,1,0,4.285714285714286,4.142857142857143,1.1428571428571428,0.0,1.2857142857142858,1.4285714285714286
669720,2023-05-15,4,4,0,0,1,0,0,0,0,1,4.25,4.125,1.25,0.0,1.125,1.5
669720,2023-05-16,4,4,1,0,1,1,0,1,0,1,4.222222222222222,4.111111111111111,1.1111111111111112,0.0,1.1111111111111112,1.3333333333333333
669720,2023-05-17,4,3,1,1,2,4,1,1,1,1,4.2,4.1,1.1,0.0,1.1,1.3
669720,2023-05-18,4,4,3,0,0,4,0,1,1,0,4.0,3.8,1.2,0.1,0.9,1.7
669720,2023-05-19,4,4,0,0,1,0,0,0,0,1,3.9,3.8,1.4,0.1,0.8,2.0
669720,2023-05-20,1,1,0,0,1,0,0,0,0,1,3.9,3.8,1.2,0.1,0.8,1.7
669720,2023-05-21,5,4,3,0,1,4,0,1,1,1,3.6,3.5,1.1,0.1,0.8,1.6
669720,2023-05-23,4,4,0,0,1,0,0,0,0,1,3.7,3.5,1.2,0.1,0.8,1.7
669720,2023-05-24,4,4,2,0,1,2,0,1,1,1,3.7,3.5,1.1,0.1,0.8,1.6
669720,2023-05-25,4,4,1,0,0,2,0,1,1,0,3.8,3.6,1.2,0.1,0.9,1.7
669720,2023-05-26,4,4,2,0,0,3,0,1,1,0,3.8,3.6,1.1,0.1,0.9,1.7
669720,2023-05-27,4,3,1,1,1,4,1,1,1,1,3.8,3.6,1.3,0.1,0.8,2.0
669720,2023-05-28,4,4,3,0,0,5,0,1,1,0,3.8,3.5,1.3,0.2,0.8,2.3
669720,2023-05-29,4,4,0,0,2,0,0,0,0,1,3.8,3.6,1.5,0.1,0.6,2.4
669720,2023-05-30,4,2,0,0,1,0,0,0,0,1,3.8,3.6,1.2,0.1,0.8,2.0
669743,2023-05-02,3,3,1,0,0,2,0,1,1,0,4.0,4.0,0.0,0.0,1.0,0.0
669743,2023-05-03,4,4,0,0,1,0,0,0,0,1,3.5,3.5,0.5,0.0,0.5,1.0
669743,2023-05-04,4,4,1,1,0,4,1,1,1,0,3.6666666666666665,3.6666666666666665,0.3333333333333333,0.0,0.6666666666666666,0.6666666666666666
669743,2023-05-05,4,4,0,0,1,0,0,0,0,1,3.75,3.75,0.5,0.25,0.5,1.5
669743,2023-05-06,3,2,0,0,2,0,0,0,0,1,3.8,3.8,0.4,0.2,0.6,1.2
669743,2023-05-07,4,4,2,0,1,3,0,1,1,1,3.6666666666666665,3.5,0.3333333333333333,0.16666666666666666,0.8333333333333334,1.0
669743,2023-05-08,4,3,1,0,0,2,0,1,1,0,3.7142857142857144,3.5714285714285716,0.5714285714285714,0.14285714285714285,0.8571428571428571,1.2857142857142858
669743,2023-05-09,4,4,3,0,1,3,0,1,1,1,3.75,3.5,0.625,0.125,0.75,1.375
669743,2023-05-10,5,4,0,0,1,0,0,0,0,1,3.7777777777777777,3.5555555555555554,0.8888888888888888,0.1111111111111111,0.7777777777777778,1.5555555555555556
669743,2023-05-12,4,4,2,0,1,3,0,1,1,1,3.9,3.6,0.8,0.1,0.8,1.4
669743,2023-05-13,4,3,0,0,2,0,0,0,0,1,3.9,3.6,1.0,0.1,0.8,1.7
669743,2023-05-14,4,3,1,0,2,1,0,1,0,1,4.0,3.6,0.9,0.1,1.0,1.5
669743,2023-05-15,4,4,0,0,3,0,0,0,0,1,4.0,3.5,1.0,0.1,1.1,1.6
669743,2023-05-16,4,3,1,0,0,2,0,1,1,0,4.0,3.5,0.9,0.0,1.4,1.2
669743,2023-05-17,3,3,0,0,1,0,0,0,0,1,4.0,3.4,1.0,0.0,1.3,1.4
669743,2023-05-18,3,3,0,0,1,0,0,0,0,1,4.0,3.5,1.0,0.0,1.2,1.4
669743,2023-05-19,4,4,1,0,1,2,0,1,1,1,3.9,3.4,0.8,0.0,1.2,1.1
669743,2023-05-20,3,3,0,0,0,0,0,0,0,0,3.9,3.5,0.8,0.0,1.3,1.1
669743,2023-05-21,5,5,0,0,1,0,0,0,0,1,3.8,3.4,0.5,0.0,1.2,0.8
669743,2023-05-23,4,4,0,0,1,0,0,0,0,1,3.8,3.5,0.5,0.0,1.2,0.8
669743,2023-05-24,4,4,2,0,1,3,0,1,1,1,3.8,3.5,0.3,0.0,1.2,0.5
669743,2023-05-25,5,4,1,0,1,1,0,1,0,1,3.8,3.6,0.5,0.0,1.1,0.8
669743,2023-05-26,5,3,0,0,0,0,0,0,0,0,3.9,3.7,0.5,0.0,1.0,0.8
669743,2023-05-27,4,3,0,0,1,0,0,0,0,1,4.0,3.6,0.5,0.0,0.7,0.8
669743,2023-05-28,4,4,1,0,1,1,0,1,0,1,4.0,3.6,0.4,0.0,0.8,0.6
669743,2023-05-29,3,3,0,0,0,0,0,0,0,0,4.1,3.7,0.5,0.0,0.8,0.7
669743,2023-05-31,3,2,0,0,0,0,0,0,0,0,4.1,3.7,0.5,0.0,0.7,0.7
669911,2023-05-17,3,3,2,0,0,2,0,1,1,0,3.0,3.0,0.0,0.0,3.0,0.0
669911,2023-05-19,4,4,0,0,2,0,0,0,0,1,3.0,3.0,1.0,0.0,1.5,1.0
669911,2023-05-20,2,2,1,0,1,2,0,1,1,1,3.3333333333333335,3.3333333333333335,0.6666666666666666,0.0,1.6666666666666667,0.6666666666666666
669911,2023-05-21,1,1,0,0,1,0,0,0,0,1,3.0,3.0,0.75,0.0,1.5,1.0
669911,2023-05-22,3,3,0,0,0,0,0,0,0,0,2.6,2.6,0.6,0.0,1.4,0.8
669911,2023-05-23,4,3,0,0,1,0,0,0,0,1,2.6666666666666665,2.6666666666666665,0.5,0.0,1.1666666666666667,0.6666666666666666
669911,2023-05-25,4,3,1,0,1,1,0,1,0,1,2.857142857142857,2.7142857142857144,0.42857142857142855,0.0,1.1428571428571428,0.5714285714285714
670032,2023-05-27,4,2,1,0,0,1,0,1,0,0,4.0,3.0,1.0,0.0,1.0,3.0
670032,2023-05-29,5,5,4,0,1,4,0,1,1,1,4.0,2.5,1.0,0.0,0.5,2.0
670032,2023-05-30,3,3,0,0,1,0,0,0,0,1,4.333333333333333,3.3333333333333335,2.0,0.0,0.6666666666666666,2.6666666666666665
670042,2023-05-04,3,3,0,0,2,0,0,0,0,1,4.0,4.0,1.0,0.0,2.0,2.0
670042,2023-05-06,4,4,2,0,1,3,0,1,1,1,3.5,3.5,0.5,0.0,2.0,1.0
670042,2023-05-08,4,4,2,1,1,5,1,1,1,1,3.6666666666666665,3.6666666666666665,1.0,0.0,1.6666666666666667,1.6666666666666667
670042,2023-05-09,4,3,2,0,1,2,0,1,1,1,3.75,3.75,1.25,0.25,1.5,2.5
670042,2023-05-10,4,4,1,0,0,1,0,1,0,0,3.8,3.6,1.4,0.2,1.4,2.4
670042,2023-05-11,5,5,2,0,1,2,0,1,1,1,3.8333333333333335,3.6666666666666665,1.3333333333333333,0.16666666666666666,1.1666666666666667,2.1666666666666665
670042,2023-05-13,1,1,1,0,0,1,0,1,0,0,4.0,3.857142857142857,1.4285714285714286,0.14285714285714285,1.1428571428571428,2.142857142857143
670042,2023-05-14,4,3,0,0,2,0,0,0,0,1,3.625,3.5,1.375,0.125,1.0,2.0
670042,2023-05-17,5,4,0,0,3,0,0,0,0,1,3.6666666666666665,3.4444444444444446,1.2222222222222223,0.1111111111111111,1.1111111111111112,1.7777777777777777
670042,2023-05-18,2,2,0,0,1,0,0,0,0,1,3.8,3.5,1.1,0.1,1.3,1.6
670042,2023-05-19,3,2,0,0,1,0,0,0,0,1,3.6,3.3,1.0,0.1,1.2,1.4
670042,2023-05-20,1,1,0,0,0,0,0,0,0,0,3.6,3.2,1.0,0.1,1.1,1.4
670042,2023-05-21,1,0,0,0,0,0,0,0,0,0,3.3,2.9,0.8,0.1,1.0,1.1
670042,2023-05-22,3,3,1,1,1,4,1,1,1,1,3.0,2.5,0.6,0.0,0.9,0.6
670042,2023-05-23,2,2,1,0,0,2,0,1,1,0,2.9,2.5,0.5,0.1,0.9,0.8
670042,2023-05-24,4,3,1,1,1,4,1,1,1,1,2.7,2.3,0.5,0.1,0.9,0.9
670042,2023-05-25,4,2,0,0,2,0,0,0,0,1,2.6,2.1,0.4,0.2,0.9,1.1
670042,2023-05-26,3,2,0,0,0,0,0,0,0,0,2.9,2.2,0.3,0.2,1.1,1.0
670042,2023-05-28,4,3,2,0,0,3,0,1,1,0,2.8,2.1,0.3,0.2,0.9,1.0
670042,2023-05-29,3,2,0,0,1,0,0,0,0,1,2.7,2.0,0.5,0.2,0.6,1.3
670042,2023-05-30,4,3,0,0,1,0,0,0,0,1,2.8,2.0,0.5,0.2,0.6,1.3
670097,2023-05-05,2,2,0,0,1,0,0,0,0,1,3.0,3.0,0.0,0.0,1.0,0.0
670097,2023-05-06,5,5,1,0,4,2,0,1,1,1,2.5,2.5,0.0,0.0,1.0,0.0
670097,2023-05-12,1,1,0,0,0,0,0,0,0,0,3.3333333333333335,3.3333333333333335,0.3333333333333333,0.0,2.0,0.6666666666666666
670097,2023-05-17,3,3,0,0,1,0,0,0,0,1,2.75,2.75,0.25,0.0,1.5,0.5
670097,2023-05-19,1,1,0,0,1,0,0,0,0,1,2.8,2.8,0.2,0.0,1.4,0.4
670097,2023-05-22,5,3,1,0,1,1,0,1,0,1,2.5,2.5,0.16666666666666666,0.0,1.3333333333333333,0.3333333333333333
670097,2023-05-24,2,1,1,1,0,4,1,1,1,0,2.857142857142857,2.5714285714285716,0.2857142857142857,0.0,1.2857142857142858,0.42857142857142855
670097,2023-05-25,2,2,1,0,0,1,0,1,0,0,2.75,2.375,0.375,0.125,1.125,0.875
670097,2023-05-27,4,2,1,1,0,4,1,1,1,0,2.6666666666666665,2.3333333333333335,0.4444444444444444,0.1111111111111111,1.0,0.8888888888888888
670097,2023-05-28,4,4,1,0,0,1,0,1,0,0,2.8,2.3,0.5,0.2,0.9,1.2
670097,2023-05-29,3,3,0,0,1,0,0,0,0,1,2.9,2.4,0.6,0.2,0.8,1.3
670097,2023-05-30,3,3,2,0,0,2,0,1,1,0,3.0,2.5,0.6,0.2,0.8,1.3
670097,2023-05-31,4,4,1,0,1,1,0,1,0,1,2.8,2.3,0.7,0.2,0.4,1.3
670156,2023-05-13,1,1,0,0,0,0,0,0,0,0,1.0,1.0,0.0,0.0,0.0,0.0
670156,2023-05-15,1,1,0,0,1,0,0,0,0,1,1.0,1.0,0.0,0.0,0.0,0.0
670156,2023-05-16,3,3,1,0,1,1,0,1,0,1,1.0,1.0,0.0,0.0,0.3333333333333333,0.0
670156,2023-05-17,5,2,1,0,0,2,0,1,1,0,1.5,1.5,0.25,0.0,0.5,0.25
670156,2023-05-19,3,2,0,0,1,0,0,0,0,1,2.2,1.6,0.4,0.0,0.4,0.6
670156,2023-05-20,1,1,0,0,1,0,0,0,0,1,2.3333333333333335,1.6666666666666667,0.3333333333333333,0.0,0.5,0.5
670156,2023-05-21,2,2,0,0,0,0,0,0,0,0,2.142857142857143,1.5714285714285714,0.2857142857142857,0.0,0.5714285714285714,0.42857142857142855
670156,2023-05-24,5,3,0,0,0,0,0,0,0,0,2.125,1.625,0.25,0.0,0.5,0.375
670156,2023-05-25,1,1,0,0,0,0,0,0,0,0,2.4444444444444446,1.7777777777777777,0.2222222222222222,0.0,0.4444444444444444,0.3333333333333333
670156,2023-05-26,3,3,1,0,2,1,0,1,0,1,2.3,1.7,0.2,0.0,0.4,0.3
670156,2023-05-27,1,1,0,0,1,0,0,0,0,1,2.5,1.9,0.3,0.0,0.6,0.4
670156,2023-05-29,4,3,0,0,1,0,0,0,0,1,2.5,1.9,0.3,0.0,0.7,0.4
670156,2023-05-31,4,3,0,0,2,0,0,0,0,1,2.8,2.1,0.3,0.0,0.7,0.4
670223,2023-05-06,4,4,1,0,3,1,0,1,0,1,4.0,4.0,1.0,0.0,2.0,1.0
670223,2023-05-07,6,6,2,0,1,2,0,1,1,1,4.0,4.0,1.0,0.0,2.5,1.0
670223,2023-05-08,4,3,0,0,1,0,0,0,0,1,4.666666666666667,4.666666666666667,1.3333333333333333,0.0,2.0,1.3333333333333333
670223,2023-05-09,4,4,0,0,1,0,0,0,0,1,4.5,4.25,1.0,0.0,1.75,1.0
670223,2023-05-12,4,4,1,0,2,2,0,1,1,1,4.4,4.2,0.8,0.0,1.6,0.8
670223,2023-05-13,4,3,0,0,3,0,0,0,0,1,4.333333333333333,4.166666666666667,0.8333333333333334,0.0,1.6666666666666667,1.0
670223,2023-05-14,4,4,2,0,1,2,0,1,1,1,4.285714285714286,4.0,0.7142857142857143,0.0,1.8571428571428572,0.8571428571428571
670223,2023-05-16,4,4,2,1,1,5,1,1,1,1,4.25,4.0,0.875,0.0,1.75,1.0
670223,2023-05-17,5,5,0,0,1,0,0,0,0,1,4.222222222222222,4.0,1.0,0.1111111111111111,1.6666666666666667,1.4444444444444444
670223,2023-05-19,3,2,0,0,2,0,0,0,0,1,4.3,4.1,0.9,0.1,1.6,1.3
670223,2023-05-20,2,2,1,0,0,1,0,1,0,0,4.2,3.9,0.8,0.1,1.6,1.2
670223,2023-05-21,2,2,0,0,0,0,0,0,0,0,4.0,3.7,0.8,0.1,1.3,1.2
670223,2023-05-23,4,3,2,1,0,5,1,1,1,0,3.6,3.3,0.6,0.1,1.2,1.0
670223,2023-05-24,4,3,0,0,1,0,0,0,0,1,3.6,3.3,0.8,0.2,1.1,1.5
670223,2023-05-25,4,3,0,0,1,0,0,0,0,1,3.6,3.2,0.8,0.2,1.1,1.5
670223,2023-05-26,3,3,0,0,2,0,0,0,0,1,3.6,3.1,0.7,0.2,1.0,1.3
670223,2023-05-29,3,2,0,0,1,0,0,0,0,1,3.5,3.1,0.7,0.2,0.9,1.3
670223,2023-05-31,2,2,0,0,1,0,0,0,0,1,3.4,2.9,0.5,0.2,0.9,1.1
670242,2023-05-24,3,3,1,0,0,2,0,1,1,0,1.0,0.0,0.0,0.0,0.0,0.0
670242,2023-05-26,1,1,0,0,0,0,0,0,0,0,2.0,1.5,0.5,0.0,0.0,1.0
670242,2023-05-27,4,4,4,1,0,7,1,1,1,0,1.6666666666666667,1.3333333333333333,0.3333333333333333,0.0,0.0,0.6666666666666666
670242,2023-05-28,4,2,2,0,0,2,0,1,1,0,2.25,2.0,1.25,0.25,0.0,2.25
670276,2023-05-05,2,1,0,0,1,0,0,0,0,1,4.0,2.0,0.0,0.0,0.0,0.0
670276,2023-05-06,3,3,0,0,0,0,0,0,0,0,3.0,1.5,0.0,0.0,0.5,0.0
670276,2023-05-08,2,2,0,0,1,0,0,0,0,1,3.0,2.0,0.0,0.0,0.3333333333333333,0.0
670541,2023-05-02,4,4,1,0,1,2,0,1,1,1,4.0,2.0,0.0,0.0,1.0,0.0
670541,2023-05-03,4,4,1,0,1,1,0,1,0,1,4.0,3.0,0.5,0.0,1.0,1.0
670541,2023-05-05,4,4,1,1,1,4,1,1,1,1,4.0,3.3333333333333335,0.6666666666666666,0.0,1.0,1.0
670541,2023-05-06,4,3,1,0,1,2,0,1,1,1,4.0,3.5,0.75,0.25,1.0,1.75
670541,2023-05-07,4,4,2,0,1,2,0,1,1,1,4.0,3.4,0.8,0.2,1.0,1.8
670541,2023-05-08,4,4,2,0,0,3,0,1,1,0,4.0,3.5,1.0,0.16666666666666666,1.0,1.8333333333333333
670541,2023-05-09,4,3,1,0,0,1,0,1,0,0,4.0,3.5714285714285716,1.1428571428571428,0.14285714285714285,0.8571428571428571,2.0
670541,2023-05-10,4,4,1,1,0,4,1,1,1,0,4.0,3.5,1.125,0.125,0.75,1.875
670541,2023-05-12,5,4,1,1,0,4,1,1,1,0,4.0,3.5555555555555554,1.1111111111111112,0.2222222222222222,0.6666666666666666,2.111111111111111
670541,2023-05-13,4,4,1,0,1,1,0,1,0,1,4.1,3.6,1.1,0.3,0.6,2.3
670541,2023-05-14,4,4,2,0,1,3,0,1,1,1,4.1,3.8,1.2,0.3,0.6,2.4
670541,2023-05-15,3,1,1,0,0,1,0,1,0,0,4.1,3.8,1.3,0.3,0.6,2.5
670541,2023-05-16,4,4,2,0,2,3,0,1,1,1,4.0,3.5,1.3,0.3,0.5,2.5
670541,2023-05-17,5,5,0,0,3,0,0,0,0,1,4.0,3.5,1.4,0.2,0.6,2.4
670541,2023-05-19,5,5,2,0,0,3,0,1,1,0,4.1,3.7,1.3,0.2,0.8,2.2
670541,2023-05-20,4,3,1,1,0,4,1,1,1,0,4.2,3.8,1.3,0.2,0.7,2.3
670541,2023-05-21,4,3,1,0,1,2,0,1,1,1,4.2,3.7,1.2,0.3,0.7,2.4
670541,2023-05-22,5,4,3,2,0,9,1,1,1,0,4.2,3.7,1.2,0.3,0.8,2.5
670541,2023-05-23,4,1,0,0,0,0,0,0,0,0,4.3,3.7,1.4,0.4,0.8,3.0
670541,2023-05-24,4,3,0,0,1,0,0,0,0,1,4.2,3.4,1.3,0.3,0.8,2.6
670541,2023-05-26,3,1,0,0,1,0,0,0,0,1,4.2,3.3,1.2,0.3,0.8,2.5
670541,2023-05-27,3,3,0,0,1,0,0,0,0,1,4.1,3.0,1.0,0.3,0.8,2.2
670541,2023-05-28,4,4,2,2,1,8,1,1,1,1,4.1,3.2,0.9,0.3,0.9,2.1
670541,2023-05-29,4,3,1,0,1,2,0,1,1,1,4.1,3.2,0.9,0.5,0.8,2.6
670541,2023-05-30,3,3,1,0,2,1,0,1,0,1,4.0,3.0,1.0,0.5,0.6,2.8
670541,2023-05-31,4,3,0,0,1,0,0,0,0,1,3.8,2.8,0.9,0.5,0.8,2.6
670623,2023-05-04,3,3,1,0,0,2,0,1,1,0,4.0,3.0,0.0,0.0,0.0,0.0
670623,2023-05-05,4,3,0,0,0,0,0,0,0,0,3.5,3.0,0.5,0.0,0.0,1.0
670623,2023-05-06,1,1,0,0,0,0,0,0,0,0,3.6666666666666665,3.0,0.3333333333333333,0.0,0.0,0.6666666666666666
670623,2023-05-07,5,5,2,0,1,3,0,1,1,1,3.0,2.5,0.25,0.0,0.0,0.5
670623,2023-05-09,3,3,1,0,0,1,0,1,0,0,3.4,3.0,0.6,0.0,0.2,1.0
670623,2023-05-10,2,2,0,0,2,0,0,0,0,1,3.3333333333333335,3.0,0.6666666666666666,0.0,0.16666666666666666,1.0
670623,2023-05-11,2,2,1,0,0,2,0,1,1,0,3.142857142857143,2.857142857142857,0.5714285714285714,0.0,0.42857142857142855,0.8571428571428571
670623,2023-05-12,5,5,3,0,1,3,0,1,1,1,3.0,2.75,0.625,0.0,0.375,1.0
670623,2023-05-13,3,3,1,0,0,1,0,1,0,0,3.2222222222222223,3.0,0.8888888888888888,0.0,0.4444444444444444,1.2222222222222223
670623,2023-05-14,4,1,1,0,0,1,0,1,0,0,3.2,3.0,0.9,0.0,0.4,1.2
670623,2023-05-16,5,3,2,2,0,8,1,1,1,0,3.2,2.8,1.0,0.0,0.4,1.3
670623,2023-05-17,5,5,2,0,0,3,0,1,1,0,3.4,2.8,1.1,0.2,0.4,1.9
670623,2023-05-18,3,3,0,0,1,0,0,0,0,1,3.5,3.0,1.3,0.2,0.4,2.2
670623,2023-05-19,3,3,0,0,2,0,0,0,0,1,3.7,3.2,1.3,0.2,0.5,2.2
670623,2023-05-20,4,3,0,0,0,0,0,0,0,0,3.5,3.0,1.1,0.2,0.6,1.9
670623,2023-05-21,1,1,0,0,0,0,0,0,0,0,3.6,3.0,1.0,0.2,0.6,1.8
670623,2023-05-22,4,4,1,0,1,1,0,1,0,1,3.5,2.9,1.0,0.2,0.4,1.8
670623,2023-05-23,4,4,1,1,0,4,1,1,1,0,3.7,3.1,1.0,0.2,0.5,1.7
670623,2023-05-24,4,3,1,0,1,1,0,1,0,1,3.6,3.0,0.8,0.3,0.4,1.8
670623,2023-05-27,4,4,1,0,2,1,0,1,0,1,3.7,3.0,0.8,0.3,0.5,1.8
670623,2023-05-28,5,5,3,1,1,7,1,1,1,1,3.7,3.3,0.8,0.3,0.7,1.8
670623,2023-05-30,4,4,0,0,2,0,0,0,0,1,3.7,3.5,0.9,0.2,0.8,1.7
670623,2023-05-31,3,3,0,0,1,0,0,0,0,1,3.6,3.4,0.7,0.2,1.0,1.4
670712,2023-05-10,3,3,1,0,2,1,0,1,0,1,2.0,2.0,0.0,0.0,0.0,0.0
670712,2023-05-14,1,1,1,1,0,4,1,1,1,0,2.5,2.5,0.5,0.0,1.0,0.5
670712,2023-05-16,3,3,0,0,2,0,0,0,0,1,2.0,2.0,0.6666666666666666,0.3333333333333333,0.6666666666666666,1.6666666666666667
670712,2023-05-19,3,3,1,0,2,1,0,1,0,1,2.25,2.25,0.5,0.25,1.0,1.25
670712,2023-05-22,1,1,0,0,0,0,0,0,0,0,2.4,2.4,0.6,0.2,1.2,1.2
670712,2023-05-26,3,3,1,0,1,1,0,1,0,1,2.1666666666666665,2.1666666666666665,0.5,0.16666666666666666,1.0,1.0
670712,2023-05-30,2,2,0,0,0,0,0,0,0,0,2.2857142857142856,2.2857142857142856,0.5714285714285714,0.14285714285714285,1.0,1.0
670764,2023-05-04,3,3,1,1,1,4,1,1,1,1,4.0,3.0,0.0,0.0,1.0,0.0
670764,2023-05-05,4,4,1,0,1,1,0,1,0,1,3.5,3.0,0.5,0.5,1.0,2.0
670764,2023-05-06,4,3,0,0,1,0,0,0,0,1,3.6666666666666665,3.3333333333333335,0.6666666666666666,0.3333333333333333,1.0,1.6666666666666667
670764,2023-05-08,4,4,0,0,2,0,0,0,0,1,3.75,3.25,0.5,0.25,1.0,1.25
670764,2023-05-09,3,2,1,1,1,4,1,1,1,1,3.8,3.4,0.4,0.2,1.2,1.0
670764,2023-05-10,1,1,0,0,0,0,0,0,0,0,3.6666666666666665,3.1666666666666665,0.5,0.3333333333333333,1.1666666666666667,1.5
670764,2023-05-11,5,4,1,0,0,2,0,1,1,0,3.2857142857142856,2.857142857142857,0.42857142857142855,0.2857142857142857,1.0,1.2857142857142858
670764,2023-05-13,4,4,1,0,2,1,0,1,0,1,3.5,3.0,0.5,0.25,0.875,1.375
670764,2023-05-14,4,4,3,1,1,8,1,1,1,1,3.5555555555555554,3.111111111111111,0.5555555555555556,0.2222222222222222,1.0,1.3333333333333333
670764,2023-05-17,5,5,1,0,4,1,0,1,0,1,3.6,3.2,0.8,0.3,1.0,2.0
670764,2023-05-18,3,3,0,0,2,0,0,0,0,1,3.7,3.4,0.9,0.3,1.3,2.1
670764,2023-05-20,4,2,1,0,0,2,0,1,1,0,3.7,3.4,0.8,0.2,1.4,1.7
670764,2023-05-21,2,1,0,0,1,0,0,0,0,1,3.7,3.2,0.8,0.2,1.3,1.8
670764,2023-05-23,4,3,0,0,1,0,0,0,0,1,3.5,3.0,0.8,0.2,1.3,1.8
670764,2023-05-24,4,4,0,0,2,0,0,0,0,1,3.5,2.9,0.8,0.2,1.2,1.8
670764,2023-05-25,4,3,0,0,2,0,0,0,0,1,3.6,3.1,0.7,0.1,1.3,1.4
670764,2023-05-26,4,4,1,0,1,1,0,1,0,1,3.9,3.3,0.7,0.1,1.5,1.4
670764,2023-05-27,4,4,2,0,0,3,0,1,1,0,3.8,3.3,0.7,0.1,1.6,1.3
670764,2023-05-29,3,3,0,0,0,0,0,0,0,0,3.8,3.3,0.8,0.1,1.4,1.5
670764,2023-05-31,4,2,0,0,0,0,0,0,0,0,3.7,3.2,0.5,0.0,1.3,0.7
670770,2023-05-02,5,5,3,0,0,3,0,1,1,0,1.0,1.0,0.0,0.0,0.0,0.0
670770,2023-05-03,4,4,1,0,0,1,0,1,0,0,3.0,3.0,1.5,0.0,0.0,1.5
670770,2023-05-05,4,4,2,0,1,3,0,1,1,1,3.3333333333333335,3.3333333333333335,1.3333333333333333,0.0,0.0,1.3333333333333333
670770,2023-05-06,4,4,2,1,1,7,1,1,1,1,3.5,3.5,1.5,0.0,0.25,1.75
670770,2023-05-07,3,2,0,0,0,0,0,0,0,0,3.6,3.6,1.6,0.2,0.4,2.8
670770,2023-05-09,4,4,2,0,0,4,0,1,1,0,3.5,3.3333333333333335,1.3333333333333333,0.16666666666666666,0.3333333333333333,2.3333333333333335
670770,2023-05-10,4,4,0,0,3,0,0,0,0,1,3.5714285714285716,3.4285714285714284,1.4285714285714286,0.14285714285714285,0.2857142857142857,2.5714285714285716
670770,2023-05-11,3,3,0,0,1,0,0,0,0,1,3.625,3.5,1.25,0.125,0.625,2.25
670770,2023-05-23,5,4,2,0,0,4,0,1,1,0,3.5555555555555554,3.4444444444444446,1.1111111111111112,0.1111111111111111,0.6666666666666666,2.0
670770,2023-05-25,3,2,2,0,0,2,0,1,1,0,3.7,3.5,1.2,0.1,0.6,2.2
670770,2023-05-27,5,4,2,0,1,3,0,1,1,1,3.9,3.6,1.4,0.1,0.6,2.4
670770,2023-05-28,3,3,2,0,0,3,0,1,1,0,3.9,3.5,1.3,0.1,0.7,2.4
670770,2023-05-30,3,3,0,0,1,0,0,0,0,1,3.8,3.4,1.4,0.1,0.7,2.6
670869,2023-05-28,2,1,0,0,0,0,0,0,0,0,2.0,1.0,1.0,0.0,0.0,1.0
670869,2023-05-31,4,4,1,0,1,1,0,1,0,1,2.0,1.0,0.5,0.0,0.0,0.5
671213,2023-05-03,5,5,3,0,0,3,0,1,1,0,4.0,3.0,0.0,0.0,2.0,0.0
671213,2023-05-04,5,5,1,0,1,1,0,1,0,1,4.5,4.0,1.5,0.0,1.0,1.5
671213,2023-05-05,4,2,0,0,0,0,0,0,0,0,4.666666666666667,4.333333333333333,1.3333333333333333,0.0,1.0,1.3333333333333333
671213,2023-05-07,2,2,1,1,1,4,1,1,1,1,4.5,3.75,1.0,0.0,0.75,1.0
671213,2023-05-09,2,0,0,0,0,0,0,0,0,0,4.0,3.4,1.0,0.2,0.8,1.6
671213,2023-05-10,4,3,1,1,1,4,1,1,1,1,3.6666666666666665,2.8333333333333335,0.8333333333333334,0.16666666666666666,0.6666666666666666,1.3333333333333333
671213,2023-05-12,3,3,2,0,0,3,0,1,1,0,3.7142857142857144,2.857142857142857,0.8571428571428571,0.2857142857142857,0.7142857142857143,1.7142857142857142
671213,2023-05-13,1,1,1,0,0,1,0,1,0,0,3.625,2.875,1.0,0.25,0.625,1.875
671213,2023-05-14,4,3,1,0,1,1,0,1,0,1,3.3333333333333335,2.6666666666666665,1.0,0.2222222222222222,0.5555555555555556,1.7777777777777777
671213,2023-05-15,4,4,0,0,1,0,0,0,0,1,3.4,2.7,1.0,0.2,0.6,1.7
671213,2023-05-16,4,3,1,1,1,4,1,1,1,1,3.4,2.8,1.0,0.2,0.5,1.7
671213,2023-05-17,1,1,0,0,0,0,0,0,0,0,3.3,2.6,0.8,0.3,0.6,1.8
671213,2023-05-19,3,3,0,0,1,0,0,0,0,1,2.9,2.2,0.7,0.3,0.5,1.7
671213,2023-05-20,4,3,0,0,1,0,0,0,0,1,2.8,2.3,0.7,0.3,0.6,1.7
671213,2023-05-21,4,4,1,0,2,1,0,1,0,1,3.0,2.4,0.6,0.2,0.6,1.3
671213,2023-05-22,3,3,0,0,2,0,0,0,0,1,3.2,2.8,0.7,0.2,0.8,1.4
671213,2023-05-23,3,2,1,0,1,1,0,1,0,1,3.1,2.8,0.6,0.1,0.9,1.0
671213,2023-05-26,5,5,3,0,1,5,0,1,1,1,3.1,2.7,0.5,0.1,1.0,0.8
671213,2023-05-27,4,4,1,0,1,1,0,1,0,1,3.5,3.1,0.7,0.1,1.1,1.2
671213,2023-05-28,4,4,1,0,3,1,0,1,0,1,3.5,3.2,0.7,0.1,1.1,1.2
671213,2023-05-30,4,4,0,0,2,0,0,0,0,1,3.5,3.2,0.8,0.1,1.3,1.3
671221,2023-05-27,4,4,0,0,1,0,0,0,0,1,4.0,4.0,2.0,0.0,2.0,2.0
671221,2023-05-29,5,5,1,0,3,1,0,1,0,1,4.0,4.0,1.0,0.0,1.5,1.0
671221,2023-05-30,3,3,0,0,2,0,0,0,0,1,4.333333333333333,4.333333333333333,1.0,0.0,2.0,1.0
671277,2023-05-02,4,4,1,0,0,1,0,1,0,0,4.0,4.0,2.0,0.0,1.0,3.0
671277,2023-05-03,4,2,0,0,0,0,0,0,0,0,4.0,4.0,1.5,0.0,0.5,2.0
671277,2023-05-04,3,3,0,0,0,0,0,0,0,0,4.0,3.3333333333333335,1.0,0.0,0.3333333333333333,1.3333333333333333
671277,2023-05-05,4,4,2,1,1,5,1,1,1,1,3.75,3.25,0.75,0.0,0.25,1.0
671277,2023-05-06,5,5,3,0,1,4,0,1,1,1,3.8,3.4,1.0,0.2,0.4,1.8
671277,2023-05-07,5,4,3,0,0,4,0,1,1,0,4.0,3.6666666666666665,1.3333333333333333,0.16666666666666666,0.5,2.1666666666666665
671277,2023-05-08,4,4,2,0,0,2,0,1,1,0,4.142857142857143,3.7142857142857144,1.5714285714285714,0.14285714285714285,0.42857142857142855,2.4285714285714284
671277,2023-05-09,5,5,1,0,0,1,0,1,0,0,4.125,3.75,1.625,0.125,0.375,2.375
671277,2023-05-10,5,4,0,0,2,0,0,0,0,1,4.222222222222222,3.888888888888889,1.5555555555555556,0.1111111111111111,0.3333333333333333,2.2222222222222223
671277,2023-05-12,4,3,0,0,1,0,0,0,0,1,4.3,3.9,1.4,0.1,0.5,2.0
671277,2023-05-13,3,3,0,0,1,0,0,0,0,1,4.3,3.8,1.2,0.1,0.5,1.7
671277,2023-05-14,5,5,3,0,0,3,0,1,1,0,4.2,3.7,1.1,0.1,0.6,1.6
671277,2023-05-15,5,5,2,0,0,2,0,1,1,0,4.3,4.0,1.4,0.1,0.6,1.9
671277,2023-05-16,5,5,1,0,1,1,0,1,0,1,4.5,4.2,1.6,0.1,0.6,2.1
671277,2023-05-17,4,3,0,0,3,0,0,0,0,1,4.6,4.3,1.5,0.0,0.6,1.7
671277,2023-05-18,4,4,1,0,1,1,0,1,0,1,4.5,4.1,1.2,0.0,0.8,1.3
671277,2023-05-19,3,3,0,0,1,0,0,0,0,1,4.4,4.1,1.0,0.0,0.9,1.0
671277,2023-05-23,4,4,2,0,0,2,0,1,1,0,4.3,4.0,0.8,0.0,1.0,0.8
671277,2023-05-24,4,2,0,0,0,0,0,0,0,0,4.2,3.9,0.9,0.0,1.0,0.9
671277,2023-05-25,5,5,2,0,1,2,0,1,1,1,4.1,3.7,0.9,0.0,0.8,0.9
671277,2023-05-26,6,6,6,0,0,8,0,1,1,0,4.2,3.9,1.1,0.0,0.8,1.1
671277,2023-05-27,5,5,0,0,1,0,0,0,0,1,4.5,4.2,1.7,0.0,0.7,1.9
671277,2023-05-28,5,5,0,0,2,0,0,0,0,1,4.5,4.2,1.4,0.0,0.8,1.6
671277,2023-05-29,4,3,0,0,0,0,0,0,0,0,4.5,4.2,1.2,0.0,1.0,1.4
671277,2023-05-30,5,5,1,0,1,1,0,1,0,1,4.4,4.0,1.1,0.0,0.9,1.3
671277,2023-05-31,5,5,2,1,2,6,1,1,1,1,4.5,4.2,1.2,0.0,0.7,1.4
671289,2023-05-17,4,4,1,0,2,1,0,1,0,1,4.0,4.0,2.0,0.0,1.0,2.0
671289,2023-05-21,4,4,1,0,1,2,0,1,1,1,4.0,4.0,1.5,0.0,1.5,1.5
671289,2023-05-27,1,1,0,0,0,0,0,0,0,0,4.0,4.0,1.3333333333333333,0.0,1.3333333333333333,1.6666666666666667
671289,2023-05-28,2,2,0,0,0,0,0,0,0,0,3.25,3.25,1.0,0.0,1.0,1.25
671739,2023-05-02,4,4,1,0,1,2,0,1,1,1,6.0,4.0,1.0,0.0,2.0,1.0
671739,2023-05-03,4,4,2,1,0,5,1,1,1,0,5.0,4.0,1.0,0.0,1.5,1.5
671739,2023-05-06,4,3,0,0,1,0,0,0,0,1,4.666666666666667,4.0,1.3333333333333333,0.3333333333333333,1.0,2.6666666666666665
671739,2023-05-07,5,4,1,0,0,2,0,1,1,0,4.5,3.75,1.0,0.25,1.0,2.0
671739,2023-05-09,4,3,0,0,1,0,0,0,0,1,4.6,3.8,1.0,0.2,0.8,2.0
671739,2023-05-10,3,3,1,0,1,1,0,1,0,1,4.5,3.6666666666666665,0.8333333333333334,0.16666666666666666,0.8333333333333334,1.6666666666666667
671739,2023-05-12,3,2,0,0,0,0,0,0,0,0,4.285714285714286,3.5714285714285716,0.8571428571428571,0.14285714285714285,0.8571428571428571,1.5714285714285714
671739,2023-05-13,4,3,1,0,0,1,0,1,0,0,4.125,3.375,0.75,0.125,0.75,1.375
671739,2023-05-14,4,4,1,0,3,1,0,1,0,1,4.111111111111111,3.3333333333333335,0.7777777777777778,0.1111111111111111,0.6666666666666666,1.3333333333333333
671739,2023-05-15,4,4,1,0,0,2,0,1,1,0,4.1,3.4,0.8,0.1,0.9,1.3
671739,2023-05-16,4,4,0,0,0,0,0,0,0,0,3.9,3.4,0.8,0.1,0.7,1.4
671739,2023-05-17,4,4,0,0,1,0,0,0,0,1,3.9,3.4,0.7,0.1,0.6,1.2
671739,2023-05-19,4,4,0,0,1,0,0,0,0,1,3.9,3.4,0.5,0.0,0.7,0.7
671739,2023-05-20,3,3,0,0,1,0,0,0,0,1,3.9,3.5,0.5,0.0,0.7,0.7
671739,2023-05-21,3,3,0,0,0,0,0,0,0,0,3.7,3.4,0.4,0.0,0.8,0.5
671739,2023-05-22,3,3,0,0,2,0,0,0,0,1,3.6,3.4,0.4,0.0,0.7,0.5
671739,2023-05-24,3,3,1,0,1,1,0,1,0,1,3.6,3.4,0.3,0.0,0.8,0.4
671739,2023-05-25,3,2,0,0,2,0,0,0,0,1,3.6,3.5,0.4,0.0,0.9,0.5
671739,2023-05-26,4,3,2,1,1,5,1,1,1,1,3.5,3.4,0.3,0.0,1.1,0.4
671739,2023-05-27,3,2,0,0,2,0,0,0,0,1,3.5,3.3,0.4,0.1,0.9,0.8
671739,2023-05-28,4,3,1,0,0,1,0,1,0,0,3.4,3.1,0.3,0.1,1.1,0.6
671739,2023-05-29,3,3,0,0,1,0,0,0,0,1,3.4,3.0,0.4,0.1,1.1,0.7
671739,2023-05-30,3,3,1,0,1,1,0,1,0,1,3.3,2.9,0.4,0.1,1.1,0.7
671739,2023-05-31,4,3,0,0,2,0,0,0,0,1,3.2,2.8,0.5,0.1,1.1,0.8
672275,2023-05-21,3,3,1,1,1,4,1,1,1,1,3.0,3.0,1.0,0.0,0.0,1.0
672275,2023-05-22,4,4,0,0,1,0,0,0,0,1,3.0,3.0,1.0,0.5,0.5,2.5
672275,2023-05-23,4,3,1,0,1,1,0,1,0,1,3.3333333333333335,3.3333333333333335,0.6666666666666666,0.3333333333333333,0.6666666666666666,1.6666666666666667
672275,2023-05-25,4,4,1,0,1,2,0,1,1,1,3.5,3.25,0.75,0.25,0.75,1.5
672275,2023-05-26,5,5,4,0,0,5,0,1,1,0,3.6,3.4,0.8,0.2,0.8,1.6
672275,2023-05-27,4,4,0,0,3,0,0,0,0,1,3.8333333333333335,3.6666666666666665,1.3333333333333333,0.16666666666666666,0.6666666666666666,2.1666666666666665
672275,2023-05-29,5,5,3,1,0,7,1,1,1,0,3.857142857142857,3.7142857142857144,1.1428571428571428,0.14285714285714285,1.0,1.8571428571428572
672275,2023-05-30,3,3,0,0,2,0,0,0,0,1,4.0,3.875,1.375,0.25,0.875,2.5
672275,2023-05-31,4,4,2,0,2,2,0,1,1,1,3.888888888888889,3.7777777777777777,1.2222222222222223,0.2222222222222222,1.0,2.2222222222222223
672284,2023-05-03,3,3,1,0,1,1,0,1,0,1,4.0,3.0,1.0,0.0,1.0,2.0
672284,2023-05-04,5,5,1,0,2,2,0,1,1,1,3.5,3.0,1.0,0.0,1.0,1.5
672284,2023-05-05,4,4,1,0,1,1,0,1,0,1,4.0,3.6666666666666665,1.0,0.0,1.3333333333333333,1.6666666666666667
672284,2023-05-06,5,4,1,0,2,1,0,1,0,1,4.0,3.75,1.0,0.0,1.25,1.5
672284,2023-05-07,2,2,1,0,1,2,0,1,1,1,4.2,3.8,1.0,0.0,1.4,1.4
672284,2023-05-08,4,4,0,0,2,0,0,0,0,1,3.8333333333333335,3.5,1.0,0.0,1.3333333333333333,1.5
672284,2023-05-09,4,4,1,0,0,2,0,1,1,0,3.857142857142857,3.5714285714285716,0.8571428571428571,0.0,1.4285714285714286,1.2857142857142858
672284,2023-05-10,4,4,2,0,0,4,0,1,1,0,3.875,3.625,0.875,0.0,1.25,1.375
672284,2023-05-12,4,4,1,0,1,1,0,1,0,1,3.888888888888889,3.6666666666666665,1.0,0.0,1.1111111111111112,1.6666666666666667
672284,2023-05-13,4,4,1,1,3,4,1,1,1,1,3.9,3.7,1.0,0.0,1.1,1.6
672284,2023-05-14,1,1,0,0,1,0,0,0,0,1,3.9,3.8,1.0,0.1,1.3,1.8
672284,2023-05-15,5,5,2,0,0,2,0,1,1,0,3.7,3.6,0.9,0.1,1.3,1.7
672284,2023-05-16,4,4,0,0,3,0,0,0,0,1,3.7,3.6,1.0,0.1,1.1,1.7
672284,2023-05-17,5,4,1,0,1,2,0,1,1,1,3.7,3.6,0.9,0.1,1.3,1.6
672284,2023-05-19,4,3,1,0,0,1,0,1,0,0,3.7,3.6,0.9,0.1,1.2,1.7
672284,2023-05-20,5,5,2,0,1,2,0,1,1,1,3.9,3.7,0.9,0.1,1.1,1.6
672284,2023-05-21,4,4,1,1,3,4,1,1,1,1,4.0,3.8,1.1,0.1,1.0,1.8
672284,2023-05-22,5,4,3,1,1,6,1,1,1,1,4.0,3.8,1.1,0.2,1.3,2.0
672284,2023-05-23,4,4,1,0,1,1,0,1,0,1,4.1,3.8,1.2,0.3,1.4,2.2
672284,2023-05-24,4,4,0,0,3,0,0,0,0,1,4.1,3.8,1.2,0.3,1.4,2.2
672284,2023-05-25,2,2,0,0,1,0,0,0,0,1,4.1,3.8,1.1,0.2,1.4,1.8
672284,2023-05-26,4,4,0,0,3,0,0,0,0,1,4.2,3.9,1.1,0.2,1.4,1.8
672284,2023-05-27,4,4,1,0,2,2,0,1,1,1,4.1,3.8,0.9,0.2,1.7,1.6
672284,2023-05-28,4,3,1,0,1,2,0,1,1,1,4.1,3.8,1.0,0.2,1.6,1.8
672284,2023-05-29,4,4,2,0,1,2,0,1,1,1,4.0,3.7,1.0,0.2,1.6,1.8
672284,2023-05-31,4,4,0,0,3,0,0,0,0,1,4.0,3.8,1.1,0.2,1.7,1.9
672356,2023-05-07,3,3,2,0,0,3,0,1,1,0,3.0,2.0,0.0,0.0,2.0,0.0
672356,2023-05-08,2,2,0,0,2,0,0,0,0,1,3.0,2.5,1.0,0.0,1.0,1.5
672356,2023-05-10,3,3,1,0,1,1,0,1,0,1,2.6666666666666665,2.3333333333333335,0.6666666666666666,0.0,1.3333333333333333,1.0
672356,2023-05-12,4,4,0,0,1,0,0,0,0,1,2.75,2.5,0.75,0.0,1.25,1.0
672356,2023-05-13,3,2,0,0,1,0,0,0,0,1,3.0,2.8,0.6,0.0,1.2,0.8
672356,2023-05-16,4,4,0,0,3,0,0,0,0,1,3.0,2.6666666666666665,0.5,0.0,1.1666666666666667,0.6666666666666666
672356,2023-05-18,3,3,2,1,0,6,1,1,1,0,3.142857142857143,2.857142857142857,0.42857142857142855,0.0,1.4285714285714286,0.5714285714285714
672356,2023-05-19,1,1,1,1,0,4,1,1,1,0,3.125,2.875,0.625,0.125,1.25,1.25
672356,2023-05-21,7,7,2,0,2,2,0,1,1,1,2.888888888888889,2.6666666666666665,0.6666666666666666,0.2222222222222222,1.1111111111111112,1.5555555555555556
672356,2023-05-22,3,1,0,0,0,0,0,0,0,0,3.3,3.1,0.8,0.2,1.2,1.6
672356,2023-05-23,3,2,1,0,0,2,0,1,1,0,3.3,3.0,0.8,0.2,1.0,1.6
672356,2023-05-24,2,2,0,0,1,0,0,0,0,1,3.3,2.9,0.7,0.2,1.0,1.5
672356,2023-05-26,3,2,0,0,1,0,0,0,0,1,3.3,2.9,0.7,0.2,0.9,1.5
672356,2023-05-27,1,1,0,0,0,0,0,0,0,0,3.3,2.8,0.6,0.2,0.9,1.4
672356,2023-05-28,4,4,1,0,0,2,0,1,1,0,3.0,2.5,0.6,0.2,0.8,1.4
672356,2023-05-29,4,3,0,0,0,0,0,0,0,0,3.1,2.7,0.7,0.2,0.7,1.6
672356,2023-05-31,5,3,1,1,2,4,1,1,1,1,3.1,2.6,0.7,0.2,0.4,1.6
672386,2023-05-02,4,4,0,0,0,0,0,0,0,0,1.0,1.0,0.0,0.0,0.0,0.0
672386,2023-05-03,4,3,0,0,0,0,0,0,0,0,2.5,2.5,0.0,0.0,0.0,0.0
672386,2023-05-04,1,1,0,0,0,0,0,0,0,0,3.0,2.6666666666666665,0.0,0.0,0.0,0.0
672386,2023-05-05,4,3,1,0,1,1,0,1,0,1,2.5,2.25,0.0,0.0,0.0,0.0
672386,2023-05-06,5,3,2,0,0,3,0,1,1,0,2.8,2.4,0.2,0.0,0.2,0.2
672386,2023-05-09,3,3,0,0,0,0,0,0,0,0,3.1666666666666665,2.5,0.5,0.0,0.16666666666666666,0.6666666666666666
672386,2023-05-10,1,1,0,0,0,0,0,0,0,0,3.142857142857143,2.5714285714285716,0.42857142857142855,0.0,0.14285714285714285,0.5714285714285714
672386,2023-05-12,4,4,0,0,1,0,0,0,0,1,2.875,2.375,0.375,0.0,0.125,0.5
672386,2023-05-13,2,2,0,0,1,0,0,0,0,1,3.0,2.5555555555555554,0.3333333333333333,0.0,0.2222222222222222,0.4444444444444444
672386,2023-05-15,2,2,0,0,0,0,0,0,0,0,2.9,2.5,0.3,0.0,0.3,0.4
672386,2023-05-17,4,4,2,0,0,3,0,1,1,0,3.0,2.6,0.3,0.0,0.3,0.4
672386,2023-05-18,4,3,0,0,2,0,0,0,0,1,3.0,2.6,0.5,0.0,0.3,0.7
672386,2023-05-20,2,2,1,0,1,1,0,1,0,1,3.0,2.6,0.5,0.0,0.5,0.7
672386,2023-05-21,5,5,2,0,0,3,0,1,1,0,3.1,2.7,0.6,0.0,0.6,0.8
672386,2023-05-22,4,4,1,0,0,1,0,1,0,0,3.2,2.9,0.7,0.0,0.5,1.0
672386,2023-05-24,2,2,0,0,0,0,0,0,0,0,3.1,3.0,0.6,0.0,0.5,0.8
672386,2023-05-25,4,4,3,0,0,3,0,1,1,0,3.0,2.9,0.6,0.0,0.5,0.8
672386,2023-05-26,4,4,0,0,0,0,0,0,0,0,3.3,3.2,0.9,0.0,0.5,1.1
672386,2023-05-27,2,2,1,0,0,1,0,1,0,0,3.3,3.2,0.9,0.0,0.4,1.1
672386,2023-05-28,3,3,1,0,0,1,0,1,0,0,3.3,3.2,1.0,0.0,0.3,1.2
672386,2023-05-30,3,3,3,0,0,3,0,1,1,0,3.4,3.3,1.1,0.0,0.3,1.3
672386,2023-05-31,4,4,0,0,0,0,0,0,0,0,3.3,3.2,1.2,0.0,0.3,1.3
672478,2023-05-08,2,2,1,0,0,1,0,1,0,0,3.0,3.0,0.0,0.0,0.0,0.0
672478,2023-05-09,4,4,3,3,0,12,1,1,1,0,2.5,2.5,0.5,0.0,0.0,0.5
672478,2023-05-10,4,3,0,0,0,0,0,0,0,0,3.0,3.0,1.3333333333333333,1.0,0.0,4.333333333333333
672478,2023-05-11,3,3,0,0,1,0,0,0,0,1,3.25,3.0,1.0,0.75,0.0,3.25
672478,2023-05-12,4,4,1,0,0,1,0,1,0,0,3.2,3.0,0.8,0.6,0.2,2.6
672478,2023-05-13,3,3,1,0,0,1,0,1,0,0,3.3333333333333335,3.1666666666666665,0.8333333333333334,0.5,0.16666666666666666,2.3333333333333335
672478,2023-05-14,4,4,0,0,2,0,0,0,0,1,3.2857142857142856,3.142857142857143,0.8571428571428571,0.42857142857142855,0.14285714285714285,2.142857142857143
672478,2023-05-15,3,2,0,0,1,0,0,0,0,1,3.375,3.25,0.75,0.375,0.375,1.875
672478,2023-05-16,3,3,0,0,1,0,0,0,0,1,3.3333333333333335,3.111111111111111,0.6666666666666666,0.3333333333333333,0.4444444444444444,1.6666666666666667
672478,2023-05-19,2,1,1,0,0,1,0,1,0,0,3.3,3.1,0.6,0.3,0.5,1.5
672478,2023-05-21,3,3,0,0,0,0,0,0,0,0,3.2,2.9,0.7,0.3,0.5,1.6
672515,2023-05-05,4,4,2,0,1,2,0,1,1,1,4.0,4.0,0.0,0.0,0.0,0.0
672515,2023-05-06,3,3,1,0,2,1,0,1,0,1,4.0,4.0,1.0,0.0,0.5,1.0
672515,2023-05-08,4,4,3,0,0,4,0,1,1,0,3.6666666666666665,3.6666666666666665,1.0,0.0,1.0,1.0
672515,2023-05-09,4,3,1,0,0,1,0,1,0,0,3.75,3.75,1.5,0.0,0.75,1.75
672515,2023-05-10,1,1,0,0,1,0,0,0,0,1,3.8,3.6,1.4,0.0,0.6,1.6
672515,2023-05-11,2,1,0,0,1,0,0,0,0,1,3.3333333333333335,3.1666666666666665,1.1666666666666667,0.0,0.6666666666666666,1.3333333333333333
672515,2023-05-12,3,3,2,0,1,2,0,1,1,1,3.142857142857143,2.857142857142857,1.0,0.0,0.7142857142857143,1.1428571428571428
672515,2023-05-14,3,3,2,0,0,2,0,1,1,0,3.125,2.875,1.125,0.0,0.75,1.25
672515,2023-05-15,4,3,1,0,1,1,0,1,0,1,3.111111111111111,2.888888888888889,1.2222222222222223,0.0,0.6666666666666666,1.3333333333333333
672515,2023-05-16,6,6,2,0,1,3,0,1,1,1,3.2,2.9,1.2,0.0,0.7,1.3
672515,2023-05-19,4,3,0,0,1,0,0,0,0,1,3.4,3.1,1.4,0.0,0.8,1.6
672515,2023-05-20,4,4,1,0,1,1,0,1,0,1,3.4,3.0,1.2,0.0,0.8,1.4
672515,2023-05-22,3,3,0,0,0,0,0,0,0,0,3.5,3.1,1.2,0.0,0.7,1.4
672515,2023-05-23,4,2,1,1,1,4,1,1,1,1,3.4,3.0,0.9,0.0,0.7,1.0
672515,2023-05-26,1,1,0,0,0,0,0,0,0,0,3.4,2.9,0.9,0.1,0.8,1.3
672515,2023-05-27,3,3,0,0,1,0,0,0,0,1,3.4,2.9,0.9,0.1,0.7,1.3
672515,2023-05-28,3,3,1,0,0,1,0,1,0,0,3.5,3.1,0.9,0.1,0.7,1.3
672515,2023-05-29,4,3,1,0,0,2,0,1,1,0,3.5,3.1,0.8,0.1,0.6,1.2
672515,2023-05-30,3,2,0,0,0,0,0,0,0,0,3.6,3.1,0.7,0.1,0.6,1.2
672515,2023-05-31,4,4,1,0,0,1,0,1,0,0,3.5,3.0,0.6,0.1,0.5,1.1
672580,2023-05-03,4,3,1,0,0,1,0,1,0,0,4.0,4.0,2.0,0.0,0.0,2.0
672580,2023-05-04,5,5,2,0,1,3,0,1,1,1,4.0,3.5,1.5,0.0,0.0,1.5
672580,2023-05-05,4,3,1,0,0,1,0,1,0,0,4.333333333333333,4.0,1.6666666666666667,0.0,0.3333333333333333,2.0
672580,2023-05-06,5,4,1,0,0,2,0,1,1,0,4.25,3.75,1.5,0.0,0.25,1.75
672580,2023-05-07,4,4,1,0,0,1,0,1,0,0,4.4,3.8,1.4,0.0,0.2,1.8
672580,2023-05-08,5,4,0,0,2,0,0,0,0,1,4.333333333333333,3.8333333333333335,1.3333333333333333,0.0,0.16666666666666666,1.6666666666666667
672580,2023-05-09,4,3,0,0,0,0,0,0,0,0,4.428571428571429,3.857142857142857,1.1428571428571428,0.0,0.42857142857142855,1.4285714285714286
672580,2023-05-11,4,4,1,0,3,2,0,1,1,1,4.375,3.75,1.0,0.0,0.375,1.25
672580,2023-05-12,4,4,0,0,2,0,0,0,0,1,4.333333333333333,3.7777777777777777,1.0,0.0,0.6666666666666666,1.3333333333333333
672580,2023-05-14,4,4,0,0,0,0,0,0,0,0,4.3,3.8,0.9,0.0,0.8,1.2
672580,2023-05-15,3,3,0,0,1,0,0,0,0,1,4.3,3.8,0.7,0.0,0.8,1.0
672580,2023-05-16,4,4,2,0,2,3,0,1,1,1,4.2,3.8,0.6,0.0,0.9,0.9
672580,2023-05-17,4,4,3,0,0,4,0,1,1,0,4.1,3.7,0.6,0.0,1.0,0.9
672580,2023-05-20,4,4,0,0,3,0,0,0,0,1,4.1,3.8,0.8,0.0,1.0,1.2
672580,2023-05-21,4,2,0,0,1,0,0,0,0,1,4.0,3.8,0.7,0.0,1.3,1.0
672580,2023-05-22,4,2,0,0,1,0,0,0,0,1,4.0,3.6,0.6,0.0,1.4,0.9
672580,2023-05-23,4,4,3,0,0,3,0,1,1,0,3.9,3.4,0.6,0.0,1.3,0.9
672580,2023-05-24,4,3,2,0,1,3,0,1,1,1,3.9,3.5,0.9,0.0,1.3,1.2
672580,2023-05-26,5,5,2,0,2,3,0,1,1,1,3.9,3.4,1.0,0.0,1.1,1.3
672580,2023-05-27,3,3,1,0,2,2,0,1,1,1,4.0,3.5,1.2,0.0,1.1,1.6
672580,2023-05-28,4,4,0,0,2,0,0,0,0,1,3.9,3.4,1.3,0.0,1.3,1.8
672580,2023-05-30,3,3,0,0,2,0,0,0,0,1,4.0,3.5,1.3,0.0,1.4,1.8
672695,2023-05-03,2,2,2,0,0,3,0,1,1,0,4.0,4.0,2.0,0.0,0.0,2.0
672695,2023-05-05,3,2,0,0,0,0,0,0,0,0,3.0,3.0,2.0,0.0,0.0,2.5
672695,2023-05-07,5,3,0,0,0,0,0,0,0,0,3.0,2.6666666666666665,1.3333333333333333,0.0,0.0,1.6666666666666667
672695,2023-05-10,4,4,1,0,1,1,0,1,0,1,3.5,2.75,1.0,0.0,0.0,1.25
672695,2023-05-11,3,3,0,0,1,0,0,0,0,1,3.6,3.0,1.0,0.0,0.2,1.2
672695,2023-05-13,4,4,0,0,0,0,0,0,0,0,3.5,3.0,0.8333333333333334,0.0,0.3333333333333333,1.0
672695,2023-05-14,3,3,0,0,0,0,0,0,0,0,3.5714285714285716,3.142857142857143,0.7142857142857143,0.0,0.2857142857142857,0.8571428571428571
672695,2023-05-15,4,3,2,1,0,5,1,1,1,0,3.5,3.125,0.625,0.0,0.25,0.75
672695,2023-05-17,5,3,0,0,2,0,0,0,0,1,3.5555555555555554,3.111111111111111,0.7777777777777778,0.1111111111111111,0.2222222222222222,1.2222222222222223
672695,2023-05-19,4,4,1,1,2,4,1,1,1,1,3.7,3.1,0.7,0.1,0.4,1.1
672695,2023-05-20,4,4,0,0,2,0,0,0,0,1,3.7,3.1,0.6,0.2,0.6,1.3
672695,2023-05-21,4,2,1,0,0,1,0,1,0,0,3.9,3.3,0.4,0.2,0.8,1.0
672695,2023-05-22,4,3,1,0,1,2,0,1,1,1,4.0,3.3,0.5,0.2,0.8,1.1
672695,2023-05-23,4,4,1,0,0,1,0,1,0,0,3.9,3.3,0.6,0.2,0.9,1.3
672695,2023-05-26,2,1,0,0,0,0,0,0,0,0,3.9,3.3,0.6,0.2,0.8,1.3
672695,2023-05-27,3,3,0,0,1,0,0,0,0,1,3.8,3.1,0.6,0.2,0.7,1.3
672695,2023-05-28,3,3,1,1,1,4,1,1,1,1,3.7,3.0,0.6,0.2,0.8,1.3
672695,2023-05-29,4,4,0,0,0,0,0,0,0,0,3.7,3.0,0.7,0.3,0.9,1.7
672695,2023-05-31,4,4,0,0,1,0,0,0,0,1,3.7,3.1,0.5,0.2,0.9,1.2
672779,2023-05-04,4,3,0,0,2,0,0,0,0,1,1.0,1.0,0.0,0.0,0.0,0.0
672779,2023-05-05,3,2,1,0,0,1,0,1,0,0,2.5,2.0,0.0,0.0,1.0,0.0
672779,2023-05-06,4,4,0,0,1,0,0,0,0,1,2.6666666666666665,2.0,0.3333333333333333,0.0,0.6666666666666666,0.3333333333333333
672779,2023-05-09,4,4,1,0,1,1,0,1,0,1,3.0,2.5,0.25,0.0,0.75,0.25
672779,2023-05-10,2,2,1,1,0,4,1,1,1,0,3.2,2.8,0.4,0.0,0.8,0.4
672779,2023-05-12,2,2,0,0,1,0,0,0,0,1,3.0,2.6666666666666665,0.5,0.16666666666666666,0.6666666666666666,1.0
672779,2023-05-13,1,1,1,0,0,2,0,1,1,0,2.857142857142857,2.5714285714285716,0.42857142857142855,0.14285714285714285,0.7142857142857143,0.8571428571428571
672779,2023-05-14,2,2,1,0,0,1,0,1,0,0,2.625,2.375,0.5,0.125,0.625,1.0
672779,2023-05-16,4,4,1,0,1,1,0,1,0,1,2.5555555555555554,2.3333333333333335,0.5555555555555556,0.1111111111111111,0.5555555555555556,1.0
672779,2023-05-19,5,4,1,0,0,1,0,1,0,0,2.7,2.5,0.6,0.1,0.6,1.0
672779,2023-05-20,3,3,0,0,1,0,0,0,0,1,3.1,2.8,0.7,0.1,0.6,1.1
672779,2023-05-21,3,3,1,0,0,2,0,1,1,0,3.0,2.8,0.7,0.1,0.5,1.1
672779,2023-05-22,4,3,2,1,0,5,1,1,1,0,3.0,2.9,0.7,0.1,0.5,1.2
672779,2023-05-23,3,3,0,0,0,0,0,0,0,0,3.0,2.8,0.9,0.2,0.4,1.7
672779,2023-05-26,5,5,2,1,1,6,1,1,1,1,2.9,2.7,0.8,0.2,0.3,1.6
672779,2023-05-27,4,4,1,0,1,2,0,1,1,1,3.2,3.0,0.9,0.2,0.4,1.8
672779,2023-05-28,1,1,0,0,0,0,0,0,0,0,3.4,3.2,1.0,0.2,0.4,2.0
672779,2023-05-29,4,4,3,0,0,5,0,1,1,0,3.4,3.2,0.9,0.2,0.4,1.8
672779,2023-05-30,4,4,0,0,1,0,0,0,0,1,3.6,3.4,1.1,0.2,0.4,2.2
672779,2023-05-31,1,1,0,0,1,0,0,0,0,1,3.6,3.4,1.0,0.2,0.4,2.1
672820,2023-05-07,1,1,0,0,0,0,0,0,0,0,4.0,4.0,0.0,0.0,2.0,0.0
672820,2023-05-08,2,2,0,0,0,0,0,0,0,0,2.5,2.5,0.0,0.0,1.0,0.0
672820,2023-05-09,3,3,1,0,0,2,0,1,1,0,2.3333333333333335,2.3333333333333335,0.0,0.0,0.6666666666666666,0.0
672820,2023-05-10,1,1,0,0,1,0,0,0,0,1,2.5,2.5,0.25,0.0,0.5,0.5
672820,2023-05-11,4,4,0,0,1,0,0,0,0,1,2.2,2.2,0.2,0.0,0.6,0.4
673237,2023-05-06,4,4,0,0,0,0,0,0,0,0,3.0,3.0,2.0,0.0,0.0,3.0
673237,2023-05-08,3,3,0,0,2,0,0,0,0,1,3.5,3.5,1.0,0.0,0.0,1.5
673237,2023-05-10,4,3,1,0,2,1,0,1,0,1,3.3333333333333335,3.3333333333333335,0.6666666666666666,0.0,0.6666666666666666,1.0
673237,2023-05-13,1,1,0,0,0,0,0,0,0,0,3.5,3.25,0.75,0.0,1.0,1.0
673237,2023-05-14,3,3,1,1,0,4,1,1,1,0,3.0,2.8,0.6,0.0,0.8,0.8
673237,2023-05-17,4,4,2,0,0,2,0,1,1,0,3.0,2.8333333333333335,0.6666666666666666,0.16666666666666666,0.6666666666666666,1.3333333333333333
673237,2023-05-22,1,1,0,0,0,0,0,0,0,0,3.142857142857143,3.0,0.8571428571428571,0.14285714285714285,0.5714285714285714,1.4285714285714286
673237,2023-05-23,3,3,0,0,0,0,0,0,0,0,2.875,2.75,0.75,0.125,0.5,1.25
673237,2023-05-28,3,3,1,0,1,1,0,1,0,1,2.888888888888889,2.7777777777777777,0.6666666666666666,0.1111111111111111,0.4444444444444444,1.1111111111111112
673237,2023-05-29,1,1,0,0,1,0,0,0,0,1,2.9,2.8,0.7,0.1,0.5,1.1
673237,2023-05-31,2,2,1,1,0,4,1,1,1,0,2.7,2.6,0.5,0.1,0.6,0.8
673357,2023-05-03,4,4,1,1,1,4,1,1,1,1,3.0,3.0,1.0,0.0,1.0,1.0
673357,2023-05-04,4,4,1,0,2,2,0,1,1,1,3.5,3.5,1.0,0.5,1.0,2.5
673357,2023-05-05,4,4,3,1,0,6,1,1,1,0,3.6666666666666665,3.6666666666666665,1.0,0.3333333333333333,1.3333333333333333,2.3333333333333335
673357,2023-05-06,4,2,2,0,0,3,0,1,1,0,3.75,3.75,1.5,0.5,1.0,3.25
673357,2023-05-07,4,2,2,0,0,3,0,1,1,0,3.8,3.4,1.6,0.4,0.8,3.2
673357,2023-05-08,4,3,1,0,1,1,0,1,0,1,3.8333333333333335,3.1666666666666665,1.6666666666666667,0.3333333333333333,0.6666666666666666,3.1666666666666665
673357,2023-05-09,4,4,1,1,0,4,1,1,1,0,3.857142857142857,3.142857142857143,1.5714285714285714,0.2857142857142857,0.7142857142857143,2.857142857142857
673357,2023-05-10,4,4,0,0,4,0,0,0,0,1,3.875,3.25,1.5,0.375,0.625,3.0
673357,2023-05-11,4,4,1,0,0,2,0,1,1,0,3.888888888888889,3.3333333333333335,1.3333333333333333,0.3333333333333333,1.0,2.6666666666666665
673357,2023-05-12,3,3,2,1,0,5,1,1,1,0,3.9,3.4,1.3,0.3,0.9,2.6
673357,2023-05-13,4,4,2,1,0,5,1,1,1,0,3.9,3.4,1.4,0.4,0.8,3.0
673357,2023-05-14,4,4,2,1,2,6,1,1,1,1,3.9,3.4,1.5,0.4,0.7,3.1
673357,2023-05-16,4,4,1,1,0,4,1,1,1,0,3.9,3.4,1.6,0.5,0.7,3.5
673357,2023-05-17,4,4,0,0,2,0,0,0,0,1,3.9,3.4,1.4,0.5,0.7,3.3
673357,2023-05-18,4,4,2,0,1,3,0,1,1,1,3.9,3.6,1.2,0.5,0.9,3.0
673357,2023-05-19,4,4,0,0,2,0,0,0,0,1,3.9,3.8,1.2,0.5,1.0,3.0
673357,2023-05-20,3,3,1,0,1,2,0,1,1,1,3.9,3.9,1.1,0.5,1.1,2.9
673357,2023-05-21,4,3,1,1,1,4,1,1,1,1,3.8,3.8,1.1,0.4,1.2,2.7
673357,2023-05-22,4,4,1,0,2,1,0,1,0,1,3.8,3.7,1.2,0.5,0.9,3.1
673357,2023-05-23,4,4,2,0,1,2,0,1,1,1,3.8,3.7,1.2,0.5,1.1,3.0
673357,2023-05-25,3,3,0,0,2,0,0,0,0,1,3.9,3.8,1.2,0.4,1.2,2.7
673357,2023-05-26,3,2,0,0,0,0,0,0,0,0,3.8,3.7,1.0,0.3,1.4,2.2
673357,2023-05-28,4,4,0,0,3,0,0,0,0,1,3.7,3.5,0.8,0.2,1.2,1.6
673357,2023-05-29,4,4,0,0,3,0,0,0,0,1,3.7,3.5,0.7,0.1,1.5,1.2
673357,2023-05-30,3,3,3,0,0,5,0,1,1,0,3.7,3.5,0.7,0.1,1.6,1.2
673357,2023-05-31,5,5,1,0,1,1,0,1,0,1,3.6,3.4,0.8,0.1,1.5,1.4
673490,2023-05-02,4,2,1,0,0,1,0,1,0,0,4.0,4.0,2.0,1.0,1.0,6.0
673490,2023-05-03,4,3,0,0,1,0,0,0,0,1,4.0,3.0,1.5,0.5,0.5,3.5
673490,2023-05-05,3,1,1,0,0,1,0,1,0,0,4.0,3.0,1.0,0.3333333333333333,0.6666666666666666,2.3333333333333335
673490,2023-05-06,4,4,0,0,3,0,0,0,0,1,3.75,2.5,1.0,0.25,0.5,2.0
673490,2023-05-07,4,4,2,0,0,2,0,1,1,0,3.8,2.8,0.8,0.2,1.0,1.6
673490,2023-05-09,4,4,2,0,1,2,0,1,1,1,3.8333333333333335,3.0,1.0,0.16666666666666666,0.8333333333333334,1.6666666666666667
673490,2023-05-11,3,3,0,0,2,0,0,0,0,1,3.857142857142857,3.142857142857143,1.1428571428571428,0.14285714285714285,0.8571428571428571,1.7142857142857142
673490,2023-05-12,4,4,1,0,1,2,0,1,1,1,3.75,3.125,1.0,0.125,1.0,1.5
673490,2023-05-13,3,3,1,1,1,4,1,1,1,1,3.7777777777777777,3.2222222222222223,1.0,0.1111111111111111,1.0,1.5555555555555556
673490,2023-05-14,3,3,0,0,2,0,0,0,0,1,3.7,3.2,1.0,0.2,1.0,1.8
673490,2023-05-15,4,4,1,0,1,1,0,1,0,1,3.6,3.1,0.8,0.1,1.1,1.2
673490,2023-05-16,3,2,0,0,0,0,0,0,0,0,3.6,3.3,0.8,0.1,1.2,1.2
673490,2023-05-17,5,3,2,0,0,2,0,1,1,0,3.5,3.2,0.8,0.1,1.1,1.2
673490,2023-05-19,4,4,1,0,1,1,0,1,0,1,3.7,3.4,0.9,0.1,1.1,1.3
673490,2023-05-20,4,4,1,0,1,2,0,1,1,1,3.7,3.4,1.0,0.1,0.9,1.4
673490,2023-05-21,4,4,1,0,2,1,0,1,0,1,3.7,3.4,0.9,0.1,1.0,1.4
673490,2023-05-23,5,5,1,0,1,1,0,1,0,1,3.7,3.4,0.8,0.1,1.1,1.3
673490,2023-05-24,3,3,1,1,0,4,1,1,1,0,3.9,3.6,0.9,0.1,1.0,1.4
673490,2023-05-27,4,3,1,0,1,1,0,1,0,1,3.8,3.5,0.9,0.2,0.9,1.6
673490,2023-05-28,4,2,1,0,1,1,0,1,0,1,3.9,3.5,0.9,0.1,0.9,1.3
673490,2023-05-30,5,2,1,0,0,1,0,1,0,0,4.0,3.4,1.0,0.1,0.8,1.4
673490,2023-05-31,3,2,0,0,1,0,0,0,0,1,4.1,3.2,1.0,0.1,0.7,1.4
673548,2023-05-02,3,3,1,0,0,1,0,1,0,0,4.0,3.0,1.0,0.0,0.0,1.0
673548,2023-05-03,4,4,2,0,1,2,0,1,1,1,3.5,3.0,1.0,0.0,0.0,1.0
673548,2023-05-04,4,4,1,0,1,2,0,1,1,1,3.6666666666666665,3.3333333333333335,1.3333333333333333,0.0,0.3333333333333333,1.3333333333333333
673548,2023-05-05,4,4,1,0,1,1,0,1,0,1,3.75,3.5,1.25,0.0,0.5,1.5
673548,2023-05-06,4,4,0,0,2,0,0,0,0,1,3.8,3.6,1.2,0.0,0.6,1.4
673548,2023-05-08,4,4,1,0,1,1,0,1,0,1,3.8333333333333335,3.6666666666666665,1.0,0.0,0.8333333333333334,1.1666666666666667
673548,2023-05-09,3,1,0,0,0,0,0,0,0,0,3.857142857142857,3.7142857142857144,1.0,0.0,0.8571428571428571,1.1428571428571428
673548,2023-05-10,5,4,2,0,0,3,0,1,1,0,3.75,3.375,0.875,0.0,0.75,1.0
673548,2023-05-12,5,4,1,0,2,2,0,1,1,1,3.888888888888889,3.4444444444444446,1.0,0.0,0.6666666666666666,1.2222222222222223
673548,2023-05-13,4,2,1,0,1,2,0,1,1,1,4.0,3.5,1.0,0.0,0.8,1.3
673548,2023-05-14,4,4,1,1,0,4,1,1,1,0,4.0,3.4,1.0,0.0,0.9,1.4
673548,2023-05-15,3,3,0,0,2,0,0,0,0,1,4.1,3.5,1.0,0.1,0.9,1.7
673548,2023-05-16,4,4,2,1,1,5,1,1,1,1,4.0,3.4,0.8,0.1,1.0,1.5
673548,2023-05-17,5,3,3,2,0,9,1,1,1,0,4.0,3.4,0.9,0.2,1.0,1.8
673548,2023-05-19,5,4,2,0,2,3,0,1,1,1,4.1,3.3,1.1,0.4,0.9,2.6
673548,2023-05-20,3,3,0,0,2,0,0,0,0,1,4.2,3.3,1.3,0.4,0.9,2.9
673548,2023-05-21,4,4,1,0,3,1,0,1,0,1,4.1,3.2,1.2,0.4,1.0,2.8
673548,2023-05-23,5,4,1,1,1,4,1,1,1,1,4.2,3.5,1.3,0.4,1.3,2.9
673548,2023-05-24,4,3,1,0,0,2,0,1,1,0,4.2,3.5,1.2,0.5,1.4,3.0
673548,2023-05-25,4,3,2,0,0,2,0,1,1,0,4.1,3.4,1.2,0.5,1.2,3.0
673548,2023-05-27,4,3,0,0,0,0,0,0,0,0,4.1,3.5,1.3,0.5,1.1,3.0
673548,2023-05-28,4,3,0,0,1,0,0,0,0,1,4.1,3.4,1.2,0.4,1.1,2.6
673548,2023-05-29,3,3,1,0,2,1,0,1,0,1,4.2,3.4,1.2,0.4,1.0,2.6
673548,2023-05-30,4,3,2,0,1,2,0,1,1,1,4.1,3.3,1.1,0.3,1.1,2.2
673548,2023-05-31,4,4,2,0,1,3,0,1,1,1,4.0,3.3,1.0,0.1,1.2,1.5
673962,2023-05-03,5,5,3,2,1,9,1,1,1,1,4.0,4.0,0.0,0.0,2.0,0.0
673962,2023-05-05,5,4,0,0,1,0,0,0,0,1,4.5,4.5,1.5,1.0,1.5,4.5
673962,2023-05-06,5,5,1,0,2,2,0,1,1,1,4.666666666666667,4.333333333333333,1.0,0.6666666666666666,1.3333333333333333,3.0
673962,2023-05-07,5,5,1,0,1,1,0,1,0,1,4.75,4.5,1.0,0.5,1.5,2.75
673962,2023-05-08,4,3,0,0,1,0,0,0,0,1,4.8,4.6,1.0,0.4,1.4,2.4
673962,2023-05-09,4,4,0,0,2,0,0,0,0,1,4.666666666666667,4.333333333333333,0.8333333333333334,0.3333333333333333,1.3333333333333333,2.0
673962,2023-05-10,4,4,1,0,2,1,0,1,0,1,4.571428571428571,4.285714285714286,0.7142857142857143,0.2857142857142857,1.4285714285714286,1.7142857142857142
673962,2023-05-11,4,4,2,0,0,2,0,1,1,0,4.5,4.25,0.75,0.25,1.5,1.625
673962,2023-05-12,4,4,1,0,1,1,0,1,0,1,4.444444444444445,4.222222222222222,0.8888888888888888,0.2222222222222222,1.3333333333333333,1.6666666666666667
673962,2023-05-13,4,4,2,0,1,2,0,1,1,1,4.4,4.2,0.9,0.2,1.3,1.6
673962,2023-05-14,4,4,0,0,1,0,0,0,0,1,4.4,4.2,1.1,0.2,1.2,1.8
673962,2023-05-15,3,3,1,0,2,1,0,1,0,1,4.3,4.1,0.8,0.0,1.2,0.9
673962,2023-05-16,4,3,1,0,1,1,0,1,0,1,4.1,4.0,0.9,0.0,1.3,1.0
673962,2023-05-19,4,3,2,0,1,3,0,1,1,1,4.0,3.8,0.9,0.0,1.2,0.9
673962,2023-05-20,5,4,1,0,1,1,0,1,0,1,3.9,3.6,1.0,0.0,1.2,1.1
673962,2023-05-21,5,4,1,1,1,4,1,1,1,1,4.0,3.7,1.1,0.0,1.2,1.2
673962,2023-05-22,4,4,2,1,1,5,1,1,1,1,4.1,3.7,1.2,0.1,1.1,1.6
673962,2023-05-23,4,4,2,1,1,5,1,1,1,1,4.1,3.7,1.3,0.2,1.0,2.0
673962,2023-05-24,4,4,2,0,1,3,0,1,1,1,4.1,3.7,1.3,0.3,1.1,2.3
673962,2023-05-26,5,5,3,0,1,5,0,1,1,1,4.1,3.7,1.4,0.3,1.1,2.5
673962,2023-05-27,4,4,1,0,1,2,0,1,1,1,4.2,3.8,1.5,0.3,1.1,2.8
673962,2023-05-28,4,3,1,0,1,1,0,1,0,1,4.2,3.8,1.6,0.3,1.1,3.0
673962,2023-05-29,4,3,1,0,0,1,0,1,0,0,4.3,3.8,1.6,0.3,1.0,3.0
673962,2023-05-30,5,5,3,1,1,7,1,1,1,1,4.3,3.8,1.6,0.3,0.9,3.0
673962,2023-05-31,4,4,2,0,0,3,0,1,1,0,4.4,4.0,1.7,0.4,0.9,3.4
675656,2023-05-06,4,4,1,0,3,1,0,1,0,1,1.0,1.0,0.0,0.0,1.0,0.0
675656,2023-05-07,3,3,0,0,0,0,0,0,0,0,2.5,2.5,0.5,0.0,2.0,0.5
675656,2023-05-08,2,2,0,0,1,0,0,0,0,1,2.6666666666666665,2.6666666666666665,0.3333333333333333,0.0,1.3333333333333333,0.3333333333333333
675656,2023-05-10,4,4,0,0,2,0,0,0,0,1,2.5,2.5,0.25,0.0,1.25,0.25
675656,2023-05-12,2,1,1,1,0,4,1,1,1,0,2.8,2.8,0.2,0.0,1.4,0.2
676116,2023-05-03,2,1,0,0,1,0,0,0,0,1,4.0,4.0,0.0,0.0,3.0,0.0
676116,2023-05-04,1,1,0,0,0,0,0,0,0,0,3.0,2.5,0.0,0.0,2.0,0.0
676116,2023-05-05,5,3,3,0,0,5,0,1,1,0,2.3333333333333335,2.0,0.0,0.0,1.3333333333333333,0.0
676116,2023-05-06,5,3,2,0,0,5,0,1,1,0,3.0,2.25,0.75,0.0,1.0,1.25
676116,2023-05-07,4,4,0,0,1,0,0,0,0,1,3.4,2.4,1.0,0.0,0.8,2.0
676116,2023-05-08,2,2,0,0,1,0,0,0,0,1,3.5,2.6666666666666665,0.8333333333333334,0.0,0.8333333333333334,1.6666666666666667
676116,2023-05-09,5,2,0,0,1,0,0,0,0,1,3.2857142857142856,2.5714285714285716,0.7142857142857143,0.0,0.8571428571428571,1.4285714285714286
676116,2023-05-10,5,2,1,0,0,2,0,1,1,0,3.5,2.5,0.625,0.0,0.875,1.25
676116,2023-05-11,4,3,0,0,3,0,0,0,0,1,3.6666666666666665,2.4444444444444446,0.6666666666666666,0.0,0.7777777777777778,1.3333333333333333
676116,2023-05-12,1,1,0,0,0,0,0,0,0,0,3.7,2.5,0.6,0.0,1.0,1.2
676116,2023-05-13,4,4,0,0,1,0,0,0,0,1,3.4,2.2,0.6,0.0,0.7,1.2
676116,2023-05-15,4,3,0,0,1,0,0,0,0,1,3.6,2.5,0.6,0.0,0.7,1.2
676116,2023-05-16,3,3,1,1,2,4,1,1,1,1,3.9,2.7,0.6,0.0,0.8,1.2
676116,2023-05-17,4,3,0,0,1,0,0,0,0,1,3.7,2.7,0.4,0.1,1.0,1.1
676116,2023-05-19,4,3,1,0,1,1,0,1,0,1,3.6,2.7,0.2,0.1,1.1,0.6
676116,2023-05-20,4,3,1,0,2,2,0,1,1,1,3.6,2.6,0.3,0.1,1.1,0.7
676116,2023-05-22,4,3,1,0,0,1,0,1,0,0,3.8,2.7,0.4,0.1,1.2,0.9
676116,2023-05-23,1,1,0,0,1,0,0,0,0,1,3.7,2.8,0.5,0.1,1.1,1.0
676116,2023-05-24,4,4,1,0,1,1,0,1,0,1,3.3,2.7,0.4,0.1,1.2,0.8
676116,2023-05-25,4,4,2,0,2,3,0,1,1,1,3.3,2.8,0.5,0.1,1.0,0.9
676116,2023-05-26,4,4,1,0,2,1,0,1,0,1,3.6,3.1,0.7,0.1,1.2,1.2
676116,2023-05-27,1,1,0,0,0,0,0,0,0,0,3.6,3.1,0.8,0.1,1.3,1.3
676116,2023-05-28,4,3,2,1,1,6,1,1,1,1,3.3,2.9,0.8,0.1,1.2,1.3
676116,2023-05-29,5,4,1,1,3,4,1,1,1,1,3.4,2.9,0.9,0.1,1.1,1.5
676116,2023-05-30,3,3,0,0,2,0,0,0,0,1,3.5,3.0,1.0,0.2,1.3,1.9
676116,2023-05-31,4,2,0,0,1,0,0,0,0,1,3.4,3.0,0.9,0.2,1.4,1.8
676369,2023-05-04,3,3,0,0,1,0,0,0,0,1,2.0,2.0,0.0,0.0,1.0,0.0
676369,2023-05-07,4,4,0,0,3,0,0,0,0,1,2.5,2.5,0.0,0.0,1.0,0.0
676391,2023-05-24,2,2,0,0,1,0,0,0,0,1,1.0,1.0,1.0,0.0,0.0,1.0
676391,2023-05-25,1,0,0,0,0,0,0,0,0,0,1.5,1.5,0.5,0.0,0.5,0.5
676475,2023-05-03,2,2,0,0,1,0,0,0,0,1,1.0,1.0,0.0,0.0,0.0,0.0
676475,2023-05-06,4,4,1,0,0,1,0,1,0,0,1.5,1.5,0.0,0.0,0.5,0.0
676475,2023-05-10,1,1,0,0,0,0,0,0,0,0,2.3333333333333335,2.3333333333333335,0.3333333333333333,0.0,0.3333333333333333,0.3333333333333333
676475,2023-05-13,1,1,0,0,0,0,0,0,0,0,2.0,2.0,0.25,0.0,0.25,0.25
676475,2023-05-14,4,4,2,0,0,2,0,1,1,0,1.8,1.8,0.2,0.0,0.2,0.2
676475,2023-05-15,5,5,1,0,0,1,0,1,0,0,2.1666666666666665,2.1666666666666665,0.5,0.0,0.16666666666666666,0.5
676475,2023-05-16,1,1,0,0,0,0,0,0,0,0,2.5714285714285716,2.5714285714285716,0.5714285714285714,0.0,0.14285714285714285,0.5714285714285714
676475,2023-05-17,3,3,1,0,0,1,0,1,0,0,2.375,2.375,0.5,0.0,0.125,0.5
676475,2023-05-18,1,0,0,0,0,0,0,0,0,0,2.4444444444444446,2.4444444444444446,0.5555555555555556,0.0,0.1111111111111111,0.5555555555555556
676475,2023-05-20,2,2,1,0,0,2,0,1,1,0,2.3,2.2,0.5,0.0,0.1,0.5
676475,2023-05-21,2,1,0,0,1,0,0,0,0,1,2.4,2.3,0.6,0.0,0.1,0.7
676475,2023-05-22,1,1,0,0,1,0,0,0,0,1,2.4,2.2,0.6,0.0,0.1,0.7
676475,2023-05-23,3,3,1,0,0,1,0,1,0,0,2.1,1.9,0.5,0.0,0.2,0.6
676475,2023-05-24,4,3,1,0,1,1,0,1,0,1,2.3,2.1,0.6,0.0,0.2,0.7
676475,2023-05-25,4,4,1,0,1,1,0,1,0,1,2.6,2.3,0.7,0.0,0.3,0.8
676475,2023-05-26,4,2,0,0,0,0,0,0,0,0,2.6,2.3,0.6,0.0,0.4,0.7
676475,2023-05-27,2,2,1,0,0,1,0,1,0,0,2.5,2.0,0.5,0.0,0.4,0.6
676475,2023-05-28,4,4,2,1,0,5,1,1,1,0,2.6,2.1,0.6,0.0,0.4,0.7
676475,2023-05-29,3,3,0,0,0,0,0,0,0,0,2.7,2.2,0.7,0.1,0.4,1.1
676475,2023-05-30,3,3,1,0,0,2,0,1,1,0,2.9,2.5,0.7,0.1,0.4,1.1
676480,2023-05-03,3,3,1,0,0,1,0,1,0,0,3.0,3.0,0.0,0.0,2.0,0.0
676480,2023-05-06,3,3,1,0,0,2,0,1,1,0,3.0,3.0,0.5,0.0,1.0,0.5
676480,2023-05-07,4,4,1,0,1,2,0,1,1,1,3.0,3.0,0.6666666666666666,0.0,0.6666666666666666,1.0
676480,2023-05-10,3,3,0,0,0,0,0,0,0,0,3.25,3.25,0.75,0.0,0.75,1.25
676480,2023-05-12,4,3,1,0,2,1,0,1,0,1,3.2,3.2,0.6,0.0,0.6,1.0
676480,2023-05-13,4,4,1,0,3,2,0,1,1,1,3.3333333333333335,3.1666666666666665,0.6666666666666666,0.0,0.8333333333333334,1.0
676480,2023-05-17,5,3,2,0,1,2,0,1,1,1,3.4285714285714284,3.2857142857142856,0.7142857142857143,0.0,1.1428571428571428,1.1428571428571428
676480,2023-05-19,3,3,0,0,2,0,0,0,0,1,3.625,3.25,0.875,0.0,1.125,1.25
676480,2023-05-20,3,3,1,0,2,1,0,1,0,1,3.5555555555555554,3.2222222222222223,0.7777777777777778,0.0,1.2222222222222223,1.1111111111111112
676480,2023-05-22,3,1,0,0,1,0,0,0,0,1,3.5,3.2,0.8,0.0,1.3,1.1
676480,2023-05-24,4,4,0,0,1,0,0,0,0,1,3.5,3.0,0.8,0.0,1.2,1.1
676480,2023-05-26,5,5,2,0,1,3,0,1,1,1,3.6,3.1,0.7,0.0,1.3,1.0
676480,2023-05-28,4,4,0,0,1,0,0,0,0,1,3.8,3.3,0.8,0.0,1.4,1.1
676480,2023-05-30,3,2,2,1,0,5,1,1,1,0,3.8,3.3,0.7,0.0,1.4,0.9
676480,2023-05-31,3,2,0,0,1,0,0,0,0,1,3.8,3.2,0.9,0.1,1.4,1.4
676609,2023-05-03,5,5,3,0,0,3,0,1,1,0,3.0,3.0,1.0,0.0,1.0,2.0
676609,2023-05-06,2,2,1,0,1,2,0,1,1,1,4.0,4.0,2.0,0.0,0.5,2.5
676609,2023-05-07,4,3,1,0,1,1,0,1,0,1,3.3333333333333335,3.3333333333333335,1.6666666666666667,0.0,0.6666666666666666,2.3333333333333335
676609,2023-05-08,3,3,2,0,1,2,0,1,1,1,3.5,3.25,1.5,0.0,0.75,2.0
676609,2023-05-09,3,3,0,0,0,0,0,0,0,0,3.4,3.2,1.6,0.0,0.8,2.0
676609,2023-05-10,1,0,0,0,0,0,0,0,0,0,3.3333333333333335,3.1666666666666665,1.3333333333333333,0.0,0.6666666666666666,1.6666666666666667
676609,2023-05-12,4,4,1,0,0,1,0,1,0,0,3.0,2.7142857142857144,1.1428571428571428,0.0,0.5714285714285714,1.4285714285714286
676609,2023-05-14,3,1,1,0,0,1,0,1,0,0,3.125,2.875,1.125,0.0,0.5,1.375
676609,2023-05-15,1,1,0,0,0,0,0,0,0,0,3.111111111111111,2.6666666666666665,1.1111111111111112,0.0,0.4444444444444444,1.3333333333333333
676609,2023-05-17,4,2,1,0,0,1,0,1,0,0,2.9,2.5,1.0,0.0,0.4,1.2
676609,2023-05-19,3,3,0,0,1,0,0,0,0,1,3.0,2.4,1.0,0.0,0.3,1.1
676609,2023-05-20,4,3,0,0,3,0,0,0,0,1,2.8,2.2,0.7,0.0,0.4,0.8
676609,2023-05-21,3,1,1,1,0,4,1,1,1,0,3.0,2.3,0.6,0.0,0.6,0.6
676609,2023-05-22,4,4,1,1,1,4,1,1,1,1,2.9,2.1,0.6,0.1,0.5,0.9
676609,2023-05-24,4,2,1,0,0,1,0,1,0,0,3.0,2.2,0.5,0.2,0.5,1.1
676609,2023-05-25,3,1,0,0,0,0,0,0,0,0,3.1,2.1,0.6,0.2,0.5,1.2
676609,2023-05-27,4,4,1,0,1,1,0,1,0,1,3.3,2.2,0.6,0.2,0.5,1.2
676609,2023-05-28,4,4,0,0,1,0,0,0,0,1,3.3,2.2,0.6,0.2,0.6,1.2
676609,2023-05-29,4,2,0,0,2,0,0,0,0,1,3.4,2.5,0.5,0.2,0.7,1.1
676609,2023-05-30,4,4,0,0,1,0,0,0,0,1,3.7,2.6,0.5,0.2,0.9,1.1
676694,2023-05-02,3,3,0,0,0,0,0,0,0,0,4.0,3.0,1.0,0.0,1.0,1.0
676694,2023-05-03,3,3,0,0,0,0,0,0,0,0,3.5,3.0,0.5,0.0,0.5,0.5
676694,2023-05-05,4,4,2,0,1,3,0,1,1,1,3.3333333333333335,3.0,0.3333333333333333,0.0,0.3333333333333333,0.3333333333333333
676694,2023-05-06,4,4,2,0,1,4,0,1,1,1,3.5,3.25,0.75,0.0,0.5,1.0
676694,2023-05-07,3,3,0,0,1,0,0,0,0,1,3.6,3.4,1.0,0.0,0.6,1.6
676694,2023-05-09,4,3,0,0,2,0,0,0,0,1,3.5,3.3333333333333335,0.8333333333333334,0.0,0.6666666666666666,1.3333333333333333
676694,2023-05-10,4,4,1,0,2,1,0,1,0,1,3.5714285714285716,3.2857142857142856,0.7142857142857143,0.0,0.8571428571428571,1.1428571428571428
676694,2023-05-12,5,4,0,0,2,0,0,0,0,1,3.625,3.375,0.75,0.0,1.0,1.125
676694,2023-05-13,4,3,1,0,0,1,0,1,0,0,3.7777777777777777,3.4444444444444446,0.6666666666666666,0.0,1.1111111111111112,1.0
676694,2023-05-15,4,3,0,0,1,0,0,0,0,1,3.8,3.4,0.7,0.0,1.0,1.0
676694,2023-05-17,3,3,2,1,1,5,1,1,1,1,3.8,3.4,0.6,0.0,1.0,0.9
676694,2023-05-19,4,2,2,0,0,3,0,1,1,0,3.8,3.4,0.8,0.1,1.1,1.4
676694,2023-05-21,4,2,1,0,0,1,0,1,0,0,3.9,3.3,1.0,0.1,1.1,1.7
676694,2023-05-22,5,4,1,0,1,3,0,1,1,1,3.9,3.1,0.9,0.1,1.0,1.5
676694,2023-05-24,3,3,0,0,2,0,0,0,0,1,4.0,3.1,0.8,0.1,1.0,1.4
676694,2023-05-26,4,4,1,0,1,1,0,1,0,1,4.0,3.1,0.8,0.1,1.1,1.4
676694,2023-05-28,4,4,1,1,1,4,1,1,1,1,4.0,3.2,0.9,0.1,1.0,1.5
676694,2023-05-29,4,4,0,0,2,0,0,0,0,1,4.0,3.2,0.9,0.2,0.9,1.8
676694,2023-05-31,4,4,1,1,2,4,1,1,1,1,3.9,3.2,0.9,0.2,0.9,1.8
676701,2023-05-04,3,3,1,0,0,1,0,1,0,0,4.0,4.0,2.0,0.0,1.0,3.0
676701,2023-05-07,5,5,2,0,1,3,0,1,1,1,3.5,3.5,1.5,0.0,0.5,2.0
676701,2023-05-10,4,4,2,0,1,2,0,1,1,1,4.0,4.0,1.6666666666666667,0.0,0.6666666666666666,2.3333333333333335
676701,2023-05-12,1,1,0,0,1,0,0,0,0,1,4.0,4.0,1.75,0.0,0.75,2.25
676701,2023-05-13,4,3,0,0,1,0,0,0,0,1,3.4,3.4,1.4,0.0,0.8,1.8
676701,2023-05-16,2,2,0,0,1,0,0,0,0,1,3.5,3.3333333333333335,1.1666666666666667,0.0,0.8333333333333334,1.5
676701,2023-05-17,4,3,1,0,0,1,0,1,0,0,3.2857142857142856,3.142857142857143,1.0,0.0,0.8571428571428571,1.2857142857142858
676701,2023-05-19,4,4,0,0,1,0,0,0,0,1,3.375,3.125,1.0,0.0,0.75,1.25
676701,2023-05-21,4,4,0,0,1,0,0,0,0,1,3.4444444444444446,3.2222222222222223,0.8888888888888888,0.0,0.7777777777777778,1.1111111111111112
676701,2023-05-25,2,1,1,0,0,1,0,1,0,0,3.5,3.3,0.8,0.0,0.8,1.0
676701,2023-05-26,4,4,3,0,0,5,0,1,1,0,3.3,3.0,0.7,0.0,0.7,0.8
676701,2023-05-27,3,3,1,0,1,2,0,1,1,1,3.4,3.1,0.9,0.0,0.7,1.2
676701,2023-05-31,2,2,1,0,1,1,0,1,0,1,3.2,2.9,0.8,0.0,0.7,1.1
676801,2023-05-14,4,4,0,0,1,0,0,0,0,1,3.0,3.0,0.0,0.0,1.0,0.0
676801,2023-05-15,3,3,2,0,0,3,0,1,1,0,3.5,3.5,0.0,0.0,1.0,0.0
676801,2023-05-16,4,4,2,0,0,3,0,1,1,0,3.3333333333333335,3.3333333333333335,0.6666666666666666,0.0,0.6666666666666666,1.0
676801,2023-05-17,4,4,0,0,2,0,0,0,0,1,3.5,3.5,1.0,0.0,0.5,1.5
676801,2023-05-20,3,2,1,0,0,2,0,1,1,0,3.6,3.6,0.8,0.0,0.8,1.2
676801,2023-05-21,3,3,0,0,2,0,0,0,0,1,3.5,3.3333333333333335,0.8333333333333334,0.0,0.6666666666666666,1.3333333333333333
676801,2023-05-22,1,1,0,0,0,0,0,0,0,0,3.4285714285714284,3.2857142857142856,0.7142857142857143,0.0,0.8571428571428571,1.1428571428571428
676801,2023-05-23,4,4,0,0,0,0,0,0,0,0,3.125,3.0,0.625,0.0,0.75,1.0
676801,2023-05-24,3,3,0,0,1,0,0,0,0,1,3.2222222222222223,3.111111111111111,0.5555555555555556,0.0,0.6666666666666666,0.8888888888888888
676801,2023-05-27,4,3,0,0,3,0,0,0,0,1,3.2,3.1,0.5,0.0,0.7,0.8
676801,2023-05-28,4,3,1,1,1,4,1,1,1,1,3.3,3.1,0.5,0.0,0.9,0.8
676801,2023-05-30,3,3,1,1,2,4,1,1,1,1,3.3,3.0,0.6,0.1,0.9,1.2
676801,2023-05-31,4,4,0,0,1,0,0,0,0,1,3.3,3.0,0.5,0.2,1.1,1.3
677551,2023-05-03,4,4,2,1,1,5,1,1,1,1,2.0,1.0,1.0,0.0,0.0,1.0
677551,2023-05-04,4,3,0,0,0,0,0,0,0,0,3.0,2.5,1.5,0.5,0.5,3.0
677551,2023-05-05,4,4,2,0,1,4,0,1,1,1,3.3333333333333335,2.6666666666666665,1.0,0.3333333333333333,0.3333333333333333,2.0
677551,2023-05-06,4,4,1,0,0,1,0,1,0,0,3.5,3.0,1.25,0.25,0.5,2.5
677551,2023-05-07,5,5,1,0,2,1,0,1,0,1,3.6,3.2,1.2,0.2,0.4,2.2
677551,2023-05-08,3,3,2,0,0,2,0,1,1,0,3.8333333333333335,3.5,1.1666666666666667,0.16666666666666666,0.6666666666666666,2.0
677551,2023-05-09,4,4,2,1,0,5,1,1,1,0,3.7142857142857144,3.4285714285714284,1.2857142857142858,0.14285714285714285,0.5714285714285714,2.0
677551,2023-05-10,4,3,1,0,0,1,0,1,0,0,3.75,3.5,1.375,0.25,0.5,2.375
677551,2023-05-11,3,3,2,0,0,2,0,1,1,0,3.7777777777777777,3.4444444444444446,1.3333333333333333,0.2222222222222222,0.4444444444444444,2.2222222222222223
677551,2023-05-12,4,4,0,0,2,0,0,0,0,1,3.7,3.4,1.4,0.2,0.4,2.2
677551,2023-05-13,4,4,1,0,1,2,0,1,1,1,3.9,3.7,1.3,0.2,0.6,2.1
677551,2023-05-14,3,3,1,0,0,1,0,1,0,0,3.9,3.7,1.2,0.1,0.6,1.8
677551,2023-05-16,5,4,0,0,0,0,0,0,0,0,3.8,3.7,1.3,0.1,0.6,1.9
677551,2023-05-17,5,3,0,0,1,0,0,0,0,1,3.9,3.7,1.1,0.1,0.5,1.5
677551,2023-05-18,1,1,1,0,0,1,0,1,0,0,4.0,3.6,1.0,0.1,0.6,1.4
677551,2023-05-19,4,4,0,0,0,0,0,0,0,0,3.6,3.2,1.0,0.1,0.4,1.4
677551,2023-05-20,4,4,1,0,0,1,0,1,0,0,3.7,3.3,0.8,0.1,0.4,1.2
677551,2023-05-21,5,4,0,0,0,0,0,0,0,0,3.7,3.3,0.7,0.0,0.4,0.8
677551,2023-05-22,3,3,2,0,0,4,0,1,1,0,3.8,3.4,0.6,0.0,0.4,0.7
677551,2023-05-23,4,4,0,0,0,0,0,0,0,0,3.8,3.4,0.6,0.0,0.4,0.9
677551,2023-05-24,5,4,3,0,1,3,0,1,1,1,3.8,3.4,0.6,0.0,0.2,0.9
677551,2023-05-25,4,2,1,0,0,3,0,1,1,0,3.9,3.4,0.8,0.0,0.2,1.0
677551,2023-05-26,5,4,2,0,0,2,0,1,1,0,4.0,3.3,0.8,0.0,0.2,1.2
677551,2023-05-27,5,4,2,0,0,2,0,1,1,0,4.0,3.3,1.0,0.0,0.2,1.4
677551,2023-05-28,5,5,2,0,2,2,0,1,1,1,4.0,3.4,1.2,0.0,0.1,1.6
677551,2023-05-29,4,4,1,0,0,1,0,1,0,0,4.4,3.8,1.3,0.0,0.3,1.7
677551,2023-05-30,4,3,1,0,0,1,0,1,0,0,4.4,3.8,1.4,0.0,0.3,1.8
677587,2023-05-17,3,3,0,0,0,0,0,0,0,0,1.0,1.0,1.0,0.0,0.0,1.0
677587,2023-05-18,3,3,1,0,0,1,0,1,0,0,2.0,2.0,0.5,0.0,0.0,0.5
677594,2023-05-04,5,4,0,0,2,0,0,0,0,1,5.0,4.0,0.0,0.0,1.0,0.0
677594,2023-05-05,4,4,0,0,0,0,0,0,0,0,5.0,4.0,0.0,0.0,1.5,0.0
677594,2023-05-06,4,4,1,0,1,1,0,1,0,1,4.666666666666667,4.0,0.0,0.0,1.0,0.0
677594,2023-05-07,4,3,1,1,2,4,1,1,1,1,4.5,4.0,0.25,0.0,1.0,0.25
677594,2023-05-08,3,3,0,0,2,0,0,0,0,1,4.4,3.8,0.4,0.2,1.2,1.0
677594,2023-05-09,4,4,0,0,3,0,0,0,0,1,4.166666666666667,3.6666666666666665,0.3333333333333333,0.16666666666666666,1.3333333333333333,0.8333333333333334
677594,2023-05-10,4,4,1,0,1,1,0,1,0,1,4.142857142857143,3.7142857142857144,0.2857142857142857,0.14285714285714285,1.5714285714285714,0.7142857142857143
677594,2023-05-12,4,4,3,1,0,6,1,1,1,0,4.125,3.75,0.375,0.125,1.5,0.75
677594,2023-05-13,4,3,0,0,1,0,0,0,0,1,4.111111111111111,3.7777777777777777,0.6666666666666666,0.2222222222222222,1.3333333333333333,1.3333333333333333
677594,2023-05-14,5,4,1,0,2,1,0,1,0,1,4.1,3.7,0.6,0.2,1.3,1.2
677594,2023-05-15,5,4,1,0,3,2,0,1,1,1,4.1,3.7,0.7,0.2,1.4,1.3
677594,2023-05-16,4,4,1,0,1,1,0,1,0,1,4.1,3.7,0.8,0.2,1.5,1.5
677594,2023-05-17,4,4,0,0,1,0,0,0,0,1,4.1,3.7,0.9,0.2,1.6,1.6
677594,2023-05-19,4,4,1,0,1,2,0,1,1,1,4.1,3.7,0.8,0.2,1.6,1.5
677594,2023-05-20,5,2,0,0,1,0,0,0,0,1,4.1,3.8,0.8,0.1,1.5,1.3
677594,2023-05-21,4,4,0,0,1,0,0,0,0,1,4.3,3.7,0.8,0.1,1.4,1.3
677594,2023-05-22,5,4,3,0,0,5,0,1,1,0,4.3,3.7,0.8,0.1,1.2,1.3
677594,2023-05-23,4,4,1,0,0,1,0,1,0,0,4.4,3.7,1.0,0.1,1.1,1.7
677594,2023-05-24,5,5,2,0,3,2,0,1,1,1,4.4,3.7,0.8,0.0,1.1,1.2
677594,2023-05-25,4,4,2,0,0,3,0,1,1,0,4.5,3.9,1.0,0.0,1.3,1.4
677594,2023-05-26,4,4,2,1,2,5,1,1,1,1,4.4,3.9,1.1,0.0,1.1,1.6
677594,2023-05-27,4,4,2,0,0,3,0,1,1,0,4.3,3.9,1.2,0.1,1.0,1.9
677594,2023-05-28,5,5,2,1,1,5,1,1,1,1,4.3,3.9,1.3,0.1,0.9,2.1
677594,2023-05-29,4,4,2,1,1,5,1,1,1,1,4.4,4.0,1.5,0.2,0.9,2.6
677594,2023-05-30,4,4,0,0,2,0,0,0,0,1,4.4,4.0,1.6,0.3,0.9,2.9
677594,2023-05-31,4,4,2,0,1,2,0,1,1,1,4.3,4.2,1.6,0.3,1.0,2.9
677649,2023-05-03,4,4,1,0,1,1,0,1,0,1,4.0,4.0,3.0,1.0,0.0,7.0
677649,2023-05-05,5,4,0,0,0,0,0,0,0,0,4.0,4.0,2.0,0.5,0.5,4.0
677649,2023-05-06,5,5,2,0,0,2,0,1,1,0,4.333333333333333,4.0,1.3333333333333333,0.3333333333333333,0.3333333333333333,2.6666666666666665
677649,2023-05-07,5,5,2,1,3,5,1,1,1,1,4.5,4.25,1.5,0.25,0.25,2.5
677649,2023-05-08,3,3,0,0,1,0,0,0,0,1,4.6,4.4,1.6,0.4,0.8,3.0
677649,2023-05-09,4,4,1,0,1,1,0,1,0,1,4.333333333333333,4.166666666666667,1.3333333333333333,0.3333333333333333,0.8333333333333334,2.5
677649,2023-05-10,4,3,1,0,1,1,0,1,0,1,4.285714285714286,4.142857142857143,1.2857142857142858,0.2857142857142857,0.8571428571428571,2.2857142857142856
677649,2023-05-11,4,4,0,0,2,0,0,0,0,1,4.25,4.0,1.25,0.25,0.875,2.125
677649,2023-05-12,5,5,2,0,1,4,0,1,1,1,4.222222222222222,4.0,1.1111111111111112,0.2222222222222222,1.0,1.8888888888888888
677649,2023-05-13,3,3,1,1,0,4,1,1,1,0,4.3,4.1,1.2,0.2,1.0,2.1
677649,2023-05-14,3,3,2,0,0,2,0,1,1,0,4.2,4.0,1.0,0.2,1.0,1.8
677649,2023-05-15,4,4,0,0,2,0,0,0,0,1,4.1,3.9,1.1,0.2,0.9,1.9
677649,2023-05-16,4,4,1,1,0,4,1,1,1,0,4.0,3.9,1.1,0.2,1.1,1.9
677649,2023-05-17,4,4,1,0,1,2,0,1,1,1,3.9,3.8,1.0,0.3,1.1,2.1
677649,2023-05-19,4,3,3,0,0,4,0,1,1,0,3.8,3.7,0.9,0.2,0.9,1.8
677649,2023-05-20,3,3,2,1,0,5,1,1,1,0,3.9,3.7,1.2,0.2,0.8,2.2
677649,2023-05-21,4,3,0,0,0,0,0,0,0,0,3.8,3.6,1.3,0.3,0.7,2.6
677649,2023-05-23,3,3,0,0,2,0,0,0,0,1,3.8,3.6,1.2,0.3,0.6,2.5
677950,2023-05-03,4,4,0,0,2,0,0,0,0,1,3.0,3.0,0.0,0.0,0.0,0.0
677950,2023-05-05,3,3,0,0,2,0,0,0,0,1,3.5,3.5,0.0,0.0,1.0,0.0
677950,2023-05-06,4,4,2,0,1,4,0,1,1,1,3.3333333333333335,3.3333333333333335,0.0,0.0,1.3333333333333333,0.0
677950,2023-05-07,1,1,1,0,0,1,0,1,0,0,3.5,3.5,0.5,0.0,1.25,1.0
677950,2023-05-08,1,1,1,0,0,1,0,1,0,0,3.0,3.0,0.6,0.0,1.0,1.0
677950,2023-05-10,2,2,0,0,0,0,0,0,0,0,2.6666666666666665,2.6666666666666665,0.6666666666666666,0.0,0.8333333333333334,1.0
677950,2023-05-11,4,4,1,0,1,1,0,1,0,1,2.5714285714285716,2.5714285714285716,0.5714285714285714,0.0,0.7142857142857143,0.8571428571428571
677950,2023-05-13,3,3,1,0,0,2,0,1,1,0,2.75,2.75,0.625,0.0,0.75,0.875
677950,2023-05-15,4,4,0,0,0,0,0,0,0,0,2.7777777777777777,2.7777777777777777,0.6666666666666666,0.0,0.6666666666666666,1.0
677951,2023-05-03,3,3,1,0,0,3,0,1,1,0,5.0,5.0,1.0,1.0,3.0,4.0
677951,2023-05-04,6,5,3,0,1,4,0,1,1,1,4.0,4.0,1.0,0.5,1.5,3.5
677951,2023-05-06,6,6,1,1,1,4,1,1,1,1,4.666666666666667,4.333333333333333,1.6666666666666667,0.3333333333333333,1.3333333333333333,3.6666666666666665
677951,2023-05-07,4,4,1,0,0,1,0,1,0,0,5.0,4.75,1.5,0.5,1.25,3.75
677951,2023-05-08,5,5,2,0,1,2,0,1,1,1,4.8,4.6,1.4,0.4,1.0,3.2
677951,2023-05-09,4,4,1,0,3,3,0,1,1,1,4.833333333333333,4.666666666666667,1.5,0.3333333333333333,1.0,3.0
677951,2023-05-10,5,5,0,0,0,0,0,0,0,0,4.714285714285714,4.571428571428571,1.4285714285714286,0.2857142857142857,1.2857142857142858,3.0
677951,2023-05-11,4,3,0,0,0,0,0,0,0,0,4.75,4.625,1.25,0.25,1.125,2.625
677951,2023-05-12,4,4,0,0,2,0,0,0,0,1,4.666666666666667,4.444444444444445,1.1111111111111112,0.2222222222222222,1.0,2.3333333333333335
677951,2023-05-13,5,5,2,0,1,3,0,1,1,1,4.6,4.4,1.0,0.2,1.1,2.1
677951,2023-05-14,5,5,2,1,2,6,1,1,1,1,4.6,4.4,1.1,0.1,0.9,2.0
677951,2023-05-15,4,3,0,0,1,0,0,0,0,1,4.8,4.6,1.2,0.2,1.1,2.3
677951,2023-05-16,5,5,2,0,1,2,0,1,1,1,4.6,4.4,0.9,0.2,1.1,1.9
677951,2023-05-17,5,4,1,0,1,1,0,1,0,1,4.5,4.3,1.0,0.1,1.1,1.7
677951,2023-05-19,3,3,0,0,1,0,0,0,0,1,4.6,4.3,1.0,0.1,1.2,1.7
677951,2023-05-20,4,4,1,0,1,1,0,1,0,1,4.4,4.1,0.8,0.1,1.2,1.5
677951,2023-05-21,4,4,0,0,2,0,0,0,0,1,4.4,4.1,0.8,0.1,1.0,1.3
677951,2023-05-22,4,4,0,0,0,0,0,0,0,0,4.3,4.0,0.8,0.1,1.2,1.3
677951,2023-05-23,4,4,2,0,1,2,0,1,1,1,4.3,4.1,0.8,0.1,1.2,1.3
677951,2023-05-24,5,4,1,0,0,1,0,1,0,0,4.3,4.1,1.0,0.1,1.1,1.5
677951,2023-05-26,5,5,4,2,0,11,1,1,1,0,4.3,4.0,0.9,0.1,1.0,1.3
677951,2023-05-27,4,4,0,0,2,0,0,0,0,1,4.3,4.0,1.1,0.2,0.8,1.8
677951,2023-05-28,4,4,0,0,3,0,0,0,0,1,4.3,4.1,1.1,0.2,0.9,1.8
677951,2023-05-29,5,4,1,1,1,4,1,1,1,1,4.2,4.0,0.9,0.2,1.1,1.6
677951,2023-05-30,4,4,0,0,2,0,0,0,0,1,4.2,4.0,0.9,0.3,1.1,1.9
678225,2023-05-03,4,3,2,0,0,2,0,1,1,0,1.0,1.0,0.0,0.0,1.0,0.0
678225,2023-05-04,3,3,0,0,0,0,0,0,0,0,2.5,2.0,1.0,0.0,0.5,1.0
678225,2023-05-05,4,3,0,0,0,0,0,0,0,0,2.6666666666666665,2.3333333333333335,0.6666666666666666,0.0,0.3333333333333333,0.6666666666666666
678225,2023-05-07,2,2,0,0,1,0,0,0,0,1,3.0,2.5,0.5,0.0,0.25,0.5
678225,2023-05-09,3,3,0,0,2,0,0,0,0,1,2.8,2.4,0.4,0.0,0.4,0.4
678225,2023-05-10,1,1,1,0,0,2,0,1,1,0,2.8333333333333335,2.5,0.3333333333333333,0.0,0.6666666666666666,0.3333333333333333
678225,2023-05-12,4,4,2,0,1,2,0,1,1,1,2.5714285714285716,2.2857142857142856,0.42857142857142855,0.0,0.5714285714285714,0.5714285714285714
678225,2023-05-13,3,3,0,0,2,0,0,0,0,1,2.75,2.5,0.625,0.0,0.625,0.75
678225,2023-05-14,4,4,1,0,1,1,0,1,0,1,2.7777777777777777,2.5555555555555554,0.5555555555555556,0.0,0.7777777777777778,0.6666666666666666
678225,2023-05-16,3,2,0,0,1,0,0,0,0,1,2.9,2.7,0.6,0.0,0.8,0.7
678225,2023-05-17,5,5,1,0,2,1,0,1,0,1,3.1,2.8,0.6,0.0,0.8,0.7
678225,2023-05-19,5,4,3,0,0,4,0,1,1,0,3.2,3.0,0.5,0.0,1.0,0.6
678225,2023-05-20,4,4,1,0,1,1,0,1,0,1,3.4,3.1,0.8,0.0,1.0,1.0
678225,2023-05-22,4,4,1,0,2,2,0,1,1,1,3.4,3.2,0.9,0.0,1.1,1.1
678225,2023-05-23,3,3,2,0,0,2,0,1,1,0,3.6,3.4,1.0,0.0,1.2,1.3
678225,2023-05-26,4,4,2,0,1,3,0,1,1,1,3.6,3.4,1.2,0.0,1.0,1.5
678225,2023-05-27,2,1,0,0,0,0,0,0,0,0,3.9,3.7,1.3,0.0,1.1,1.6
678225,2023-05-28,4,4,2,0,1,3,0,1,1,1,3.7,3.4,1.1,0.0,1.0,1.4
678225,2023-05-29,4,4,1,0,0,1,0,1,0,0,3.8,3.5,1.3,0.0,0.9,1.7
678225,2023-05-30,4,4,0,0,2,0,0,0,0,1,3.8,3.5,1.3,0.0,0.8,1.7
678225,2023-05-31,4,3,2,0,1,3,0,1,1,1,3.9,3.7,1.3,0.0,0.9,1.7
678246,2023-05-02,5,5,4,0,0,7,0,1,1,0,5.0,4.0,0.0,0.0,2.0,0.0
678246,2023-05-03,3,3,1,1,1,4,1,1,1,1,5.0,4.5,2.0,0.0,1.0,3.5
678246,2023-05-05,3,3,1,0,0,3,0,1,1,0,4.333333333333333,4.0,1.6666666666666667,0.3333333333333333,1.0,3.6666666666666665
678246,2023-05-06,4,4,0,0,1,0,0,0,0,1,4.0,3.75,1.5,0.25,0.75,3.5
678246,2023-05-07,5,4,0,0,1,0,0,0,0,1,4.0,3.8,1.2,0.2,0.8,2.8
678246,2023-05-08,1,1,0,0,0,0,0,0,0,0,4.166666666666667,3.8333333333333335,1.0,0.16666666666666666,0.8333333333333334,2.3333333333333335
678246,2023-05-09,5,4,1,1,1,4,1,1,1,1,3.7142857142857144,3.4285714285714284,0.8571428571428571,0.14285714285714285,0.7142857142857143,2.0
678246,2023-05-10,5,5,1,1,1,4,1,1,1,1,3.875,3.5,0.875,0.25,0.75,2.25
678246,2023-05-12,4,4,0,0,2,0,0,0,0,1,4.0,3.6666666666666665,0.8888888888888888,0.3333333333333333,0.7777777777777778,2.4444444444444446
678246,2023-05-13,4,4,1,0,0,1,0,1,0,0,4.0,3.7,0.8,0.3,0.9,2.2
678246,2023-05-14,3,2,1,0,0,2,0,1,1,0,3.9,3.7,0.9,0.3,0.7,2.3
678246,2023-05-15,5,5,2,0,1,3,0,1,1,1,3.7,3.4,0.6,0.3,0.7,1.8
678246,2023-05-17,4,3,1,0,0,1,0,1,0,0,3.9,3.6,0.7,0.2,0.7,1.7
678246,2023-05-18,5,5,2,0,0,2,0,1,1,0,4.0,3.6,0.7,0.2,0.7,1.5
678246,2023-05-19,5,5,2,0,0,3,0,1,1,0,4.1,3.7,0.9,0.2,0.6,1.7
678246,2023-05-20,4,4,1,0,0,2,0,1,1,0,4.1,3.8,1.1,0.2,0.5,2.0
678246,2023-05-21,4,4,0,0,2,0,0,0,0,1,4.4,4.1,1.2,0.2,0.5,2.2
678246,2023-05-22,4,3,0,0,2,0,0,0,0,1,4.3,4.1,1.1,0.1,0.6,1.8
678246,2023-05-24,4,3,2,0,0,3,0,1,1,0,4.2,3.9,1.0,0.0,0.7,1.4
678246,2023-05-26,4,3,0,0,1,0,0,0,0,1,4.2,3.8,1.2,0.0,0.5,1.7
678246,2023-05-27,4,4,1,1,2,4,1,1,1,1,4.2,3.7,1.1,0.0,0.6,1.6
678246,2023-05-28,5,3,0,0,2,0,0,0,0,1,4.3,3.9,1.1,0.1,0.8,1.8
678246,2023-05-29,2,2,0,0,1,0,0,0,0,1,4.3,3.7,0.9,0.1,0.9,1.5
678246,2023-05-31,5,5,0,0,1,0,0,0,0,1,4.1,3.6,0.8,0.1,1.0,1.4
678662,2023-05-03,4,4,1,0,1,1,0,1,0,1,2.0,2.0,1.0,1.0,1.0,4.0
678662,2023-05-04,4,3,1,0,0,2,0,1,1,0,3.0,3.0,1.0,0.5,1.0,2.5
678662,2023-05-05,3,3,0,0,1,0,0,0,0,1,3.3333333333333335,3.0,1.0,0.3333333333333333,0.6666666666666666,2.3333333333333335
678662,2023-05-06,4,4,3,1,0,7,1,1,1,0,3.25,3.0,0.75,0.25,0.75,1.75
678662,2023-05-07,5,5,2,0,0,3,0,1,1,0,3.4,3.2,1.2,0.4,0.6,2.8
678662,2023-05-08,2,2,0,0,2,0,0,0,0,1,3.6666666666666665,3.5,1.3333333333333333,0.3333333333333333,0.5,2.8333333333333335
678662,2023-05-09,4,4,0,0,0,0,0,0,0,0,3.4285714285714284,3.2857142857142856,1.1428571428571428,0.2857142857142857,0.7142857142857143,2.4285714285714284
678662,2023-05-10,5,4,0,0,1,0,0,0,0,1,3.5,3.375,1.0,0.25,0.625,2.125
678662,2023-05-12,3,3,1,0,0,1,0,1,0,0,3.6666666666666665,3.4444444444444446,0.8888888888888888,0.2222222222222222,0.6666666666666666,1.8888888888888888
678662,2023-05-13,4,4,1,0,1,1,0,1,0,1,3.6,3.4,0.9,0.2,0.6,1.8
678662,2023-05-14,3,3,0,0,2,0,0,0,0,1,3.8,3.6,0.9,0.1,0.6,1.5
678662,2023-05-15,4,4,0,0,4,0,0,0,0,1,3.7,3.5,0.8,0.1,0.7,1.4
678662,2023-05-16,3,3,1,1,2,4,1,1,1,1,3.7,3.6,0.7,0.1,1.1,1.2
678662,2023-05-19,3,3,0,0,2,0,0,0,0,1,3.7,3.6,0.8,0.2,1.2,1.6
678662,2023-05-20,4,4,1,0,1,1,0,1,0,1,3.6,3.5,0.5,0.1,1.4,0.9
678662,2023-05-21,4,4,1,0,0,2,0,1,1,0,3.5,3.4,0.4,0.1,1.5,0.7
678662,2023-05-22,3,3,1,0,0,1,0,1,0,0,3.7,3.6,0.5,0.1,1.3,0.9
678662,2023-05-23,3,3,1,0,0,2,0,1,1,0,3.6,3.5,0.6,0.1,1.3,1.0
678662,2023-05-24,3,3,1,0,1,1,0,1,0,1,3.4,3.4,0.7,0.1,1.2,1.2
678662,2023-05-25,5,4,2,0,0,2,0,1,1,0,3.4,3.4,0.7,0.1,1.3,1.2
678662,2023-05-26,3,3,0,0,2,0,0,0,0,1,3.5,3.4,0.8,0.1,1.2,1.3
678662,2023-05-27,4,2,1,0,0,1,0,1,0,0,3.5,3.4,0.8,0.1,1.2,1.3
678662,2023-05-28,4,4,1,0,1,2,0,1,1,1,3.5,3.2,0.9,0.1,0.8,1.4
678662,2023-05-29,4,4,2,0,2,3,0,1,1,1,3.6,3.3,0.9,0.0,0.7,1.2
678662,2023-05-30,4,4,3,0,0,5,0,1,1,0,3.7,3.4,1.1,0.0,0.7,1.5
678662,2023-05-31,4,3,0,0,1,0,0,0,0,1,3.7,3.4,1.3,0.0,0.6,1.9
679529,2023-05-04,3,2,0,0,0,0,0,0,0,0,8.0,8.0,2.0,0.0,2.0,3.0
679529,2023-05-05,5,5,1,0,1,2,0,1,1,1,5.5,5.0,1.0,0.0,1.0,1.5
679529,2023-05-06,5,5,2,0,1,2,0,1,1,1,5.333333333333333,5.0,1.0,0.0,1.0,1.6666666666666667
679529,2023-05-07,4,4,2,1,1,5,1,1,1,1,5.25,5.0,1.25,0.0,1.0,1.75
679529,2023-05-08,4,3,1,0,1,2,0,1,1,1,5.0,4.8,1.4,0.2,1.0,2.4
679529,2023-05-09,4,4,3,0,0,4,0,1,1,0,4.833333333333333,4.5,1.3333333333333333,0.16666666666666666,1.0,2.3333333333333335
679529,2023-05-10,4,4,1,0,1,1,0,1,0,1,4.714285714285714,4.428571428571429,1.5714285714285714,0.14285714285714285,0.8571428571428571,2.5714285714285716
679529,2023-05-12,3,3,0,0,0,0,0,0,0,0,4.625,4.375,1.5,0.125,0.875,2.375
679529,2023-05-13,3,3,1,0,0,1,0,1,0,0,4.444444444444445,4.222222222222222,1.3333333333333333,0.1111111111111111,0.7777777777777778,2.111111111111111
679529,2023-05-14,4,3,0,0,1,0,0,0,0,1,4.3,4.1,1.3,0.1,0.7,2.0
679529,2023-05-16,3,3,2,0,0,4,0,1,1,0,3.9,3.6,1.1,0.1,0.6,1.7
679529,2023-05-17,4,3,0,0,3,0,0,0,0,1,3.9,3.7,1.3,0.1,0.6,2.1
679529,2023-05-19,5,5,1,0,1,1,0,1,0,1,3.8,3.5,1.2,0.1,0.8,1.9
679529,2023-05-20,4,4,2,1,0,5,1,1,1,0,3.8,3.5,1.1,0.1,0.8,1.8
679529,2023-05-21,5,5,1,0,1,1,0,1,0,1,3.8,3.5,1.1,0.1,0.7,1.8
679529,2023-05-22,6,2,0,0,1,0,0,0,0,1,3.9,3.7,1.1,0.1,0.7,1.7
679529,2023-05-23,3,3,0,0,2,0,0,0,0,1,4.1,3.5,0.8,0.1,0.8,1.3
679529,2023-05-24,5,5,2,0,1,3,0,1,1,1,4.0,3.4,0.7,0.1,0.9,1.2
679529,2023-05-25,5,3,2,0,1,2,0,1,1,1,4.2,3.6,0.9,0.1,1.0,1.5
679529,2023-05-26,4,3,0,0,1,0,0,0,0,1,4.4,3.6,1.0,0.1,1.1,1.6
679529,2023-05-27,5,4,1,0,0,2,0,1,1,0,4.4,3.6,1.0,0.1,1.1,1.6
679529,2023-05-28,5,3,0,0,3,0,0,0,0,1,4.6,3.7,0.9,0.1,1.1,1.4
679529,2023-05-29,4,3,0,0,1,0,0,0,0,1,4.7,3.7,0.9,0.1,1.1,1.4
679529,2023-05-30,4,3,1,0,1,2,0,1,1,1,4.6,3.5,0.8,0.1,1.1,1.3
679529,2023-05-31,4,4,2,0,1,2,0,1,1,1,4.6,3.4,0.7,0.0,1.2,1.0
679631,2023-05-15,3,2,0,0,0,0,0,0,0,0,1.0,0.0,0.0,0.0,0.0,0.0
679631,2023-05-16,2,2,1,0,0,1,0,1,0,0,2.0,1.0,0.0,0.0,0.0,0.0
679631,2023-05-17,2,2,1,0,0,1,0,1,0,0,2.0,1.3333333333333333,0.3333333333333333,0.0,0.0,0.3333333333333333
679631,2023-05-20,4,4,2,0,0,2,0,1,1,0,2.0,1.5,0.5,0.0,0.0,0.5
679631,2023-05-21,1,1,1,0,0,1,0,1,0,0,2.4,2.0,0.8,0.0,0.0,0.8
679631,2023-05-23,3,3,0,0,1,0,0,0,0,1,2.1666666666666665,1.8333333333333333,0.8333333333333334,0.0,0.0,0.8333333333333334
679631,2023-05-26,1,1,1,0,0,1,0,1,0,0,2.2857142857142856,2.0,0.7142857142857143,0.0,0.14285714285714285,0.7142857142857143
679631,2023-05-30,3,3,0,0,2,0,0,0,0,1,2.125,1.875,0.75,0.0,0.125,0.75
679631,2023-05-31,2,2,0,0,1,0,0,0,0,1,2.2222222222222223,2.0,0.6666666666666666,0.0,0.3333333333333333,0.6666666666666666
680574,2023-05-16,4,4,1,0,3,1,0,1,0,1,5.0,4.0,1.0,0.0,1.0,2.0
680574,2023-05-19,4,4,2,0,1,3,0,1,1,1,4.5,4.0,1.0,0.0,2.0,1.5
680574,2023-05-20,5,3,0,0,3,0,0,0,0,1,4.333333333333333,4.0,1.3333333333333333,0.0,1.6666666666666667,2.0
680574,2023-05-21,4,4,0,0,2,0,0,0,0,1,4.5,3.75,1.0,0.0,2.0,1.5
680574,2023-05-22,5,5,2,0,2,3,0,1,1,1,4.4,3.8,0.8,0.0,2.0,1.2
680574,2023-05-23,5,3,1,1,1,4,1,1,1,1,4.5,4.0,1.0,0.0,2.0,1.5
680574,2023-05-24,5,5,2,1,1,6,1,1,1,1,4.571428571428571,3.857142857142857,1.0,0.14285714285714285,1.8571428571428572,1.8571428571428572
680574,2023-05-25,4,3,1,0,0,1,0,1,0,0,4.625,4.0,1.125,0.25,1.75,2.375
680574,2023-05-26,6,5,3,0,0,3,0,1,1,0,4.555555555555555,3.888888888888889,1.1111111111111112,0.2222222222222222,1.5555555555555556,2.2222222222222223
680574,2023-05-27,5,5,2,0,2,2,0,1,1,1,4.7,4.0,1.3,0.2,1.4,2.3
680574,2023-05-28,5,5,4,0,0,5,0,1,1,0,4.7,4.1,1.4,0.2,1.5,2.3
680574,2023-05-30,5,5,1,0,2,1,0,1,0,1,4.8,4.2,1.7,0.2,1.2,2.7
680574,2023-05-31,5,5,2,0,1,2,0,1,1,1,4.9,4.3,1.6,0.2,1.3,2.5
680757,2023-05-02,5,4,0,0,0,0,0,0,0,0,4.0,4.0,1.0,0.0,1.0,1.0
680757,2023-05-03,5,5,2,0,0,2,0,1,1,0,4.5,4.0,0.5,0.0,0.5,0.5
680757,2023-05-05,4,3,0,0,0,0,0,0,0,0,4.666666666666667,4.333333333333333,1.0,0.0,0.3333333333333333,1.0
680757,2023-05-06,4,4,1,1,1,4,1,1,1,1,4.5,4.0,0.75,0.0,0.25,0.75
680757,2023-05-07,4,4,2,0,0,2,0,1,1,0,4.4,4.0,0.8,0.2,0.4,1.4
680757,2023-05-08,5,4,1,0,0,2,0,1,1,0,4.333333333333333,4.0,1.0,0.16666666666666666,0.3333333333333333,1.5
680757,2023-05-09,4,4,1,0,1,2,0,1,1,1,4.428571428571429,4.0,1.0,0.14285714285714285,0.2857142857142857,1.5714285714285714
680757,2023-05-10,4,4,0,0,1,0,0,0,0,1,4.375,4.0,1.0,0.125,0.375,1.625
680757,2023-05-12,5,4,0,0,0,0,0,0,0,0,4.333333333333333,4.0,0.8888888888888888,0.1111111111111111,0.4444444444444444,1.4444444444444444
680757,2023-05-13,4,3,3,0,0,4,0,1,1,0,4.4,4.0,0.8,0.1,0.4,1.3
680757,2023-05-14,3,3,1,0,1,1,0,1,0,1,4.4,3.9,1.0,0.1,0.3,1.6
680757,2023-05-16,4,3,1,0,0,2,0,1,1,0,4.2,3.8,1.1,0.1,0.4,1.7
680757,2023-05-17,5,3,1,0,0,2,0,1,1,0,4.1,3.6,1.0,0.1,0.4,1.7
680757,2023-05-18,4,4,0,0,0,0,0,0,0,0,4.2,3.6,1.1,0.1,0.4,1.9
680757,2023-05-19,4,3,0,0,0,0,0,0,0,0,4.2,3.6,1.0,0.0,0.3,1.5
680757,2023-05-21,8,8,2,0,1,3,0,1,1,1,4.2,3.5,0.8,0.0,0.3,1.3
680757,2023-05-22,4,3,1,0,1,2,0,1,1,1,4.5,3.9,0.9,0.0,0.4,1.4
680757,2023-05-23,4,4,0,0,0,0,0,0,0,0,4.5,3.8,0.9,0.0,0.4,1.4
680757,2023-05-24,4,3,0,0,2,0,0,0,0,1,4.5,3.8,0.9,0.0,0.3,1.4
680757,2023-05-26,4,4,1,0,1,1,0,1,0,1,4.4,3.7,0.9,0.0,0.5,1.4
680757,2023-05-27,5,4,1,0,0,1,0,1,0,0,4.4,3.8,0.7,0.0,0.6,1.1
680757,2023-05-28,5,4,2,0,1,3,0,1,1,1,4.6,3.9,0.7,0.0,0.5,1.1
680757,2023-05-29,4,4,2,0,1,3,0,1,1,1,4.7,4.0,0.8,0.0,0.6,1.2
680757,2023-05-30,5,5,0,0,2,0,0,0,0,1,4.6,4.1,0.9,0.0,0.7,1.3
680757,2023-05-31,6,6,3,0,1,3,0,1,1,1,4.7,4.2,0.9,0.0,0.9,1.3
680776,2023-05-02,1,1,0,0,1,0,0,0,0,1,4.0,4.0,2.0,1.0,2.0,5.0
680776,2023-05-03,5,2,1,0,0,2,0,1,1,0,2.5,2.5,1.0,0.5,1.5,2.5
680776,2023-05-04,5,5,3,0,2,3,0,1,1,1,3.3333333333333335,2.3333333333333335,1.0,0.3333333333333333,1.0,2.3333333333333335
680776,2023-05-05,4,4,1,0,1,2,0,1,1,1,3.75,3.0,1.5,0.25,1.25,2.5
680776,2023-05-06,5,4,0,0,1,0,0,0,0,1,3.8,3.2,1.4,0.2,1.2,2.4
680776,2023-05-07,3,3,0,0,1,0,0,0,0,1,4.0,3.3333333333333335,1.1666666666666667,0.16666666666666666,1.1666666666666667,2.0
680776,2023-05-09,4,4,1,0,1,1,0,1,0,1,3.857142857142857,3.2857142857142856,1.0,0.14285714285714285,1.1428571428571428,1.7142857142857142
680776,2023-05-10,4,3,2,0,1,3,0,1,1,1,3.875,3.375,1.0,0.125,1.125,1.625
680776,2023-05-12,3,2,1,0,0,1,0,1,0,0,3.888888888888889,3.3333333333333335,1.1111111111111112,0.1111111111111111,1.1111111111111112,1.7777777777777777
680776,2023-05-13,3,3,0,0,1,0,0,0,0,1,3.8,3.2,1.1,0.1,1.0,1.7
680776,2023-05-14,4,3,0,0,0,0,0,0,0,0,3.7,3.1,0.9,0.0,0.9,1.2
680776,2023-05-15,3,3,1,0,1,2,0,1,1,1,4.0,3.3,0.9,0.0,0.8,1.2
680776,2023-05-16,4,4,2,1,2,5,1,1,1,1,3.8,3.4,0.9,0.0,0.9,1.2
680776,2023-05-17,4,3,2,0,1,2,0,1,1,1,3.7,3.3,0.8,0.1,0.9,1.4
680776,2023-05-19,3,3,1,0,1,1,0,1,0,1,3.7,3.2,0.9,0.1,0.9,1.4
680776,2023-05-20,4,4,0,0,0,0,0,0,0,0,3.5,3.1,1.0,0.1,0.9,1.5
680776,2023-05-21,4,4,0,0,2,0,0,0,0,1,3.6,3.2,1.0,0.1,0.8,1.5
680776,2023-05-22,3,3,0,0,2,0,0,0,0,1,3.6,3.2,0.9,0.1,0.9,1.4
680776,2023-05-23,4,4,0,0,2,0,0,0,0,1,3.5,3.2,0.7,0.1,1.0,1.1
680776,2023-05-24,4,4,0,0,2,0,0,0,0,1,3.6,3.4,0.6,0.1,1.2,1.0
680776,2023-05-27,4,4,2,0,2,2,0,1,1,1,3.7,3.5,0.6,0.1,1.3,1.0
680776,2023-05-28,4,4,0,0,4,0,0,0,0,1,3.7,3.6,0.8,0.1,1.5,1.2
680776,2023-05-30,5,5,1,0,1,2,0,1,1,1,3.8,3.7,0.7,0.1,1.8,1.0
680776,2023-05-31,4,4,1,0,1,2,0,1,1,1,3.9,3.8,0.6,0.0,1.7,0.7
680777,2023-05-04,1,1,0,0,0,0,0,0,0,0,4.0,3.0,1.0,0.0,2.0,1.0
680777,2023-05-06,3,3,1,0,1,2,0,1,1,1,2.5,2.0,0.5,0.0,1.0,0.5
680777,2023-05-09,1,0,0,0,0,0,0,0,0,0,2.6666666666666665,2.3333333333333335,0.6666666666666666,0.0,1.0,1.0
680777,2023-05-11,3,2,0,0,1,0,0,0,0,1,2.25,1.75,0.5,0.0,0.75,0.75
680777,2023-05-13,4,2,2,0,0,2,0,1,1,0,2.4,1.8,0.4,0.0,0.8,0.6
680777,2023-05-16,4,4,0,0,1,0,0,0,0,1,2.6666666666666665,1.8333333333333333,0.6666666666666666,0.0,0.6666666666666666,0.8333333333333334
680777,2023-05-17,1,1,0,0,1,0,0,0,0,1,2.857142857142857,2.142857142857143,0.5714285714285714,0.0,0.7142857142857143,0.7142857142857143
680777,2023-05-19,4,3,0,0,0,0,0,0,0,0,2.625,2.0,0.5,0.0,0.75,0.625
680777,2023-05-21,4,3,0,0,1,0,0,0,0,1,2.7777777777777777,2.111111111111111,0.4444444444444444,0.0,0.6666666666666666,0.5555555555555556
680777,2023-05-22,1,0,0,0,0,0,0,0,0,0,2.9,2.2,0.4,0.0,0.7,0.5
680777,2023-05-24,4,2,1,1,0,4,1,1,1,0,2.6,1.9,0.3,0.0,0.5,0.4
680777,2023-05-26,1,1,0,0,0,0,0,0,0,0,2.9,2.0,0.4,0.1,0.5,0.8
680777,2023-05-27,4,4,0,0,1,0,0,0,0,1,2.7,1.8,0.3,0.1,0.4,0.6
680777,2023-05-29,5,5,3,1,2,6,1,1,1,1,3.0,2.2,0.3,0.1,0.5,0.6
680777,2023-05-31,5,4,2,0,2,3,0,1,1,1,3.2,2.5,0.6,0.2,0.6,1.2
680814,2023-05-04,4,2,0,0,1,0,0,0,0,1,1.0,1.0,0.0,0.0,1.0,0.0
680814,2023-05-08,1,1,0,0,0,0,0,0,0,0,2.5,1.5,0.0,0.0,1.0,0.0
680814,2023-05-10,4,4,2,0,1,4,0,1,1,1,2.0,1.3333333333333333,0.0,0.0,0.6666666666666666,0.0
680814,2023-05-12,4,4,1,1,2,4,1,1,1,1,2.5,2.0,0.5,0.0,0.75,1.0
680814,2023-05-13,5,4,1,0,1,1,0,1,0,1,2.8,2.4,0.6,0.2,1.0,1.6
680814,2023-05-14,4,4,0,0,3,0,0,0,0,1,3.1666666666666665,2.6666666666666665,0.6666666666666666,0.16666666666666666,1.0,1.5
680814,2023-05-16,4,4,1,0,3,1,0,1,0,1,3.2857142857142856,2.857142857142857,0.5714285714285714,0.14285714285714285,1.2857142857142858,1.2857142857142858
680814,2023-05-18,4,3,1,0,2,1,0,1,0,1,3.375,3.0,0.625,0.125,1.5,1.25
680814,2023-05-19,4,4,0,0,2,0,0,0,0,1,3.4444444444444446,3.0,0.6666666666666666,0.1111111111111111,1.5555555555555556,1.2222222222222223
680814,2023-05-21,2,2,0,0,2,0,0,0,0,1,3.5,3.1,0.6,0.1,1.6,1.1
680911,2023-05-05,4,3,1,0,0,1,0,1,0,0,4.0,4.0,2.0,0.0,0.0,2.0
680911,2023-05-06,3,3,1,0,1,1,0,1,0,1,4.0,3.5,1.5,0.0,0.0,1.5
680911,2023-05-10,3,3,1,0,1,1,0,1,0,1,3.6666666666666665,3.3333333333333335,1.3333333333333333,0.0,0.3333333333333333,1.3333333333333333
680911,2023-05-12,4,4,3,1,1,7,1,1,1,1,3.5,3.25,1.25,0.0,0.5,1.25
680911,2023-05-13,4,4,1,0,1,2,0,1,1,1,3.6,3.4,1.6,0.2,0.6,2.4
680911,2023-05-14,4,4,1,0,0,2,0,1,1,0,3.6666666666666665,3.5,1.5,0.16666666666666666,0.6666666666666666,2.3333333333333335
680911,2023-05-15,1,1,1,0,0,1,0,1,0,0,3.7142857142857144,3.5714285714285716,1.4285714285714286,0.14285714285714285,0.5714285714285714,2.2857142857142856
680911,2023-05-16,5,5,2,0,0,3,0,1,1,0,3.375,3.25,1.375,0.125,0.5,2.125
680911,2023-05-17,5,4,3,0,1,4,0,1,1,1,3.5555555555555554,3.4444444444444446,1.4444444444444444,0.1111111111111111,0.4444444444444444,2.2222222222222223
680911,2023-05-19,4,4,1,0,1,1,0,1,0,1,3.7,3.5,1.6,0.1,0.5,2.4
680911,2023-05-20,4,4,1,1,2,4,1,1,1,1,3.7,3.5,1.5,0.1,0.6,2.3
680911,2023-05-21,5,5,2,0,0,3,0,1,1,0,3.7,3.6,1.5,0.2,0.8,2.6
680911,2023-05-22,4,4,0,0,2,0,0,0,0,1,3.9,3.8,1.6,0.2,0.7,2.8
680911,2023-05-23,4,4,3,1,0,6,1,1,1,0,4.0,3.9,1.5,0.2,0.8,2.7
680911,2023-05-24,2,2,1,1,0,4,1,1,1,0,4.0,3.9,1.5,0.2,0.7,2.6
680911,2023-05-25,4,4,0,0,2,0,0,0,0,1,3.8,3.7,1.5,0.3,0.6,2.8
680911,2023-05-26,4,3,0,0,0,0,0,0,0,0,3.8,3.7,1.4,0.3,0.8,2.6
680911,2023-05-27,4,2,0,0,1,0,0,0,0,1,4.1,3.9,1.3,0.3,0.8,2.5
680911,2023-05-28,3,2,2,0,0,2,0,1,1,0,4.0,3.6,1.1,0.3,0.9,2.2
680911,2023-05-30,4,4,1,0,0,1,0,1,0,0,3.8,3.4,1.0,0.3,0.8,2.0
680911,2023-05-31,5,5,2,0,0,3,0,1,1,0,3.8,3.4,1.0,0.3,0.7,2.0
680977,2023-05-04,4,4,0,0,1,0,0,0,0,1,4.0,4.0,0.0,0.0,3.0,0.0
680977,2023-05-05,1,0,0,0,0,0,0,0,0,0,4.0,4.0,0.0,0.0,2.0,0.0
680977,2023-05-06,3,3,1,0,0,1,0,1,0,0,3.0,2.6666666666666665,0.0,0.0,1.3333333333333333,0.0
680977,2023-05-07,4,3,2,1,0,5,1,1,1,0,3.0,2.75,0.25,0.0,1.0,0.25
680977,2023-05-08,4,4,1,0,0,1,0,1,0,0,3.2,2.8,0.6,0.2,0.8,1.2
680977,2023-05-09,4,3,0,0,0,0,0,0,0,0,3.3333333333333335,3.0,0.6666666666666666,0.16666666666666666,0.6666666666666666,1.1666666666666667
680977,2023-05-10,1,1,1,0,0,1,0,1,0,0,3.4285714285714284,3.0,0.5714285714285714,0.14285714285714285,0.5714285714285714,1.0
680977,2023-05-12,2,2,1,0,0,1,0,1,0,0,3.125,2.75,0.625,0.125,0.5,1.0
680977,2023-05-14,4,3,0,0,1,0,0,0,0,1,3.0,2.6666666666666665,0.6666666666666666,0.1111111111111111,0.4444444444444444,1.0
680977,2023-05-15,5,3,0,0,1,0,0,0,0,1,3.1,2.7,0.6,0.1,0.5,0.9
680977,2023-05-16,4,4,1,0,1,1,0,1,0,1,3.2,2.6,0.6,0.1,0.3,0.9
680977,2023-05-17,4,4,2,0,0,2,0,1,1,0,3.2,2.6,0.7,0.1,0.3,1.0
680977,2023-05-18,4,3,0,0,0,0,0,0,0,0,3.5,3.0,0.9,0.1,0.3,1.2
680977,2023-05-19,4,4,0,0,1,0,0,0,0,1,3.6,3.0,0.8,0.1,0.3,1.1
680977,2023-05-20,4,4,0,0,2,0,0,0,0,1,3.6,3.1,0.6,0.0,0.4,0.6
680977,2023-05-21,4,3,1,0,1,1,0,1,0,1,3.6,3.1,0.5,0.0,0.6,0.5
680977,2023-05-22,2,1,0,0,0,0,0,0,0,0,3.6,3.1,0.6,0.0,0.7,0.6
680977,2023-05-23,4,3,2,0,0,3,0,1,1,0,3.7,3.1,0.5,0.0,0.7,0.5
680977,2023-05-24,4,3,1,1,0,4,1,1,1,0,3.9,3.2,0.6,0.0,0.7,0.7
680977,2023-05-25,3,3,0,0,0,0,0,0,0,0,3.9,3.2,0.7,0.1,0.6,1.1
680977,2023-05-26,4,4,2,0,0,2,0,1,1,0,3.7,3.2,0.7,0.1,0.5,1.1
680977,2023-05-27,4,2,1,1,0,4,1,1,1,0,3.7,3.2,0.8,0.1,0.4,1.2
680977,2023-05-28,4,3,0,0,0,0,0,0,0,0,3.7,3.0,0.7,0.2,0.4,1.4
680977,2023-05-29,3,3,0,0,0,0,0,0,0,0,3.7,3.0,0.7,0.2,0.4,1.4
680977,2023-05-30,4,4,2,0,1,2,0,1,1,1,3.6,2.9,0.7,0.2,0.3,1.4
681082,2023-05-02,4,4,0,0,1,0,0,0,0,1,5.0,4.0,1.0,0.0,0.0,1.0
681082,2023-05-03,5,4,1,0,0,1,0,1,0,0,4.5,4.0,0.5,0.0,0.5,0.5
681082,2023-05-05,1,1,0,0,1,0,0,0,0,1,4.666666666666667,4.0,0.6666666666666666,0.0,0.3333333333333333,0.6666666666666666
681082,2023-05-06,4,3,0,0,0,0,0,0,0,0,3.75,3.25,0.5,0.0,0.5,0.5
681082,2023-05-07,4,4,1,0,1,1,0,1,0,1,3.8,3.2,0.4,0.0,0.4,0.4
681082,2023-05-09,4,3,0,0,0,0,0,0,0,0,3.8333333333333335,3.3333333333333335,0.5,0.0,0.5,0.5
681082,2023-05-10,5,5,0,0,2,0,0,0,0,1,3.857142857142857,3.2857142857142856,0.42857142857142855,0.0,0.42857142857142855,0.42857142857142855
681082,2023-05-13,5,5,2,0,0,3,0,1,1,0,4.0,3.5,0.375,0.0,0.625,0.375
681082,2023-05-14,5,5,2,0,1,2,0,1,1,1,4.111111111111111,3.6666666666666665,0.5555555555555556,0.0,0.5555555555555556,0.6666666666666666
681082,2023-05-15,5,5,1,0,0,1,0,1,0,0,4.2,3.8,0.7,0.0,0.6,0.8
681082,2023-05-16,5,4,1,0,0,1,0,1,0,0,4.2,3.9,0.7,0.0,0.6,0.8
681082,2023-05-17,4,3,1,1,0,4,1,1,1,0,4.3,3.9,0.8,0.0,0.5,0.9
681082,2023-05-19,4,4,1,0,0,1,0,1,0,0,4.2,3.8,0.8,0.1,0.5,1.2
681082,2023-05-20,5,4,2,0,0,2,0,1,1,0,4.5,4.1,0.9,0.1,0.4,1.3
681082,2023-05-21,1,1,1,1,0,4,1,1,1,0,4.6,4.2,1.1,0.1,0.4,1.5
681082,2023-05-22,4,3,1,1,1,4,1,1,1,1,4.3,3.9,1.1,0.2,0.3,1.8
681082,2023-05-23,4,4,0,0,2,0,0,0,0,1,4.3,3.9,1.2,0.3,0.4,2.2
681082,2023-05-24,5,5,3,0,1,3,0,1,1,1,4.2,3.8,1.2,0.3,0.4,2.2
681082,2023-05-25,5,5,1,0,1,2,0,1,1,1,4.2,3.8,1.3,0.3,0.5,2.2
681082,2023-05-26,5,3,2,0,0,2,0,1,1,0,4.2,3.8,1.2,0.3,0.5,2.2
681082,2023-05-27,5,4,1,0,2,1,0,1,0,1,4.2,3.6,1.3,0.3,0.5,2.3
681082,2023-05-28,4,4,1,0,1,2,0,1,1,1,4.2,3.6,1.3,0.3,0.7,2.3
681082,2023-05-30,3,3,0,0,1,0,0,0,0,1,4.2,3.7,1.3,0.2,0.8,2.1
681082,2023-05-31,5,5,2,0,1,2,0,1,1,1,4.1,3.6,1.2,0.2,0.9,2.0
681146,2023-05-30,3,3,0,0,1,0,0,0,0,1,3.0,3.0,2.0,0.0,0.0,2.0
681146,2023-05-31,3,3,0,0,0,0,0,0,0,0,3.0,3.0,1.0,0.0,0.5,1.0
681546,2023-05-02,5,4,1,0,2,1,0,1,0,1,5.0,3.0,0.0,0.0,3.0,0.0
681546,2023-05-03,4,4,2,0,0,4,0,1,1,0,5.0,3.5,0.5,0.0,2.5,0.5
681546,2023-05-05,3,3,0,0,2,0,0,0,0,1,4.666666666666667,3.6666666666666665,1.0,0.0,1.6666666666666667,1.6666666666666667
681546,2023-05-06,4,3,0,0,1,0,0,0,0,1,4.25,3.5,0.75,0.0,1.75,1.25
681546,2023-05-07,5,4,1,1,0,4,1,1,1,0,4.2,3.4,0.6,0.0,1.6,1.0
681546,2023-05-08,4,4,1,0,2,1,0,1,0,1,4.333333333333333,3.5,0.6666666666666666,0.16666666666666666,1.3333333333333333,1.5
681546,2023-05-09,4,3,1,0,1,2,0,1,1,1,4.285714285714286,3.5714285714285716,0.7142857142857143,0.14285714285714285,1.4285714285714286,1.4285714285714286
681546,2023-05-10,4,4,2,0,1,3,0,1,1,1,4.25,3.5,0.75,0.125,1.375,1.5
681546,2023-05-12,1,1,0,0,0,0,0,0,0,0,4.222222222222222,3.5555555555555554,0.8888888888888888,0.1111111111111111,1.3333333333333333,1.6666666666666667
681546,2023-05-13,4,3,0,0,0,0,0,0,0,0,3.9,3.3,0.8,0.1,1.2,1.5
681546,2023-05-14,3,3,0,0,3,0,0,0,0,1,3.8,3.3,0.8,0.1,0.9,1.5
681546,2023-05-15,1,1,0,0,1,0,0,0,0,1,3.6,3.2,0.7,0.1,1.0,1.4
681546,2023-05-16,4,4,0,0,2,0,0,0,0,1,3.3,2.9,0.5,0.1,1.1,1.0
681546,2023-05-17,4,4,2,1,1,5,1,1,1,1,3.4,3.0,0.5,0.1,1.1,1.0
681546,2023-05-18,4,4,1,0,1,1,0,1,0,1,3.4,3.1,0.7,0.2,1.1,1.5
681546,2023-05-19,5,4,1,0,3,1,0,1,0,1,3.3,3.1,0.7,0.1,1.2,1.2
681546,2023-05-20,1,1,0,0,0,0,0,0,0,0,3.4,3.1,0.7,0.1,1.3,1.2
681546,2023-05-21,4,3,0,0,0,0,0,0,0,0,3.1,2.9,0.6,0.1,1.2,1.0
681546,2023-05-22,4,3,0,0,1,0,0,0,0,1,3.1,2.8,0.4,0.1,1.1,0.7
681546,2023-05-23,4,4,0,0,3,0,0,0,0,1,3.4,3.0,0.4,0.1,1.2,0.7
681546,2023-05-26,4,3,0,0,2,0,0,0,0,1,3.4,3.1,0.4,0.1,1.5,0.7
681546,2023-05-27,1,1,0,0,1,0,0,0,0,1,3.5,3.1,0.4,0.1,1.4,0.7
681546,2023-05-28,3,3,0,0,3,0,0,0,0,1,3.5,3.1,0.4,0.1,1.4,0.7
681546,2023-05-29,3,2,1,0,0,1,0,1,0,0,3.4,3.0,0.4,0.1,1.5,0.7
681546,2023-05-30,4,3,0,0,1,0,0,0,0,1,3.3,2.8,0.3,0.0,1.4,0.3
681584,2023-05-03,2,2,0,0,2,0,0,0,0,1,4.0,4.0,0.0,0.0,2.0,0.0
681584,2023-05-09,3,3,1,0,0,1,0,1,0,0,3.0,3.0,0.0,0.0,2.0,0.0
681584,2023-05-10,1,1,0,0,1,0,0,0,0,1,3.0,3.0,0.3333333333333333,0.0,1.3333333333333333,0.3333333333333333
681584,2023-05-12,1,1,0,0,0,0,0,0,0,0,2.5,2.5,0.25,0.0,1.25,0.25
681584,2023-05-28,3,3,0,0,0,0,0,0,0,0,2.2,2.2,0.2,0.0,1.0,0.2
681584,2023-05-29,4,4,0,0,2,0,0,0,0,1,2.3333333333333335,2.3333333333333335,0.16666666666666666,0.0,0.8333333333333334,0.16666666666666666
681807,2023-05-10,4,3,1,0,0,1,0,1,0,0,2.0,2.0,0.0,0.0,0.0,0.0
681807,2023-05-13,1,1,0,0,1,0,0,0,0,1,3.0,2.5,0.5,0.0,0.0,0.5
681807,2023-05-16,1,1,0,0,0,0,0,0,0,0,2.3333333333333335,2.0,0.3333333333333333,0.0,0.3333333333333333,0.3333333333333333
681807,2023-05-17,2,2,1,0,0,1,0,1,0,0,2.0,1.75,0.25,0.0,0.25,0.25
681807,2023-05-24,2,2,0,0,2,0,0,0,0,1,2.0,1.8,0.4,0.0,0.2,0.4
681807,2023-05-27,1,1,0,0,0,0,0,0,0,0,2.0,1.8333333333333333,0.3333333333333333,0.0,0.5,0.3333333333333333
681807,2023-05-28,2,2,0,0,1,0,0,0,0,1,1.8571428571428572,1.7142857142857142,0.2857142857142857,0.0,0.42857142857142855,0.2857142857142857
681987,2023-05-09,3,3,0,0,2,0,0,0,0,1,4.0,4.0,0.0,0.0,1.0,0.0
681987,2023-05-10,4,3,0,0,1,0,0,0,0,1,3.5,3.5,0.0,0.0,1.5,0.0
681987,2023-05-13,4,3,1,0,1,1,0,1,0,1,3.6666666666666665,3.3333333333333335,0.0,0.0,1.3333333333333333,0.0
681987,2023-05-14,4,4,0,0,1,0,0,0,0,1,3.75,3.25,0.25,0.0,1.25,0.25
681987,2023-05-16,4,3,0,0,1,0,0,0,0,1,3.8,3.4,0.2,0.0,1.2,0.2
681987,2023-05-17,3,3,1,0,1,1,0,1,0,1,3.8333333333333335,3.3333333333333335,0.16666666666666666,0.0,1.1666666666666667,0.16666666666666666
681987,2023-05-20,2,2,0,0,0,0,0,0,0,0,3.7142857142857144,3.2857142857142856,0.2857142857142857,0.0,1.1428571428571428,0.2857142857142857
681987,2023-05-23,1,1,0,0,0,0,0,0,0,0,3.5,3.125,0.25,0.0,1.0,0.25
682073,2023-05-06,4,4,0,0,2,0,0,0,0,1,2.0,1.0,0.0,0.0,0.0,0.0
682073,2023-05-08,3,3,1,1,1,4,1,1,1,1,3.0,2.5,0.0,0.0,1.0,0.0
682073,2023-05-09,1,1,1,0,0,1,0,1,0,0,3.0,2.6666666666666665,0.3333333333333333,0.3333333333333333,1.0,1.3333333333333333
682073,2023-05-10,4,3,0,0,2,0,0,0,0,1,2.5,2.25,0.5,0.25,0.75,1.25
682073,2023-05-14,4,4,0,0,2,0,0,0,0,1,2.8,2.4,0.4,0.2,1.0,1.0
682073,2023-05-16,1,1,0,0,0,0,0,0,0,0,3.0,2.6666666666666665,0.3333333333333333,0.16666666666666666,1.1666666666666667,0.8333333333333334
682073,2023-05-17,3,3,0,0,2,0,0,0,0,1,2.7142857142857144,2.4285714285714284,0.2857142857142857,0.14285714285714285,1.0,0.7142857142857143
682626,2023-05-03,2,2,0,0,0,0,0,0,0,0,4.0,4.0,2.0,0.0,1.0,3.0
682626,2023-05-04,2,2,0,0,0,0,0,0,0,0,3.0,3.0,1.0,0.0,0.5,1.5
682626,2023-05-06,3,2,1,0,0,1,0,1,0,0,2.6666666666666665,2.6666666666666665,0.6666666666666666,0.0,0.3333333333333333,1.0
682626,2023-05-07,4,3,1,0,1,2,0,1,1,1,2.75,2.5,0.75,0.0,0.25,1.0
682626,2023-05-09,4,4,2,2,1,8,1,1,1,1,3.0,2.6,0.8,0.0,0.4,1.2
682626,2023-05-10,4,3,0,0,1,0,0,0,0,1,3.1666666666666665,2.8333333333333335,1.0,0.3333333333333333,0.5,2.3333333333333335
682626,2023-05-11,4,4,2,0,1,3,0,1,1,1,3.2857142857142856,2.857142857142857,0.8571428571428571,0.2857142857142857,0.5714285714285714,2.0
682626,2023-05-12,4,4,0,0,1,0,0,0,0,1,3.375,3.0,1.0,0.25,0.625,2.125
682626,2023-05-14,4,4,0,0,2,0,0,0,0,1,3.4444444444444446,3.111111111111111,0.8888888888888888,0.2222222222222222,0.6666666666666666,1.8888888888888888
682626,2023-05-15,4,2,1,0,0,2,0,1,1,0,3.5,3.2,0.8,0.2,0.8,1.7
682626,2023-05-16,3,3,0,0,2,0,0,0,0,1,3.5,3.0,0.7,0.2,0.7,1.6
682626,2023-05-17,4,4,1,1,0,4,1,1,1,0,3.6,3.1,0.7,0.2,0.9,1.6
682626,2023-05-19,5,4,2,1,0,5,1,1,1,0,3.8,3.3,0.8,0.3,0.9,2.0
682626,2023-05-21,3,2,1,0,0,1,0,1,0,0,4.0,3.5,0.9,0.4,0.9,2.4
682626,2023-05-24,2,2,2,1,0,5,1,1,1,0,3.9,3.4,0.9,0.4,0.8,2.3
682626,2023-05-25,5,5,2,0,0,3,0,1,1,0,3.7,3.2,0.9,0.3,0.7,2.0
682626,2023-05-26,4,3,1,0,0,1,0,1,0,0,3.8,3.4,1.1,0.3,0.6,2.3
682626,2023-05-27,4,4,2,1,1,6,1,1,1,1,3.8,3.3,1.0,0.3,0.5,2.1
682626,2023-05-28,3,3,1,1,2,4,1,1,1,1,3.8,3.3,1.2,0.4,0.5,2.7
682626,2023-05-30,4,4,0,0,2,0,0,0,0,1,3.7,3.2,1.3,0.5,0.5,3.1
682928,2023-05-02,3,3,3,0,0,3,0,1,1,0,3.0,3.0,0.0,0.0,1.0,0.0
682928,2023-05-03,3,3,1,0,0,1,0,1,0,0,3.0,3.0,1.5,0.0,0.5,1.5
682928,2023-05-04,3,3,1,0,1,1,0,1,0,1,3.0,3.0,1.3333333333333333,0.0,0.3333333333333333,1.3333333333333333
682928,2023-05-05,3,3,0,0,1,0,0,0,0,1,3.0,3.0,1.25,0.0,0.5,1.25
682928,2023-05-07,3,3,2,0,0,2,0,1,1,0,3.0,3.0,1.0,0.0,0.6,1.0
682928,2023-05-08,4,4,1,0,1,1,0,1,0,1,3.0,3.0,1.1666666666666667,0.0,0.5,1.1666666666666667
682928,2023-05-09,4,4,0,0,2,0,0,0,0,1,3.142857142857143,3.142857142857143,1.1428571428571428,0.0,0.5714285714285714,1.1428571428571428
682928,2023-05-12,3,3,0,0,1,0,0,0,0,1,3.25,3.25,1.0,0.0,0.75,1.0
682928,2023-05-13,4,4,2,1,0,5,1,1,1,0,3.2222222222222223,3.2222222222222223,0.8888888888888888,0.0,0.7777777777777778,0.8888888888888888
682928,2023-05-14,4,4,2,0,0,3,0,1,1,0,3.3,3.3,1.0,0.1,0.7,1.3
682928,2023-05-15,4,4,2,1,0,5,1,1,1,0,3.4,3.4,1.2,0.1,0.6,1.6
682928,2023-05-16,4,4,0,0,3,0,0,0,0,1,3.5,3.5,1.1,0.2,0.6,1.8
682928,2023-05-17,3,3,0,0,3,0,0,0,0,1,3.6,3.6,1.0,0.2,0.9,1.7
682928,2023-05-18,4,4,0,0,2,0,0,0,0,1,3.6,3.6,0.9,0.2,1.1,1.6
682928,2023-05-19,3,3,1,0,0,2,0,1,1,0,3.7,3.7,0.9,0.2,1.2,1.6
682928,2023-05-20,3,3,1,0,0,2,0,1,1,0,3.7,3.7,0.8,0.2,1.2,1.6
682928,2023-05-23,4,4,1,1,1,4,1,1,1,1,3.6,3.6,0.8,0.2,1.1,1.7
682928,2023-05-24,3,2,1,0,1,1,0,1,0,1,3.6,3.6,0.9,0.3,1.0,2.1
682928,2023-05-25,4,4,0,0,0,0,0,0,0,0,3.6,3.5,1.0,0.3,1.0,2.2
682928,2023-05-26,5,3,1,0,0,1,0,1,0,0,3.6,3.5,0.8,0.2,1.0,1.7
682928,2023-05-27,4,4,1,0,1,2,0,1,1,1,3.7,3.4,0.7,0.2,1.0,1.5
682928,2023-05-29,3,3,1,0,0,1,0,1,0,0,3.7,3.4,0.6,0.1,1.1,1.2
682928,2023-05-30,4,3,0,0,1,0,0,0,0,1,3.6,3.3,0.7,0.1,0.8,1.3
682928,2023-05-31,4,4,1,1,1,4,1,1,1,1,3.7,3.3,0.7,0.1,0.6,1.3
682985,2023-05-04,4,4,2,1,1,5,1,1,1,1,8.0,8.0,3.0,0.0,2.0,3.0
682985,2023-05-05,2,2,1,0,1,2,0,1,1,1,6.0,6.0,2.5,0.5,1.5,4.0
682985,2023-05-06,5,5,3,0,1,4,0,1,1,1,4.666666666666667,4.666666666666667,2.0,0.3333333333333333,1.3333333333333333,3.3333333333333335
682985,2023-05-07,4,4,0,0,2,0,0,0,0,1,4.75,4.75,2.25,0.25,1.25,3.5
682985,2023-05-08,5,4,2,0,0,3,0,1,1,0,4.6,4.6,1.8,0.2,1.4,2.8
682985,2023-05-09,5,3,1,0,1,1,0,1,0,1,4.666666666666667,4.5,1.8333333333333333,0.16666666666666666,1.1666666666666667,2.8333333333333335
682985,2023-05-10,4,4,0,0,1,0,0,0,0,1,4.714285714285714,4.285714285714286,1.7142857142857142,0.14285714285714285,1.1428571428571428,2.5714285714285716
682985,2023-05-12,4,4,2,0,1,3,0,1,1,1,4.625,4.25,1.5,0.125,1.125,2.25
682985,2023-05-13,4,4,1,0,1,2,0,1,1,1,4.555555555555555,4.222222222222222,1.5555555555555556,0.1111111111111111,1.1111111111111112,2.3333333333333335
682985,2023-05-14,5,5,3,0,1,3,0,1,1,1,4.5,4.2,1.5,0.1,1.1,2.3
682985,2023-05-16,3,3,3,0,0,4,0,1,1,0,4.2,3.9,1.5,0.1,1.0,2.3
682985,2023-05-19,5,4,2,1,0,5,1,1,1,0,4.1,3.8,1.6,0.0,0.9,2.2
682985,2023-05-20,3,3,0,0,2,0,0,0,0,1,4.4,4.0,1.7,0.1,0.8,2.5
682985,2023-05-21,4,3,0,0,1,0,0,0,0,1,4.2,3.8,1.4,0.1,0.9,2.1
682985,2023-05-22,6,5,2,0,2,2,0,1,1,1,4.2,3.7,1.4,0.1,0.8,2.1
682985,2023-05-23,4,3,1,0,2,1,0,1,0,1,4.3,3.8,1.4,0.1,1.0,2.0
682985,2023-05-24,4,3,2,1,1,6,1,1,1,1,4.2,3.8,1.4,0.1,1.1,2.0
682985,2023-05-25,5,3,2,0,1,2,0,1,1,1,4.2,3.7,1.6,0.2,1.1,2.6
682985,2023-05-26,4,4,1,0,1,2,0,1,1,1,4.3,3.6,1.6,0.2,1.1,2.5
682985,2023-05-27,5,5,1,0,3,2,0,1,1,1,4.3,3.6,1.6,0.2,1.1,2.5
682985,2023-05-28,5,3,1,0,1,3,0,1,1,1,4.3,3.6,1.4,0.2,1.3,2.4
682985,2023-05-29,4,4,2,0,0,2,0,1,1,0,4.5,3.6,1.2,0.2,1.4,2.3
682985,2023-05-30,1,1,0,0,1,0,0,0,0,1,4.4,3.6,1.2,0.1,1.4,2.0
682998,2023-05-05,4,3,1,1,0,4,1,1,1,0,2.0,2.0,1.0,0.0,1.0,1.0
682998,2023-05-06,2,1,1,0,0,1,0,1,0,0,3.0,2.5,1.0,0.5,0.5,2.5
682998,2023-05-07,5,5,1,0,2,2,0,1,1,1,2.6666666666666665,2.0,1.0,0.3333333333333333,0.3333333333333333,2.0
682998,2023-05-08,5,5,0,0,3,0,0,0,0,1,3.25,2.75,1.0,0.25,0.75,2.0
682998,2023-05-09,4,4,1,0,0,1,0,1,0,0,3.6,3.2,0.8,0.2,1.2,1.6
682998,2023-05-10,3,2,0,0,0,0,0,0,0,0,3.6666666666666665,3.3333333333333335,0.8333333333333334,0.16666666666666666,1.0,1.5
682998,2023-05-12,5,5,0,0,1,0,0,0,0,1,3.5714285714285716,3.142857142857143,0.7142857142857143,0.14285714285714285,0.8571428571428571,1.2857142857142858
682998,2023-05-13,4,3,1,0,0,1,0,1,0,0,3.75,3.375,0.625,0.125,0.875,1.125
682998,2023-05-14,4,3,0,0,0,0,0,0,0,0,3.7777777777777777,3.3333333333333335,0.6666666666666666,0.1111111111111111,0.7777777777777778,1.1111111111111112
682998,2023-05-15,5,3,1,0,1,1,0,1,0,1,3.8,3.3,0.6,0.1,0.7,1.0
682998,2023-05-16,5,3,1,0,0,2,0,1,1,0,4.1,3.4,0.6,0.1,0.7,1.0
682998,2023-05-17,4,4,1,1,1,4,1,1,1,1,4.2,3.4,0.6,0.0,0.7,0.8
682998,2023-05-19,4,2,0,0,1,0,0,0,0,1,4.4,3.7,0.6,0.1,0.8,1.1
682998,2023-05-20,4,4,2,0,1,2,0,1,1,1,4.3,3.4,0.5,0.1,0.7,0.9
682998,2023-05-21,5,2,1,1,1,4,1,1,1,1,4.2,3.3,0.7,0.1,0.5,1.1
682998,2023-05-22,5,5,0,0,0,0,0,0,0,0,4.3,3.1,0.7,0.2,0.6,1.4
682998,2023-05-23,4,4,3,0,1,5,0,1,1,1,4.5,3.4,0.7,0.2,0.6,1.4
682998,2023-05-24,5,4,1,0,1,2,0,1,1,1,4.4,3.3,1.0,0.2,0.6,1.9
682998,2023-05-26,4,4,1,0,0,1,0,1,0,0,4.5,3.4,1.0,0.2,0.7,2.0
682998,2023-05-27,4,4,0,0,2,0,0,0,0,1,4.5,3.5,1.1,0.2,0.7,2.1
682998,2023-05-28,4,4,1,1,1,4,1,1,1,1,4.4,3.6,1.0,0.2,0.8,2.0
682998,2023-05-29,4,4,2,0,1,2,0,1,1,1,4.3,3.7,1.0,0.3,0.9,2.2
682998,2023-05-30,3,2,1,1,0,4,1,1,1,0,4.3,3.7,1.1,0.2,0.9,2.0
682998,2023-05-31,4,4,2,0,0,2,0,1,1,0,4.2,3.7,1.2,0.3,0.8,2.4
683002,2023-05-03,1,1,0,0,0,0,0,0,0,0,5.0,2.0,0.0,0.0,1.0,0.0
683002,2023-05-04,3,2,1,1,0,4,1,1,1,0,3.0,1.5,0.0,0.0,0.5,0.0
683002,2023-05-05,4,3,1,0,1,1,0,1,0,1,3.0,1.6666666666666667,0.3333333333333333,0.3333333333333333,0.3333333333333333,1.3333333333333333
683002,2023-05-06,3,3,0,0,2,0,0,0,0,1,3.25,2.0,0.5,0.25,0.5,1.25
683002,2023-05-07,4,4,0,0,2,0,0,0,0,1,3.2,2.2,0.4,0.2,0.8,1.0
683002,2023-05-08,1,1,0,0,1,0,0,0,0,1,3.3333333333333335,2.5,0.3333333333333333,0.16666666666666666,1.0,0.8333333333333334
683002,2023-05-09,3,3,1,0,0,3,0,1,1,0,3.0,2.2857142857142856,0.2857142857142857,0.14285714285714285,1.0,0.7142857142857143
683002,2023-05-10,3,2,0,0,0,0,0,0,0,0,3.0,2.375,0.375,0.125,0.875,1.0
683002,2023-05-12,3,2,0,0,0,0,0,0,0,0,3.0,2.3333333333333335,0.3333333333333333,0.1111111111111111,0.7777777777777778,0.8888888888888888
683002,2023-05-13,3,3,1,1,0,4,1,1,1,0,3.0,2.3,0.3,0.1,0.7,0.8
683002,2023-05-14,4,4,1,0,3,2,0,1,1,1,2.8,2.4,0.4,0.2,0.6,1.2
683002,2023-05-15,4,4,1,0,1,1,0,1,0,1,3.1,2.7,0.5,0.2,0.9,1.4
683002,2023-05-16,4,3,1,0,2,2,0,1,1,1,3.2,2.9,0.5,0.1,1.0,1.1
683002,2023-05-17,4,4,2,0,1,4,0,1,1,1,3.2,2.9,0.5,0.1,1.1,1.2
683002,2023-05-18,4,4,1,0,3,1,0,1,0,1,3.3,3.0,0.7,0.1,1.0,1.6
683002,2023-05-19,1,1,0,0,1,0,0,0,0,1,3.3,3.0,0.8,0.1,1.1,1.7
683002,2023-05-20,1,1,0,0,1,0,0,0,0,1,3.3,3.0,0.8,0.1,1.1,1.7
683002,2023-05-21,5,5,1,0,0,1,0,1,0,0,3.1,2.8,0.7,0.1,1.2,1.4
683002,2023-05-23,4,4,2,1,1,5,1,1,1,1,3.3,3.1,0.8,0.1,1.2,1.5
683002,2023-05-24,2,2,1,0,1,2,0,1,1,1,3.4,3.3,1.0,0.2,1.3,2.0
683002,2023-05-25,4,2,1,0,0,1,0,1,0,0,3.3,3.2,1.0,0.1,1.4,1.8
683002,2023-05-26,4,4,0,0,0,0,0,0,0,0,3.3,3.0,1.0,0.1,1.1,1.7
683002,2023-05-28,3,3,0,0,2,0,0,0,0,1,3.3,3.0,0.9,0.1,1.0,1.6
683002,2023-05-29,1,1,0,0,1,0,0,0,0,1,3.2,3.0,0.8,0.1,1.0,1.4
683002,2023-05-30,3,3,2,0,1,3,0,1,1,1,2.9,2.7,0.6,0.1,1.0,1.0
683002,2023-05-31,5,4,0,0,2,0,0,0,0,1,2.8,2.6,0.7,0.1,0.8,1.2
683011,2023-05-02,4,4,2,1,1,5,1,1,1,1,4.0,4.0,1.0,0.0,1.0,1.0
683011,2023-05-03,3,3,0,0,1,0,0,0,0,1,4.0,4.0,1.5,0.5,1.0,3.0
683011,2023-05-05,5,5,2,0,0,2,0,1,1,0,3.6666666666666665,3.6666666666666665,1.0,0.3333333333333333,1.0,2.0
683011,2023-05-06,5,4,0,0,2,0,0,0,0,1,4.0,4.0,1.25,0.25,0.75,2.0
683011,2023-05-07,6,5,0,0,3,0,0,0,0,1,4.2,4.0,1.0,0.2,1.0,1.6
683011,2023-05-08,4,4,0,0,2,0,0,0,0,1,4.5,4.166666666666667,0.8333333333333334,0.16666666666666666,1.3333333333333333,1.3333333333333333
683011,2023-05-09,5,5,1,0,0,3,0,1,1,0,4.428571428571429,4.142857142857143,0.7142857142857143,0.14285714285714285,1.4285714285714286,1.1428571428571428
683011,2023-05-10,5,5,1,1,1,4,1,1,1,1,4.5,4.25,0.75,0.125,1.25,1.375
683011,2023-05-11,4,4,0,0,1,0,0,0,0,1,4.555555555555555,4.333333333333333,0.7777777777777778,0.2222222222222222,1.2222222222222223,1.6666666666666667
683011,2023-05-12,3,3,2,1,0,5,1,1,1,0,4.5,4.3,0.7,0.2,1.2,1.5
683011,2023-05-13,4,4,1,0,3,1,0,1,0,1,4.4,4.2,0.8,0.3,1.1,1.9
683011,2023-05-14,4,4,2,1,2,5,1,1,1,1,4.4,4.2,0.7,0.2,1.3,1.5
683011,2023-05-15,4,4,1,0,1,2,0,1,1,1,4.5,4.3,0.9,0.3,1.4,2.0
683011,2023-05-16,4,3,0,0,2,0,0,0,0,1,4.4,4.2,0.8,0.3,1.5,2.0
683011,2023-05-17,1,1,0,0,1,0,0,0,0,1,4.3,4.1,0.8,0.3,1.5,2.0
683011,2023-05-18,4,2,1,1,1,4,1,1,1,1,3.8,3.7,0.8,0.3,1.3,2.0
683011,2023-05-19,4,4,1,0,1,1,0,1,0,1,3.8,3.5,0.9,0.4,1.2,2.4
683011,2023-05-20,4,4,0,0,1,0,0,0,0,1,3.7,3.4,0.9,0.4,1.3,2.2
683011,2023-05-21,4,4,1,0,3,2,0,1,1,1,3.6,3.3,0.8,0.3,1.3,1.8
683011,2023-05-23,5,4,0,0,2,0,0,0,0,1,3.6,3.3,0.9,0.3,1.5,2.0
683011,2023-05-24,4,3,0,0,1,0,0,0,0,1,3.8,3.4,0.7,0.2,1.7,1.5
683011,2023-05-25,4,4,0,0,1,0,0,0,0,1,3.8,3.3,0.6,0.2,1.5,1.4
683011,2023-05-26,4,4,1,0,2,1,0,1,0,1,3.8,3.3,0.4,0.1,1.4,0.9
683011,2023-05-27,2,2,0,0,0,0,0,0,0,0,3.8,3.3,0.4,0.1,1.5,0.8
683011,2023-05-28,4,4,1,0,1,1,0,1,0,1,3.6,3.2,0.4,0.1,1.3,0.8
683011,2023-05-30,5,5,1,1,2,4,1,1,1,1,3.9,3.5,0.5,0.1,1.3,0.9
683011,2023-05-31,4,4,0,0,1,0,0,0,0,1,4.0,3.8,0.5,0.1,1.4,0.9
683146,2023-05-03,6,5,1,0,0,1,0,1,0,0,9.0,9.0,3.0,1.0,2.0,7.0
683146,2023-05-05,3,2,1,0,0,2,0,1,1,0,7.5,7.0,2.0,0.5,1.0,4.0
683146,2023-05-06,3,3,0,0,1,0,0,0,0,1,6.0,5.333333333333333,1.6666666666666667,0.3333333333333333,0.6666666666666666,3.3333333333333335
683146,2023-05-07,5,5,1,0,1,1,0,1,0,1,5.25,4.75,1.25,0.25,0.75,2.5
683146,2023-05-09,4,3,0,0,0,0,0,0,0,0,5.2,4.8,1.2,0.2,0.8,2.2
683146,2023-05-10,4,3,0,0,1,0,0,0,0,1,5.0,4.5,1.0,0.16666666666666666,0.6666666666666666,1.8333333333333333
683146,2023-05-11,3,2,0,0,0,0,0,0,0,0,4.857142857142857,4.285714285714286,0.8571428571428571,0.14285714285714285,0.7142857142857143,1.5714285714285714
683146,2023-05-12,1,1,0,0,0,0,0,0,0,0,4.625,4.0,0.75,0.125,0.625,1.375
683146,2023-05-13,4,4,2,0,1,2,0,1,1,1,4.222222222222222,3.6666666666666665,0.6666666666666666,0.1111111111111111,0.5555555555555556,1.2222222222222223
683146,2023-05-14,4,3,0,0,0,0,0,0,0,0,4.2,3.7,0.8,0.1,0.6,1.3
683146,2023-05-16,4,3,1,1,1,4,1,1,1,1,3.7,3.1,0.5,0.0,0.4,0.6
683146,2023-05-17,1,1,0,0,1,0,0,0,0,1,3.5,2.9,0.5,0.1,0.5,0.9
683146,2023-05-18,4,4,1,0,0,1,0,1,0,0,3.3,2.8,0.4,0.1,0.6,0.7
683146,2023-05-19,4,4,2,1,2,6,1,1,1,1,3.4,2.9,0.5,0.1,0.5,0.8
683146,2023-05-21,7,5,2,0,2,2,0,1,1,1,3.3,2.8,0.6,0.2,0.6,1.3
683146,2023-05-23,4,4,0,0,1,0,0,0,0,1,3.6,3.0,0.8,0.2,0.8,1.5
683146,2023-05-24,2,2,0,0,0,0,0,0,0,0,3.6,3.1,0.8,0.2,0.8,1.5
683146,2023-05-25,5,4,1,0,3,1,0,1,0,1,3.5,3.1,0.8,0.2,0.8,1.5
683146,2023-05-26,4,4,2,0,1,2,0,1,1,1,3.9,3.4,0.9,0.2,1.1,1.6
683146,2023-05-27,5,5,1,0,2,2,0,1,1,1,3.9,3.4,0.9,0.2,1.1,1.6
683146,2023-05-28,1,1,0,0,0,0,0,0,0,0,4.0,3.6,1.0,0.2,1.3,1.8
683146,2023-05-31,4,3,0,0,1,0,0,0,0,1,3.7,3.4,0.9,0.1,1.2,1.4
683734,2023-05-03,4,3,1,0,1,1,0,1,0,1,4.0,3.0,1.0,0.0,2.0,1.0
683734,2023-05-04,3,2,0,0,1,0,0,0,0,1,4.0,3.0,1.0,0.0,1.5,1.0
683734,2023-05-05,4,4,0,0,1,0,0,0,0,1,3.6666666666666665,2.6666666666666665,0.6666666666666666,0.0,1.3333333333333333,0.6666666666666666
683734,2023-05-06,4,4,0,0,1,0,0,0,0,1,3.75,3.0,0.5,0.0,1.25,0.5
683734,2023-05-07,6,5,3,0,2,6,0,1,1,1,3.8,3.2,0.4,0.0,1.2,0.4
683734,2023-05-08,5,5,1,0,0,2,0,1,1,0,4.166666666666667,3.5,0.8333333333333334,0.0,1.3333333333333333,1.3333333333333333
683734,2023-05-09,4,4,1,1,1,4,1,1,1,1,4.285714285714286,3.7142857142857144,0.8571428571428571,0.0,1.1428571428571428,1.4285714285714286
683734,2023-05-10,3,3,1,0,0,1,0,1,0,0,4.25,3.75,0.875,0.125,1.125,1.75
683734,2023-05-11,3,2,2,0,0,2,0,1,1,0,4.111111111111111,3.6666666666666665,0.8888888888888888,0.1111111111111111,1.0,1.6666666666666667
683734,2023-05-12,4,4,0,0,0,0,0,0,0,0,4.0,3.5,1.0,0.1,0.9,1.7
683734,2023-05-13,3,3,0,0,2,0,0,0,0,1,4.0,3.6,0.9,0.1,0.7,1.6
683734,2023-05-14,4,4,0,0,1,0,0,0,0,1,3.9,3.6,0.8,0.1,0.8,1.5
683734,2023-05-16,5,4,2,0,0,3,0,1,1,0,4.0,3.8,0.8,0.1,0.8,1.5
683734,2023-05-17,4,4,1,1,1,4,1,1,1,1,4.1,3.8,1.0,0.1,0.7,1.8
683734,2023-05-18,4,4,0,0,0,0,0,0,0,0,4.1,3.8,1.1,0.2,0.7,2.2
683734,2023-05-19,3,2,1,0,1,1,0,1,0,1,3.9,3.7,0.8,0.2,0.5,1.6
683734,2023-05-20,4,4,0,0,2,0,0,0,0,1,3.7,3.4,0.8,0.2,0.6,1.5
683734,2023-05-22,3,3,1,0,0,1,0,1,0,0,3.7,3.4,0.7,0.1,0.7,1.1
683734,2023-05-23,4,4,1,0,2,1,0,1,0,1,3.7,3.4,0.7,0.1,0.7,1.1
683734,2023-05-24,4,4,1,0,0,1,0,1,0,0,3.8,3.6,0.6,0.1,0.9,1.0
683734,2023-05-25,3,3,0,0,1,0,0,0,0,1,3.8,3.6,0.7,0.1,0.9,1.1
683734,2023-05-26,5,5,2,1,1,6,1,1,1,1,3.8,3.6,0.7,0.1,0.8,1.1
683734,2023-05-27,4,4,1,0,0,1,0,1,0,0,3.9,3.7,0.9,0.2,0.8,1.7
683734,2023-05-28,5,4,1,0,1,1,0,1,0,1,3.8,3.7,0.8,0.2,0.8,1.5
683734,2023-05-29,4,3,2,1,0,5,1,1,1,0,3.9,3.7,0.8,0.1,0.8,1.2
683734,2023-05-30,3,2,2,0,0,4,0,1,1,0,3.9,3.6,1.0,0.2,0.8,1.7
683734,2023-05-31,5,4,2,0,0,3,0,1,1,0,3.9,3.6,1.1,0.2,0.7,2.0
683737,2023-05-02,2,1,0,0,0,0,0,0,0,0,5.0,4.0,2.0,0.0,2.0,2.0
683737,2023-05-07,2,2,1,0,1,1,0,1,0,1,3.5,2.5,1.0,0.0,1.0,1.0
683737,2023-05-08,3,2,0,0,1,0,0,0,0,1,3.0,2.3333333333333335,1.0,0.0,1.0,1.0
686469,2023-05-03,4,4,3,1,0,8,1,1,1,0,5.0,5.0,1.0,0.0,0.0,2.0
686469,2023-05-04,4,4,1,0,1,1,0,1,0,1,4.5,4.5,2.0,0.5,0.0,5.0
686469,2023-05-05,5,3,1,0,0,1,0,1,0,0,4.333333333333333,4.333333333333333,1.6666666666666667,0.3333333333333333,0.3333333333333333,3.6666666666666665
686469,2023-05-06,5,3,0,0,0,0,0,0,0,0,4.5,4.0,1.5,0.25,0.25,3.0
686469,2023-05-07,4,3,0,0,0,0,0,0,0,0,4.6,3.8,1.2,0.2,0.2,2.4
686469,2023-05-08,5,5,2,0,1,3,0,1,1,1,4.5,3.6666666666666665,1.0,0.16666666666666666,0.16666666666666666,2.0
686469,2023-05-09,4,4,2,1,0,5,1,1,1,0,4.571428571428571,3.857142857142857,1.1428571428571428,0.14285714285714285,0.2857142857142857,2.142857142857143
686469,2023-05-10,5,5,3,0,0,4,0,1,1,0,4.5,3.875,1.25,0.25,0.25,2.5
686469,2023-05-11,4,4,0,0,0,0,0,0,0,0,4.555555555555555,4.0,1.4444444444444444,0.2222222222222222,0.2222222222222222,2.6666666666666665
686469,2023-05-12,4,3,0,0,0,0,0,0,0,0,4.5,4.0,1.3,0.2,0.2,2.4
686469,2023-05-13,5,4,0,0,0,0,0,0,0,0,4.4,3.8,1.2,0.2,0.2,2.2
686469,2023-05-14,5,4,0,0,0,0,0,0,0,0,4.5,3.8,0.9,0.1,0.2,1.4
686469,2023-05-15,4,4,1,0,1,1,0,1,0,1,4.6,3.8,0.8,0.1,0.1,1.3
686469,2023-05-16,4,4,1,0,0,1,0,1,0,0,4.5,3.9,0.8,0.1,0.2,1.3
686469,2023-05-17,4,4,1,1,1,4,1,1,1,1,4.4,4.0,0.9,0.1,0.2,1.4
686469,2023-05-19,3,3,0,0,2,0,0,0,0,1,4.4,4.1,1.0,0.2,0.3,1.8
686469,2023-05-20,3,3,0,0,0,0,0,0,0,0,4.2,3.9,0.8,0.2,0.4,1.5
686469,2023-05-22,5,5,1,1,3,4,1,1,1,1,4.1,3.8,0.6,0.1,0.4,1.0
686469,2023-05-23,4,3,0,0,1,0,0,0,0,1,4.1,3.8,0.4,0.2,0.7,1.0
686469,2023-05-24,5,4,3,0,0,4,0,1,1,0,4.1,3.7,0.4,0.2,0.8,1.0
686469,2023-05-26,4,4,1,0,0,1,0,1,0,0,4.2,3.8,0.7,0.2,0.8,1.4
686469,2023-05-27,5,5,1,0,2,1,0,1,0,1,4.1,3.8,0.8,0.2,0.8,1.5
686469,2023-05-28,3,3,0,0,1,0,0,0,0,1,4.1,3.9,0.9,0.2,1.0,1.6
686469,2023-05-29,5,5,3,0,0,4,0,1,1,0,4.0,3.8,0.8,0.2,1.0,1.5
686469,2023-05-30,4,4,2,0,0,3,0,1,1,0,4.1,3.9,1.0,0.2,1.0,1.8
686668,2023-05-04,4,3,1,0,0,1,0,1,0,0,3.0,3.0,0.0,0.0,2.0,0.0
686668,2023-05-06,4,4,1,0,2,1,0,1,0,1,3.5,3.0,0.5,0.0,1.0,0.5
686668,2023-05-07,5,5,3,1,1,6,1,1,1,1,3.6666666666666665,3.3333333333333335,0.6666666666666666,0.0,1.3333333333333333,0.6666666666666666
686668,2023-05-08,3,3,0,0,1,0,0,0,0,1,4.0,3.75,1.25,0.25,1.25,2.0
686668,2023-05-10,2,2,0,0,2,0,0,0,0,1,3.8,3.6,1.0,0.2,1.2,1.6
686668,2023-05-13,4,4,0,0,2,0,0,0,0,1,3.5,3.3333333333333335,0.8333333333333334,0.16666666666666666,1.3333333333333333,1.3333333333333333
686668,2023-05-14,2,2,1,1,0,4,1,1,1,0,3.5714285714285716,3.4285714285714284,0.7142857142857143,0.14285714285714285,1.4285714285714286,1.1428571428571428
686668,2023-05-15,4,4,3,2,0,10,1,1,1,0,3.375,3.25,0.75,0.25,1.25,1.5
686668,2023-05-16,3,3,0,0,2,0,0,0,0,1,3.4444444444444446,3.3333333333333335,1.0,0.4444444444444444,1.1111111111111112,2.4444444444444446
686668,2023-05-17,4,4,2,0,2,4,0,1,1,1,3.4,3.3,0.9,0.4,1.2,2.2
686668,2023-05-19,4,4,0,0,2,0,0,0,0,1,3.5,3.4,1.1,0.4,1.2,2.6
686668,2023-05-20,2,2,1,0,0,1,0,1,0,0,3.5,3.5,1.0,0.4,1.4,2.5
686668,2023-05-21,4,4,2,0,2,3,0,1,1,1,3.3,3.3,1.0,0.4,1.2,2.5
686668,2023-05-22,3,2,0,0,1,0,0,0,0,1,3.2,3.2,0.9,0.3,1.3,2.2
686668,2023-05-23,3,3,0,0,2,0,0,0,0,1,3.2,3.1,0.9,0.3,1.3,2.2
686668,2023-05-25,5,4,1,0,2,1,0,1,0,1,3.3,3.2,0.9,0.3,1.3,2.2
686668,2023-05-29,4,4,1,0,1,1,0,1,0,1,3.4,3.2,1.0,0.3,1.3,2.3
686668,2023-05-30,4,4,0,0,2,0,0,0,0,1,3.6,3.4,1.0,0.2,1.4,2.0
686668,2023-05-31,3,3,1,0,1,1,0,1,0,1,3.6,3.4,0.7,0.0,1.6,1.0
686681,2023-05-03,3,3,2,0,0,2,0,1,1,0,4.0,3.0,0.0,0.0,2.0,0.0
686681,2023-05-04,5,3,1,0,1,2,0,1,1,1,3.5,3.0,1.0,0.0,1.0,1.0
686681,2023-05-06,5,2,1,0,1,1,0,1,0,1,4.0,3.0,1.0,0.0,1.0,1.3333333333333333
686681,2023-05-07,4,2,1,0,1,1,0,1,0,1,4.25,2.75,1.0,0.0,1.0,1.25
686681,2023-05-08,4,4,1,0,1,1,0,1,0,1,4.2,2.6,1.0,0.0,1.0,1.2
686681,2023-05-10,4,4,3,1,0,7,1,1,1,0,4.166666666666667,2.8333333333333335,1.0,0.0,1.0,1.1666666666666667
686681,2023-05-11,3,3,1,1,1,4,1,1,1,1,4.142857142857143,3.0,1.2857142857142858,0.14285714285714285,0.8571428571428571,2.0
686681,2023-05-12,1,1,0,0,1,0,0,0,0,1,4.0,3.0,1.25,0.25,0.875,2.25
686681,2023-05-13,4,4,1,0,1,1,0,1,0,1,3.6666666666666665,2.7777777777777777,1.1111111111111112,0.2222222222222222,0.8888888888888888,2.0
686681,2023-05-14,4,3,0,0,2,0,0,0,0,1,3.7,2.9,1.1,0.2,0.9,1.9
686681,2023-05-15,3,3,1,0,2,1,0,1,0,1,3.7,2.9,1.1,0.2,0.9,1.9
686681,2023-05-16,1,1,0,0,0,0,0,0,0,0,3.7,2.9,1.0,0.2,1.1,1.8
686681,2023-05-17,3,3,0,0,2,0,0,0,0,1,3.3,2.7,0.9,0.2,1.0,1.6
686681,2023-05-19,3,3,1,0,1,1,0,1,0,1,3.1,2.8,0.8,0.2,1.1,1.5
686681,2023-05-20,3,3,0,0,0,0,0,0,0,0,3.0,2.9,0.8,0.2,1.1,1.5
686681,2023-05-21,4,4,1,1,0,4,1,1,1,0,2.9,2.8,0.7,0.2,1.0,1.4
686681,2023-05-22,4,3,0,0,1,0,0,0,0,1,2.9,2.8,0.5,0.2,1.0,1.1
686681,2023-05-23,4,4,2,0,1,3,0,1,1,1,3.0,2.8,0.4,0.1,1.0,0.7
686681,2023-05-24,1,1,0,0,0,0,0,0,0,0,3.3,3.1,0.6,0.1,1.0,1.0
686681,2023-05-26,1,0,0,0,0,0,0,0,0,0,3.0,2.8,0.5,0.1,0.9,0.9
686681,2023-05-27,4,4,2,0,0,2,0,1,1,0,2.7,2.5,0.5,0.1,0.7,0.9
686681,2023-05-28,4,4,2,0,2,2,0,1,1,1,2.8,2.6,0.6,0.1,0.5,1.0
686681,2023-05-29,5,3,2,1,0,5,1,1,1,0,3.1,2.9,0.8,0.1,0.7,1.2
686681,2023-05-30,4,4,1,0,1,1,0,1,0,1,3.3,2.9,1.0,0.2,0.5,1.7
686823,2023-05-02,4,4,1,0,2,1,0,1,0,1,3.0,3.0,0.0,0.0,0.0,0.0
686823,2023-05-03,4,4,0,0,1,0,0,0,0,1,3.5,3.5,0.5,0.0,1.0,0.5
686823,2023-05-07,3,3,0,0,2,0,0,0,0,1,3.6666666666666665,3.6666666666666665,0.3333333333333333,0.0,1.0,0.3333333333333333
686823,2023-05-08,2,2,1,0,1,1,0,1,0,1,3.5,3.5,0.25,0.0,1.25,0.25
686823,2023-05-09,3,3,2,0,0,2,0,1,1,0,3.2,3.2,0.4,0.0,1.2,0.4
686823,2023-05-10,1,1,0,0,0,0,0,0,0,0,3.1666666666666665,3.1666666666666665,0.6666666666666666,0.0,1.0,0.6666666666666666
686823,2023-05-12,1,1,0,0,1,0,0,0,0,1,2.857142857142857,2.857142857142857,0.5714285714285714,0.0,0.8571428571428571,0.5714285714285714
686823,2023-05-13,2,2,0,0,0,0,0,0,0,0,2.625,2.625,0.5,0.0,0.875,0.5
686823,2023-05-14,2,2,0,0,0,0,0,0,0,0,2.5555555555555554,2.5555555555555554,0.4444444444444444,0.0,0.7777777777777778,0.4444444444444444
686823,2023-05-16,4,4,2,0,0,2,0,1,1,0,2.5,2.5,0.4,0.0,0.7,0.4
686823,2023-05-17,4,4,1,0,1,1,0,1,0,1,2.6,2.6,0.6,0.0,0.7,0.6
686823,2023-05-18,4,4,1,0,0,1,0,1,0,0,2.6,2.6,0.6,0.0,0.6,0.6
686823,2023-05-19,4,3,1,0,0,1,0,1,0,0,2.6,2.6,0.7,0.0,0.5,0.7
686823,2023-05-21,4,4,0,0,0,0,0,0,0,0,2.7,2.6,0.8,0.0,0.3,0.8
686823,2023-05-22,3,3,1,0,0,1,0,1,0,0,2.9,2.8,0.7,0.0,0.2,0.7
686823,2023-05-23,3,3,1,1,1,4,1,1,1,1,2.9,2.8,0.6,0.0,0.2,0.6
686823,2023-05-27,4,4,0,0,0,0,0,0,0,0,3.1,3.0,0.7,0.1,0.3,1.0
686823,2023-05-29,4,4,3,0,1,5,0,1,1,1,3.4,3.3,0.7,0.1,0.2,1.0
686823,2023-05-30,4,4,2,0,1,2,0,1,1,1,3.6,3.5,1.0,0.1,0.3,1.5
686894,2023-05-03,2,2,0,0,1,0,0,0,0,1,3.0,3.0,0.0,0.0,0.0,0.0
686894,2023-05-04,3,3,0,0,2,0,0,0,0,1,2.5,2.5,0.0,0.0,0.5,0.0
686894,2023-05-05,3,3,1,0,1,1,0,1,0,1,2.6666666666666665,2.6666666666666665,0.0,0.0,1.0,0.0
686894,2023-05-06,3,3,1,0,0,1,0,1,0,0,2.75,2.75,0.25,0.0,1.0,0.25
686894,2023-05-07,3,2,0,0,0,0,0,0,0,0,2.8,2.8,0.4,0.0,0.8,0.4
686894,2023-05-08,3,3,2,1,1,6,1,1,1,1,2.8333333333333335,2.6666666666666665,0.3333333333333333,0.0,0.6666666666666666,0.3333333333333333
686894,2023-05-09,3,3,0,0,2,0,0,0,0,1,2.857142857142857,2.7142857142857144,0.5714285714285714,0.14285714285714285,0.7142857142857143,1.1428571428571428
686894,2023-05-10,2,2,0,0,1,0,0,0,0,1,2.875,2.75,0.5,0.125,0.875,1.0
686894,2023-05-12,4,4,1,0,1,1,0,1,0,1,2.7777777777777777,2.6666666666666665,0.4444444444444444,0.1111111111111111,0.8888888888888888,0.8888888888888888
686894,2023-05-13,4,3,0,0,1,0,0,0,0,1,2.9,2.8,0.5,0.1,0.9,0.9
686894,2023-05-14,3,2,0,0,1,0,0,0,0,1,3.0,2.8,0.5,0.1,1.0,0.9
686894,2023-05-15,3,3,1,0,2,1,0,1,0,1,3.1,2.8,0.5,0.1,1.0,0.9
686894,2023-05-16,4,4,1,1,3,4,1,1,1,1,3.1,2.8,0.6,0.1,1.0,1.0
686894,2023-05-17,2,2,0,0,2,0,0,0,0,1,3.2,2.9,0.6,0.2,1.2,1.3
686894,2023-05-19,3,3,1,0,1,1,0,1,0,1,3.1,2.8,0.5,0.2,1.4,1.2
686894,2023-05-21,3,3,0,0,0,0,0,0,0,0,3.1,2.9,0.6,0.2,1.5,1.3
686894,2023-05-23,3,3,1,1,2,4,1,1,1,1,3.1,2.9,0.4,0.1,1.4,0.7
686894,2023-05-24,3,3,0,0,0,0,0,0,0,0,3.1,2.9,0.5,0.2,1.4,1.1
686894,2023-05-25,3,2,0,0,1,0,0,0,0,1,3.2,3.0,0.5,0.2,1.3,1.1
686894,2023-05-26,3,3,0,0,2,0,0,0,0,1,3.1,2.8,0.4,0.2,1.3,1.0
686894,2023-05-27,3,3,0,0,1,0,0,0,0,1,3.0,2.8,0.4,0.2,1.4,1.0
686894,2023-05-28,4,4,1,0,1,1,0,1,0,1,3.0,2.9,0.4,0.2,1.4,1.0
686894,2023-05-30,3,3,0,0,1,0,0,0,0,1,3.1,3.0,0.4,0.2,1.3,1.0
686894,2023-05-31,4,4,2,0,1,3,0,1,1,1,3.0,2.9,0.3,0.1,1.1,0.6
687093,2023-05-02,3,1,0,0,0,0,0,0,0,0,4.0,4.0,1.0,0.0,1.0,1.0
687093,2023-05-03,5,5,1,0,1,1,0,1,0,1,3.5,2.5,0.5,0.0,0.5,0.5
687093,2023-05-04,5,4,0,0,4,0,0,0,0,1,4.0,3.3333333333333335,0.6666666666666666,0.0,0.6666666666666666,0.6666666666666666
687093,2023-05-06,3,3,2,0,1,3,0,1,1,1,4.25,3.5,0.5,0.0,1.5,0.5
687263,2023-05-03,3,3,1,0,0,1,0,1,0,0,5.0,5.0,2.0,0.0,0.0,2.0
687263,2023-05-04,5,5,1,0,2,1,0,1,0,1,4.0,4.0,1.5,0.0,0.0,1.5
687263,2023-05-05,4,3,0,0,0,0,0,0,0,0,4.333333333333333,4.333333333333333,1.3333333333333333,0.0,0.6666666666666666,1.3333333333333333
687263,2023-05-06,4,3,0,0,1,0,0,0,0,1,4.25,4.0,1.0,0.0,0.5,1.0
687263,2023-05-08,3,3,1,0,1,1,0,1,0,1,4.2,3.8,0.8,0.0,0.6,0.8
687263,2023-05-09,3,3,1,1,1,4,1,1,1,1,4.0,3.6666666666666665,0.8333333333333334,0.0,0.6666666666666666,0.8333333333333334
687263,2023-05-10,3,3,0,0,1,0,0,0,0,1,3.857142857142857,3.5714285714285716,0.8571428571428571,0.14285714285714285,0.7142857142857143,1.2857142857142858
687263,2023-05-12,4,4,2,0,0,3,0,1,1,0,3.75,3.5,0.75,0.125,0.75,1.125
687263,2023-05-13,4,4,1,1,0,4,1,1,1,0,3.7777777777777777,3.5555555555555554,0.8888888888888888,0.1111111111111111,0.6666666666666666,1.3333333333333333
687263,2023-05-14,3,3,1,0,0,2,0,1,1,0,3.8,3.6,0.9,0.2,0.6,1.6
687263,2023-05-15,5,4,0,0,0,0,0,0,0,0,3.6,3.4,0.8,0.2,0.6,1.6
687263,2023-05-16,3,3,1,0,1,1,0,1,0,1,3.8,3.5,0.7,0.2,0.6,1.5
687263,2023-05-17,3,3,0,0,1,0,0,0,0,1,3.6,3.3,0.7,0.2,0.5,1.5
687263,2023-05-18,5,4,1,0,2,1,0,1,0,1,3.5,3.3,0.7,0.2,0.6,1.5
687263,2023-05-19,3,3,2,0,1,2,0,1,1,1,3.6,3.4,0.8,0.2,0.7,1.6
687263,2023-05-20,4,4,1,0,1,2,0,1,1,1,3.6,3.4,0.9,0.2,0.7,1.7
687263,2023-05-21,4,3,1,0,2,2,0,1,1,1,3.7,3.5,0.9,0.1,0.7,1.5
687263,2023-05-22,3,2,0,0,0,0,0,0,0,0,3.8,3.5,1.0,0.1,0.8,1.7
687263,2023-05-23,3,3,1,0,1,1,0,1,0,1,3.7,3.3,0.8,0.1,0.8,1.4
687263,2023-05-24,3,3,3,1,0,7,1,1,1,0,3.6,3.2,0.8,0.0,0.9,1.1
687263,2023-05-26,4,4,0,0,2,0,0,0,0,1,3.6,3.2,1.0,0.1,0.9,1.6
687263,2023-05-27,5,3,0,0,0,0,0,0,0,0,3.5,3.2,1.0,0.1,1.1,1.6
687263,2023-05-28,2,1,1,0,0,2,0,1,1,0,3.7,3.2,0.9,0.1,1.0,1.5
687263,2023-05-29,4,2,0,0,1,0,0,0,0,1,3.6,3.0,1.0,0.1,0.9,1.7
687263,2023-05-30,4,4,0,0,2,0,0,0,0,1,3.5,2.8,0.9,0.1,0.8,1.6
687263,2023-05-31,4,4,0,0,1,0,0,0,0,1,3.6,2.9,0.7,0.1,0.9,1.4
687401,2023-05-15,1,1,0,0,1,0,0,0,0,1,3.0,3.0,0.0,0.0,2.0,0.0
687401,2023-05-17,3,3,0,0,1,0,0,0,0,1,2.0,2.0,0.0,0.0,1.5,0.0
687401,2023-05-18,2,2,2,0,0,2,0,1,1,0,2.3333333333333335,2.3333333333333335,0.0,0.0,1.3333333333333333,0.0
687401,2023-05-19,3,3,1,0,1,1,0,1,0,1,2.25,2.25,0.5,0.0,1.0,0.5
687401,2023-05-20,1,1,0,0,0,0,0,0,0,0,2.4,2.4,0.6,0.0,1.0,0.6
687401,2023-05-21,3,3,1,0,0,2,0,1,1,0,2.1666666666666665,2.1666666666666665,0.5,0.0,0.8333333333333334,0.5
687401,2023-05-24,2,2,1,0,1,1,0,1,0,1,2.2857142857142856,2.2857142857142856,0.5714285714285714,0.0,0.7142857142857143,0.7142857142857143
689172,2023-05-02,3,3,0,0,0,0,0,0,0,0,3.0,3.0,0.0,0.0,0.0,0.0
689172,2023-05-03,1,1,0,0,1,0,0,0,0,1,3.0,3.0,0.0,0.0,0.0,0.0
689172,2023-05-05,4,3,1,0,2,1,0,1,0,1,2.3333333333333335,2.3333333333333335,0.0,0.0,0.3333333333333333,0.0
689172,2023-05-06,3,3,1,1,0,4,1,1,1,0,2.75,2.5,0.25,0.0,0.75,0.25
689172,2023-05-07,4,4,1,0,1,1,0,1,0,1,2.8,2.6,0.4,0.2,0.6,1.0
689172,2023-05-08,3,3,2,0,0,3,0,1,1,0,3.0,2.8333333333333335,0.5,0.16666666666666666,0.6666666666666666,1.0
689172,2023-05-09,4,3,1,0,0,1,0,1,0,0,3.0,2.857142857142857,0.7142857142857143,0.14285714285714285,0.5714285714285714,1.2857142857142858
689172,2023-05-10,4,4,1,0,0,1,0,1,0,0,3.125,2.875,0.75,0.125,0.5,1.25
689172,2023-05-12,2,2,0,0,1,0,0,0,0,1,3.2222222222222223,3.0,0.7777777777777778,0.1111111111111111,0.4444444444444444,1.2222222222222223
689172,2023-05-13,3,3,0,0,0,0,0,0,0,0,3.1,2.9,0.7,0.1,0.5,1.1
689172,2023-05-14,3,3,0,0,0,0,0,0,0,0,3.1,2.9,0.7,0.1,0.5,1.1
689172,2023-05-22,3,3,1,0,2,2,0,1,1,1,3.1,2.9,0.7,0.1,0.5,1.1
689172,2023-05-23,2,2,1,0,1,1,0,1,0,1,3.3,3.1,0.8,0.1,0.6,1.3
689172,2023-05-24,4,4,1,0,1,1,0,1,0,1,3.1,3.0,0.8,0.1,0.5,1.3
689172,2023-05-26,5,5,2,1,2,6,1,1,1,1,3.2,3.1,0.8,0.0,0.6,1.0
689172,2023-05-27,4,3,0,0,2,0,0,0,0,1,3.3,3.2,0.9,0.1,0.7,1.5
689172,2023-05-28,3,2,0,0,1,0,0,0,0,1,3.4,3.2,0.7,0.1,0.9,1.2
689172,2023-05-29,1,1,0,0,0,0,0,0,0,0,3.3,3.1,0.6,0.1,1.0,1.1
689172,2023-05-30,1,1,0,0,1,0,0,0,0,1,3.0,2.8,0.5,0.1,1.0,1.0
689172,2023-05-31,4,4,1,0,1,1,0,1,0,1,2.9,2.7,0.5,0.1,1.0,1.0
807799,2023-05-02,4,3,2,1,0,5,1,1,1,0,4.0,4.0,2.0,0.0,0.0,3.0
807799,2023-05-03,4,4,2,0,0,3,0,1,1,0,4.0,3.5,2.0,0.5,0.0,4.0
807799,2023-05-04,5,5,3,1,0,6,1,1,1,0,4.0,3.6666666666666665,2.0,0.3333333333333333,0.0,3.6666666666666665
807799,2023-05-05,5,4,1,0,0,1,0,1,0,0,4.25,4.0,2.25,0.5,0.0,4.25
807799,2023-05-07,4,4,2,0,0,2,0,1,1,0,4.4,4.0,2.0,0.4,0.0,3.6
807799,2023-05-09,5,5,0,0,1,0,0,0,0,1,4.333333333333333,4.0,2.0,0.3333333333333333,0.0,3.3333333333333335
807799,2023-05-10,4,4,0,0,2,0,0,0,0,1,4.428571428571429,4.142857142857143,1.7142857142857142,0.2857142857142857,0.14285714285714285,2.857142857142857
807799,2023-05-12,4,3,2,0,0,3,0,1,1,0,4.375,4.125,1.5,0.25,0.375,2.5
807799,2023-05-13,4,3,1,0,1,1,0,1,0,1,4.333333333333333,4.0,1.5555555555555556,0.2222222222222222,0.3333333333333333,2.5555555555555554
807799,2023-05-14,4,4,0,0,0,0,0,0,0,0,4.3,3.9,1.5,0.2,0.4,2.4
807799,2023-05-16,5,5,2,0,0,5,0,1,1,0,4.3,3.9,1.3,0.2,0.4,2.1
807799,2023-05-17,5,4,1,0,0,1,0,1,0,0,4.4,4.1,1.3,0.1,0.4,2.1
807799,2023-05-19,4,4,1,0,0,1,0,1,0,0,4.5,4.1,1.2,0.1,0.4,1.9
807799,2023-05-20,5,5,1,0,1,2,0,1,1,1,4.4,4.0,1.0,0.0,0.4,1.4
807799,2023-05-21,4,3,2,0,1,2,0,1,1,1,4.4,4.1,1.0,0.0,0.5,1.5
807799,2023-05-22,4,4,2,0,0,2,0,1,1,0,4.4,4.0,1.0,0.0,0.6,1.5
807799,2023-05-23,3,3,0,0,0,0,0,0,0,0,4.3,3.9,1.2,0.0,0.5,1.7
807799,2023-05-24,3,3,1,0,0,2,0,1,1,0,4.2,3.8,1.2,0.0,0.3,1.7
807799,2023-05-26,5,5,0,0,3,0,0,0,0,1,4.1,3.8,1.1,0.0,0.3,1.6
807799,2023-05-27,4,3,2,0,0,2,0,1,1,0,4.2,4.0,1.0,0.0,0.5,1.5
807799,2023-05-28,4,3,2,0,1,2,0,1,1,1,4.2,3.9,1.2,0.0,0.5,1.7
807799,2023-05-30,5,4,3,0,0,4,0,1,1,0,4.1,3.7,1.2,0.0,0.6,1.4
807799,2023-05-31,3,3,2,1,0,6,1,1,1,0,4.1,3.7,1.4,0.0,0.6,1.7
